"test_id","exam_version","generation_batch_id","target_score_band","question_id","section","module","route","question_number","content_domain","skill_group","skill_code","skill_label","question_topic","difficulty","scoring_weight","question_type","passage","question","choice_a","choice_b","choice_c","choice_d","correct_answer","correct_choice_index","explanation","time_estimate_sec","visual_type","visual_json","table_markdown","equation_latex","student_response_type","correct_numeric_answer","answer_tolerance","primary_skill","secondary_skill","tags"
"SAT_RW_11","split_batch_v9","11-front","All","RW11-M1-Q01","RW","1","base","1","Craft and Structure","Words in Context","RW_WIC_002","Determine meaning or function of a word/phrase in context","direct_meaning","Easy","1","multiple_choice","A coastal restoration group tested several ways to help young corals survive their first summer after transplantation. Some fragments were fixed to exposed frames, while others were placed in crevices that reduced strong wave motion. The sheltered fragments did not grow faster during the first month, but a larger share remained attached through a series of storms. By autumn, those surviving fragments had begun adding new branches at roughly the same rate as fragments in calmer control sites. The biologists cautioned that shelter would not solve every problem facing damaged reefs, especially during unusually warm water. Even so, the crevices appeared to afford transplanted corals a longer period in which to establish themselves before repeated waves could dislodge them. That extra time, rather than an immediate boost in growth, may explain why the sheltered group ended the season with more living colonies.","As used in the text, ""afford"" most nearly means","purchase","provide","tolerate","require","B","2","In context, the crevices give the corals extra time to become established, so ""afford"" means ""provide."" The passage is not about purchasing, tolerating, or requiring that period.","75","none","{}","","","","","","Words in Context","","rw,passage:R003,arch:RW_WIC_002,sim:rw_words_in_context_purpose_sentence,surf:SURF_RW_WIC_002,wic,wic_arch:WIC_DIRECT_MEANING_01,family:direct_meaning,hard_vocab,vocab:HV_009,tier:V3,target:afford,fp:86b6ccf161bb5f7f"
"SAT_RW_11","split_batch_v9","11-front","All","RW11-M1-Q02","RW","1","base","2","Craft and Structure","Words in Context","RW_WIC_003","Determine meaning or function of a word/phrase in context","claim_function","Medium","1","multiple_choice","A museum redesigned the labels beside a collection of early navigation instruments. The old labels listed dates, materials, and donor names in dense paragraphs. The new versions began with a brief question—such as how a sailor could estimate latitude before electronic instruments—and then supplied the relevant historical details. Visitors spent longer near the cases with revised labels and more often discussed the objects with companions. Yet the museum staff called the evidence from the new labels tentative. The test ran during a school-holiday month, when many visitors arrived in groups, and the museum did not track whether those groups had planned to see the gallery before entering. In a second trial scheduled for winter, the museum will alternate the two label styles across the same cases. Until then, the curators regard the longer viewing times as encouraging, but not sufficient to attribute the change in engagement to the questions alone.","Which choice best describes the function of the word ""tentative"" in the text?","It dismisses the longer viewing times as too unreliable to influence any future museum decisions.","It limits the strength of the museum staff's interpretation by indicating that the observed engagement difference is not yet conclusive.","It emphasizes that the revised labels were intended only as a temporary replacement for the original labels.","It signals that the staff expect the winter trial to reproduce exactly the same visitor behavior.","B","2","The staff see the result as encouraging but note confounding factors and plan another trial. ""Tentative"" therefore qualifies the interpretation rather than rejecting the result, describing the labels as temporary, or predicting an exact replication.","75","none","{}","","","","","","Words in Context","","rw,passage:R033,arch:RW_WIC_003,sim:rw_words_in_context_word_function,surf:SURF_RW_WIC_003,wic,wic_arch:WIC_CLAIM_FUNCTION_01,family:claim_function,hard_vocab,vocab:HV_119,tier:V3,target:tentative,fp:6eb1bb3f8ca90af5"
"SAT_RW_11","split_batch_v9","11-front","All","RW11-M1-Q03","RW","1","base","3","Craft and Structure","Words in Context","RW_WIC_008","Determine meaning or function of a word/phrase in context","precision_effect","Medium","1","multiple_choice","A grocery chain tested two front-of-package nutrition labels on otherwise identical snack displays. One label used a large colored symbol summarizing several nutrients; the other listed the same nutrient amounts in a compact table. Shoppers noticed the symbol more quickly, but interviews showed that some interpreted it as a general judgment about whether the product was healthy. The table drew fewer immediate glances, yet shoppers who consulted it were better able to compare sodium and fiber across brands. The researchers therefore described the symbol's advantage for shoppers as modest after comparing the two displays. It improved initial visibility without consistently improving the accuracy of later comparisons. They noted that this distinction matters for store design. A label that attracts attention can still leave shoppers uncertain about which nutrient caused the rating, whereas a less conspicuous display may support more precise comparisons once a shopper decides to examine it.","Which choice best explains what the word ""modest"" adds to the description of the symbol's advantage?","It suggests that the researchers consider visual attention less valuable than every other kind of shopper behavior.","It indicates that the symbol's effect was difficult to detect because very few shoppers noticed either label.","It narrows the advantage to improved initial notice while withholding a broader claim that the symbol also improves comparison accuracy.","It presents the table format as a complete solution to the ambiguity shoppers experienced with the symbol.","C","3","The symbol attracts attention faster, but it does not consistently improve later nutrient comparisons. Calling its advantage ""modest"" precisely limits the claim to that narrower benefit.","75","none","{}","","","","","","Words in Context","","rw,passage:R069,arch:RW_WIC_008,sim:rw_words_in_context_paired_text_relation,surf:SURF_RW_WIC_008,wic,wic_arch:WIC_PRECISION_EFFECT_01,family:precision_effect,hard_vocab,vocab:HV_099,tier:V3,target:modest,fp:364f1f86abd3c5e4"
"SAT_RW_11","split_batch_v9","11-front","All","RW11-M1-Q04","RW","1","base","4","Craft and Structure","Text Structure and Purpose","RW_TSP_001","Analyze structure or purpose","purpose_sentence","Medium","1","multiple_choice","Marine biologists studying a busy harbor recorded low-frequency engine noise and the movements of juvenile fish near artificial reef structures. During the first week, the team found that fish left exposed reef edges more often when large vessels passed nearby. The researchers then installed temporary acoustic screens around several structures, expecting the fish to remain close to shelter. <u>The screens reduced the sharpest noise peaks, but fish movement changed only on days when boat traffic was also relatively light.</u> On the busiest days, the fish continued to move away despite the screens. Rather than treating the mixed result as a failed test, the team used it to narrow the next experiment. They planned to vary both screen placement and traffic intensity, because the first trial suggested that reducing one component of the sound environment may be insufficient when many overlapping sources are present.","Which choice best describes the function of the underlined sentence in the text as a whole?","It identifies the fish species that were most sensitive to low-frequency engine noise.","It explains why the researchers abandoned acoustic screens before collecting data on busy days.","It qualifies the apparent benefit of the acoustic screens by showing that the benefit depended on the level of boat traffic.","It establishes that boat traffic affected fish movement only after the screens were installed.","C","3","The underlined sentence reports that screens reduced noise peaks but changed fish movement only when traffic was light. That qualification motivates the later plan to vary both screen placement and traffic intensity.","75","none","{}","","","","","","Text Structure and Purpose","","rw,passage:R021,arch:RW_TSP_001,sim:rw_text_structure_and_purpose_purpose_sentence,surf:SURF_RW_TSP_001,fp:432c02d5a07e8b2f"
"SAT_RW_11","split_batch_v9","11-front","All","RW11-M1-Q05","RW","1","base","5","Craft and Structure","Text Structure and Purpose","RW_TSP_011","Analyze structure or purpose","contrast","Medium","1","multiple_choice","Astronomers can estimate the age of a star cluster by comparing its stars with models of stellar evolution, but the method is sensitive to assumptions about distance and chemical composition. A team studying a faint cluster near the edge of a spiral galaxy initially obtained two plausible ages from different distance estimates. Instead of choosing the estimate that best matched earlier catalogues, the team analyzed a set of pulsating stars whose brightness varies in a predictable way. Those stars provided an independent distance measure, which favored the younger age. The researchers then examined the cluster's chemical signature and found that it too was more consistent with the younger model. Those two independent checks do not eliminate all uncertainty; some stars may belong to the surrounding galaxy rather than the cluster. Still, the added measurements make one interpretation substantially better supported than the other.","Which choice best describes the overall structure of the text?","It describes a standard dating method, explains why a team rejected all model-based estimates, and proposes a completely new method.","It presents competing estimates, introduces independent measurements that favor one estimate, and then notes a remaining source of uncertainty.","It compares two star clusters, identifies the older one, and argues that chemical composition is more useful than distance for every cluster.","It recounts an unexpected observation, criticizes earlier catalogues for causing the error, and concludes that cluster membership can now be determined with certainty.","B","2","The passage begins with two plausible ages, then uses pulsating stars and chemical composition as independent checks favoring the younger estimate, while still noting uncertainty about membership.","75","none","{}","","","","","","Text Structure and Purpose","","rw,passage:R045,arch:RW_TSP_011,sim:rw_text_structure_and_purpose_contrast,surf:SURF_RW_TSP_011,fp:2b7510b8105a07d0"
"SAT_RW_11","split_batch_v9","11-front","All","RW11-M1-Q06","RW","1","base","6","Craft and Structure","Text Structure and Purpose","RW_TSP_010","Analyze structure or purpose","supporting_detail","Medium","1","multiple_choice","Archaeologists tracing trade in the eastern Mediterranean often compare the mineral composition of pottery with clay from known production areas. At one coastal site, most transport jars matched clay sources less than fifty kilometers away, suggesting that local workshops supplied everyday containers. A smaller group, however, contained volcanic minerals characteristic of an island several days' sail from the site. <u>Those imported jars were concentrated in storerooms beside the harbor rather than in houses farther inland.</u> The distribution does not show what the jars originally held, but it changes how the mineral evidence can be interpreted. The foreign clay alone establishes movement across the sea; its concentration near the docks further suggests that at least some of the imported vessels remained connected to commercial handling after arrival. The researchers therefore propose examining residue inside the jars to determine whether their contents also differed from those of locally made containers.","Which choice best describes the role of the underlined sentence in the text?","It reinforces the conclusion that the jars came from a distant island by providing a second, independent test of the clay's geological origin.","It shows that imported jars were uncommon in inland houses, a pattern that the researchers take as evidence that inland residents avoided imported goods.","It establishes that the harbor storerooms were the production site for the imported jars before those jars were shipped elsewhere.","It adds spatial evidence that helps the researchers connect the imported vessels with commercial activity after the vessels reached the site.","D","4","The mineral composition already indicates overseas origin. The underlined distribution detail adds spatial evidence—imported jars clustered beside the harbor—that supports a connection to commercial handling after arrival. It does not independently test the clay's origin, establish consumer avoidance inland, or identify the storerooms as production sites.","75","none","{}","","","","","","Text Structure and Purpose","","rw,passage:R063,arch:RW_TSP_010,sim:rw_text_structure_and_purpose_supporting_detail,surf:SURF_RW_TSP_010,fp:d8a50d37fe38c433"
"SAT_RW_11","split_batch_v9","11-front","All","RW11-M1-Q07","RW","1","base","7","Craft and Structure","Cross-Text Connections","RW_CTC_006","Compare claims across paired texts","paired_text_relation","Medium","1","multiple_choice","Text 1:
Restoring shallow wetlands can quickly attract herons, rails, and other birds, but managers should not judge a project only by the number of species observed in its first year. Newly flooded ground may temporarily draw birds from nearby sites without providing the nesting cover or food needed for a stable population. Repeated surveys across several breeding seasons are therefore essential before managers decide that a restoration has created durable habitat.

Text 2:
Long monitoring periods are valuable, yet waiting several years for every management decision can allow avoidable problems to persist. Early indicators—such as the return of aquatic insects, growth of native sedges, and successful nesting by a few sensitive bird species—can reveal whether a restored wetland is moving in a promising direction. Managers can use those signals to adjust water levels or vegetation while continuing longer-term surveys.","Based on the texts, how would the author of Text 2 most likely respond to the author of Text 1's claim about long-term monitoring?","Long-term monitoring should be replaced by insect surveys because bird counts cannot reveal whether a restoration is working.","Managers should avoid changing water levels until several breeding seasons have passed, even when early indicators reveal a problem.","Long-term monitoring is unnecessary whenever native sedges and aquatic insects return during the first year.","Long-term monitoring is useful for judging whether habitat persists, but managers can still use carefully chosen early indicators to make provisional adjustments.","D","4","Text 2 explicitly calls long monitoring valuable but argues that early indicators can guide adjustments while longer surveys continue. That qualifies, rather than rejects, Text 1.","90","none","{}","","","","","","Cross-Text Connections","","rw,passage:R024,arch:RW_CTC_006,sim:rw_cross_text_connections_paired_text_relation,surf:SURF_RW_CTC_006,fp:ac6e274e7077c117"
"SAT_RW_11","split_batch_v9","11-front","All","RW11-M1-Q08","RW","1","base","8","Information and Ideas","Central Ideas and Details","RW_CID_001","Identify main idea, key detail, or summary","main_claim","Easy","1","multiple_choice","Agronomists studying drought resilience compared two fields planted with the same variety of wheat. Before planting, one field received a compost treatment intended to increase microbial activity in the soil; the other received the farm's standard preparation. During a dry six-week period, plants in the compost-treated field maintained greener leaves and lost less biomass. Soil samples from that field also showed greater activity among microbes associated with breaking down organic matter. The researchers did not conclude that the microbes alone caused the plants' improved performance, because the compost also altered water retention and nutrient availability. Instead, they argue that the treatment created a soil environment in which several factors, including microbial activity, may have helped the wheat endure limited rainfall. Follow-up work will separate those factors by adjusting moisture and nutrients independently while measuring microbial changes. The design should help clarify whether biological activity contributes beyond the compost's physical effects on the soil.","Which choice best states the central idea of the text?","The compost treatment was associated with better drought performance, but because it changed several soil properties, further work is needed to isolate the contribution of microbial activity.","Greater microbial activity definitively caused the wheat to retain more biomass because the two fields used the same wheat variety.","The compost treatment primarily improved wheat performance by increasing nutrient availability, while water retention played little role.","The researchers found that drought had almost no effect on wheat grown in compost-treated soil.","A","1","The text reports stronger drought performance and greater microbial activity in the treated field but explicitly notes that compost also changed moisture and nutrients, so the researchers do not isolate a single cause.","75","none","{}","","","","","","Central Ideas and Details","","rw,passage:R007,arch:RW_CID_001,sim:rw_central_ideas_and_details_main_claim,surf:SURF_RW_CID_001,fp:765cf3074bfbed78"
"SAT_RW_11","split_batch_v9","11-front","All","RW11-M1-Q09","RW","1","base","9","Information and Ideas","Central Ideas and Details","RW_CID_002","Identify main idea, key detail, or summary","supporting_detail","Medium","1","multiple_choice","A workplace study examined whether brief exercise breaks affect concentration during repetitive computer tasks. Employees completed the same forty-minute proofreading task on two afternoons. On one afternoon, they remained seated during a scheduled five-minute pause; on the other, they followed a light routine of walking and stretching. Accuracy declined slightly after the seated pause but remained nearly unchanged after the active pause. Participants also reported feeling more alert after moving, although their average task speed did not differ between conditions. The researchers emphasized that the routine was short and gentle, so the findings do not address whether more strenuous exercise would produce the same pattern. They also noted that the study measured one kind of attention over a limited period. Even with those qualifications, the stable accuracy following movement suggests that a small change in break activity can influence how well workers sustain focus on monotonous tasks.","Which finding from the study most directly supports the idea that a brief active break can help workers maintain accuracy on a repetitive task?","Proofreading accuracy remained nearly unchanged after the walking-and-stretching break but declined slightly after the seated break.","Participants reported greater alertness after moving, even though average task speed was similar across conditions.","The same employees completed a forty-minute proofreading task on two different afternoons.","The exercise routine was light and lasted five minutes rather than involving strenuous activity.","A","1","The claim concerns maintaining task accuracy, so the direct comparison in accuracy after the two types of break is the strongest supporting detail. Alertness is relevant but subjective and less direct.","75","none","{}","","","","","","Central Ideas and Details","","rw,passage:R025,arch:RW_CID_002,sim:rw_central_ideas_and_details_supporting_detail,surf:SURF_RW_CID_002,fp:065f1c7bf051d5d2"
"SAT_RW_11","split_batch_v9","11-front","All","RW11-M1-Q10","RW","1","base","10","Information and Ideas","Command of Evidence","RW_COE_001","Use textual or quantitative evidence","supporting_detail","Medium","1","multiple_choice","Engineers developed a filter made from layered fibers to capture microplastic particles in wastewater before discharge. In laboratory tests, the filter removed a high percentage of larger particles, but the team worried that denser layers might slow the flow enough to make the design impractical. They therefore built three versions with different fiber spacing and measured both particle capture and water throughput. The tightest filter captured 94 percent of the test particles but cut flow nearly in half. A middle-density version captured 88 percent while reducing flow by only 12 percent, and the loosest version preserved nearly full flow but captured just 61 percent. The engineers concluded that the middle-density design offered the most useful balance for further development. A follow-up trial will test whether that balance persists when particle sizes vary and the filters operate continuously for several hours rather than in short laboratory runs.","Which additional finding, if true, would most directly support the engineers' conclusion that the middle-density filter offers the most useful balance for further development?","During continuous operation, the middle-density filter maintains substantially more water flow than the tightest filter, but particle capture is not measured.","With a wider range of particle sizes, the middle-density filter captures nearly as many particles as the tightest filter, but water throughput is not measured.","During continuous operation, the middle-density filter still captures about nine-tenths of particles while maintaining substantially more water flow than the tightest filter.","After several hours, the loosest filter preserves nearly full flow while capturing about seven-tenths of the particles.","C","3","The conclusion concerns a two-part balance between particle capture and water flow. The keyed finding supplies evidence for both: capture remains near nine-tenths while throughput stays substantially higher than with the tightest filter. Two distractors support just one side of the balance, and the loosest-filter result preserves flow at the cost of considerably lower capture.","75","none","{}","","","","","","Command of Evidence","","rw,passage:R005,arch:RW_COE_001,sim:rw_command_of_evidence_supporting_detail,surf:SURF_RW_COE_001,fp:73c37340143aea68"
"SAT_RW_11","split_batch_v9","11-front","All","RW11-M1-Q11","RW","1","base","11","Information and Ideas","Command of Evidence","RW_COE_011","Use textual or quantitative evidence","evidence_based_inference","Medium","1","multiple_choice","A city installed bilingual direction signs at twelve public-service buildings where visitors frequently asked staff for help finding offices. Half of the buildings received signs that paired each local-language phrase with its translation on the same line; the other half kept translations on separate nearby panels. During the next month, staff recorded fewer requests for directions at the paired-line buildings, but those buildings also had slightly simpler floor plans. Observers there also saw visitors spend less time consulting wall maps, though that comparison involved the same unmatched buildings. To isolate the effect of sign layout, the city later switched the two formats between matched buildings with similar floor plans. Direction requests again fell at buildings using the paired-line format. The project team concluded that placing translations together likely made the signs easier to scan quickly while preserving the same information in both languages.","Which finding most directly supports the project team's conclusion that sign layout itself contributed to the reduction in requests for directions?","In the first month, paired-line buildings had fewer direction requests, although those buildings also had somewhat simpler floor plans.","When the two sign formats were switched between buildings with similar floor plans, requests again fell at buildings using the paired-line format.","Visitors at paired-line buildings spent less time consulting wall maps, but those observations came from the same unmatched buildings.","All twelve buildings had previously received frequent requests from visitors who needed help locating offices.","B","2","The switched-format comparison holds floor-plan complexity more nearly constant and reproduces the reduction in direction requests, so it most directly supports an effect of layout. The first-month request pattern and wall-map observation both point in the same direction but remain confounded by building differences; the baseline fact merely establishes the original problem.","75","none","{}","","","","","","Command of Evidence","","rw,passage:R023,arch:RW_COE_011,sim:rw_command_of_evidence_evidence_based_inference,surf:SURF_RW_COE_011,fp:a2d783ed66b85d95"
"SAT_RW_11","split_batch_v9","11-front","All","RW11-M1-Q12","RW","1","base","12","Information and Ideas","Inferences","RW_INF_010","Draw supported conclusions","evidence_based_inference","Medium","1","multiple_choice","Young songbirds learn many vocal patterns by listening to adults, but the timing of that exposure can matter. In an aviary experiment, researchers played recordings of adult songs to two groups of juvenile finches for the same total number of hours. One group heard the recordings in short sessions spread across the day; the other heard them in one long session each morning. Weeks later, birds in the distributed-session group reproduced more of the adult song sequences accurately. Both groups had normal hearing and spent similar amounts of time interacting with other juveniles. The researchers also found that the distributed group did not sing more frequently overall; its advantage was in matching the sequence of notes. These results suggest that spacing exposure may influence how young birds encode complex vocal patterns under controlled conditions, rather than simply increasing their motivation to practice.","Which inference about the juvenile finches is best supported by the text?","The birds in the distributed group must have interacted less with other juveniles, leaving more time to imitate adults.","A single long morning session causes juvenile finches to lose normal hearing by the time they begin practicing.","Distributing exposure across the day may improve how accurately the birds encode song sequences even when total exposure time and overall singing frequency do not increase.","The distributed group learned more songs mainly because those birds practiced singing more often than the other group.","C","3","Both groups had equal total exposure, similar juvenile interaction, and no difference in overall singing frequency, yet the distributed group reproduced sequences more accurately. That supports an encoding-related inference.","75","none","{}","","","","","","Inferences","","rw,passage:R031,arch:RW_INF_010,sim:rw_inferences_evidence_based_inference,surf:SURF_RW_INF_010,fp:c2e08a48d4af7c26"
"SAT_RW_11","split_batch_v9","11-front","All","RW11-M1-Q13","RW","1","base","13","Information and Ideas","Inferences","RW_INF_002","Draw supported conclusions","cause_effect","Medium","1","multiple_choice","Linguists studying a regional pronunciation change analyzed recordings from speakers born across five decades. Older speakers usually pronounced a particular vowel in nearly the same way regardless of the word containing it. Among younger speakers, the vowel had shifted most strongly before certain consonants but remained closer to the older pronunciation elsewhere. The researchers also compared neighborhoods and found that the consonant-based pattern appeared in several parts of the region, including places with different migration histories. Because the change is tied more closely to sound environment than to neighborhood, the team argues that speakers may be extending a pronunciation rule through the language itself rather than copying a single local social group. The recordings cannot show exactly when individual speakers adopted the pattern, but they indicate that the change is structured by phonetic context rather than spreading uniformly across all words.","Which inference is most strongly supported by the recordings described in the text?","The youngest speakers adopted the changed vowel at the same age even though they lived in different neighborhoods.","Migration between neighborhoods had no influence on any aspect of regional speech during the five decades studied.","The pronunciation change is likely being extended according to the sounds surrounding the vowel rather than spreading identically across every word in a single neighborhood.","Older speakers deliberately resisted the new pronunciation because they associated it with a particular social group.","C","3","The change is strongest before certain consonants and appears across neighborhoods with different migration histories. That pattern supports phonetic conditioning rather than uniform neighborhood-based spread.","75","none","{}","","","","","","Inferences","","rw,passage:R035,arch:RW_INF_002,sim:rw_inferences_cause_effect,surf:SURF_RW_INF_002,fp:215a437bcb10eef0"
"SAT_RW_11","split_batch_v9","11-front","All","RW11-M1-Q14","RW","1","base","14","Information and Ideas","Inferences","RW_INF_001","Draw supported conclusions","contrast","Medium","1","multiple_choice","Urban planners compared three rain-garden designs installed along streets that often flooded after summer storms. All three designs used the same soil mixture and occupied similar areas, but they differed in how water entered the planting bed. One received runoff through a single curb opening, another through several smaller openings, and a third through a broad grated channel. During moderate storms, all three absorbed comparable amounts of water. During the heaviest storms, however, the single-opening gardens overflowed more often because leaves and debris blocked the narrow entry point. The other two designs continued receiving runoff even when one part of an inlet was obstructed. The planners therefore recommend distributing inflow across more than one path in locations where debris is common. They caution that the study does not establish which of the two distributed designs is better under every street condition.","Which inference about the two designs with distributed inlets is best supported by the text?","The broad grated channel is probably the better of the two distributed designs in debris-heavy streets because obstruction was associated with overflow.","The several-small-opening design is probably better during moderate storms because distributing entry points reduces the chance of blockage.","Their heavy-storm advantage likely results from their soil or garden area behaving differently once runoff reaches a high rate.","Their shared advantage during heavy storms likely comes from preserving more than one route for runoff when part of an inlet is obstructed.","D","4","Both distributed designs continued receiving runoff when part of an inlet was obstructed, supporting the inference that alternative entry paths created resilience. The passage does not compare the two distributed designs closely enough to rank either one, and it states that the gardens used the same soil mixture and similar areas.","75","none","{}","","","","","","Inferences","","rw,passage:R017,arch:RW_INF_001,sim:rw_inferences_contrast,surf:SURF_RW_INF_001,fp:4c3c97396197e6c9"
"SAT_RW_11","split_batch_v9","11-front","All","RW11-M1-Q15","RW","1","base","15","Standard English Conventions","Boundaries","SEC.BND","Boundaries","Punctuating two independent clauses","Easy","1","multiple_choice","Divers counted sea urchins along the restored reef ____ the evening tide rose before they finished the final transect.","Which choice completes the text so that it conforms to the conventions of Standard English?",",",";",":",", however,","B","2","The sentence contains two independent clauses with no coordinating conjunction, so a semicolon correctly joins them. A comma would create a comma splice, a colon does not fit the nonexplanatory relationship, and ', however,' also creates an improper comma splice between independent clauses.","55","none","{}","","","","","","Boundaries","","rw,sec,grammar,arch:SEC-BND-001,sim:SEC.BND:sentence_boundary_semicolon:A. minimal-context version,ctx:CTX-GRM-013,tier:SEC1,grammar_family:sentence_boundary_semicolon,fp:0b7e34a2d745a91e"
"SAT_RW_11","split_batch_v9","11-front","All","RW11-M1-Q16","RW","1","base","16","Standard English Conventions","Boundaries","SEC.BND","Boundaries","Introductory dependent clauses","Medium","1","multiple_choice","Although the history lesson included diary entries, newspaper clippings, and maps ____ students focused first on how the sources disagreed about the strike.","Which choice completes the text so that it conforms to the conventions of Standard English?",";",":",", and",",","D","4","The opening although-clause is dependent, so a comma should separate it from the independent main clause. A semicolon or colon cannot follow a dependent clause here, and adding 'and' incorrectly treats the introductory clause as a coordinate independent clause.","55","none","{}","","","","","","Boundaries","","rw,sec,grammar,arch:SEC-BND-017,sim:SEC.BND:introductory_subordinate_clause:B. internal punctuation nearby,ctx:CTX-GRM-014,tier:SEC2,grammar_family:introductory_subordinate_clause,fp:577c7d5eee2553b4"
"SAT_RW_11","split_batch_v9","11-front","All","RW11-M1-Q17","RW","1","base","17","Standard English Conventions","Boundaries","SEC.BND","Boundaries","Colon after a complete lead-in","Medium","1","multiple_choice","Among riders on two long routes, the commuter survey identified three common uses of travel time ____ reading messages, planning errands, and listening to podcasts.","Which choice completes the text so that it conforms to the conventions of Standard English?",",",";",":","because","C","3","The words before the blank form a complete independent clause that introduces a list, so a colon is appropriate. A comma alone cannot introduce the list this way, a semicolon must separate independent clauses, and 'because' cannot introduce the following series of gerund phrases.","55","none","{}","","","","","","Boundaries","","rw,sec,grammar,arch:SEC-BND-042,sim:SEC.BND:colon_after_independent_clause:B. internal punctuation nearby,ctx:CTX-GRM-030,tier:SEC2,grammar_family:colon_after_independent_clause,fp:f570c5416e32671e"
"SAT_RW_11","split_batch_v9","11-front","All","RW11-M1-Q18","RW","1","base","18","Standard English Conventions","Boundaries","SEC.BND","Boundaries","Introductory modifying phrases","Medium","1","multiple_choice","After heating recycled-glass samples at three temperatures and recording the cooling time for each batch ____ technicians tested the resulting tiles for resistance to cracking.","Which choice completes the text so that it conforms to the conventions of Standard English?",",",";",":",", and","A","1","The opening words form a substantial introductory participial phrase, not an independent clause, so a comma should separate that phrase from the main clause beginning with 'technicians.' A semicolon or colon requires a complete clause before it, and adding 'and' incorrectly treats the introductory phrase as a coordinate clause.","55","none","{}","","","","","","Boundaries","","rw,sec,grammar,arch:SEC-BND-024,sim:SEC.BND:introductory_phrase_comma:D. academic register,ctx:CTX-GRM-111,tier:SEC3,grammar_family:introductory_phrase_comma,fp:80ae4338a4b047e5"
"SAT_RW_11","split_batch_v9","11-front","All","RW11-M1-Q19","RW","1","base","19","Standard English Conventions","Form, Structure, and Sense","SEC.FSS","Form, Structure, and Sense","Subject-verb agreement","Easy","1","multiple_choice","The pattern of bicycle movements through the redesigned intersection ____ that riders hesitate less after engineers adjust the signal timing.","Which choice completes the text so that it conforms to the conventions of Standard English?","show","showing","have shown","shows","D","4","The subject is the singular noun 'pattern'; the intervening prepositional phrase 'of bicycle movements' does not change its number. The singular present-tense verb 'shows' agrees with the subject. 'Show' and 'have shown' are plural forms here, and 'showing' is nonfinite and would leave the sentence without a finite main verb.","55","none","{}","","","","","","Form, Structure, and Sense","","rw,sec,grammar,arch:SEC-FSS-001,sim:SEC.FSS:subject_verb_agreement:A. single-trap version,ctx:CTX-GRM-021,tier:SEC1,grammar_family:subject_verb_agreement,fp:129fe1b6dae8df1e"
"SAT_RW_11","split_batch_v9","11-front","All","RW11-M1-Q20","RW","1","base","20","Standard English Conventions","Form, Structure, and Sense","SEC.FSS","Form, Structure, and Sense","Pronoun-antecedent agreement","Medium","1","multiple_choice","A field team examined layers of volcanic ash near a mountain trail. Each layer preserved ____ own combination of mineral grains, giving the geologists clues about a different eruption.","Which choice completes the text so that it conforms to the conventions of Standard English?","their","its","it's","theirs","B","2","The antecedent 'Each layer' is grammatically singular, so the singular possessive determiner 'its' correctly modifies 'own combination.' 'Their' does not agree in number, 'it's' means 'it is,' and 'theirs' is a possessive pronoun that cannot directly modify the noun phrase.","55","none","{}","","","","","","Form, Structure, and Sense","","rw,sec,grammar,arch:SEC-FSS-016,sim:SEC.FSS:pronoun_antecedent_agreement:A. single-trap version,ctx:CTX-GRM-017,tier:SEC2,grammar_family:pronoun_antecedent_agreement,fp:c58c0ceab3294c48"
"SAT_RW_11","split_batch_v9","11-front","All","RW11-M1-Q21","RW","1","base","21","Standard English Conventions","Form, Structure, and Sense","SEC.FSS","Form, Structure, and Sense","Modifier placement","Medium","1","multiple_choice","Club members adjusted the robot cart's light sensors with a handheld meter. After calibrating the sensors, ____.","Which choice completes the text so that it conforms to the conventions of Standard English?","the cart moved along a strip of black tape for its first trial","reflected-light values appeared steadier during the cart's first trial","the strip of black tape lay across the floor for the cart's first trial","the club members tested the cart on a strip of black tape","D","4","The introductory participial phrase 'After calibrating the sensors' must logically modify the subject that performed the calibration. The club members performed that action, so the keyed clause is correctly placed. The cart, the reflected-light values, and the tape did not perform the calibration, so those alternatives create dangling modifiers.","55","none","{}","","","","","","Form, Structure, and Sense","","rw,sec,grammar,arch:SEC-FSS-026,sim:SEC.FSS:modifier_placement:A. single-trap version,ctx:CTX-GRM-015,tier:SEC3,grammar_family:modifier_placement,fp:8880225b1aa163eb"
"SAT_RW_11","split_batch_v9","11-front","All","RW11-M1-Q22","RW","1","base","22","Expression of Ideas","Transitions","RW_TR_009","Select transition that logically connects ideas","cause_effect","Easy","1","multiple_choice","A transit agency found that its oldest diesel buses required increasingly frequent engine repairs. Battery-electric buses in a small pilot fleet had lower routine maintenance costs, but the agency's rural routes would require additional charging capacity. ____ the agency plans to replace buses first on urban routes that return to the central depot several times each day.","Which choice most logically completes the text?","Therefore,","Alternatively,","Meanwhile,","Nevertheless,","A","1","The final sentence describes a plan that follows from the maintenance advantage and the charging constraint, so 'Therefore,' correctly signals a consequence. The other transitions indicate an alternative, simultaneity, or concession rather than the passage's reasoning.","45","none","{}","","","","","","Transitions","","rw,passage:R040,arch:RW_TR_009,sim:rw_transitions_cause_effect,surf:SURF_RW_TR_009,fp:9863e5572bff53c7"
"SAT_RW_11","split_batch_v9","11-front","All","RW11-M1-Q23","RW","1","base","23","Expression of Ideas","Transitions","RW_TR_007","Select transition that logically connects ideas","example","Medium","1","multiple_choice","A museum replaced several object labels with shorter versions that begin with questions rather than dates. The new labels still provide historical information, but they invite visitors to inspect a feature of the object before reading further. ____ one label beside a carved cabinet asks visitors to find two kinds of tool marks before explaining how the cabinet was made.","Which transition best connects the ideas in the text?","For example,","However,","Consequently,","In contrast,","A","1","The cabinet label is a specific instance of the question-first approach described in the preceding sentence, so 'For example,' is the logical transition. The sentence does not oppose, result from, or contrast with the earlier idea.","45","none","{}","","","","","","Transitions","","rw,passage:R058,arch:RW_TR_007,sim:rw_transitions_supporting_detail,surf:SURF_RW_TR_007,fp:e0fd81f57629caef"
"SAT_RW_11","split_batch_v9","11-front","All","RW11-M1-Q24","RW","1","base","24","Expression of Ideas","Transitions","RW_TR_001","Select transition that logically connects ideas","logical_link","Medium","1","multiple_choice","Readers in a study remembered the approximate location of information on printed pages more accurately than on scrolling screens. The same readers, however, located specific terms faster in searchable digital versions. Neither format produced an advantage on every task. ____ the researchers argue that choosing a format should depend on whether a reader needs spatial memory, rapid retrieval, or both.","Which choice best completes the text with a logical transition?","Similarly,","For instance,","Nevertheless,","Accordingly,","D","4","The recommendation follows from the finding that each format has a different advantage and neither dominates every task. 'Accordingly,' expresses that inference; the alternatives signal similarity, example, or concession instead.","45","none","{}","","","","","","Transitions","","rw,passage:R016,arch:RW_TR_001,sim:rw_transitions_logical_link,surf:SURF_RW_TR_001,fp:f6128e8ffd91ba74"
"SAT_RW_11","split_batch_v9","11-front","All","RW11-M1-Q25","RW","1","base","25","Expression of Ideas","Rhetorical Synthesis","RW_RS_001","Use notes to achieve a writing goal","revision_goal","Medium","1","multiple_choice","A student wants to emphasize how sleep timing, not just total sleep, may affect attention.

- A school research club tracked 48 students for two weeks.
- Students recorded when they went to sleep and when they woke.
- Most students slept between seven and eight hours on school nights.
- Students whose sleep times varied by more than two hours across the week made more errors on a morning attention task.
- The club did not test whether changing sleep schedules would reduce errors.","Which choice most effectively uses the notes to accomplish the stated goal?","The research club tracked 48 students for two weeks and found that most of them slept between seven and eight hours on school nights.","Although most students slept broadly similar amounts, those with sleep times that varied by more than two hours made more morning-attention errors, suggesting that timing regularity may matter even among students with similar sleep duration.","Students recorded both bedtime and wake time, but the club did not test whether changing their schedules would cause attention errors to decrease.","Morning attention was measured during a two-week school study in which students also kept records of their sleep schedules.","B","2","The keyed sentence directly contrasts broadly similar sleep duration with different timing regularity and connects that difference to attention without claiming causation. The other choices provide accurate notes but do not foreground the requested relationship.","75","none","{}","","","","","","Rhetorical Synthesis","","rw,passage:R004,arch:RW_RS_001,sim:rw_rhetorical_synthesis_revision_goal,surf:SURF_RW_RS_001,fp:23e3402ea565da67"
"SAT_RW_11","split_batch_v9","11-front","All","RW11-M1-Q26","RW","1","base","26","Expression of Ideas","Rhetorical Synthesis","RW_RS_008","Use notes to achieve a writing goal","supporting_detail","Medium","1","multiple_choice","A student wants to highlight evidence that a pronunciation change is spreading across generations rather than appearing only among the youngest speakers.

- Linguists analyzed recordings from speakers in four age groups.
- The oldest group used the traditional vowel form in 82% of relevant words.
- The next group used it in 61%.
- The third group used it in 43%.
- The youngest group used it in 27%.
- The recordings came from the same metropolitan region.","Which choice best uses the notes to achieve the student's goal?","Use of the traditional vowel declines steadily across the four age groups—from 82% in the oldest group to 27% in the youngest—showing a graded generational pattern rather than a change confined to the youngest speakers.","The youngest speakers used the traditional vowel in 27% of relevant words, the lowest rate among the four groups recorded in the metropolitan region.","Because all recordings came from one metropolitan region, the data describe how often four age groups used the traditional vowel form there.","The oldest speakers used the traditional vowel in 82% of relevant words, whereas the youngest speakers used it in 27%.","A","1","The goal is to show spread across generations, and the keyed choice uses all four age-group percentages to demonstrate a steady gradient. The other choices use accurate notes but emphasize endpoints or study location without establishing the across-group progression as clearly.","75","none","{}","","","","","","Rhetorical Synthesis","","rw,passage:R010,arch:RW_RS_008,sim:rw_rhetorical_synthesis_supporting_detail,surf:SURF_RW_RS_008,fp:4a0a6835f33d20d8"
"SAT_RW_11","split_batch_v9","11-front","All","RW11-M1-Q27","RW","1","base","27","Expression of Ideas","Rhetorical Synthesis","RW_RS_009","Use notes to achieve a writing goal","contrast","Medium","1","multiple_choice","A student wants to compare two coral-restoration methods while emphasizing a tradeoff between speed and long-term survival.

- The open-frame method attaches coral fragments to metal frames.
- Open-frame fragments grew 18% faster during the first three months.
- After one year, 62% of open-frame fragments remained alive.
- The crevice method places fragments in sheltered limestone gaps.
- Crevice-method fragments grew more slowly at first.
- After one year, 81% of crevice-method fragments remained alive.","Which choice most effectively uses the notes to accomplish the student's goal?","The open-frame method attached coral fragments to metal frames and produced 18% faster growth during the first three months than the crevice method.","After one year, 81% of fragments in sheltered limestone gaps remained alive, compared with 62% of open-frame fragments.","The open-frame method produced faster early growth, whereas the crevice method produced slower initial growth but higher one-year survival, illustrating a tradeoff between speed and persistence.","Because the crevice method had higher one-year survival, its sheltered placement was more successful in every respect than the open-frame method.","C","3","The keyed sentence includes both sides of the requested tradeoff: the open-frame method's early growth advantage and the crevice method's survival advantage. The other choices emphasize only one side or overstate the crevice method's overall superiority.","75","none","{}","","","","","","Rhetorical Synthesis","","rw,passage:R028,arch:RW_RS_009,sim:rw_rhetorical_synthesis_contrast,surf:SURF_RW_RS_009,fp:71b8d9d3d767a5f5"
"SAT_RW_11","split_batch_v9","RW11_BACK","1450+","SAT_RW_11_M2_Q01","RW","2","hard","1","Craft and Structure","Words in Context","RW_WIC_003","Determine meaning or function of a word/phrase in context","tonal_effect","Hard","1","multiple_choice","A marine restoration team compared coral fragments attached to ceramic tiles at three depths along a sheltered reef. Fragments near the surface grew fastest during calm weeks, but they also lost more tissue during brief periods of unusually warm water. Mid-depth fragments grew more slowly yet retained a greater share of living tissue when temperatures rose. The deepest fragments changed little in either direction. These results temper the team’s initial enthusiasm for placing most new fragments in the brightest water. Rapid growth remains useful, especially when a damaged reef needs cover quickly, but the observations suggest that maximizing early growth can leave colonies more exposed to short heat events. The team therefore plans to distribute future fragments across depths rather than treat the surface sites as universally superior, while continuing to track whether the mid-depth advantage persists through cooler months.","Which choice best explains how the word “temper” shapes the passage’s presentation of the team’s initial enthusiasm?","It portrays the mid-depth result as evidence that rapid early growth should receive greater priority.","It presents the surface-growth advantage as promising but limited by the greater tissue losses observed during heat events.","It treats the heat-related losses as a temporary detail that leaves the original surface-focused strategy essentially unchanged.","It suggests that differences among depths are too uncertain to guide the team’s future placement decisions.","B","2","The surrounding passage keeps the advantage of rapid surface growth in view but pairs it with greater heat-related tissue loss and a more distributed placement plan. Thus “temper” moderates the team’s enthusiasm rather than reversing it. The other choices either misstate which criterion is favored, understate the change in strategy, or ignore the team’s decision to use depth differences in planning.","75","none","{}","","","","","","Words in Context","","rw,passage:R003,arch:RW_WIC_003,sim:rw_words_in_context_word_function,fp:479dc99aa6245734,surf:SURF_RW_WIC_003,wic,hard_vocab,wica:WIC_TONAL_EFFECT_01,vocab:HV_123,tier:V4,target:temper"
"SAT_RW_11","split_batch_v9","RW11_BACK","1450+","SAT_RW_11_M2_Q02","RW","2","hard","2","Craft and Structure","Words in Context","RW_WIC_008","Determine meaning or function of a word/phrase in context","precision_effect","Hard","1","multiple_choice","A museum tested two versions of labels beside unfamiliar mechanical instruments. One version supplied a short name and date; the other added a diagram showing how a visitor could trace energy through each device. Visitors who saw the diagrams spent more time at the cases and answered more mechanism questions correctly. Yet the improvement was contingent on the diagrams being visually aligned with the relevant parts of the instruments. When the same diagrams were placed on a separate panel several steps away, viewing time remained high but question accuracy fell close to the level for the short labels. Interviews suggested that some visitors enjoyed the extra information even when they did not connect it to the object. The trial therefore separates the attraction of richer labels from their instructional effect: added material can hold attention, but its contribution to understanding depends on how readily visitors can map it onto what they see.","Which choice best explains what the word “contingent” adds to the claim about the diagrams’ instructional effect?","It indicates that the diagrams’ effect on attention was caused by their distance from the objects.","It specifies that improved understanding depended on the diagrams being positioned so visitors could readily connect them with the objects.","It suggests that visitors learned from the diagrams mainly when the instruments were already familiar to them.","It distinguishes visitors who preferred diagrams from visitors who preferred the shorter labels.","B","2","The passage contrasts aligned diagrams, which improved mechanism-question accuracy, with the same diagrams placed away from the objects, which did not. “Contingent” therefore adds a condition: the instructional benefit depends on spatial alignment. The other choices attach that condition to attention, familiarity, or visitor preference, none of which matches the passage’s reasoning.","75","none","{}","","","","","","Words in Context","","rw,passage:R033,arch:RW_WIC_008,sim:rw_words_in_context_paired_text_relation,fp:42af904e8975b722,surf:SURF_RW_WIC_008,wic,hard_vocab,wica:WIC_PRECISION_EFFECT_01,vocab:HV_128,tier:V4,target:contingent"
"SAT_RW_11","split_batch_v9","RW11_BACK","1450+","SAT_RW_11_M2_Q03","RW","2","hard","3","Craft and Structure","Words in Context","RW_WIC_012","Determine meaning or function of a word/phrase in context","claim_function","Hard","1","multiple_choice","Astronomers estimating the ages of distant star clusters often compare the clusters’ colors with models of how stars change over time. Dust between the stars can complicate that comparison because it reddens the light in a way that can resemble an older population. In one survey, a team first obtained age estimates from color alone, then added infrared measurements that were less sensitive to dust. Several clusters retained nearly the same estimated ages, but others shifted toward much younger values once the additional measurements were included. The infrared data therefore attenuate the force of a sweeping claim that the region formed most of its clusters during one ancient burst. They do not erase the evidence for old clusters; instead, they reveal that some objects previously grouped with them may have looked old because of dust. A narrower account, involving multiple periods of cluster formation, better accommodates the combined measurements.","How does the word “attenuate” help define the relationship between the infrared measurements and the sweeping single-burst claim?","It indicates that the measurements extend the claim from the surveyed clusters to the region as a whole.","It indicates that the measurements replace the earlier color observations with an unrelated method.","It indicates that the measurements weaken the broad claim’s force while leaving some evidence for old clusters intact.","It indicates that the measurements establish dust as the cause of the age-estimate shifts.","C","3","The infrared measurements make several clusters appear younger, which weakens the broad single-burst account, but other clusters retain old estimated ages. “Attenuate” captures that reduction in the claim’s force without erasing all support for it. The distractors overextend the scope, misdescribe the relation between methods, or assign excessive causal certainty.","75","none","{}","","","","","","Words in Context","","rw,passage:R045,arch:RW_WIC_012,sim:rw_words_in_context_contrast,fp:85b824b401e76875,surf:SURF_RW_WIC_012,wic,hard_vocab,wica:WIC_CLAIM_FUNCTION_01,vocab:HV_129,tier:V4,target:attenuate"
"SAT_RW_11","split_batch_v9","RW11_BACK","1450+","SAT_RW_11_M2_Q04","RW","2","hard","4","Craft and Structure","Words in Context","RW_WIC_002","Determine meaning or function of a word/phrase in context","direct_meaning","Hard","1","multiple_choice","A city transit office introduced battery-electric buses on two routes that had similar schedules but different hills. During the first month, both routes completed nearly all planned trips, which seemed to support the idea that the new buses could replace diesel vehicles without major scheduling changes. Winter data complicated that picture: energy use rose on both routes, and buses on the steeper route returned to the depot with much smaller remaining charge. To substantiate a proposal for expanding the fleet, planners therefore examined not just trip completion but also charging time between runs, heating demand, and the amount of reserve charge left at the end of each shift. The broader record showed that the flatter route had enough margin for occasional detours, whereas the steeper route would require either longer charging intervals or a midroute charger. Expansion remained feasible, but the evidence favored route-specific planning rather than a single operating rule.","As used in the text, “substantiate” most nearly means","make physically tangible","state more emphatically","support with evidence","put into an official format","C","3","The planners examine trip completion, charging time, heating demand, and reserve charge in order to provide evidence for an expansion proposal. In this context, “substantiate” means support with evidence. The other choices reflect possible associations with making something concrete, emphasizing a claim, or formalizing a proposal, but they do not fit the described use of data.","75","none","{}","","","","","","Words in Context","","rw,passage:R015,arch:RW_WIC_002,sim:rw_words_in_context_purpose_sentence,fp:a0646d3f777e0c39,surf:SURF_RW_WIC_002,wic,hard_vocab,wica:WIC_DIRECT_MEANING_01,vocab:HV_130,tier:V4,target:substantiate"
"SAT_RW_11","split_batch_v9","RW11_BACK","1450+","SAT_RW_11_M2_Q05","RW","2","hard","5","Craft and Structure","Text Structure and Purpose","RW_TSP_011","Analyze structure or purpose","contrast","Hard","1","multiple_choice","Histories of a regional weaving vocabulary have often treated the coastal port as the obvious source of several technical terms, since merchants there handled imported fibers and later supplied inland mills. A set of workshop notebooks, however, complicates that sequence. Two terms appear in records from hill towns nearly a decade before they become common in surviving port inventories. The notebooks also show variant spellings clustered along a chain of seasonal fairs rather than along the rail line that linked the port to the interior. Rail traffic may still have accelerated the terms’ later spread, especially once machine-made cloth became common. But the earlier pattern points to traveling dyers and buyers as a likely route by which the vocabulary moved between workshops. The chronology thus does not overturn the port’s commercial importance; it changes which network best explains the language’s first documented circulation.","Which choice best describes the overall structure of the text?","It traces the commercial growth of the coastal port and then uses spelling differences to show that rail transport dominated the vocabulary’s spread from the beginning.","It presents a familiar explanation for the vocabulary’s diffusion, introduces records that complicate its chronology, and offers a different route for the earliest spread while preserving a later role for the port.","It compares variant spellings from several towns and concludes that the same technical terms were independently invented in separate weaving communities.","It uses workshop notebooks to dismiss the port’s commercial importance and then argues that seasonal fairs eventually replaced rail traffic.","B","2","The text begins with the port-centered explanation, then uses earlier hill-town records and fair-linked spellings to challenge that timing, and finally proposes traveling dyers and buyers for early circulation while retaining a later role for rail and the port. The distractors each capture a detail but distort the chronology, the inference from spelling, or the text’s explicit qualification.","85","none","{}","","","","","","Text Structure and Purpose","","rw,passage:R135,arch:RW_TSP_011,sim:rw_text_structure_and_purpose_contrast,fp:a41f70b49038b6b6,surf:SURF_RW_TSP_011"
"SAT_RW_11","split_batch_v9","RW11_BACK","1450+","SAT_RW_11_M2_Q06","RW","2","hard","6","Craft and Structure","Text Structure and Purpose","RW_TSP_001","Analyze structure or purpose","purpose_sentence","Hard","1","multiple_choice","Students often remember paired terms better when the same image appears during study and testing, a result usually described as a benefit of reinstating a memory cue. A psychologist asked whether the image itself mattered more than the relation students formed around it. Participants studied invented tool names beside small drawings. One group later saw the identical drawing during the test; another saw a new drawing that depicted the same functional relation; a third saw a visually similar drawing with a different relation. <u>Students given a new drawing that preserved the studied relation performed nearly as well as those given the original image.</u> By contrast, visual similarity without the matching relation produced a much smaller benefit. The pattern suggests that a cue can aid retrieval because it revives an organized connection from study, not merely because the test repeats the same picture. That distinction changes what counts as “the same” cue.","Which choice best describes the function of the underlined sentence in the text as a whole?","It shows that repeating the exact image is necessary for a memory cue to improve retrieval.","It identifies a procedural difference that explains why the third group saw a smaller benefit.","It qualifies the benefit of relational cues by showing that any change in the drawing substantially lowers performance.","It provides a result showing that preservation of the studied relation can matter even when the original image itself is not repeated.","D","4","The underlined result shows that a new drawing preserving the studied relation produced nearly the same performance as the original drawing. That evidence supports the later interpretation that retrieval can depend on reinstating an organized relation rather than on repeating the identical picture. The other choices either reverse that implication or misidentify which comparison the sentence establishes.","85","none","{}","","","","","","Text Structure and Purpose","","rw,passage:R087,arch:RW_TSP_001,sim:rw_text_structure_and_purpose_purpose_sentence,fp:576faab0d29a3c11,surf:SURF_RW_TSP_001,underline"
"SAT_RW_11","split_batch_v9","RW11_BACK","1450+","SAT_RW_11_M2_Q07","RW","2","hard","7","Craft and Structure","Text Structure and Purpose","RW_TSP_012","Analyze structure or purpose","cause_effect","Hard","1","multiple_choice","Readers comparing print and digital textbooks sometimes report that print makes it easier to remember where information appeared, whereas digital search makes it faster to relocate a known phrase. A study of reading strategy separated those advantages. Participants learned a short technical chapter either on bound pages or on a tablet, then completed two tasks: reconstructing the order of ideas and locating specified definitions. Print readers reconstructed sequence somewhat more accurately when they could not reopen the chapter. Tablet readers located definitions faster when search remained available, but that advantage largely disappeared when both groups had to browse manually. Neither format produced consistently higher scores across both tasks. The results shift attention away from asking which medium is inherently better and toward how a format’s navigational features interact with the demands of a particular task. What looks like a medium effect may therefore depend partly on which strategy the test rewards.","Which choice most accurately describes how the passage develops its discussion of print and digital textbooks?","It reports readers’ format preferences, presents a task on which print performs better, and concludes that print is generally superior when search is unavailable.","It focuses on the speed advantage of digital search and argues that differences between media are primarily differences in how quickly readers can navigate.","It contrasts readers’ expectations with experimental results that reject both the sequencing advantage of print and the search advantage of digital text.","It introduces commonly reported advantages of each format, tests those advantages on different tasks, and reframes the comparison in terms of how format features interact with task demands.","D","4","The passage starts with reported advantages for print and digital text, separates them through two tasks, and concludes that neither medium is inherently better across tasks; instead, navigational features interact with what the task requires. Each distractor relies on a real detail but either overstates one medium, reduces the argument to speed, or incorrectly says both reported advantages were rejected.","85","none","{}","","","","","","Text Structure and Purpose","","rw,passage:R141,arch:RW_TSP_012,sim:rw_text_structure_and_purpose_cause_effect,fp:1879847ed2806de3,surf:SURF_RW_TSP_012"
"SAT_RW_11","split_batch_v9","RW11_BACK","1450+","SAT_RW_11_M2_Q08","RW","2","hard","8","Craft and Structure","Cross-Text Connections","RW_CTC_006","Compare claims across paired texts","paired_text_relation","Hard","1","multiple_choice","Text 1:
Marine reserves are often mapped by habitat type, but acoustic conditions can also shape whether animals use otherwise suitable areas. In a coastal survey, hydrophones found that coves shielded from the main shipping lane had lower peaks of engine noise, and juvenile fish spent more time feeding there during busy hours. Because the coves were similar in depth and vegetation, the pattern suggests that reducing intense noise events could improve the functional quality of nursery habitat.

Text 2:
Average sound level is not the only feature animals encounter. In tagging data from a nearby bay, fish resumed normal movement quickly when tour boats followed predictable routes, even though measured sound remained elevated. Irregular approaches produced longer interruptions at somewhat lower average levels. Management should therefore distinguish loudness from predictability: restricting the timing or path of vessels may sometimes reduce disturbance without creating the quietest possible water.","Based on the texts, how would the author of Text 2 most likely respond to Text 1’s interpretation of the sheltered-cove findings?","The findings are consistent with managing noise, but the feeding pattern by itself does not show that loudness is the primary acoustic feature influencing behavior.","The findings likely reflect predictable vessel movement rather than reduced noise, even though Text 1 did not measure vessel predictability in the coves.","The findings support route restrictions, but they also show that achieving the lowest possible average sound level should remain the main management objective.","The hydrophone measurements are less informative than behavioral observations because physical sound conditions do not contribute meaningfully to habitat quality.","A","1","Text 2 accepts that acoustic disturbance matters but argues that average loudness is not the only relevant feature; predictability can also shape behavior. It would therefore treat Text 1’s result as compatible with noise management while resisting a single-feature interpretation. Choice B imports Text 2’s mechanism into Text 1 without evidence, C overstates the priority of minimizing average sound, and D dismisses physical sound more strongly than Text 2 does.","90","none","{}","","","","","","Cross-Text Connections","","rw,passage:R096,arch:RW_CTC_006,sim:rw_cross_text_connections_paired_text_relation,fp:76c27bb687e87486,surf:SURF_RW_CTC_006"
"SAT_RW_11","split_batch_v9","RW11_BACK","1450+","SAT_RW_11_M2_Q09","RW","2","hard","9","Information and Ideas","Central Ideas and Details","RW_CID_001","Identify main idea, key detail, or summary","main_claim","Hard","1","multiple_choice","A greenhouse experiment tested whether soil microbes could influence how young bean plants recover after a short drought. Seedlings grew in identical soil, but half received a microbial mixture collected from fields where beans had survived several dry summers. Before water was withheld, the two groups had similar height and leaf area. During the dry period, both groups slowed growth. After watering resumed, however, seedlings with the field-derived microbes reopened leaf pores sooner and regained stem growth more quickly, even though their roots had not become larger. A separate measurement showed that these plants accumulated more of several compounds associated with water-stress signaling. The experiment does not show that the microbes prevent drought damage. Instead, it suggests that microbial partners can alter the pace of recovery once water returns, potentially by affecting physiological responses rather than simply increasing root size.","Which choice best states the central idea of the text?","Field-derived soil microbes may help bean seedlings recover more quickly after drought by influencing physiological responses, even though they do not prevent growth from slowing during the drought.","Bean seedlings with field-derived microbes withstand drought mainly because the microbes cause their roots to become larger before water is withheld.","The microbial mixture prevents drought damage but offers little benefit after normal watering resumes.","Differences in leaf area before the drought explain why the microbe-treated seedlings recover faster afterward.","A","1","Both groups slow during drought, but the microbe-treated seedlings recover sooner and show stronger stress-signaling compounds without larger roots. The central idea is therefore about faster recovery and a possible physiological mechanism, not drought prevention or root size. The distractors turn true or measured features into conclusions the passage does not support.","80","none","{}","","","","","","Central Ideas and Details","","rw,passage:R007,arch:RW_CID_001,sim:rw_central_ideas_and_details_main_claim,fp:bf5376ae1be42622,surf:SURF_RW_CID_001"
"SAT_RW_11","split_batch_v9","RW11_BACK","1450+","SAT_RW_11_M2_Q10","RW","2","hard","10","Information and Ideas","Central Ideas and Details","RW_CID_002","Identify main idea, key detail, or summary","supporting_detail","Hard","1","multiple_choice","Archaeologists studying a chain of river settlements once classified a group of painted bowls as imports because their red-and-black patterns closely resembled vessels from a large upstream town. Chemical analysis of the clay complicated that classification. Some bowls did match the upstream clay source, but many were made from minerals found near the downstream settlements. On those local bowls, painters had reproduced several upstream motifs while changing the order of border designs and using a different firing method. The archaeologists now describe the assemblage as evidence of both movement and imitation: finished vessels traveled downriver, while local potters also adopted and modified a recognizable style. That interpretation preserves the decorative resemblance that first suggested trade without assuming that every similar-looking bowl followed the same route. Composition and technique, considered together, reveal a more varied exchange than appearance alone would indicate.","Which detail from the text most directly establishes that some bowls with the upstream style were produced near the downstream settlements?","Some of the painted bowls chemically matched the upstream clay source.","The bowls shared red-and-black decorative patterns with vessels from the upstream town.","Many similarly patterned bowls contained minerals found in clay near the downstream settlements.","The order of some border designs on the recovered bowls differed from the order used on upstream vessels.","C","3","The question asks for the detail that directly establishes local production rather than mere stylistic resemblance or local discovery. Choice C provides compositional evidence: many bowls with the upstream-looking style were made from minerals found in clay near the downstream settlements. Matching upstream clay supports importation, shared decoration supports stylistic connection, and a changed border order does not by itself identify where the clay vessel was produced.","80","none","{}","","","","","","Central Ideas and Details","","rw,passage:R013,arch:RW_CID_002,sim:rw_central_ideas_and_details_supporting_detail,fp:37e44ebcf6a604ed,surf:SURF_RW_CID_002"
"SAT_RW_11","split_batch_v9","RW11_BACK","1450+","SAT_RW_11_M2_Q11","RW","2","hard","11","Information and Ideas","Central Ideas and Details","RW_CID_003","Identify main idea, key detail, or summary","contrast","Hard","1","multiple_choice","A commuter rail station tested platform displays that predicted how crowded the next two trains would be. When service ran normally, passengers used the estimates to spread themselves along the platform, and boarding became slightly faster. During disruptions, however, crowd estimates based on recent trains became unreliable: a display marked “moderate” could be followed by a packed train after a cancellation upstream. Passengers still consulted the screens, but interviews showed that confidence fell when the predictions looked more precise than conditions justified. In a second trial, the station replaced fixed crowd labels with ranges and added a symbol when upstream data were unstable. The less precise display produced more even platform distribution during disruptions and received higher trust ratings. The trials indicate that predictive information can guide movement, yet its usefulness depends partly on communicating uncertainty when the underlying pattern is changing quickly.","Which choice best describes what the second trial contributes to the passage’s main idea?","It suggests that explicitly marking uncertainty mainly improves trust by discouraging passengers from using the display to redistribute themselves.","It demonstrates that a less precise display that signals uncertainty can still guide passenger distribution and can be trusted more when service conditions are unstable.","It shows that passengers can distribute themselves more evenly during disruptions as long as the underlying crowd estimate remains as precise as it was in the first trial.","It indicates that ranges are more useful during disruptions because they correct unstable upstream data rather than because they communicate limits on the prediction.","B","2","The second trial changes how uncertainty is displayed: ranges and an instability symbol replace fixed labels, and the result is both more even platform distribution and higher trust during disruptions. Choice B captures both effects without claiming that the underlying data became more accurate. The other choices incorrectly attribute the result to reduced use, unchanged precision, or correction of unstable upstream data.","80","none","{}","","","","","","Central Ideas and Details","","rw,passage:R109,arch:RW_CID_003,sim:rw_central_ideas_and_details_contrast,fp:2773014555f6d5f7,surf:SURF_RW_CID_003"
"SAT_RW_11","split_batch_v9","RW11_BACK","1450+","SAT_RW_11_M2_Q12","RW","2","hard","12","Information and Ideas","Command of Evidence","RW_COE_003","Use textual or quantitative evidence","cause_effect","Hard","1","multiple_choice","Bumblebees often visit sunlit flowers more frequently than shaded flowers, but sunlight changes both a flower’s temperature and its appearance. To separate those cues, a behavioral ecologist built artificial flowers whose surface color could be held constant while a hidden element warmed some blossoms by a few degrees. Bees first learned that every flower offered the same amount of sugar solution. In later trials, the warmer and cooler flowers were mixed randomly, and their positions changed after each visit so that location could not reliably guide the insects. The ecologist predicted that temperature itself would affect choice even when color, reward, and position provided no advantage. Because bees can detect small temperature differences with their antennae and feet, a consistent preference under these controlled conditions would support the idea that floral warmth can function as a cue rather than merely accompanying brighter visual signals.","Which finding, if true, would most directly support the ecologist’s prediction?","Bees visited warm and cool artificial flowers at nearly the same rate when all flowers contained equal sugar solution.","Bees preferred warmer flowers when those flowers also contained slightly more sugar solution than cooler flowers.","When color, reward, and location were controlled, bees chose the warmed flowers above chance, and the preference shifted when the warming assignment was switched among flowers.","Bees spent more time touching warmed flowers with their antennae but showed no consistent difference in which flowers they chose.","C","3","The prediction is that temperature itself affects choice independently of color, reward, and location. Choice C describes a controlled preference that follows the warming assignment, directly supplying that evidence. Choice B confounds warmth with reward, D shows detection without a choice effect, and A would fail to show the predicted preference.","85","none","{}","","","","","","Command of Evidence","","rw,passage:R002,arch:RW_COE_003,sim:rw_command_of_evidence_cause_effect,fp:07647e34df2a76a4,surf:SURF_RW_COE_003"
"SAT_RW_11","split_batch_v9","RW11_BACK","1450+","SAT_RW_11_M2_Q13","RW","2","hard","13","Information and Ideas","Command of Evidence","RW_COE_011","Use textual or quantitative evidence","evidence_based_inference","Hard","1","multiple_choice","Students studying unfamiliar architectural terms may reread definitions several times, but repeated exposure does not necessarily require them to retrieve or organize the information. An education researcher compared three annotation methods while students read the same illustrated glossary. One group copied a key sentence beneath each entry. A second group wrote a prediction about where the feature might appear in a building, then checked the illustration. A third group wrote a short factual note taken from the caption. All groups spent the same amount of time with the glossary, and their immediate recognition scores were similar. The researcher proposed that prediction-based annotation could improve later recall because students must generate a possible use before receiving confirming visual information. A delayed test one week later was designed to reveal whether that generative step produced a more durable memory than writing or rereading alone.","Which finding would most directly support the researcher’s explanation for a delayed-recall benefit of prediction-based annotation?","The prediction group scored higher on an immediate recognition test, but its advantage disappeared on a test one week later.","The prediction group wrote more words per entry than the copied-sentence group, although both groups received the same total study time.","One week later, the prediction group recalled substantially more target terms than both other groups, even though the groups had similar immediate recognition scores and matched study time.","The factual-note group remembered more details from image captions than the copied-sentence group did, while the two groups recalled similar numbers of target terms.","C","3","The explanation specifically concerns delayed recall and must be separated from immediate recognition, writing in general, and time on task. Choice C supplies that pattern: the groups begin with similar immediate performance and equal study time, but the prediction group later recalls more terms. The other findings either remove the delayed advantage or point to amount of writing or caption memory rather than the proposed mechanism.","85","none","{}","","","","","","Command of Evidence","","rw,passage:R137,arch:RW_COE_011,sim:rw_command_of_evidence_evidence_based_inference,fp:b0a072febb3d7698,surf:SURF_RW_COE_011"
"SAT_RW_11","split_batch_v9","RW11_BACK","1450+","SAT_RW_11_M2_Q14","RW","2","hard","14","Information and Ideas","Inferences","RW_INF_010","Draw supported conclusions","evidence_based_inference","Hard","1","multiple_choice","Excavators at a mountain settlement recovered hundreds of small ceramic cups from rooms dated to the same century. Most cups were made from local clay, but a minority used a mineral mixture associated with workshops in a valley two days’ travel away. Residue analysis complicated the simple idea that the valley-made cups arrived already filled with a distinctive imported drink. Both local and valley-made vessels contained the same two plant compounds, and those compounds also appeared in large storage jars made from local clay. However, the imported cups were concentrated in a few rooms with unusually elaborate hearths and serving trays, while local cups occurred throughout the settlement. The pattern does not reveal who used the valley-made vessels or why they were valued. It does suggest that special placement was not tied to exclusive access to a different beverage, since the same plant compounds occur in vessels made from both local and valley clay.","Which inference about the valley-made cups is best supported by the text?","They were reserved for formal ceremonies in the rooms with elaborate hearths and were not used in other settings.","Their imported clay probably changed the chemical composition of the beverage served in them.","They were concentrated in elaborate rooms because local cups became unavailable in those rooms.","They may have carried special social value in certain rooms even though their contents were not chemically distinct from those found in local cups.","D","4","The imported cups cluster in a few elaborate rooms, which makes special social use plausible, while residue analysis shows the same plant compounds in local vessels and storage jars. Choice D combines those cues without claiming a specific ceremony or mechanism. The other choices overstate the room evidence, invent a chemical effect of the clay, or propose a shortage not mentioned in the text.","85","none","{}","","","","","","Inferences","","rw,passage:R113,arch:RW_INF_010,sim:rw_inferences_evidence_based_inference,fp:5788ecd351e9ac78,surf:SURF_RW_INF_010"
"SAT_RW_11","split_batch_v9","RW11_BACK","1450+","SAT_RW_11_M2_Q15","RW","2","hard","15","Information and Ideas","Inferences","RW_INF_002","Draw supported conclusions","cause_effect","Hard","1","multiple_choice","A tracking project followed juvenile shorebirds leaving an inland lake on their first southbound migration. On nights with light northerly winds, most birds departed soon after sunset and followed a broad river valley. When winds shifted strongly from the west, many birds delayed departure; those that did leave initially flew east before turning south several hours later. The detour added distance, yet modelled flight costs were lower than they would have been if the birds had maintained a direct southward heading against the crosswind. Adults tracked in the same region were less likely to delay and made smaller eastward adjustments. Because the juveniles had never completed the route before, the project cannot attribute their behavior to memory of specific stopover sites. The combined timing and direction changes are nevertheless consistent with the birds responding flexibly to wind conditions while following a generally southward migratory tendency.","Which choice states an inference most consistent with the tracking results?","Adults’ smaller route adjustments indicate that experience with particular stopover sites matters more than wind for their migration decisions.","Juveniles appear able to alter both departure timing and route in response to wind, sometimes accepting a longer path that reduces the modeled cost of flying against a crosswind.","The juveniles’ eastward detours show that a direct southward route was geographically unavailable on nights with strong westerly winds.","The juveniles delayed departure because they were unable to fly in strong westerly winds, whereas adults were physically unaffected by those winds.","B","2","Juveniles delay more often in strong westerlies, and those that depart make an eastward detour that the model estimates is less costly than flying directly against the crosswind. This supports a flexible wind response, not a claim about remembered stopovers or geographic barriers. Choice D overstates inability because some juveniles do depart, and the adult comparison does not show that adults are unaffected.","85","none","{}","","","","","","Inferences","","rw,passage:R149,arch:RW_INF_002,sim:rw_inferences_cause_effect,fp:829c8bdad147d962,surf:SURF_RW_INF_002"
"SAT_RW_11","split_batch_v9","RW11_BACK","1450+","SAT_RW_11_M2_Q16","RW","2","hard","16","Standard English Conventions","Boundaries","SEC.BND","Boundaries","Colon after a complete lead-in","Hard","1","multiple_choice","Farmers predicted that a drought-resistant bean would mature earlier than the standard variety. At harvest, the records showed three differences that supported that prediction _____ earlier flowering, earlier pod formation, and faster drying of mature seeds.","Which choice completes the text so that it conforms to the conventions of Standard English?",";",".","; namely,",":","D","4","A colon is appropriate because the material before the blank is a complete independent clause and the three noun phrases after the blank specify the differences announced by that clause. A semicolon, including the version followed by “namely,” would require an independent clause after it, but the list is not a complete sentence. A period would likewise leave the following list as a fragment.","65","none","{}","","","","","","Boundaries","","rw,sec,grammar,arch:SEC-BND-044,sim:SEC.BND:colon_after_independent_clause:D. academic register,fp:378fff324acb7665,ctx:CTX-GRM-019,tier:SEC3"
"SAT_RW_11","split_batch_v9","RW11_BACK","1450+","SAT_RW_11_M2_Q17","RW","2","hard","17","Standard English Conventions","Boundaries","SEC.BND","Boundaries","Coordinating independent clauses","Hard","1","multiple_choice","A coach expected the rowers who had completed the shorter recovery routine to report less fatigue after practice _____ the athletes who used the longer routine, after accounting for previous-day training, reported the lower fatigue ratings.","Which choice completes the text so that it conforms to the conventions of Standard English?","; but"," but",", but",",","C","3","The blank joins two independent clauses with the coordinating conjunction “but,” so a comma must precede the conjunction. A semicolon should not be used together with “but” in this structure; omitting the comma leaves two independent clauses improperly joined, and a comma without the conjunction creates a comma splice.","65","none","{}","","","","","","Boundaries","","rw,sec,grammar,arch:SEC-BND-014,sim:SEC.BND:coordination_comma_fanboys:D. academic register,fp:4803d5864c98d01f,ctx:CTX-GRM-011,tier:SEC3"
"SAT_RW_11","split_batch_v9","RW11_BACK","1450+","SAT_RW_11_M2_Q18","RW","2","hard","18","Standard English Conventions","Boundaries","SEC.BND","Boundaries","Punctuating two independent clauses","Hard","1","multiple_choice","Archivists expected the theater company’s longest tour to correspond to its largest surviving packet of letters, a pattern that would have simplified the catalog _____ the correspondence from that tour is unusually sparse, while a shorter tour generated two densely annotated folders.","Which choice completes the text so that it conforms to the conventions of Standard English?",";",",","; although",", however,","A","1","The text contains two complete, closely related independent clauses with no coordinating conjunction, so a semicolon correctly marks their boundary. A comma alone creates a comma splice. “; although” turns what follows into a dependent clause without a main clause after the semicolon, and “, however,” does not provide a valid boundary between the two independent clauses.","65","none","{}","","","","","","Boundaries","","rw,sec,grammar,arch:SEC-BND-005,sim:SEC.BND:sentence_boundary_semicolon:E. expanded syntax,fp:87fed70ab73cb39f,ctx:CTX-GRM-052,tier:SEC4"
"SAT_RW_11","split_batch_v9","RW11_BACK","1450+","SAT_RW_11_M2_Q19","RW","2","hard","19","Standard English Conventions","Form, Structure, and Sense","SEC.FSS","Form, Structure, and Sense","Pronoun-antecedent agreement","Hard","1","multiple_choice","At the lantern festival, each display frame holds dozens of paper wishes prepared by neighborhood families. Because the frame must be reused the next evening, volunteers photograph each completed display before disassembling _____ and sorting the wishes into labeled storage boxes.","Which choice completes the text so that it conforms to the conventions of Standard English?","them","they","those","it","D","4","The object being disassembled is the singular completed display, so the singular object pronoun “it” agrees with its antecedent and fits the verb “disassembling.” “Them” and “those” could agree with the nearby plural wishes but would shift the pronoun to the wrong antecedent, while “they” is a subject-form pronoun and cannot serve as the object of “disassembling.”","65","none","{}","","","","","","Form, Structure, and Sense","","rw,sec,grammar,arch:SEC-FSS-019,sim:SEC.FSS:pronoun_antecedent_agreement:D. logic cue,fp:013de2d1d58188be,ctx:CTX-GRM-039,tier:SEC3"
"SAT_RW_11","split_batch_v9","RW11_BACK","1450+","SAT_RW_11_M2_Q20","RW","2","hard","20","Standard English Conventions","Form, Structure, and Sense","SEC.FSS","Form, Structure, and Sense","Subject-verb agreement","Hard","1","multiple_choice","In the analyst’s current report, the pattern of weekly price changes in stores that rely on distant wholesalers, together with several notes about delivery fees, _____ consistent with higher transportation costs being passed on to local produce at present.","Which choice completes the text so that it conforms to the conventions of Standard English?","are","is","were","was","B","2","The head of the subject is the singular noun “pattern,” so the present-tense verb must also be singular. The intervening phrases contain several plural nouns—“changes,” “stores,” “wholesalers,” and “notes”—that can make “are” or “were” look locally plausible, but none controls agreement. The present-time framing (“current report” and “at present”) rules out the singular past form “was.” Therefore “is” is the only choice that fits both the true subject and the time frame.","65","none","{}","","","","","","Form, Structure, and Sense","","rw,sec,grammar,arch:SEC-FSS-004,sim:SEC.FSS:subject_verb_agreement:D. logic cue,fp:20912933b7b953d6,ctx:CTX-GRM-027,tier:SEC3"
"SAT_RW_11","split_batch_v9","RW11_BACK","1450+","SAT_RW_11_M2_Q21","RW","2","hard","21","Standard English Conventions","Form, Structure, and Sense","SEC.FSS","Form, Structure, and Sense","Logical verb tense","Hard","1","multiple_choice","In 2024, curators finished a catalog that linked a theater company’s undated letters to touring records. At the time, an exhibition drawing on the catalog was scheduled for 2025, and the curators predicted that historians _____ the collection to resolve discrepancies among several tour dates once the exhibition opened. Reports from the 2025 exhibition later described researchers consulting the cataloged letters for exactly that purpose.","Which choice completes the text so that it conforms to the conventions of Standard English?","used","had used","will use","would use","D","4","The prediction was made in 2024 about an action expected during an exhibition that was still future from that past viewpoint. In reported speech, “would use” correctly expresses that future-in-the-past relationship. “Used” places the action simply in the past, “had used” places it before the 2024 prediction, and “will use” treats it as future from the speaker’s present rather than from the curators’ past prediction. The final sentence confirms that the predicted action later occurred in 2025.","65","none","{}","","","","","","Form, Structure, and Sense","","rw,sec,grammar,arch:SEC-FSS-010,sim:SEC.FSS:verb_tense_sequence:E. expanded syntax,fp:760a9cf592a8a946,ctx:CTX-GRM-012,tier:SEC4"
"SAT_RW_11","split_batch_v9","RW11_BACK","1450+","SAT_RW_11_M2_Q22","RW","2","hard","22","Standard English Conventions","Form, Structure, and Sense","SEC.FSS","Form, Structure, and Sense","Pronoun-antecedent agreement","Hard","1","multiple_choice","A librarian created a set of shelf maps that includes annotated aisle diagrams and lists of frequently requested books. Because the set is revised as a single reference tool even when individual diagrams are replaced, staff update _____ version number after each change.","Which choice completes the text so that it conforms to the conventions of Standard English?","its","their","our","theirs","A","1","The version number belongs to the singular antecedent “set,” so the singular possessive determiner “its” is correct. “Their” is attracted by nearby plural nouns such as diagrams and lists but does not agree with the intended antecedent. “Our” shifts to first person without an antecedent, and “theirs” is an independent possessive pronoun rather than a determiner that can directly modify “version number.”","65","none","{}","","","","","","Form, Structure, and Sense","","rw,sec,grammar,arch:SEC-FSS-020,sim:SEC.FSS:pronoun_antecedent_agreement:E. expanded syntax,fp:2d1dc52bfef43448,ctx:CTX-GRM-184,tier:SEC4"
"SAT_RW_11","split_batch_v9","RW11_BACK","1450+","SAT_RW_11_M2_Q23","RW","2","hard","23","Expression of Ideas","Transitions","RW_TR_001","Select transition that logically connects ideas","constraint_response","Hard","1","multiple_choice","Portable air filters in an occupied classroom reduced fine-particle concentrations, but the highest fan setting was noisy enough that teachers used it inconsistently during lessons. Lower settings removed particles more slowly, yet they were quiet enough to run continuously. Carbon-dioxide levels changed little at any filter setting because the units recirculated air rather than bringing in outdoor air. The facilities team therefore evaluated filtration, noise, and ventilation as separate constraints instead of treating one measurement as decisive. _____ the team recommended running the filters at a moderate setting during class, using the highest setting before students arrived, and maintaining the existing ventilation schedule.","Which choice most logically completes the text?","Accordingly,","Nevertheless,","For instance,","In the meantime,","A","1","The final recommendation follows from considering filtration, noise, and ventilation as separate constraints: moderate operation addresses noise, pre-class high operation increases filtration, and ventilation remains necessary. “Accordingly” captures that response to the combined evidence. “Nevertheless” overemphasizes concession, “For instance” treats the recommendation as merely an example, and “In the meantime” introduces an unsupported temporal relation.","50","none","{}","","","","","","Transitions","","rw,passage:R022,arch:RW_TR_001,sim:rw_transitions_logical_link,fp:00130f8fe2cd67ca,surf:SURF_RW_TR_001"
"SAT_RW_11","split_batch_v9","RW11_BACK","1450+","SAT_RW_11_M2_Q24","RW","2","hard","24","Expression of Ideas","Transitions","RW_TR_012","Select transition that logically connects ideas","restatement","Hard","1","multiple_choice","In an initial reading study, students using a printed chapter reconstructed the order of ideas more accurately than students using a tablet. The tablet version, however, offered a search function that helped students relocate definitions quickly. A second trial removed search but added a persistent thumbnail map of the chapter to the tablet. Sequence scores for tablet readers rose, although a small print advantage remained. The second trial therefore suggests that at least part of the apparent medium difference can migrate when navigation tools migrate. _____ what looks like a stable advantage of print or tablet may actually belong to the navigation method each format makes easiest.","Which choice most logically completes the passage?","Even so,","To illustrate,","In addition,","In other words,","D","4","The final sentence restates and sharpens the preceding interpretation: an apparent medium advantage can shift when navigation tools shift, so the advantage may belong partly to the navigation method rather than to the medium itself. “In other words” fits that reformulation. The residual print advantage makes “Even so” locally tempting, and the thumbnail map makes “To illustrate” tempting, but the final sentence is neither a concession nor an example.","50","none","{}","","","","","","Transitions","","rw,passage:R016,arch:RW_TR_012,sim:rw_transitions_revision_goal,fp:f1aa08ebd54704f5,surf:SURF_RW_TR_012"
"SAT_RW_11","split_batch_v9","RW11_BACK","1450+","SAT_RW_11_M2_Q25","RW","2","hard","25","Expression of Ideas","Transitions","RW_TR_011","Select transition that logically connects ideas","refinement","Hard","1","multiple_choice","Employees in a data-entry office tried brief walking breaks during the afternoon for two weeks. Workers who began the study with low daily activity made fewer late-shift errors on walking-break days, whereas workers who were already highly active showed little change in accuracy. Both groups, however, reported feeling more alert after the breaks. The results were not uniform across the two outcomes the office tracked. _____ the break appeared to affect perceived energy across groups, while its association with task accuracy depended on workers’ baseline activity.","Which choice provides the most logical completion of the text?","All the same,","More precisely,","For one thing,","Consequently,","B","2","The sentence after the blank specifies exactly how the two tracked outcomes differed, refining the statement that the results were not uniform. “More precisely” best marks that sharpening. “All the same” suggests concession, “For one thing” would frame only an illustration rather than the full clarification, and “Consequently” suggests a result rather than a restatement of the pattern.","50","none","{}","","","","","","Transitions","","rw,passage:R100,arch:RW_TR_011,sim:rw_transitions_word_function,fp:a6c0547cfbdeed16,surf:SURF_RW_TR_011"
"SAT_RW_11","split_batch_v9","RW11_BACK","1450+","SAT_RW_11_M2_Q26","RW","2","hard","26","Expression of Ideas","Rhetorical Synthesis","RW_RS_001","Use notes to achieve a writing goal","design_solution","Hard","1","multiple_choice","A student wants to emphasize how a design choice helped a robot gripper handle objects with different levels of fragility without requiring a hardware change.

- The prototype has three soft fingers driven by one motor.
- Each finger contains passive joints that flex when contact pressure rises.
- Flexing lets the fingers redistribute pressure over a larger contact area.
- The prototype successfully lifted both a rigid test block and a thin plastic cup.
- A version with the joints locked also lifted the block but crushed substantially more cups.
- The passive-joint version took slightly longer to close around an object.","Which choice most effectively uses the notes to accomplish the stated goal?","By allowing its passive joints to flex and spread contact pressure, the gripper could lift both a rigid block and a fragile cup without a hardware change, whereas the locked-joint version crushed substantially more cups.","The passive-joint gripper took slightly longer to close around an object than the locked-joint version, and both versions could lift the rigid test block.","The prototype used one motor to drive three soft fingers, and tests included both a rigid block and a thin plastic cup.","The locked-joint version crushed more thin cups, while the passive-joint prototype used soft fingers and took slightly longer to close.","A","1","The goal is to emphasize how a design choice solved the challenge of handling objects with different fragility without changing hardware. Choice A names the passive-joint mechanism, explains pressure redistribution, and connects that design to successful handling of both rigid and fragile objects while using the locked-joint result as comparison. The other choices use accurate notes but focus on speed, hardware description, or test outcomes without fully explaining how the design addressed the constraint.","75","none","{}","","","","","","Rhetorical Synthesis","","rw,passage:R118,arch:RW_RS_001,sim:rw_rhetorical_synthesis_revision_goal,fp:8c879b5dcb3cca80,surf:SURF_RW_RS_001"
"SAT_RW_11","split_batch_v9","RW11_BACK","1450+","SAT_RW_11_M2_Q27","RW","2","hard","27","Expression of Ideas","Rhetorical Synthesis","RW_RS_009","Use notes to achieve a writing goal","comparative_synthesis","Hard","1","multiple_choice","A student wants to compare two bilingual-sign layouts while highlighting their shared aim of making equivalent information easy for travelers to locate across languages.

- Designer Ito places the two languages side by side and aligns equivalent route names line by line.
- Ito uses the same type size for both languages.
- Designer Vega stacks the languages and repeats the same icon beside equivalent route entries.
- In a user test, Ito’s layout helped fluent bilingual readers compare route names quickly.
- In a different test, Vega’s repeated icons helped visitors who read one language connect the icon with the corresponding route entry.
- Both designs were intended to reduce confusion when travelers switch between language versions.","Which choice uses information from the notes most effectively to achieve the stated writing goal?","Ito aligns the two languages side by side in equal-sized type, whereas Vega stacks the languages and repeats an icon beside equivalent route entries.","User tests found that Ito’s layout aided fluent bilingual readers, while Vega’s repeated icons aided visitors who read one language.","Ito aligns equivalent route names line by line, whereas Vega links stacked entries with repeated icons; despite these different methods, both designs seek to make corresponding information easier to find across languages.","Both designers intended to reduce confusion when travelers switched between language versions, and each design produced a useful result in a user test.","C","3","The stated goal requires both a comparison of methods and emphasis on the shared aim. Choice C contrasts Ito’s line-by-line alignment with Vega’s repeated icons and explicitly links both methods to the same aim. Choice A compares methods but omits the shared aim, B compares test results rather than design methods and their purpose, and D gives the shared aim but does not explain how the layouts differ.","75","none","{}","","","","","","Rhetorical Synthesis","","rw,passage:R148,arch:RW_RS_009,sim:rw_rhetorical_synthesis_contrast,fp:62c15be58a4e53d1,surf:SURF_RW_RS_009"
"SAT_MATH_11","11","math_v6_batch_11","400-800","SAT-MATH-11-M1-Q01","MATH","1","base","1","Algebra","Linear Equations","ALG_LE_001","Solve a one-variable linear equation with constants on both sides","Solve a one-variable linear equation with constants on both sides","E1","1","multiple_choice","","Solve for x: 3x + 5 = 20.","4","5","6","15","B","2","Subtract 5 from both sides to get 3x = 15, so x = 5.","60","none","{}","","","","","","solve a one-variable linear equation with constants on both sides","","math,domain:Algebra,skill:ALG_LE_001,arch:MATH_ARCH_001_LINEAR_EQUATION_ONE_VARIABLE,sim:SIM_LINEAR_EQUATIONS_AND_INEQUALITIES,fp:906e786f,tier:E1"
"SAT_MATH_11","11","math_v6_batch_11","400-800","SAT-MATH-11-M1-Q02","MATH","1","base","2","Geometry and Trigonometry","Triangles","GEO_TRI_001","Use angle relationships with parallel lines and transversal","Use angle relationships with parallel lines and transversal","E1","1","multiple_choice","","Two parallel lines are cut by a transversal. If one acute angle formed is 68°, what is the measure, in degrees, of the alternate interior angle congruent to it?","22","112","68","136","C","3","Alternate interior angles formed by parallel lines are congruent, so the angle measure is 68°.","60","none","{}","","","","","","use angle relationships with parallel lines and transversal","","math,domain:Geometry and Trigonometry,skill:GEO_TRI_001,arch:MATH_ARCH_084_ANGLE_PAIRS_PARALLEL_LINES,sim:SIM_PARALLEL_LINES_ANGLES,fp:ecbe32a5,tier:E1"
"SAT_MATH_11","11","math_v6_batch_11","400-800","SAT-MATH-11-M1-Q03","MATH","1","base","3","Algebra","Linear Equations","ALG_LE_006","Solve a one-variable linear inequality, including sign reversal","Solve a one-variable linear inequality, including sign reversal","E1","1","multiple_choice","","Which inequality gives the solution set of 2x - 3 < 9?","x > 6","x < 6","x < 3","x > 3","B","2","Add 3 to get 2x < 12, then divide by 2 to get x < 6.","60","none","{}","","","","","","solve a one-variable linear inequality, including sign reversal","","math,domain:Algebra,skill:ALG_LE_006,arch:MATH_ARCH_023_INEQUALITY_ONE_VARIABLE,sim:SIM_LINEAR_EQUATIONS_AND_INEQUALITIES,fp:a6eeced2,tier:E1"
"SAT_MATH_11","11","math_v6_batch_11","400-800","SAT-MATH-11-M1-Q04","MATH","1","base","4","Problem-Solving and Data Analysis","Percentages","PSD_PCT_001","Compute a percent of a whole or identify percent from part/whole","Compute a percent of a whole or identify percent from part/whole","M1","1","multiple_choice","","A school has 240 students in grade 10. If 15% of them are in the chess club, how many grade 10 students are in the chess club?","36","24","30","45","A","1","15% of 240 is 0.15 × 240 = 36.","70","none","{}","","","","","","compute a percent of a whole or identify percent from part/whole","","math,domain:Problem-Solving and Data Analysis,skill:PSD_PCT_001,arch:MATH_ARCH_042_PERCENT_OF_WHOLE,sim:SIM_PERCENT_RELATIONSHIPS,fp:ba118051,tier:M1"
"SAT_MATH_11","11","math_v6_batch_11","400-800","SAT-MATH-11-M1-Q05","MATH","1","base","5","Advanced Math","Nonlinear Functions","ADV_NF_002","Evaluate a function at a given input","Evaluate a function at a given input","M1","1","multiple_choice","","If f(x) = 2x^2 - 3x, what is f(4)?","8","20","28","44","B","2","Substitute 4: f(4) = 2(4^2) - 3(4) = 32 - 12 = 20.","70","none","{}","","","","","","evaluate a function at a given input","","math,domain:Advanced Math,skill:ADV_NF_002,arch:MATH_ARCH_063_FUNCTION_EVALUATE,sim:SIM_FUNCTION_NOTATION_AND_VALUES,fp:e84bc061,tier:M1"
"SAT_MATH_11","11","math_v6_batch_11","400-800","SAT-MATH-11-M1-Q06","MATH","1","base","6","Algebra","Linear Functions","ALG_LF_001","Interpret slope and intercept in a real-world linear model","Interpret slope and intercept in a real-world linear model","M1","1","multiple_choice","","A plant was 12 centimeters tall when it was first measured. It then grew 3 centimeters each week. In the model h = 12 + 3w, what does 12 represent?","the number of weeks the plant grew","the plant's growth rate, in centimeters per week","the plant's height, in centimeters, after 3 weeks","the plant's height, in centimeters, when it was first measured","D","4","In h = 12 + 3w, the constant term is the initial value, so 12 is the starting height.","75","none","{}","","","","","","interpret slope and intercept in a real-world linear model","","math,domain:Algebra,skill:ALG_LF_001,arch:MATH_ARCH_004_LINEAR_MODEL_INITIAL_RATE,sim:SIM_LINEAR_FUNCTIONS_AND_GRAPHS,fp:0362bf07,tier:M1"
"SAT_MATH_11","11","math_v6_batch_11","400-800","SAT-MATH-11-M1-Q07","MATH","1","base","7","Advanced Math","Equivalent Expressions","ADV_EE_001","Simplify expression using exponent rules","Simplify expression using exponent rules","M1","1","student_response","","If 2^3 · 2^4 = 2^k, what is the value of k?","","","","","","","When multiplying powers with the same base, add exponents: 3 + 4 = 7.","70","none","{}","","","integer","7","0","simplify expression using exponent rules","","math,domain:Advanced Math,skill:ADV_EE_001,arch:MATH_ARCH_067_EXPONENT_RULES_SIMPLIFY,sim:SIM_EXPONENT_RADICALS,fp:77ac5e5b,tier:M1"
"SAT_MATH_11","11","math_v6_batch_11","400-800","SAT-MATH-11-M1-Q08","MATH","1","base","8","Geometry and Trigonometry","Circles","GEO_CIRC_001","Use circle area and circumference formulas","Use circle area and circumference formulas","M1","1","student_response","","A circle has circumference 18π. What is the radius of the circle?","","","","","","","The circumference is C = 2πr. Since 18π = 2πr, r = 9.","75","circle","{""diagram_type"":""circle"",""render_mode"":""schematic_not_to_scale"",""not_to_scale"":true,""center_label"":""O"",""circumference"":""18π"",""target"":""radius""}","","","integer","9","0","use circle area and circumference formulas","","math,domain:Geometry and Trigonometry,skill:GEO_CIRC_001,arch:MATH_ARCH_091_CIRCLE_AREA_CIRCUMFERENCE,sim:SIM_CIRCLE_MEASUREMENTS,fp:34768228,tier:M1"
"SAT_MATH_11","11","math_v6_batch_11","400-800","SAT-MATH-11-M1-Q09","MATH","1","base","9","Problem-Solving and Data Analysis","Ratios Rates and Proportions","PSD_RRP_001","Convert part-to-part ratio into part-to-whole fraction","Convert part-to-part ratio into part-to-whole fraction","M1","1","student_response","","In a shelter, the ratio of cats to dogs is 3 to 5. What fraction of the animals in the shelter are dogs?","","","","","","","There are 3 + 5 = 8 total ratio parts, and 5 of those parts are dogs, so the fraction is 5/8.","75","none","{}","","","fraction","5/8","0","convert part-to-part ratio into part-to-whole fraction","","math,domain:Problem-Solving and Data Analysis,skill:PSD_RRP_001,arch:MATH_ARCH_032_RATIO_PART_TO_WHOLE,sim:SIM_RATIOS_RATES_PROPORTIONS,fp:e73f55fd,tier:M1"
"SAT_MATH_11","11","math_v6_batch_11","400-800","SAT-MATH-11-M1-Q10","MATH","1","base","10","Algebra","Systems of Equations","ALG_SYS_001","Determine which ordered pair solves a system of linear equations","Determine which ordered pair solves a system of linear equations","M1","1","multiple_choice","","What is the solution (x, y) to the system 2x + y = 7 and x - y = 2?","(3, 1)","(1, 3)","(2, 3)","(4, -1)","A","1","Adding the equations gives 3x = 9, so x = 3. Then 3 - y = 2, so y = 1.","90","none","{}","","","","","","determine which ordered pair solves a system of linear equations","","math,domain:Algebra,skill:ALG_SYS_001,arch:MATH_ARCH_015_SYSTEM_SOLUTION_ORDERED_PAIR,sim:SIM_LINEAR_SYSTEMS,fp:e9a42469,tier:M1"
"SAT_MATH_11","11","math_v6_batch_11","400-800","SAT-MATH-11-M1-Q11","MATH","1","base","11","Advanced Math","Equivalent Expressions","ADV_EE_002","Simplify radicals and rational exponents","Simplify radicals and rational exponents","M1","1","multiple_choice","","Which expression is equivalent to √72?","3√8","8√2","6√2","36√2","C","3","Since 72 = 36 × 2, √72 = √36 · √2 = 6√2.","75","none","{}","","","","","","simplify radicals and rational exponents","","math,domain:Advanced Math,skill:ADV_EE_002,arch:MATH_ARCH_068_RADICAL_SIMPLIFY,sim:SIM_EXPONENT_RADICALS,fp:3c97422e,tier:M1"
"SAT_MATH_11","11","math_v6_batch_11","400-800","SAT-MATH-11-M1-Q12","MATH","1","base","12","Problem-Solving and Data Analysis","Probability","PSD_PROB_001","Compute probability from a two-way table with correct denominator","Compute probability from a two-way table with correct denominator","M2","1","multiple_choice","","The table shows the number of students in two clubs by grade level. If one student represented in the table is selected at random, what is the probability that the student is a sophomore in Club B?","3/10","18/58","9/50","18/42","C","3","The total number of students is 100, and 18 are sophomores in Club B. The probability is 18/100 = 9/50.","95","table","{}","| Activity | Freshmen | Sophomores | Juniors |\n|---|---:|---:|---:|\n| Club A | 12 | 16 | 14 |\n| Club B | 10 | 18 | 30 |","","","","","compute probability from a two-way table with correct denominator","","math,domain:Problem-Solving and Data Analysis,skill:PSD_PROB_001,arch:MATH_ARCH_049_TWO_WAY_TABLE_PROBABILITY,sim:SIM_PROBABILITY_TABLES,fp:a4b6abf4,tier:M2"
"SAT_MATH_11","11","math_v6_batch_11","400-800","SAT-MATH-11-M1-Q13","MATH","1","base","13","Algebra","Linear Equations","ALG_LE_002","Clear denominators to solve a linear equation with fractional coefficients","Clear denominators to solve a linear equation with fractional coefficients","M1","1","multiple_choice","","Solve for x: x/3 + 2 = 7.","3","15","9","21","B","2","Subtract 2 to get x/3 = 5, then multiply by 3 to get x = 15.","75","none","{}","","","","","","clear denominators to solve a linear equation with fractional coefficients","","math,domain:Algebra,skill:ALG_LE_002,arch:MATH_ARCH_002_LINEAR_EQUATION_FRACTIONS,sim:SIM_LINEAR_EQUATIONS_AND_INEQUALITIES,fp:b8950b93,tier:M1"
"SAT_MATH_11","11","math_v6_batch_11","400-800","SAT-MATH-11-M1-Q14","MATH","1","base","14","Advanced Math","Equivalent Expressions","ADV_EE_003","Expand polynomial products","Expand polynomial products","M1","1","multiple_choice","","Which expression is equivalent to (x + 5)(x - 2)?","x^2 - 3x - 10","x^2 + 7x - 10","x^2 + 3x + 10","x^2 + 3x - 10","D","4","Expand: x^2 - 2x + 5x - 10 = x^2 + 3x - 10.","80","none","{}","","","","","","expand polynomial products","","math,domain:Advanced Math,skill:ADV_EE_003,arch:MATH_ARCH_070_POLYNOMIAL_EXPAND,sim:SIM_POLYNOMIAL_RATIONAL_EXPRESSIONS,fp:7412d900,tier:M1"
"SAT_MATH_11","11","math_v6_batch_11","400-800","SAT-MATH-11-M1-Q15","MATH","1","base","15","Geometry and Trigonometry","Triangles","GEO_TRI_002","Find angle measures using triangle angle sum and exterior angle","Find angle measures using triangle angle sum and exterior angle","M1","1","multiple_choice","","In triangle ABC, the measure of angle A is 40° and the measure of angle B is 65°. What is the measure, in degrees, of angle C?","65","75","80","105","B","2","The angles of a triangle sum to 180°. Thus angle C is 180 - 40 - 65 = 75°.","85","triangle","{""diagram_type"":""triangle"",""render_mode"":""near_to_scale"",""not_to_scale"":true,""vertices"":[""A"",""B"",""C""],""angle_labels"":{""A"":""40°"",""B"":""65°"",""C"":""x°""},""target"":""angle C""}","","","","","","find angle measures using triangle angle sum and exterior angle","","math,domain:Geometry and Trigonometry,skill:GEO_TRI_002,arch:MATH_ARCH_085_TRIANGLE_ANGLE_SUM,sim:SIM_TRIANGLE_ANGLE_RELATIONSHIPS,fp:4c143bb1,tier:M1"
"SAT_MATH_11","11","math_v6_batch_11","400-800","SAT-MATH-11-M1-Q16","MATH","1","base","16","Algebra","Linear Functions","ALG_LF_007","Identify a point satisfying a line through the origin or given equation","Identify a point satisfying a line through the origin or given equation","M1","1","multiple_choice","","Which ordered pair lies on the line y = 4x - 1?","(2, 7)","(2, 8)","(1, 4)","(3, 10)","A","1","For x = 2, y = 4(2) - 1 = 7, so (2, 7) lies on the line.","80","none","{}","","","","","","identify a point satisfying a line through the origin or given equation","","math,domain:Algebra,skill:ALG_LF_007,arch:MATH_ARCH_010_LINEAR_GRAPH_POINT_ON_LINE,sim:SIM_LINEAR_FUNCTIONS_AND_GRAPHS,fp:b3e2d6bd,tier:M1"
"SAT_MATH_11","11","math_v6_batch_11","400-800","SAT-MATH-11-M1-Q17","MATH","1","base","17","Advanced Math","Equivalent Expressions","ADV_EE_006","Evaluate powers of i","Evaluate powers of i","M1","1","multiple_choice","","What is the value of i^17?","-i","1","-1","i","D","4","Powers of i repeat every 4. Since 17 leaves a remainder of 1 when divided by 4, i^17 = i.","80","none","{}","","","","","","evaluate powers of i","","math,domain:Advanced Math,skill:ADV_EE_006,arch:MATH_ARCH_081_COMPLEX_POWERS_I,sim:SIM_COMPLEX_NUMBERS,fp:d0bef11e,tier:M1"
"SAT_MATH_11","11","math_v6_batch_11","400-800","SAT-MATH-11-M1-Q18","MATH","1","base","18","Problem-Solving and Data Analysis","Statistics","PSD_STAT_001","Compute mean of a list or table values","Compute mean of a list or table values","M1","1","student_response","","What is the mean of 6, 8, 10, and 12?","","","","","","","The sum is 36, and there are 4 numbers, so the mean is 36/4 = 9.","70","none","{}","","","integer","9","0","compute mean of a list or table values","","math,domain:Problem-Solving and Data Analysis,skill:PSD_STAT_001,arch:MATH_ARCH_051_MEAN_FROM_LIST,sim:SIM_STATISTICS_CENTER_SPREAD,fp:640ddddd,tier:M1"
"SAT_MATH_11","11","math_v6_batch_11","400-800","SAT-MATH-11-M1-Q19","MATH","1","base","19","Algebra","Linear Equations","ALG_LE_004","Rearrange a formula to isolate a variable","Rearrange a formula to isolate a variable","M1","1","multiple_choice","","The formula P = 2l + 2w gives the perimeter P of a rectangle with length l and width w. Which equation gives l in terms of P and w?","l = P/2 - w","l = P - 2w","l = (P - w)/2","l = 2P - w","A","1","From P = 2l + 2w, subtract 2w: P - 2w = 2l. Divide by 2 to get l = P/2 - w.","95","none","{}","","","","","","rearrange a formula to isolate a variable","","math,domain:Algebra,skill:ALG_LE_004,arch:MATH_ARCH_013_FORMULA_REARRANGE_SINGLE_VARIABLE,sim:SIM_LINEAR_EQUATIONS_AND_INEQUALITIES,fp:9bbaac04,tier:M1"
"SAT_MATH_11","11","math_v6_batch_11","400-800","SAT-MATH-11-M1-Q20","MATH","1","base","20","Advanced Math","Equivalent Expressions","ADV_EE_007","Add, subtract, or multiply complex numbers","Add, subtract, or multiply complex numbers","M1","1","multiple_choice","","What is (3 + 2i) + (5 - 7i)?","8 - 5i","8 + 9i","2 - 5i","-2 + 9i","A","1","Add real parts and imaginary parts separately: 3 + 5 = 8 and 2i - 7i = -5i.","80","none","{}","","","","","","add, subtract, or multiply complex numbers","","math,domain:Advanced Math,skill:ADV_EE_007,arch:MATH_ARCH_082_COMPLEX_ARITHMETIC,sim:SIM_COMPLEX_NUMBERS,fp:f5dfde01,tier:M1"
"SAT_MATH_11","11","math_v6_batch_11","400-800","SAT-MATH-11-M1-Q21","MATH","1","base","21","Algebra","Systems of Equations","ALG_SYS_005","Model counts and totals with a two-variable system","Model counts and totals with a two-variable system","M2","1","student_response","","A theater sold 11 tickets for a total of $126. Adult tickets cost $14 each, and student tickets cost $10 each. How many adult tickets were sold?","","","","","","","Let a be adult tickets and s be student tickets. Then a + s = 11 and 14a + 10s = 126. Substituting s = 11 - a gives 14a + 10(11 - a) = 126, so 4a = 16 and a = 4.","110","none","{}","","","integer","4","0","model counts and totals with a two-variable system","","math,domain:Algebra,skill:ALG_SYS_005,arch:MATH_ARCH_019_SYSTEM_CONTEXT_COUNT_WEIGHT,sim:SIM_LINEAR_SYSTEMS,fp:ad629feb,tier:M2"
"SAT_MATH_11","11","math_v6_batch_11","400-800","SAT-MATH-11-M1-Q22","MATH","1","base","22","Advanced Math","Nonlinear Functions","ADV_NF_003","Interpret f(x) notation in a real-world relationship","Interpret f(x) notation in a real-world relationship","M1","1","student_response","","A tank contains 50 gallons of water and drains at a constant rate of 4 gallons per minute. The function h(t) = 50 - 4t gives the gallons of water remaining after t minutes. What is h(7)?","","","","","","","Substitute t = 7: h(7) = 50 - 4(7) = 22.","85","none","{}","","","integer","22","0","interpret f(x) notation in a real-world relationship","","math,domain:Advanced Math,skill:ADV_NF_003,arch:MATH_ARCH_064_FUNCTION_NOTATION_CONTEXT,sim:SIM_FUNCTION_NOTATION_AND_VALUES,fp:1308adbe,tier:M1"
"SAT_MATH_11","11","math_v6_batch_11","400-800","SAT-MATH-11-M2-Q01","MATH","2","hard","1","Algebra","Linear Equations","ALG_LE_007","Find greatest or least expression value from a linear inequality","Find greatest or least expression value from a linear inequality","M2","1","student_response","","What is the greatest integer x that satisfies 5x + 7 < 42?","","","","","","","Subtract 7 to get 5x < 35, so x < 7. The greatest integer less than 7 is 6.","80","none","{}","","","integer","6","0","find greatest or least expression value from a linear inequality","","math,domain:Algebra,skill:ALG_LE_007,arch:MATH_ARCH_024_INEQUALITY_GREATEST_LEAST_VALUE,sim:SIM_LINEAR_EQUATIONS_AND_INEQUALITIES,fp:d194bb8e,tier:M2"
"SAT_MATH_11","11","math_v6_batch_11","400-800","SAT-MATH-11-M2-Q02","MATH","2","hard","2","Advanced Math","Nonlinear Functions","ADV_NF_009","Solve quadratic equation by factoring","Solve quadratic equation by factoring","M2","1","student_response","","One solution to x^2 - 5x - 24 = 0 is positive. What is the positive solution?","","","","","","","Factor the equation as (x - 8)(x + 3) = 0. The solutions are 8 and -3, so the positive solution is 8.","95","none","{}","","","integer","8","0","solve quadratic equation by factoring","","math,domain:Advanced Math,skill:ADV_NF_009,arch:MATH_ARCH_075_QUADRATIC_SOLVE_FACTOR,sim:SIM_QUADRATIC_SOLVING,fp:cec428ab,tier:M2"
"SAT_MATH_11","11","math_v6_batch_11","400-800","SAT-MATH-11-M2-Q03","MATH","2","hard","3","Problem-Solving and Data Analysis","Percentages","PSD_PCT_002","Compute percent increase or decrease","Compute percent increase or decrease","M2","1","student_response","","A value increases from 80 to 104. What is the percent increase?","","","","","","","The increase is 104 - 80 = 24. Since 24/80 = 0.30, the percent increase is 30.","85","none","{}","","","integer","30","0","compute percent increase or decrease","","math,domain:Problem-Solving and Data Analysis,skill:PSD_PCT_002,arch:MATH_ARCH_043_PERCENT_CHANGE,sim:SIM_PERCENT_RELATIONSHIPS,fp:7a853eeb,tier:M2"
"SAT_MATH_11","11","math_v6_batch_11","400-800","SAT-MATH-11-M2-Q04","MATH","2","hard","4","Geometry and Trigonometry","Trigonometry","GEO_TRIG_002","Use sine, cosine, or tangent in right triangle","Use sine, cosine, or tangent in right triangle","M1","1","student_response","","In right triangle ABC, angle C is a right angle, AB = 25, AC = 24, and BC = 7. What is sin(A)?","","","","","","","For angle A, the opposite side is BC = 7 and the hypotenuse is AB = 25, so sin(A) = 7/25.","100","right_triangle","{""diagram_type"":""right_triangle"",""render_mode"":""exact_to_scale"",""not_to_scale"":false,""vertices"":[""A"",""B"",""C""],""right_angle_at"":""C"",""side_labels"":{""AB"":""25"",""AC"":""24"",""BC"":""7""},""target"":""sin(A)"",""coordinates"":{""C"":[0,0],""A"":[24,0],""B"":[0,7]}}","","","fraction","7/25","0","use sine, cosine, or tangent in right triangle","","math,domain:Geometry and Trigonometry,skill:GEO_TRIG_002,arch:MATH_ARCH_096_TRIG_RATIO_RIGHT_TRIANGLE,sim:SIM_TRIGONOMETRY_RELATIONSHIPS,fp:6dbd2544,tier:M1"
"SAT_MATH_11","11","math_v6_batch_11","400-800","SAT-MATH-11-M2-Q05","MATH","2","hard","5","Algebra","Systems of Equations","ALG_SYS_003","Solve a 2x2 linear system by substitution","Solve a 2x2 linear system by substitution","M2","1","multiple_choice","","A number y is 1 more than twice a number x. The sum of y and 3 times x is 16. What is the value of y?","3","7","6","9","B","2","The statements give y = 2x + 1 and 3x + y = 16. Substituting gives 5x + 1 = 16, so x = 3. Then y = 2(3) + 1 = 7.","100","none","{}","","","","","","solve a 2x2 linear system by substitution","","math,domain:Algebra,skill:ALG_SYS_003,arch:MATH_ARCH_017_SYSTEM_SOLVE_SUBSTITUTION,sim:SIM_LINEAR_SYSTEMS,fp:f2c6bccc,tier:M2"
"SAT_MATH_11","11","math_v6_batch_11","400-800","SAT-MATH-11-M2-Q06","MATH","2","hard","6","Advanced Math","Equivalent Expressions","ADV_EE_004","Factor polynomial expression","Factor polynomial expression","M2","1","multiple_choice","","Which expression is equivalent to x^2 - 9x + 20?","(x + 4)(x + 5)","(x - 4)(x - 5)","(x - 2)(x - 10)","(x + 4)(x - 5)","B","2","The two numbers that multiply to 20 and add to -9 are -4 and -5, so the factorization is (x - 4)(x - 5).","95","none","{}","","","","","","factor polynomial expression","","math,domain:Advanced Math,skill:ADV_EE_004,arch:MATH_ARCH_071_POLYNOMIAL_FACTOR,sim:SIM_POLYNOMIAL_RATIONAL_EXPRESSIONS,fp:7b053d18,tier:M2"
"SAT_MATH_11","11","math_v6_batch_11","400-800","SAT-MATH-11-M2-Q07","MATH","2","hard","7","Problem-Solving and Data Analysis","Percentages","PSD_PCT_003","Compute net effect of successive percent changes","Compute net effect of successive percent changes","H2","1","multiple_choice","","A price is increased by 20% and then decreased by 25%. The final price is what percent of the original price?","95%","100%","105%","90%","D","4","The multiplier is 1.20 × 0.75 = 0.90, so the final price is 90% of the original.","100","none","{}","","","","","","compute net effect of successive percent changes","","math,domain:Problem-Solving and Data Analysis,skill:PSD_PCT_003,arch:MATH_ARCH_044_SUCCESSIVE_PERCENT_CHANGE,sim:SIM_PERCENT_RELATIONSHIPS,fp:d807be6f,tier:H2"
"SAT_MATH_11","11","math_v6_batch_11","400-800","SAT-MATH-11-M2-Q08","MATH","2","hard","8","Geometry and Trigonometry","Trigonometry","GEO_TRIG_001","Convert between degrees and radians","Convert between degrees and radians","E1","1","multiple_choice","","What is 3π/4 radians in degrees?","45°","120°","135°","270°","C","3","Multiply by 180°/π: (3π/4)(180°/π) = 135°.","85","none","{}","","","","","","convert between degrees and radians","","math,domain:Geometry and Trigonometry,skill:GEO_TRIG_001,arch:MATH_ARCH_095_RADIAN_DEGREE_CONVERSION,sim:SIM_ANGLE_UNIT_CONVERSION,fp:2c829f08,tier:E1"
"SAT_MATH_11","11","math_v6_batch_11","400-800","SAT-MATH-11-M2-Q09","MATH","2","hard","9","Algebra","Systems of Equations","ALG_SYS_004","Combine equations to solve directly for x+y or a linear combination","Combine equations to solve directly for x+y or a linear combination","H2","1","multiple_choice","","If 3x + 2y = 19 and 2x + 3y = 21, what is the value of x + y?","6","7","10","8","D","4","Add the equations to get 5x + 5y = 40. Dividing by 5 gives x + y = 8.","105","none","{}","","","","","","combine equations to solve directly for x+y or a linear combination","","math,domain:Algebra,skill:ALG_SYS_004,arch:MATH_ARCH_018_SYSTEM_SUM_DIRECT,sim:SIM_LINEAR_SYSTEMS,fp:44cd13d3,tier:H2"
"SAT_MATH_11","11","math_v6_batch_11","400-800","SAT-MATH-11-M2-Q10","MATH","2","hard","10","Advanced Math","Nonlinear Functions","ADV_NF_004","Evaluate nested or composed functions","Evaluate nested or composed functions","H2","1","multiple_choice","","If f(x) = 2x - 1 and g(x) = x^2 + 3, what is f(g(3))?","23","15","20","26","A","1","First find g(3) = 3^2 + 3 = 12. Then f(12) = 2(12) - 1 = 23.","100","none","{}","","","","","","evaluate nested or composed functions","","math,domain:Advanced Math,skill:ADV_NF_004,arch:MATH_ARCH_065_FUNCTION_COMPOSITION,sim:SIM_FUNCTION_NOTATION_AND_VALUES,fp:3003af58,tier:H2"
"SAT_MATH_11","11","math_v6_batch_11","400-800","SAT-MATH-11-M2-Q11","MATH","2","hard","11","Algebra","Systems of Equations","ALG_SYS_006","Find parameter value that makes two linear equations parallel","Find parameter value that makes two linear equations parallel","H3","1","multiple_choice","","For what value of k does the equation 4x + 8 = kx + 3 have no solution?","4","-4","3","8","A","1","If k = 4, the equation becomes 4x + 8 = 4x + 3, which is false for all x. Therefore there is no solution.","110","none","{}","","","","","","find parameter value that makes two linear equations parallel","","math,domain:Algebra,skill:ALG_SYS_006,arch:MATH_ARCH_020_SYSTEM_NO_SOLUTION_PARAMETER,sim:SIM_LINEAR_SYSTEMS,fp:acbbece8,tier:H3"
"SAT_MATH_11","11","math_v6_batch_11","400-800","SAT-MATH-11-M2-Q12","MATH","2","hard","12","Problem-Solving and Data Analysis","Probability","PSD_PROB_002","Compute conditional probability from a table subset","Compute conditional probability from a table subset","H3","1","multiple_choice","","The table shows survey results. Among the people who prefer online classes, what fraction are 30 or older?","1/5","3/10","2/5","3/5","C","3","There are 36 + 24 = 60 people who prefer online classes. Of these, 24 are 30 or older, so the fraction is 24/60 = 2/5.","110","table","{}","| Age group | Prefers online | Prefers in person |\n|---|---:|---:|\n| Under 30 | 36 | 44 |\n| 30 or older | 24 | 96 |","","","","","compute conditional probability from a table subset","","math,domain:Problem-Solving and Data Analysis,skill:PSD_PROB_002,arch:MATH_ARCH_050_CONDITIONAL_PROBABILITY_TABLE,sim:SIM_PROBABILITY_TABLES,fp:145422e6,tier:H3"
"SAT_MATH_11","11","math_v6_batch_11","400-800","SAT-MATH-11-M2-Q13","MATH","2","hard","13","Advanced Math","Nonlinear Functions","ADV_NF_006","Solve radical equation and check extraneous solution","Solve radical equation and check extraneous solution","H3","1","multiple_choice","","What is the solution to √(x + 5) = x - 1?","-1","1","4","5","C","3","Squaring gives x + 5 = (x - 1)^2, so x^2 - 3x - 4 = 0. The candidates are 4 and -1, but only x = 4 satisfies the original equation.","130","none","{}","","","","","","solve radical equation and check extraneous solution","","math,domain:Advanced Math,skill:ADV_NF_006,arch:MATH_ARCH_069_RADICAL_EQUATION_EXTRANEOUS,sim:SIM_EXPONENT_RADICALS,fp:278d99fa,tier:H3"
"SAT_MATH_11","11","math_v6_batch_11","400-800","SAT-MATH-11-M2-Q14","MATH","2","hard","14","Algebra","Systems of Equations","ALG_SYS_007","Find parameter value that makes two equations equivalent","Find parameter value that makes two equations equivalent","H3","1","multiple_choice","","For what value of k does the equation 3(x + 2) = kx + 6 have infinitely many solutions?","-3","6","9","3","D","4","The left side is 3x + 6. For the equation to be true for all x, kx + 6 must equal 3x + 6, so k = 3.","120","none","{}","","","","","","find parameter value that makes two equations equivalent","","math,domain:Algebra,skill:ALG_SYS_007,arch:MATH_ARCH_021_SYSTEM_INFINITE_SOLUTIONS_PARAMETER,sim:SIM_LINEAR_SYSTEMS,fp:c5bcf6e5,tier:H3"
"SAT_MATH_11","11","math_v6_batch_11","400-800","SAT-MATH-11-M2-Q15","MATH","2","hard","15","Advanced Math","Nonlinear Functions","ADV_NF_007","Solve rational equation and reject excluded values","Solve rational equation and reject excluded values","H3","1","multiple_choice","","What value of x satisfies 3/(x - 1) = 2?","5/2","1/2","2","3","A","1","Multiply both sides by x - 1, with x ≠ 1: 3 = 2x - 2. Thus 2x = 5 and x = 5/2.","115","none","{}","","","","","","solve rational equation and reject excluded values","","math,domain:Advanced Math,skill:ADV_NF_007,arch:MATH_ARCH_073_RATIONAL_EQUATION_SOLVE,sim:SIM_RATIONAL_EQUATIONS,fp:7127af86,tier:H3"
"SAT_MATH_11","11","math_v6_batch_11","400-800","SAT-MATH-11-M2-Q16","MATH","2","hard","16","Geometry and Trigonometry","Trigonometry","GEO_TRIG_004","Use benchmark unit-circle values","Use benchmark unit-circle values","H3","1","multiple_choice","","What is the value of sin(π/6) + cos(π/3)?","0","1","1/2","√3","B","2","sin(π/6) = 1/2 and cos(π/3) = 1/2, so the sum is 1.","100","none","{}","","","","","","use benchmark unit-circle values","","math,domain:Geometry and Trigonometry,skill:GEO_TRIG_004,arch:MATH_ARCH_098_UNIT_CIRCLE_BENCHMARK,sim:SIM_TRIGONOMETRY_RELATIONSHIPS,fp:171c0186,tier:H3"
"SAT_MATH_11","11","math_v6_batch_11","400-800","SAT-MATH-11-M2-Q17","MATH","2","hard","17","Advanced Math","Nonlinear Functions","ADV_NF_010","Use quadratic formula to solve or analyze roots","Use quadratic formula to solve or analyze roots","H3","1","multiple_choice","","What is the positive solution to 2x^2 - 7x - 4 = 0?","-1/2","1/2","7/2","4","D","4","Using the quadratic formula gives x = (7 ± √(49 + 32))/4 = (7 ± 9)/4. The solutions are 4 and -1/2, so the positive solution is 4.","125","none","{}","","","","","","use quadratic formula to solve or analyze roots","","math,domain:Advanced Math,skill:ADV_NF_010,arch:MATH_ARCH_076_QUADRATIC_SOLVE_FORMULA,sim:SIM_QUADRATIC_SOLVING,fp:6e15b777,tier:H3"
"SAT_MATH_11","11","math_v6_batch_11","400-800","SAT-MATH-11-M2-Q18","MATH","2","hard","18","Algebra","Systems of Equations","ALG_SYS_008","Find maximum possible coordinate from two linear inequalities","Find maximum possible coordinate from two linear inequalities","H2","1","student_response","","For nonnegative integers x and y, suppose x + y ≤ 12, x ≤ 7, and y ≤ 10. What is the greatest possible value of x + 2y?","","","","","","","Because y has the larger coefficient, maximize y first. The largest possible y is 10, and then x can be at most 2 from x + y ≤ 12. This gives x + 2y = 2 + 20 = 22.","135","none","{}","","","integer","22","0","find maximum possible coordinate from two linear inequalities","","math,domain:Algebra,skill:ALG_SYS_008,arch:MATH_ARCH_027_SYSTEM_INEQUALITIES_MAX_COORDINATE,sim:SIM_LINEAR_SYSTEMS,fp:217fa60c,tier:H2"
"SAT_MATH_11","11","math_v6_batch_11","400-800","SAT-MATH-11-M2-Q19","MATH","2","hard","19","Advanced Math","Nonlinear Functions","ADV_NF_011","Complete the square to find vertex or solve","Complete the square to find vertex or solve","H3","1","multiple_choice","","Which expression is equivalent to x^2 + 10x + 18?","(x + 5)^2 + 18","(x + 10)^2 - 82","(x + 5)^2 - 7","(x - 5)^2 - 7","C","3","Since x^2 + 10x + 18 = x^2 + 10x + 25 - 7, the expression is (x + 5)^2 - 7.","120","none","{}","","","","","","complete the square to find vertex or solve","","math,domain:Advanced Math,skill:ADV_NF_011,arch:MATH_ARCH_077_QUADRATIC_COMPLETE_SQUARE,sim:SIM_QUADRATIC_FEATURES,fp:ef86f2dd,tier:H3"
"SAT_MATH_11","11","math_v6_batch_11","400-800","SAT-MATH-11-M2-Q20","MATH","2","hard","20","Algebra","Systems of Equations","ALG_SYS_010","Translate multi-constraint budget/resource situation into inequalities","Translate multi-constraint budget/resource situation into inequalities","H2","1","multiple_choice","","A club will buy notebooks for $3 each and folders for $2 each. The club needs at least 20 items in all and can spend at most $52. Which ordered pair (n, f) could represent buying n notebooks and f folders?","(12, 10)","(5, 13)","(8, 12)","(14, 4)","C","3","The pair (8, 12) gives 20 items and costs 3(8) + 2(12) = 48, which is within the budget. Each other option fails either the item requirement or the budget requirement.","130","none","{}","","","","","","translate multi-constraint budget/resource situation into inequalities","","math,domain:Algebra,skill:ALG_SYS_010,arch:MATH_ARCH_030_BUDGET_SYSTEM_INEQUALITIES,sim:SIM_LINEAR_SYSTEMS,fp:24204cff,tier:H2"
"SAT_MATH_11","11","math_v6_batch_11","400-800","SAT-MATH-11-M2-Q21","MATH","2","hard","21","Geometry and Trigonometry","Area","GEO_AREA_001","Compute surface area of prism/cylinder or composite solid","Compute surface area of prism/cylinder or composite solid","H3","1","multiple_choice","","A cube has edge length 5 centimeters. What is the surface area, in square centimeters, of the cube?","25","125","300","150","D","4","A cube has 6 square faces. Each face has area 5^2 = 25, so the surface area is 6(25) = 150.","100","none","{}","","","","","","compute surface area of prism/cylinder or composite solid","","math,domain:Geometry and Trigonometry,skill:GEO_AREA_001,arch:MATH_ARCH_100_SOLID_SURFACE_AREA,sim:SIM_SOLID_MEASUREMENT,fp:6832a1bc,tier:H3"
"SAT_MATH_11","11","math_v6_batch_11","400-800","SAT-MATH-11-M2-Q22","MATH","2","hard","22","Advanced Math","Nonlinear Functions","ADV_NF_012","Interpret vertex form of a quadratic function","Interpret vertex form of a quadratic function","H3","1","multiple_choice","","The function f is defined by f(x) = 2x^2 - 12x + 11. What is the vertex of the graph of y = f(x)?","(-3, -7)","(3, -7)","(3, 11)","(6, 11)","B","2","The x-coordinate of the vertex is -b/(2a) = 12/4 = 3. Then f(3) = 18 - 36 + 11 = -7, so the vertex is (3, -7).","135","none","{}","","","","","","interpret vertex form of a quadratic function","","math,domain:Advanced Math,skill:ADV_NF_012,arch:MATH_ARCH_078_QUADRATIC_VERTEX_FORM,sim:SIM_QUADRATIC_FEATURES,fp:74fa9ab4,tier:H3"