"test_id","exam_version","generation_batch_id","target_score_band","question_id","section","module","route","question_number","content_domain","skill_group","skill_code","skill_label","question_topic","difficulty","scoring_weight","question_type","passage","question","choice_a","choice_b","choice_c","choice_d","correct_answer","correct_choice_index","explanation","time_estimate_sec","visual_type","visual_json","table_markdown","equation_latex","student_response_type","correct_numeric_answer","answer_tolerance","primary_skill","secondary_skill","tags"
"SAT_RW_41","41","RW_41","All","RW41_M1_Q01","RW","1","base","1","Craft and Structure","Words in Context","RW_WIC_001","Determine meaning or function of a word/phrase in context","context-specific meaning","Easy","1","multiple_choice","When the city archives began digitizing nineteenth-century maps, staff members expected the scanning itself to be the most difficult step. Instead, they found that faded handwritten labels often required several rounds of comparison with tax records and street directories. The archivists therefore described the project as painstaking, not because the equipment was unreliable, but because each uncertain name had to be checked against multiple sources before it could be entered into the database. Even so, the team said that the slower pace reduced the likelihood of preserving an error indefinitely.","As used in the text, “painstaking” most nearly means","requiring careful and persistent effort.","producing little practical value.","causing physical discomfort.","depending mainly on expensive technology.","A","1","“Painstaking” describes the careful, repeated checking needed to verify uncertain labels. The other choices do not fit the reason the work proceeded slowly.","75","none","{}","","","","","","Words in Context","context-specific meaning","passage:R003,arch:RW_WIC_001,sim:rw_words_in_context_cause_effect,fp:fdb8bf99a812,wic,wicarch:WIC_DIRECT_MEANING_01,target:painstaking"
"SAT_RW_41","41","RW_41","All","RW41_M1_Q02","RW","1","base","2","Craft and Structure","Words in Context","RW_WIC_002","Determine meaning or function of a word/phrase in context","claim qualification","Medium","1","multiple_choice","Biologist Mara Chen compared two methods for estimating the number of nesting terns on a low island. Counts made from boats consistently missed birds hidden behind dune grass, while images taken from a small drone captured most nests but occasionally counted the same bird twice. Chen called the drone estimate “provisional” until a second researcher could review the overlapping images. Her wording did not dismiss the estimate; rather, it indicated that the figure was useful for planning but should not yet be treated as final.","Why does the author use “provisional” when describing the drone estimate?","It indicates that the estimate applies only to birds visible from the water.","It suggests that the estimate was intentionally exaggerated to attract attention.","It emphasizes that the estimate was produced more quickly than the boat count.","It limits the certainty of the estimate while allowing that the estimate may still be useful.","D","4","The surrounding sentences say the estimate can guide planning but still needs review, so “provisional” qualifies its certainty without rejecting it.","75","none","{}","","","","","","Words in Context","claim qualification","passage:E001,arch:RW_WIC_002,sim:rw_words_in_context_purpose_sentence,fp:cf241f3a7d41,wic,wicarch:WIC_CLAIM_FUNCTION_01,target:provisional"
"SAT_RW_41","41","RW_41","All","RW41_M1_Q03","RW","1","base","3","Craft and Structure","Words in Context","RW_WIC_003","Determine meaning or function of a word/phrase in context","logical relation","Medium","1","multiple_choice","A museum’s new lighting system reduced electricity use in most galleries. The sculpture wing, however, showed almost no change because its skylights already supplied much of the daytime illumination. In the report, engineers said the sculpture wing “accordingly” offered little evidence about the new fixtures’ efficiency. The word links the wing’s unusual starting conditions to the limited value of its energy data: because electric lights had rarely been needed there before, a large reduction could not reasonably be expected.","How does “accordingly” help establish the relationship between the ideas in the passage?","It introduces an example showing that skylights are less efficient than electric fixtures.","It signals that the sculpture wing’s data should replace the data from all other galleries.","It presents the limited evidence as a consequence of the sculpture wing’s prior reliance on daylight.","It contrasts the engineers’ conclusion with the museum’s reported electricity savings.","C","3","“Accordingly” marks a result: the wing’s heavy use of daylight explains why its data reveal little about the new electric fixtures.","75","none","{}","","","","","","Words in Context","logical relation","passage:R009,arch:RW_WIC_003,sim:rw_words_in_context_word_function,fp:b0414cc7245f,wic,wicarch:WIC_RELATION_FUNCTION_01,target:accordingly"
"SAT_RW_41","41","RW_41","All","RW41_M1_Q04","RW","1","base","4","Craft and Structure","Text Structure and Purpose","RW_TSP_001","Analyze structure or purpose","revision of interpretation","Easy","1","multiple_choice","For years, conservators assumed that the pale blue areas in a Renaissance mural had faded from a once-deeper color. Chemical analysis complicated that assumption. Samples from protected sections of the wall contained the same low concentration of blue pigment as exposed sections, suggesting that the painter had deliberately mixed a light tone. Records from the workshop then supplied a possible reason: the mural was designed for a dim chapel, where darker blues would have absorbed scarce light. What appeared to be deterioration may instead reflect an original adaptation to the room.","Which choice best describes the overall structure of the text?","It describes a discovery, lists its practical applications, and warns of a possible risk.","It presents a longstanding interpretation, introduces evidence against it, and offers an alternative explanation.","It traces the chronological stages by which a painter learned to prepare blue pigment.","It compares two restoration methods and recommends the less expensive one.","B","2","The text begins with the fading hypothesis, presents chemical evidence that challenges it, and uses workshop records to propose a different explanation.","75","none","{}","","","","","","Text Structure and Purpose","revision of interpretation","passage:R015,arch:RW_TSP_001,sim:rw_text_structure_and_purpose_purpose_sentence,fp:2b86ddf53bfc"
"SAT_RW_41","41","RW_41","All","RW41_M1_Q05","RW","1","base","5","Craft and Structure","Text Structure and Purpose","RW_TSP_002","Analyze structure or purpose","purpose of conclusion","Medium","1","multiple_choice","A seed can remain dormant in dry soil for years, apparently doing nothing. After a heavy rain, however, the seed may absorb water and begin a rapid series of chemical changes. Enzymes release stored energy, the seed coat softens, and the first root pushes downward. This delay is not simply inactivity. By postponing growth until moisture is available, dormancy prevents the young plant from emerging when it has little chance of surviving. What looks like a pause is therefore part of the seed’s strategy.","What is the main purpose of the final two sentences?","They provide measurements that challenge the sequence of events in the passage.","They explain the adaptive value of the process described earlier.","They identify a dispute about how quickly seeds absorb water.","They introduce a second kind of seed that does not become dormant.","B","2","The final sentences interpret dormancy as beneficial because it delays growth until conditions favor survival.","75","none","{}","","","","","","Text Structure and Purpose","purpose of conclusion","passage:E006,arch:RW_TSP_002,sim:rw_text_structure_and_purpose_word_function,fp:bcd652377495"
"SAT_RW_41","41","RW_41","All","RW41_M1_Q06","RW","1","base","6","Craft and Structure","Text Structure and Purpose","RW_TSP_003","Analyze structure or purpose","question and explanation","Medium","1","multiple_choice","In many orchestras, musicians tune to a note played by the oboe. The custom may seem arbitrary, since several instruments can produce the same pitch. But the oboe’s penetrating tone remains easy to hear while other musicians are warming up, and its pitch is relatively stable once the instrument reaches playing temperature. These practical qualities, rather than any claim that the oboe is acoustically perfect, explain the tradition. The instrument serves as a convenient reference point in a noisy room.","Which choice best describes the function of the second sentence in the text?","It contrasts the sound of an oboe with the sound of every other instrument.","It provides historical evidence that the tuning custom began recently.","It raises a reasonable question that the rest of the passage answers.","It states the author’s conclusion before any explanation is given.","C","3","The second sentence questions why the oboe is used; the following sentences answer by identifying its practical advantages.","75","none","{}","","","","","","Text Structure and Purpose","question and explanation","passage:R021,arch:RW_TSP_003,sim:rw_text_structure_and_purpose_revision_goal,fp:b2a45dbb5b4e"
"SAT_RW_41","41","RW_41","All","RW41_M1_Q07","RW","1","base","7","Craft and Structure","Cross-Text Connections","RW_CTC_001","Compare claims across paired texts","qualified agreement","Medium","1","multiple_choice","Text 1
Urban planners often favor planting many tree species along city streets. A diverse canopy is less likely to be devastated by a single pest, and different species can provide shade under different soil and moisture conditions. Mixed plantings can also prevent the uniform aging that forces a city to replace an entire corridor at once. Diversity therefore acts as insurance against future environmental change.

Text 2
Species diversity is valuable, but a planting plan cannot ignore maintenance capacity. Some trees require specialized pruning or produce roots that damage narrow sidewalks. Crews also need reliable nurseries and training before unfamiliar species are planted widely. A city that plants too many unfamiliar species without that support may lose trees that would have survived under a simpler, well-supported plan.","Based on the texts, how would the author of Text 2 most likely respond to the claim in Text 1 that diversity acts as insurance?","By agreeing that diversity can reduce risk while arguing that its benefits depend on the city’s ability to maintain the chosen species","By rejecting diversity because all tree species are equally vulnerable to the same pests","By agreeing without qualification that maximizing the number of species should be every city’s main goal","By arguing that sidewalk damage is caused by pruning practices rather than by tree roots","A","1","Text 2 accepts the value of diversity but qualifies it by emphasizing maintenance resources and species suitability.","75","none","{}","","","","","","Cross-Text Connections","qualified agreement","passage:R006,arch:RW_CTC_001,sim:rw_cross_text_connections_word_function,fp:5d47e9d1cf8f"
"SAT_RW_41","41","RW_41","All","RW41_M1_Q08","RW","1","base","8","Information and Ideas","Central Ideas and Details","RW_CID_001","Identify main idea, key detail, or summary","architecture and civic space","Easy","1","multiple_choice","Architect Lina Bo Bardi designed the São Paulo Museum of Art so that its main gallery would hang above an open public plaza. The elevated structure protected exhibition space from traffic while leaving the ground level available for markets, meetings, and informal gatherings. Rather than treating the museum as a sealed container for art, Bo Bardi made public circulation part of the building’s purpose. The design suggests that a cultural institution can serve the city not only through what it displays but also through the space it preserves for collective use.","Which choice best states the central idea of the text?","Bo Bardi’s museum design joins exhibition space with an open civic area, expanding the institution’s public role.","The museum’s elevated gallery was primarily intended to reduce construction costs.","Bo Bardi believed that museums should display only art related to city life.","Markets and meetings eventually replaced art exhibitions as the museum’s central activity.","A","1","The passage emphasizes that the elevated gallery preserves a public plaza, allowing the museum to function as both an exhibition site and a civic space.","75","none","{}","","","","","","Central Ideas and Details","architecture and civic space","passage:E002,arch:RW_CID_001,sim:rw_central_ideas_and_details_main_claim,fp:76b9026dcc0a"
"SAT_RW_41","41","RW_41","All","RW41_M1_Q09","RW","1","base","9","Information and Ideas","Central Ideas and Details","RW_CID_002","Identify main idea, key detail, or summary","phenotypic flexibility","Medium","1","multiple_choice","For decades, botanists classified two desert shrubs as separate species because one grows upright and the other spreads close to the ground. Genetic analysis later showed that the shrubs are nearly identical. Experiments then revealed that seedlings from either form grow low when exposed to strong wind but upright in sheltered conditions. The contrasting shapes are therefore not reliable signs of separate ancestry. Instead, they are flexible responses that allow the same species to develop differently across exposed and protected sites.","Which choice best summarizes the text?","The shrubs’ growth forms remain fixed even when seedlings are moved between environments.","Botanists separated the shrubs because the plants produce genetically distinct seedlings.","Genetic analysis showed that desert shrubs cannot survive in sheltered locations.","Evidence indicates that two differently shaped shrubs are one species whose growth form changes with wind exposure.","D","4","The genetic and experimental evidence both support the conclusion that environmental conditions, rather than separate ancestry, explain the two forms.","75","none","{}","","","","","","Central Ideas and Details","phenotypic flexibility","passage:R001,arch:RW_CID_002,sim:rw_central_ideas_and_details_supporting_detail,fp:ae2390423329"
"SAT_RW_41","41","RW_41","All","RW41_M1_Q10","RW","1","base","10","Information and Ideas","Command of Evidence","RW_COE_001","Use textual or quantitative evidence","experimental evidence","Medium","1","multiple_choice","Marine biologists proposed that young reef fish use the crackling sounds produced by healthy reefs to locate suitable habitat at night. To test the proposal, they placed identical artificial shelters in two sandy areas lacking natural reefs. The sites were equally distant from shore and had similar currents. At one site, underwater speakers played recordings from a thriving reef; at the other, speakers played low-level ambient ocean noise at the same volume. After ten nights, substantially more juvenile fish had settled near the shelters broadcasting reef sounds.","Which finding from the study most directly supports the biologists’ proposal?","Underwater speakers can reproduce sounds at night as well as during the day.","The researchers conducted the experiment in sandy areas rather than on natural reefs.","The artificial shelters at both sites were made from identical materials.","More juvenile fish settled near shelters where healthy-reef recordings were played than near shelters with ambient noise.","D","4","The proposal predicts that reef sounds attract juvenile fish, so the difference in settlement between the sound treatments directly supports it.","75","none","{}","","","","","","Command of Evidence","experimental evidence","passage:R002,arch:RW_COE_001,sim:rw_command_of_evidence_supporting_detail,fp:1791bf1d02cc"
"SAT_RW_41","41","RW_41","All","RW41_M1_Q11","RW","1","base","11","Information and Ideas","Command of Evidence","RW_COE_002","Use textual or quantitative evidence","evidence and mechanism","Medium","1","multiple_choice","A researcher hypothesized that brief hand-written notes improve memory for a lecture because writing forces students to summarize rather than copy every sentence. She assigned one group to take notes by hand and another to type. Both groups heard the same lecture and studied for the same amount of time. A day later, students answered factual and conceptual questions. The hand-writing group recorded fewer total words but performed better on conceptual questions; the groups performed similarly on simple factual questions.","Which result most directly supports the researcher’s explanation for the memory benefit?","The hand-writing group wrote less yet scored higher on questions requiring understanding of ideas.","All students took notes during the same lecture.","Both groups answered about the same number of factual questions correctly.","Students who typed produced more words than students who wrote by hand.","A","1","Writing fewer words while doing better on conceptual questions is consistent with summarizing and processing ideas rather than copying them verbatim.","75","none","{}","","","","","","Command of Evidence","evidence and mechanism","passage:E003,arch:RW_COE_002,sim:rw_command_of_evidence_contrast,fp:6a7ea691633c"
"SAT_RW_41","41","RW_41","All","RW41_M1_Q12","RW","1","base","12","Information and Ideas","Inferences","RW_INF_001","Draw supported conclusions","mixed attachment","Medium","1","multiple_choice","Every winter, a small theater company staged plays in a converted warehouse. The building’s heating system was unreliable, so audiences kept their coats on and actors sometimes paused while freight trains passed outside. When the company announced plans to move into a renovated downtown theater, longtime patrons donated generously. Yet at the final warehouse performance, several patrons asked whether one exposed brick wall could be preserved in the new lobby. Their request surprised the architect, who had assumed audiences wanted no reminder of the old venue.","Which choice most logically follows from the text?","The company planned to reproduce the warehouse’s faulty heating system in the new building.","The architect had attended every production staged in the warehouse.","Some patrons valued the warehouse’s distinctive character even while supporting the move to a more comfortable theater.","Most patrons opposed the renovation because they preferred hearing freight trains during performances.","C","3","The patrons donated to the move but wanted a feature of the warehouse retained, indicating attachment to its character alongside support for improved facilities.","75","none","{}","","","","","","Inferences","mixed attachment","passage:R005,arch:RW_INF_001,sim:rw_inferences_contrast,fp:faa6a06012aa"
"SAT_RW_41","41","RW_41","All","RW41_M1_Q13","RW","1","base","13","Information and Ideas","Inferences","RW_INF_002","Draw supported conclusions","systematic code-switching","Medium","1","multiple_choice","A linguist recorded conversations in a coastal community where two languages are widely spoken. Older residents often switched languages at sentence boundaries, while younger residents sometimes switched within a phrase. The younger speakers nevertheless followed consistent patterns: they rarely switched between an article and its noun, for example, but often switched before descriptive phrases. The same restrictions appeared in both interviews and informal conversations. Because these patterns recurred across many speakers and settings, the linguist rejected the view that within-phrase switching was random.","What can reasonably be inferred about the younger speakers’ language switching?","It is governed by shared linguistic constraints even though it occurs at different points than older speakers’ switching.","It results from younger speakers’ inability to complete a sentence in either language.","It occurs only when younger speakers are speaking with older residents.","It is less systematic than the switching observed among all other bilingual communities.","A","1","Consistent restrictions across many younger speakers indicate a shared system, not random or deficient language use.","75","none","{}","","","","","","Inferences","systematic code-switching","passage:R007,arch:RW_INF_002,sim:rw_inferences_cause_effect,fp:bf72ed765ff8"
"SAT_RW_41","41","RW_41","All","RW41_M1_Q14","RW","1","base","14","Information and Ideas","Inferences","RW_INF_003","Draw supported conclusions","causal inference","Medium","1","multiple_choice","A ceramic artist fires identical clay cups at several positions inside a kiln. Cups near the door often emerge slightly lighter than cups at the center, even though temperature sensors report the same peak temperature in both places. The artist notices that the door area cools more quickly after the flame is turned off. She begins moving some cups from the center toward the door only during the cooling stage and finds that those cups also become lighter.","Which conclusion is most strongly supported by the text?","The rate of cooling, not only the peak firing temperature, influences the cups’ final color.","Clay cups become darker whenever they are moved during firing.","Cups at the center of the kiln never reach the recorded peak temperature.","The kiln door causes temperature sensors to report values that are always too low.","A","1","The moved cups change color even though only their cooling location changes, supporting an effect of cooling rate on color.","75","none","{}","","","","","","Inferences","causal inference","passage:E007,arch:RW_INF_003,sim:rw_inferences_purpose_sentence,fp:8106e318d101"
"SAT_RW_41","41","RW_41","All","RW41_M1_Q15","RW","1","base","15","Standard English Conventions","Boundaries","SEC.BND","Boundaries","semicolon between independent clauses","Easy","1","multiple_choice","The first soil sensor recorded moisture every ten minutes ____ the backup sensor stored one reading each hour.","Which choice completes the text so that it conforms to the conventions of Standard English?","because",",",";",":","C","3","A semicolon correctly joins the two closely related independent clauses. A comma alone creates a comma splice, a colon does not introduce an explanation or list, and “because” would make the second clause dependent without completing the intended relationship.","45","none","{}","","","","","","Boundaries","semicolon between independent clauses","sec,grammar,arch:SEC-BND-001,sim:SEC.BND:sentence_boundary_semicolon:A. minimal-context version,fp:e08f6e974dff,ctx:CTX-GRM-001,tier:SEC1"
"SAT_RW_41","41","RW_41","All","RW41_M1_Q16","RW","1","base","16","Standard English Conventions","Boundaries","SEC.BND","Boundaries","coordinating clauses","Medium","1","multiple_choice","The restored clock keeps accurate time during warm weather ____ it loses several minutes each day when the temperature falls below freezing.","Which option completes the sentence in accordance with Standard English conventions?",", therefore",", but","; but","but","B","2","The comma and coordinating conjunction “but” correctly connect two independent clauses and express contrast. “But” without the comma is incorrectly punctuated, “; but” combines a semicolon with an unnecessary conjunction, and “therefore” expresses cause rather than contrast.","45","none","{}","","","","","","Boundaries","coordinating clauses","sec,grammar,arch:SEC-BND-012,sim:SEC.BND:coordination_comma_fanboys:B. internal punctuation nearby,fp:4b5d54e2fef3,ctx:CTX-GRM-006,tier:SEC2"
"SAT_RW_41","41","RW_41","All","RW41_M1_Q17","RW","1","base","17","Standard English Conventions","Boundaries","SEC.BND","Boundaries","introductory dependent clause","Medium","1","multiple_choice","Although the first rehearsal ended after midnight ____ the musicians returned early the next morning to revise the final movement.","Which choice produces a sentence that follows the conventions of Standard English?",",","after midnight,","no punctuation",";","A","1","A comma must follow the introductory dependent clause ending with “midnight.” Omitting the comma blurs the clause boundary, a semicolon cannot follow a dependent clause, and repeating “after midnight” is ungrammatical.","45","none","{}","","","","","","Boundaries","introductory dependent clause","sec,grammar,arch:SEC-BND-017,sim:SEC.BND:introductory_subordinate_clause:B. internal punctuation nearby,fp:24681c5feb8d,ctx:CTX-GRM-002,tier:SEC2"
"SAT_RW_41","41","RW_41","All","RW41_M1_Q18","RW","1","base","18","Standard English Conventions","Boundaries","SEC.BND","Boundaries","nonessential appositive","Medium","1","multiple_choice","The archive’s newest acquisition ____ will be displayed in the reading room for only three weeks.","Which option completes the text with grammatically appropriate punctuation?",", a set of letters exchanged by two early aviators,","a set of letters exchanged by two early aviators","a set of letters exchanged by two early aviators,","; a set of letters exchanged by two early aviators;","A","1","The phrase naming the acquisition is a nonessential appositive, so it must be enclosed by matching commas. The other choices omit one or both required boundaries or use semicolons within a sentence where commas are needed.","45","none","{}","","","","","","Boundaries","nonessential appositive","sec,grammar,arch:SEC-BND-029,sim:SEC.BND:nonessential_appositive:D. academic register,fp:d4ec93665116,ctx:CTX-GRM-007,tier:SEC3"
"SAT_RW_41","41","RW_41","All","RW41_M1_Q19","RW","1","base","19","Standard English Conventions","Form, Structure, and Sense","SEC.FSS","Form, Structure, and Sense","subject-verb agreement","Easy","1","multiple_choice","A collection of hand-colored postcards from the 1890s ____ in the museum’s climate-controlled storage room.","Which choice correctly completes the sentence under Standard English conventions?","keep","is kept","are kept","have been keeping","B","2","The subject is the singular noun “collection,” so the singular verb phrase “is kept” is required. The plural verb forms do not agree with the subject, and “have been keeping” also incorrectly makes the collection the agent of the action.","45","none","{}","","","","","","Form, Structure, and Sense","subject-verb agreement","sec,grammar,arch:SEC-FSS-001,sim:SEC.FSS:subject_verb_agreement:A. single-trap version,fp:52fee54bca26,ctx:CTX-GRM-010,tier:SEC1"
"SAT_RW_41","41","RW_41","All","RW41_M1_Q20","RW","1","base","20","Standard English Conventions","Form, Structure, and Sense","SEC.FSS","Form, Structure, and Sense","logical verb tense","Medium","1","multiple_choice","Before the restoration team opened the theater to the public last spring, workers ____ every seat and had tested the new lighting system.","Which option makes the verb tense consistent with the sentence’s time frame?","are repairing","had repaired","will repair","repair","B","2","The past perfect “had repaired” places the repairs before the later past event of opening the theater. The present and future forms do not fit the established past-time sequence.","45","none","{}","","","","","","Form, Structure, and Sense","logical verb tense","sec,grammar,arch:SEC-FSS-007,sim:SEC.FSS:verb_tense_sequence:B. intervening material,fp:5d1b7fc047f6,ctx:CTX-GRM-018,tier:SEC2"
"SAT_RW_41","41","RW_41","All","RW41_M1_Q21","RW","1","base","21","Standard English Conventions","Form, Structure, and Sense","SEC.FSS","Form, Structure, and Sense","parallel structure","Medium","1","multiple_choice","The internship teaches students to catalog specimens accurately, to photograph fragile objects safely, and ____.","Which choice completes the series with proper parallel structure?","clear explanations of their findings","explaining their findings with clarity","to explain their findings clearly","they explain their findings clearly","C","3","The third element must match the infinitive structure of “to catalog” and “to photograph.” “To explain their findings clearly” maintains parallel form; the other choices shift to a noun phrase, an independent clause, or a gerund.","45","none","{}","","","","","","Form, Structure, and Sense","parallel structure","sec,grammar,arch:SEC-FSS-034,sim:SEC.FSS:parallel_structure:D. logic cue,fp:b00a7fd759ea,ctx:CTX-GRM-012,tier:SEC3"
"SAT_RW_41","41","RW_41","All","RW41_M1_Q22","RW","1","base","22","Expression of Ideas","Transitions","RW_TR_001","Select transition that logically connects ideas","cause and effect","Easy","1","multiple_choice","The community garden’s first harvest was smaller than volunteers had expected because rabbits ate many young plants. ____ the volunteers installed low fencing before the next planting, and the second harvest was substantially larger.","Which transition most logically connects the two sentences?","Even so,","At the same time,","To illustrate,","Consequently,","D","4","The second sentence describes an action taken as a result of the first harvest’s losses, so “Consequently,” is the most logical transition.","60","none","{}","","","","","","Transitions","cause and effect","passage:R004,arch:RW_TR_001,sim:rw_transitions_logical_link,fp:108721fc18df"
"SAT_RW_41","41","RW_41","All","RW41_M1_Q23","RW","1","base","23","Expression of Ideas","Transitions","RW_TR_002","Select transition that logically connects ideas","qualification","Medium","1","multiple_choice","Glass is often thought of as a solid, but its molecular structure resembles that of a liquid frozen in place. ____ unlike ordinary liquids, window glass does not flow perceptibly at room temperature.","Which choice most logically marks the qualification in the text?","For one thing,","However,","Accordingly,","In the same way,","B","2","The second sentence qualifies the comparison with liquids by emphasizing a difference, so “However,” is appropriate.","60","none","{}","","","","","","Transitions","qualification","passage:E004,arch:RW_TR_002,sim:rw_transitions_punctuation_boundary,fp:f00717c2aa4c"
"SAT_RW_41","41","RW_41","All","RW41_M1_Q24","RW","1","base","24","Expression of Ideas","Transitions","RW_TR_003","Select transition that logically connects ideas","comparison","Medium","1","multiple_choice","Some desert plants open their stomata at night, when cooler air reduces water loss. ____ many orchids growing high in tropical forest canopies use the same timing strategy even though their habitats receive far more rain.","Which transition best conveys the similarity between the two examples?","More specifically,","Ultimately,","On the contrary,","Likewise,","D","4","The second sentence presents another group of plants that uses the same night-opening strategy, so “Likewise,” best expresses the parallel.","60","none","{}","","","","","","Transitions","comparison","passage:R010,arch:RW_TR_003,sim:rw_transitions_verb_pronoun_agreement,fp:84ed2e58086e"
"SAT_RW_41","41","RW_41","All","RW41_M1_Q25","RW","1","base","25","Expression of Ideas","Rhetorical Synthesis","RW_RS_001","Use notes to achieve a writing goal","introduce method","Medium","1","multiple_choice","A student wants to introduce a conservation project and emphasize its method.

Notes:
• Volunteers are restoring a stream bank in Mill Creek Park.
• They weave bundles of willow branches into low barriers.
• The barriers slow runoff and trap soil.
• The willow branches can take root and strengthen the bank over time.","Which choice best introduces the conservation project while emphasizing its method?","At Mill Creek Park, volunteers are restoring a stream bank by weaving living willow bundles into barriers that slow runoff, trap soil, and eventually strengthen the bank.","Mill Creek Park contains a stream bank that volunteers began visiting during a conservation project.","Volunteers are restoring a stream bank, while other parks may use different conservation methods.","Willow branches can take root over time, and runoff sometimes carries soil away from stream banks.","A","1","The correct choice introduces the project and clearly emphasizes how the living-willow barriers perform the restoration.","60","none","{}","","","","","","Rhetorical Synthesis","introduce method","passage:R016,arch:RW_RS_001,sim:rw_rhetorical_synthesis_revision_goal,fp:2e8e12e092eb"
"SAT_RW_41","41","RW_41","All","RW41_M1_Q26","RW","1","base","26","Expression of Ideas","Rhetorical Synthesis","RW_RS_002","Use notes to achieve a writing goal","contrast materials","Medium","1","multiple_choice","A student wants to contrast two materials used in food packaging.

Notes:
• Conventional plastic resists moisture well but can persist for decades after disposal.
• A film made from seaweed breaks down quickly in compost.
• The seaweed film currently tears more easily than conventional plastic.
• Engineers are testing plant fibers to improve the seaweed film’s strength.","Which choice most effectively contrasts the two food-packaging materials?","Seaweed film and conventional plastic are both packaging materials that engineers have studied.","Because seaweed grows in water, films made from it always outperform conventional plastic in food packaging.","Unlike durable but persistent conventional plastic, seaweed film composts quickly but currently tears more easily, a weakness engineers are addressing with plant fibers.","Engineers are testing plant fibers, and conventional plastic can resist moisture for decades.","C","3","The correct choice directly contrasts the materials’ environmental and performance trade-offs and notes the effort to improve the seaweed film.","60","none","{}","","","","","","Rhetorical Synthesis","contrast materials","passage:E009,arch:RW_RS_002,sim:rw_rhetorical_synthesis_logical_link,fp:05079b0c7fbe"
"SAT_RW_41","41","RW_41","All","RW41_M1_Q27","RW","1","base","27","Expression of Ideas","Rhetorical Synthesis","RW_RS_003","Use notes to achieve a writing goal","explain source value","Medium","1","multiple_choice","A student wants to explain why a newly cataloged diary is useful to historians of everyday life.

Notes:
• The diary was written by a railway clerk in 1887.
• It records the prices of meals, coal, and rented rooms.
• It also notes delays, minor illnesses, and visits from relatives.
• Official railway reports from 1887 focus on schedules and freight totals.","Which choice best explains why the diary is useful to historians of everyday life?","Official railway reports list schedules and freight totals, while the clerk occasionally visited relatives.","The railway clerk wrote a diary in 1887, the same year covered by several official railway reports.","By recording household costs and ordinary disruptions that official railway reports omit, the clerk’s 1887 diary gives historians evidence about everyday life.","Historians study diaries because every diary provides a complete and unbiased record of the past.","C","3","The correct choice explains the diary’s value by identifying the everyday information it preserves that official reports leave out.","60","none","{}","","","","","","Rhetorical Synthesis","explain source value","passage:R022,arch:RW_RS_003,sim:rw_rhetorical_synthesis_punctuation_boundary,fp:c5071f1144ac"
"SAT_RW_41","41","RW_41","All","RW41_M2_Q01","RW","2","hard","1","Craft and Structure","Words in Context","RW_WIC_004","Determine meaning or function of a word/phrase in context","claim qualification","Hard","1","multiple_choice","Several histories of early radio describe rural listeners as passive recipients of programs designed in large cities. Historian Lila Moreno qualifies that account by examining letters sent to regional stations. The letters requested crop reports, corrected announcers’ pronunciations of local place-names, and proposed musicians for live broadcasts. Moreno does not claim that listeners controlled station policy, but she argues that their repeated interventions shaped schedules more than earlier histories acknowledge. The verb “qualifies” is important because Moreno preserves part of the older account while narrowing its reach.","Which choice best describes the function of “qualifies” in the passage?","It suggests that Moreno proves the existing interpretation by adding more examples.","It shows that Moreno shifts attention from radio schedules to the technical design of receivers.","It implies that Moreno treats all listener letters as equally influential.","It indicates that Moreno limits an existing interpretation rather than rejecting it entirely.","D","4","The passage states that Moreno retains part of the earlier account but narrows it. Thus, “qualifies” signals limitation, not complete rejection.","75","none","{}","","","","","","Words in Context","claim qualification","passage:R027,arch:RW_WIC_004,sim:rw_words_in_context_revision_goal,fp:f4581849c7a0,wic,wicarch:WIC_CLAIM_FUNCTION_01,target:qualifies,hard_vocab,vocab:HV_121,tier:V4"
"SAT_RW_41","41","RW_41","All","RW41_M2_Q02","RW","2","hard","2","Craft and Structure","Words in Context","RW_WIC_005","Determine meaning or function of a word/phrase in context","relation function","Hard","1","multiple_choice","Ecologists studying a restored marsh found that juvenile fish were abundant near newly planted reeds but scarce in open channels. They cautioned that the reeds may mediate the effect of water depth on fish survival: shallow water alone did not predict where fish gathered, yet shallow areas with dense reeds consistently held more juveniles. By using “mediate,” the researchers did not claim that reeds merely accompanied favorable conditions. They proposed that the plants altered how one environmental factor—depth—translated into a biological outcome.","What does the word “mediate” indicate about the relationship described in the passage?","It shows that the researchers measured reed cover instead of measuring juvenile fish survival.","It indicates that water depth matters only because it determines the age of the reeds.","It suggests that reed cover and water depth have identical effects on juvenile fish survival.","It suggests that reed cover changes how water depth affects juvenile fish survival.","D","4","In context, “mediate” means that reeds shape the pathway between depth and survival; the word does not equate or substitute the variables.","75","none","{}","","","","","","Words in Context","relation function","passage:E008,arch:RW_WIC_005,sim:rw_words_in_context_logical_link,fp:c65b5cbd02c2,wic,wicarch:WIC_RELATION_FUNCTION_01,target:mediate,hard_vocab,vocab:HV_124,tier:V4"
"SAT_RW_41","41","RW_41","All","RW41_M2_Q03","RW","2","hard","3","Craft and Structure","Words in Context","RW_WIC_006","Determine meaning or function of a word/phrase in context","tonal effect","Hard","1","multiple_choice","A critic reviewing Nadiya Okafor’s poems notes that the collection repeatedly returns to images of locked rooms, narrow stairways, and windows that open only a few centimeters. Yet the critic says these images do not make the book uniformly bleak. Brief scenes of shared meals temper the atmosphere of confinement, making the surrounding darkness feel less absolute without erasing it. The verb “temper” therefore identifies a subtle adjustment in tone rather than a sudden reversal from despair to celebration.","How does “temper” help characterize the effect of the shared-meal scenes?","It shows that the scenes intensify the sense of confinement established elsewhere.","It shows that the scenes expose the collection’s bleakness as insincere.","It shows that the scenes moderate the collection’s bleakness without eliminating it.","It shows that the scenes replace the collection’s recurring images with unrelated ones.","C","3","The passage explicitly says the scenes make the darkness less absolute but do not erase it, so “temper” describes moderation rather than reversal.","75","none","{}","","","","","","Words in Context","tonal effect","passage:R033,arch:RW_WIC_006,sim:rw_words_in_context_punctuation_boundary,fp:7018387640d6,wic,wicarch:WIC_TONAL_EFFECT_01,target:temper,hard_vocab,vocab:HV_123,tier:V4"
"SAT_RW_41","41","RW_41","All","RW41_M2_Q04","RW","2","hard","4","Craft and Structure","Words in Context","RW_WIC_007","Determine meaning or function of a word/phrase in context","precision effect","Hard","1","multiple_choice","An economist analyzing a city’s reduced-fare bus program found that ridership rose sharply during the first six months but leveled off afterward. She called the long-term increase “contingent” on service frequency because neighborhoods with frequent buses retained most new riders, whereas neighborhoods with long waits did not. The word does more than say that frequency and ridership are associated. It marks the increase as dependent on a condition that varied across neighborhoods, thereby narrowing the circumstances under which the program’s early gains persisted.","Why does the economist describe the long-term increase as “contingent” on service frequency?","To imply that service frequency was the sole reason the reduced-fare program began","To suggest that all neighborhoods eventually reached the same level of ridership","To argue that the increase was too small to measure reliably in any neighborhood","To specify that the increase persisted only where a particular condition was met","D","4","“Contingent” makes the claim conditional: sustained ridership gains depended on frequent service. The other choices overstate, minimize, or contradict the finding.","75","none","{}","","","","","","Words in Context","precision effect","passage:R039,arch:RW_WIC_007,sim:rw_words_in_context_verb_pronoun_agreement,fp:60554a41c4c8,wic,wicarch:WIC_PRECISION_EFFECT_01,target:contingent,hard_vocab,vocab:HV_128,tier:V4"
"SAT_RW_41","41","RW_41","All","RW41_M2_Q05","RW","2","hard","5","Craft and Structure","Text Structure and Purpose","RW_TSP_004","Analyze structure or purpose","evidence-based revision","Hard","1","multiple_choice","Researchers once treated the dark streaks that appear seasonally on Martian slopes as possible evidence of flowing liquid water. Later observations weakened that interpretation. The streaks formed even when surface temperatures were far below water’s freezing point, and their movement resembled dry grains sliding down an incline. Spectral measurements also failed to detect the salts expected if liquid brines were present. None of these findings proves that Mars lacks subsurface water, but together they shift the most likely explanation for the streaks from a wet process to a dry one.","How is the discussion organized?","It lists three discoveries in the order they were made and explains how each enabled a new instrument.","It describes two equally supported hypotheses and leaves the choice between them unresolved.","It argues that one observation is conclusive and dismisses all other evidence as unnecessary.","It introduces a hypothesis, evaluates it against several observations, and arrives at a more limited conclusion.","D","4","The text starts with the liquid-water hypothesis, tests it using temperature, movement, and spectral evidence, then cautiously favors a dry-process explanation.","75","none","{}","","","","","","Text Structure and Purpose","evidence-based revision","passage:E011,arch:RW_TSP_004,sim:rw_text_structure_and_purpose_logical_link,fp:47665e5f0a48"
"SAT_RW_41","41","RW_41","All","RW41_M2_Q06","RW","2","hard","6","Craft and Structure","Text Structure and Purpose","RW_TSP_005","Analyze structure or purpose","scope shift","Hard","1","multiple_choice","The earliest public libraries in one industrial city emphasized imposing reading rooms and fixed collections. By the 1920s, branch librarians were loading books into vans and carrying them to factory districts beyond the streetcar lines. These mobile libraries did more than extend the old institution geographically. Because workers requested technical manuals, novels in several languages, and children’s books, librarians revised purchasing practices as well. The vans thus changed both where the library operated and how it decided what counted as a useful collection.","Which choice best states the purpose of the third sentence?","It shifts the discussion from the mobile libraries’ reach to their broader institutional effects.","It supplies a definition of the term “fixed collections.”","It denies that the vans served neighborhoods beyond existing transit routes.","It introduces evidence that workers preferred reading rooms to book vans.","A","1","The sentence signals that geographic expansion was only one effect; the remainder explains how requests also changed collection decisions.","75","none","{}","","","","","","Text Structure and Purpose","scope shift","passage:R045,arch:RW_TSP_005,sim:rw_text_structure_and_purpose_punctuation_boundary,fp:4e195a3d04ef"
"SAT_RW_41","41","RW_41","All","RW41_M2_Q07","RW","2","hard","7","Craft and Structure","Text Structure and Purpose","RW_TSP_006","Analyze structure or purpose","example as evidence","Hard","1","multiple_choice","When a volcanic island first emerges, its bare rock contains almost no nitrogen available to plants. Lichens and windblown microbes begin altering the surface, but their contribution is slow. Seabirds accelerate the process by carrying marine nutrients onto land in their waste and in uneaten food. On islands where nesting colonies become established, soils near the colonies can support dense vegetation decades before more distant slopes do. The birds are not merely inhabitants of a developing ecosystem; they help create the conditions under which that ecosystem develops.","What is the main function of the example involving soils near nesting colonies?","It provides concrete evidence that seabirds can speed ecosystem development.","It demonstrates that all parts of a volcanic island develop at the same rate.","It explains why seabirds abandon islands once dense vegetation appears.","It shows that lichens prevent vegetation from growing near seabird colonies.","A","1","The faster development of vegetation near colonies illustrates the claim that seabirds deliver nutrients and accelerate soil formation.","75","none","{}","","","","","","Text Structure and Purpose","example as evidence","passage:R051,arch:RW_TSP_006,sim:rw_text_structure_and_purpose_verb_pronoun_agreement,fp:58d288e748cf"
"SAT_RW_41","41","RW_41","All","RW41_M2_Q08","RW","2","hard","8","Craft and Structure","Cross-Text Connections","RW_CTC_002","Compare claims across paired texts","methodological qualification","Hard","1","multiple_choice","Text 1
Historical ship logs are imperfect climate records: sailors used different instruments, observed at inconsistent times, and sometimes estimated conditions. Yet when thousands of entries are compared, recurring patterns can reveal broad changes in winds and sea ice that no single log could establish. Modern statistical methods can also identify entries that depart sharply from nearby observations.

Text 2
Large collections do not automatically correct biased records. Shipping routes avoided some waters and concentrated observations along profitable passages, so apparent climate patterns may partly reflect where ships traveled. Even sophisticated averaging cannot recover observations that were never made. Researchers should combine logs with coastal measurements and physical proxies rather than treating volume alone as reliability across centuries or regions.","Which choice best describes the relationship between the texts?","Text 2 and Text 1 disagree about whether inconsistent instruments ever occurred in historical records.","Text 2 accepts that ship logs can be useful but cautions that the collection’s geographic bias limits what large numbers alone can establish.","Text 2 disputes Text 1’s claim that sailors recorded any information about winds or sea ice.","Text 2 extends Text 1 by arguing that ship logs are more reliable than coastal measurements.","B","2","Both texts recognize value in aggregated logs. Text 2 adds a limitation: many observations can still reflect biased travel routes.","75","none","{}","","","","","","Cross-Text Connections","methodological qualification","passage:E005,arch:RW_CTC_002,sim:rw_cross_text_connections_revision_goal,fp:53f6161fd876"
"SAT_RW_41","41","RW_41","All","RW41_M2_Q09","RW","2","hard","9","Information and Ideas","Central Ideas and Details","RW_CID_003","Identify main idea, key detail, or summary","limits of administrative records","Hard","1","multiple_choice","When scholars reconstructed the trade network of a medieval port, they initially relied on tax lists naming imported goods. Archaeologist Samira Dey added evidence from broken storage jars found in ordinary households. Chemical residues showed that some jars had held products absent from the official lists, including inexpensive fish sauce and lamp oil. Because low-value goods were often exempt from duties, the tax records captured only part of the traffic. Dey’s work demonstrates that administrative documents can describe commerce precisely while still omitting exchanges that authorities had little reason to record.","What is the central claim of the text?","Tax lists are generally less accurate than chemical residue analysis in identifying all medieval objects.","Household jars prove that medieval authorities deliberately concealed all low-value trade.","Most goods entering the port were expensive products that officials taxed heavily.","Combining household artifacts with tax records reveals trade that official documents alone may overlook.","D","4","The passage shows that tax records omit exempt goods and that residue evidence supplies the missing information, so multiple source types yield a fuller account.","75","none","{}","","","","","","Central Ideas and Details","limits of administrative records","passage:R008,arch:RW_CID_003,sim:rw_central_ideas_and_details_contrast,fp:2ca12475b615"
"SAT_RW_41","41","RW_41","All","RW41_M2_Q10","RW","2","hard","10","Information and Ideas","Central Ideas and Details","RW_CID_004","Identify main idea, key detail, or summary","adaptive sensory threshold","Hard","1","multiple_choice","Some moths avoid bats by detecting the ultrasonic calls bats use while hunting. In a recent experiment, however, one moth species reacted only to calls above a particular intensity. At first this seemed like poor sensitivity. The researchers noted that faint calls usually come from distant bats, whereas intense calls indicate an immediate threat. By ignoring weak signals, the moth may continue feeding when danger is remote and reserve costly escape maneuvers for moments when they are most useful. A sensory limitation can therefore function as an efficient filter.","Which choice most accurately summarizes the passage’s main point?","Bats increase the intensity of their calls specifically to prevent moths from feeding.","A moth’s response only to intense bat calls may help it balance feeding with escape from nearby threats.","The moth cannot detect ultrasonic sounds produced by any distant animal.","The experiment established that escape maneuvers require no energy from the moth.","B","2","The text interprets the moth’s apparent insensitivity as a useful way to respond mainly when a bat is close enough to pose an immediate threat.","75","none","{}","","","","","","Central Ideas and Details","adaptive sensory threshold","passage:R012,arch:RW_CID_004,sim:rw_central_ideas_and_details_cause_effect,fp:8dbe8181ed11"
"SAT_RW_41","41","RW_41","All","RW41_M2_Q11","RW","2","hard","11","Information and Ideas","Central Ideas and Details","RW_CID_005","Identify main idea, key detail, or summary","music analysis","Hard","1","multiple_choice","Composer Florence Price incorporated spirituals, dance rhythms, and European symphonic forms into her orchestral music. Critics once described these elements as belonging to separate traditions that Price merely placed side by side. More recent analyses focus on how rhythmic patterns introduced in one section return in transformed form elsewhere, binding the work together. On this view, the traditions are not decorative quotations added to a conventional structure; they participate in creating that structure. The change in interpretation shifts attention from the sources Price used to the compositional work those sources perform.","According to the text, how do recent analyses differ from earlier critical accounts?","They claim that rhythmic patterns prevent different sections of a composition from being connected.","They focus exclusively on identifying which spirituals Price quoted word for word.","They emphasize how varied musical traditions help organize Price’s compositions rather than treating them as separate additions.","They argue that Price abandoned European symphonic forms in her later works.","C","3","Recent analyses examine how recurring, transformed rhythms unify the music, so they treat the traditions as structural rather than merely decorative.","75","none","{}","","","","","","Central Ideas and Details","music analysis","passage:E010,arch:RW_CID_005,sim:rw_central_ideas_and_details_purpose_sentence,fp:bdf563763e02"
"SAT_RW_41","41","RW_41","All","RW41_M2_Q12","RW","2","hard","12","Information and Ideas","Command of Evidence","RW_COE_003","Use textual or quantitative evidence","quantitative evidence","Hard","1","multiple_choice","An engineering team compared three otherwise similar apartment buildings to evaluate whether roof treatments associated with lower surface temperatures were also associated with reduced indoor cooling demand. Each building had the same number of floors and was monitored during the same four-week summer period. A dark conventional roof averaged 58°C and 31 kilowatt-hours of daily cooling use; a white reflective roof averaged 43°C and 24 kilowatt-hours; and a vegetated roof averaged 39°C and 22 kilowatt-hours. The team predicted that the treatment producing the coolest mean roof surface would also correspond to the lowest daily cooling use.","Which choice best uses the study’s quantitative results to support the team’s prediction?","The vegetated roof had both the lowest mean roof temperature, 39°C, and the lowest mean cooling use, 22 kWh per day.","All three buildings used more than 20 kWh per day for cooling.","The dark conventional roof was 15°C warmer than the white roof but used only 7 more kWh per day for cooling.","The white roof’s mean temperature was 43°C, which was 4°C higher than the vegetated roof’s temperature.","A","1","The prediction concerns the treatment with both the coolest roof and the lowest cooling demand; the vegetated roof has the minimum value in both columns.","75","none","{}","","","","","","Command of Evidence","quantitative evidence","passage:R017,arch:RW_COE_003,sim:rw_command_of_evidence_cause_effect,fp:a42455a54dd9"
"SAT_RW_41","41","RW_41","All","RW41_M2_Q13","RW","2","hard","13","Information and Ideas","Command of Evidence","RW_COE_004","Use textual or quantitative evidence","table interpretation","Hard","1","multiple_choice","Ecologists restoring an abandoned field tested whether adding forest leaf litter would promote native tree establishment. They assigned equal-sized plots randomly to three treatments. After one year, plots with no added litter averaged 18 native seedlings, plots with a thin litter layer averaged 31, and plots with a thick layer averaged 26. After three years, the corresponding averages were 21, 47, and 34. The researchers had expected some litter to retain moisture and suppress weeds but suspected that a very thick layer might also hinder emergence.","Which statement is best supported by the study’s seedling counts?","Plots with no litter showed the largest increase in seedlings between years one and three.","A thick litter layer prevented all native seedlings from surviving beyond the first year.","The number of seedlings declined over time under every treatment.","A thin litter layer produced more native seedlings than either no litter or a thick layer at both measurement times.","D","4","At year 1 and year 3, the thin-layer plots have the highest counts, supporting the idea that a moderate amount was more effective than either extreme.","75","none","{}","","","","","","Command of Evidence","table interpretation","passage:R035,arch:RW_COE_004,sim:rw_command_of_evidence_purpose_sentence,fp:599b84e16c8e"
"SAT_RW_41","41","RW_41","All","RW41_M2_Q14","RW","2","hard","14","Information and Ideas","Inferences","RW_INF_004","Draw supported conclusions","archaeological function","Hard","1","multiple_choice","A study of ancient irrigation channels found that some channels were repeatedly repaired even after nearby fields had been abandoned. The repaired sections led not to farmland but to stone basins beside a ceremonial complex. Sediment in the basins contained pollen from flowers that did not grow locally, and the basins lacked the mineral deposits expected from long-term drinking-water storage. The researchers caution that the evidence does not identify a specific ritual, but it does challenge a purely agricultural explanation for every channel.","Which inference is best supported by the evidence?","The flower pollen proves that the basins were used exclusively to store drinking water.","At least some channels may have supplied water for ceremonial practices rather than for crop irrigation.","The abandoned fields continued to produce crops without receiving water.","All ancient irrigation systems were originally designed for religious ceremonies.","B","2","Repairs directed water to ceremonial basins, while pollen and mineral evidence make ordinary agricultural or drinking-water uses less likely.","75","none","{}","","","","","","Inferences","archaeological function","passage:E012,arch:RW_INF_004,sim:rw_inferences_word_function,fp:43da2f7b66f7"
"SAT_RW_41","41","RW_41","All","RW41_M2_Q15","RW","2","hard","15","Information and Ideas","Inferences","RW_INF_005","Draw supported conclusions","evaluating competing explanations","Hard","1","multiple_choice","Astronomers observing a distant star detected periodic dimming that initially suggested an orbiting planet. The intervals between dimming events, however, varied by several hours, whereas a single planet in a stable orbit should produce nearly regular intervals. Spectra taken during the dimming also showed changes associated with cooler patches on the star’s surface. The team has not ruled out a planet entirely, but it now models the signal as a combination of stellar activity and any possible orbital effect.","What is the most reasonable inference from the text?","A stable planetary orbit normally produces dimming events at highly irregular intervals.","The irregular timing and spectral changes make stellar activity a necessary part of explaining the dimming.","Cool surface patches can be detected only when a planet is present.","The observations prove that no planet can orbit the star.","B","2","The timing conflicts with a simple single-planet model, and the spectra point to cool stellar patches, so stellar activity must be considered.","75","none","{}","","","","","","Inferences","evaluating competing explanations","passage:R013,arch:RW_INF_005,sim:rw_inferences_revision_goal,fp:36f0a8672054"
"SAT_RW_41","41","RW_41","All","RW41_M2_Q16","RW","2","hard","16","Standard English Conventions","Boundaries","SEC.BND","Boundaries","restrictive modifier","Hard","1","multiple_choice","The manuscripts that contain the astronomer’s original calculations ____ remain in the university archive; later copies are held in several other libraries.","Which choice completes the text without introducing an unnecessary boundary?",",","—","no punctuation",";","C","3","The restrictive clause identifies which manuscripts remain in the archive, so no punctuation should separate the subject from the verb “remain.” Each punctuation mark would create an incorrect boundary between the subject and predicate.","45","none","{}","","","","","","Boundaries","restrictive modifier","sec,grammar,arch:SEC-BND-039,sim:SEC.BND:restrictive_no_comma:D. academic register,fp:491b0a522405,ctx:CTX-GRM-011,tier:SEC3"
"SAT_RW_41","41","RW_41","All","RW41_M2_Q17","RW","2","hard","17","Standard English Conventions","Boundaries","SEC.BND","Boundaries","conjunctive adverb boundary","Hard","1","multiple_choice","The first model accurately predicted average rainfall ____ it failed to capture the brief, intense storms that caused most of the flooding.","Which option correctly punctuates the relationship between the two independent clauses?",", however,","; however","however;","; however,","D","4","A semicolon separates the independent clauses, and a comma follows the conjunctive adverb “however.” A comma before “however” creates a comma splice, while the other choices misplace or omit the punctuation required around the conjunctive adverb.","45","none","{}","","","","","","Boundaries","conjunctive adverb boundary","sec,grammar,arch:SEC-BND-054,sim:SEC.BND:conjunctive_adverb_boundary:D. academic register,fp:dcd29fb34c86,ctx:CTX-GRM-023,tier:SEC3"
"SAT_RW_41","41","RW_41","All","RW41_M2_Q18","RW","2","hard","18","Standard English Conventions","Boundaries","SEC.BND","Boundaries","emphatic interruption","Hard","1","multiple_choice","The council approved the revised waterfront plan ____ by a vote of eight to one.","Which choice correctly sets off the interrupting phrase?","after months of debate and two independent safety reviews,",", after months of debate and two independent safety reviews—","; after months of debate and two independent safety reviews;","—after months of debate and two independent safety reviews—","D","4","The interrupting phrase is correctly enclosed by a matching pair of dashes, which emphasizes the delay before the vote. The distractors use mismatched marks, semicolons that cannot enclose the phrase, or only a closing comma.","45","none","{}","","","","","","Boundaries","emphatic interruption","sec,grammar,arch:SEC-BND-050,sim:SEC.BND:dash_emphasis_interruption:E. expanded syntax,fp:259e7e381a00,ctx:CTX-GRM-004,tier:SEC4"
"SAT_RW_41","41","RW_41","All","RW41_M2_Q19","RW","2","hard","19","Standard English Conventions","Form, Structure, and Sense","SEC.FSS","Form, Structure, and Sense","pronoun case","Hard","1","multiple_choice","The scholarship committee invited Maya and ____ to present the community garden proposal at its final meeting.","Which option supplies the pronoun case required by the sentence?","mine","me","I","myself","B","2","The pronoun is an object of the verb “invited,” so the objective case “me” is required. “I” is subjective, “myself” lacks an antecedent use that would justify a reflexive pronoun, and “mine” is possessive.","45","none","{}","","","","","","Form, Structure, and Sense","pronoun case","sec,grammar,arch:SEC-FSS-024,sim:SEC.FSS:pronoun_case:D. logic cue,fp:72a12d5ca9b4,ctx:CTX-GRM-008,tier:SEC3"
"SAT_RW_41","41","RW_41","All","RW41_M2_Q20","RW","2","hard","20","Standard English Conventions","Form, Structure, and Sense","SEC.FSS","Form, Structure, and Sense","modifier placement","Hard","1","multiple_choice","Using infrared cameras, ____.","Which choice places the modifier so that it clearly describes the intended subject?","there were researchers tracking bats as they left the cave after sunset","the researchers tracked bats leaving the cave after sunset","the cave’s bats after sunset were visible to the researchers","bats leaving the cave after sunset were tracked by the researchers","B","2","The introductory modifier “Using infrared cameras” must logically describe the researchers, so the main clause should begin with “the researchers.” The other choices make bats, the cave, or the empty word “there” appear to use the cameras.","45","none","{}","","","","","","Form, Structure, and Sense","modifier placement","sec,grammar,arch:SEC-FSS-029,sim:SEC.FSS:modifier_placement:D. logic cue,fp:7956ce7f9953,ctx:CTX-GRM-015,tier:SEC3"
"SAT_RW_41","41","RW_41","All","RW41_M2_Q21","RW","2","hard","21","Standard English Conventions","Form, Structure, and Sense","SEC.FSS","Form, Structure, and Sense","logical comparison","Hard","1","multiple_choice","The tensile strength of the new plant-based fiber is greater than ____.","Which option completes the comparison logically and grammatically?","the strength in untreated cotton fibers does","untreated cotton fibers are","that of the untreated cotton fiber","the untreated cotton fiber","C","3","The sentence must compare tensile strength with tensile strength. “That of the untreated cotton fiber” supplies a logically parallel comparison; the other choices compare strength with a fiber or create an ungrammatical clause.","45","none","{}","","","","","","Form, Structure, and Sense","logical comparison","sec,grammar,arch:SEC-FSS-040,sim:SEC.FSS:comparison_logic:E. expanded syntax,fp:a5cd3ae9a0a1,ctx:CTX-GRM-003,tier:SEC4"
"SAT_RW_41","41","RW_41","All","RW41_M2_Q22","RW","2","hard","22","Standard English Conventions","Form, Structure, and Sense","SEC.FSS","Form, Structure, and Sense","logical subject after modifier","Hard","1","multiple_choice","After examining the layers of paint under a microscope, ____.","Which choice gives the introductory modifier a clear and logical subject?","the conservator concluded that the red border was added later","the red border was concluded by the conservator to have been added later","a later date for the red border became the conservator’s conclusion","the microscope revealed to the conservator that the red border was added later","A","1","The introductory phrase must modify the person who performed the examination. Beginning the main clause with “the conservator” makes that logical relationship clear; the other choices make the border, a date, or the microscope appear to have examined the paint.","45","none","{}","","","","","","Form, Structure, and Sense","logical subject after modifier","sec,grammar,arch:SEC-FSS-065,sim:SEC.FSS:logical_subject_after_modifier:E. expanded syntax,fp:9b9431f7c101,ctx:CTX-GRM-019,tier:SEC4"
"SAT_RW_41","41","RW_41","All","RW41_M2_Q23","RW","2","hard","23","Expression of Ideas","Transitions","RW_TR_004","Select transition that logically connects ideas","reinforcement","Hard","1","multiple_choice","The first edition of the dictionary included many technical terms used by printers and metalworkers. Its editors did not limit themselves to formal literary vocabulary. ____ they recorded expressions heard in workshops, markets, and ordinary conversation.","Which choice best reinforces the point made in the preceding sentence?","Conversely,","In fact,","All the same,","Later,","B","2","The final sentence reinforces and expands the claim that the editors included vocabulary beyond formal literature, so “In fact,” is logical.","60","none","{}","","","","","","Transitions","reinforcement","passage:E014,arch:RW_TR_004,sim:rw_transitions_paired_text_relation,fp:94c8b3231170"
"SAT_RW_41","41","RW_41","All","RW41_M2_Q24","RW","2","hard","24","Expression of Ideas","Transitions","RW_TR_005","Select transition that logically connects ideas","conclusion from evidence","Hard","1","multiple_choice","A satellite can measure the height of a forest canopy across a broad region, but it cannot directly identify every tree species below. Field surveys provide that detailed local information. ____ combining satellite measurements with field observations can yield a more complete picture than either method alone.","Which transition most logically introduces the conclusion drawn from the two methods?","By comparison,","In a similar vein,","Therefore,","To give an example,","C","3","The last sentence draws a conclusion from the complementary strengths of the two methods, so “Therefore,” is the most logical transition.","60","none","{}","","","","","","Transitions","conclusion from evidence","passage:R028,arch:RW_TR_005,sim:rw_transitions_evidence_based_inference,fp:f26cb7bbd4e7"
"SAT_RW_41","41","RW_41","All","RW41_M2_Q25","RW","2","hard","25","Expression of Ideas","Transitions","RW_TR_006","Select transition that logically connects ideas","contrast within sentence","Hard","1","multiple_choice","The excavated house contained no imported pottery, an absence that initially suggested its residents had little contact with long-distance trade. Chemical analysis of cooking vessels, ____ revealed traces of a spice that did not grow locally.","Which choice best signals the contrast between the initial inference and the chemical evidence?","for that reason,","moreover,","by contrast,","for instance,","C","3","The chemical evidence contrasts with the initial inference drawn from the pottery, so the parenthetical transition “by contrast,” is required.","60","none","{}","","","","","","Transitions","contrast within sentence","passage:R034,arch:RW_TR_006,sim:rw_transitions_main_claim,fp:7606340a0375"
"SAT_RW_41","41","RW_41","All","RW41_M2_Q26","RW","2","hard","26","Expression of Ideas","Rhetorical Synthesis","RW_RS_004","Use notes to achieve a writing goal","explain operational design","Hard","1","multiple_choice","A student wants to explain how a transit pilot is intended to improve reliability for riders.

Notes:
• Buses on the route often bunch together downtown.
• The pilot assigns dispatchers to adjust departure times.
• Drivers receive live updates.
• Riders can see corrected arrival estimates.","Which choice best explains how the transit pilot is designed to improve reliability for riders?","Dispatchers and drivers both participate in the pilot, which is one of several transit projects.","The route passes through downtown, where riders can see buses and receive information about arrival times.","Riders receive corrected arrival estimates because buses on every city route always depart at the same time.","To reduce downtown bus bunching, the pilot lets dispatchers adjust departures and send live updates to drivers while giving riders corrected arrival estimates.","D","4","The correct choice connects the pilot’s coordinated departure adjustments and live information to its goal of reducing bunching and improving reliability.","60","none","{}","","","","","","Rhetorical Synthesis","explain operational design","passage:E019,arch:RW_RS_004,sim:rw_rhetorical_synthesis_verb_pronoun_agreement,fp:f2eda2773de0"
"SAT_RW_41","41","RW_41","All","RW41_M2_Q27","RW","2","hard","27","Expression of Ideas","Rhetorical Synthesis","RW_RS_005","Use notes to achieve a writing goal","support revision claim","Hard","1","multiple_choice","A student wants to support the claim that a painter revised a portrait during its creation.

Notes:
• Infrared imaging reveals an earlier outline beneath the visible paint.
• In the earlier outline, the subject’s left hand rested on a table.
• In the finished portrait, the left hand holds a folded letter.
• The paint layers around the letter match the rest of the finished surface.","Which choice best supports the claim that the painter revised the portrait during its creation?","Infrared imaging shows that the painter replaced an earlier table-resting hand with one holding a folded letter, evidence that the composition changed during painting.","The finished portrait shows a subject holding a folded letter in the left hand.","Because the folded letter appears in the finished portrait, it must have been the painter’s first idea.","Infrared imaging can reveal outlines beneath paint, and the portrait’s surface contains several matching paint layers.","A","1","The correct choice uses the difference between the hidden outline and the finished image as direct evidence of revision.","60","none","{}","","","","","","Rhetorical Synthesis","support revision claim","passage:R040,arch:RW_RS_005,sim:rw_rhetorical_synthesis_paired_text_relation,fp:6068f0f7290e"
"SAT-MATH-41","41","MATH-41","400-800","MATH41-M1-Q01","MATH","1","base","1","Algebra","Linear Equations","ALG_LE_001","Solve a one-variable linear equation with constants on both sides","Solve a one-variable linear equation with constants on both sides","easy","1","multiple_choice","","What is the solution to 7x - 9 = 3x + 19?","7","5","4","10","A","1","Subtracting 3x and adding 9 gives 4x = 28, so x = 7.","60","none","{}","","","","","","solve a one-variable linear equation with constants on both sides","","math,domain:Algebra,skill:ALG_LE_001,arch:MATH_ARCH_001_LINEAR_EQUATION_ONE_VARIABLE,sim:SIM_LINEAR_EQUATIONS_AND_INEQUALITIES,fp:eb037b7c,tier:E1"
"SAT-MATH-41","41","MATH-41","400-800","MATH41-M1-Q02","MATH","1","base","2","Algebra","Linear Equations","ALG_LE_002","Clear denominators to solve a linear equation with fractional coefficients","Clear denominators to solve a linear equation with fractional coefficients","easy","1","multiple_choice","","What is the solution to (x - 2)/3 + (x + 1)/2 = 9?","13","11","10","9","B","2","Multiplying by 6 gives 2(x - 2) + 3(x + 1) = 54. Thus 5x - 1 = 54, so x = 11.","60","none","{}","","","","","","clear denominators to solve a linear equation with fractional coefficients","","math,domain:Algebra,skill:ALG_LE_002,arch:MATH_ARCH_002_LINEAR_EQUATION_FRACTIONS,sim:SIM_LINEAR_EQUATIONS_AND_INEQUALITIES,fp:f1af59f0,tier:M1"
"SAT-MATH-41","41","MATH-41","400-800","MATH41-M1-Q03","MATH","1","base","3","Algebra","Linear Functions","ALG_LF_001","Interpret slope and intercept in a real-world linear model","Interpret slope and intercept in a real-world linear model","easy","1","multiple_choice","","A water tank contains 180 liters and is drained at a constant rate of 12 liters per minute. Which expression gives the amount of water, in liters, after t minutes?","12 - 180t","12t - 180","180 - 12t","180 + 12t","C","3","The initial amount is 180 and the amount decreases by 12 each minute, so the model is 180 - 12t.","60","none","{}","","","","","","interpret slope and intercept in a real-world linear model","","math,domain:Algebra,skill:ALG_LF_001,arch:MATH_ARCH_004_LINEAR_MODEL_INITIAL_RATE,sim:SIM_LINEAR_FUNCTIONS_AND_GRAPHS,fp:da230697,tier:M1"
"SAT-MATH-41","41","MATH-41","400-800","MATH41-M1-Q04","MATH","1","base","4","Algebra","Linear Functions","ALG_LF_002","Build a linear equation from a starting amount and constant rate","Build a linear equation from a starting amount and constant rate","easy","1","multiple_choice","","A membership costs a one-time fee of $35 plus $18 per month. Which equation gives the total cost C, in dollars, after m months?","C = 35m + 18","C = 53m","C = 35 + 18m","C = 18 + 35m","C","3","The fixed fee is the intercept 35 and the monthly rate is 18, giving C = 35 + 18m.","60","none","{}","","","","","","build a linear equation from a starting amount and constant rate","","math,domain:Algebra,skill:ALG_LF_002,arch:MATH_ARCH_005_LINEAR_MODEL_BUILD_FROM_CONTEXT,sim:SIM_LINEAR_FUNCTIONS_AND_GRAPHS,fp:0bf3e723,tier:M1"
"SAT-MATH-41","41","MATH-41","400-800","MATH41-M1-Q05","MATH","1","base","5","Algebra","Linear Functions","ALG_LF_004","Find slope from two coordinate points","Find slope from two coordinate points","easy","1","multiple_choice","","A line passes through (2, 7) and (8, 25). What is its slope?","4","3","2","6","B","2","The slope is (25 - 7)/(8 - 2) = 18/6 = 3.","60","none","{}","","","","","","find slope from two coordinate points","","math,domain:Algebra,skill:ALG_LF_004,arch:MATH_ARCH_007_LINEAR_GRAPH_SLOPE_FROM_POINTS,sim:SIM_LINEAR_FUNCTIONS_AND_GRAPHS,fp:51455394,tier:M1"
"SAT-MATH-41","41","MATH-41","400-800","MATH41-M1-Q06","MATH","1","base","6","Algebra","Linear Functions","ALG_LF_008","Find the x-intercept of a linear equation","Find the x-intercept of a linear equation","medium","1","student_response","","The line 4x + 5y = 40 crosses the x-axis at (a, 0). What is the value of a?","","","","","","","At the x-axis, y = 0. Then 4a = 40, so a = 10.","75","none","{}","","","integer","10","0","find the x-intercept of a linear equation","","math,domain:Algebra,skill:ALG_LF_008,arch:MATH_ARCH_011_LINEAR_X_INTERCEPT,sim:SIM_LINEAR_FUNCTIONS_AND_GRAPHS,fp:c1fce3f6,tier:M1"
"SAT-MATH-41","41","MATH-41","400-800","MATH41-M1-Q07","MATH","1","base","7","Algebra","Linear Equations","ALG_LE_004","Rearrange a formula to isolate a variable","Rearrange a formula to isolate a variable","medium","1","multiple_choice","","The formula P = 2L + 2W gives the perimeter of a rectangle. Which expression gives L in terms of P and W?","P - 2W","P/2 + W","(P - W)/2","(P - 2W)/2","D","4","Subtract 2W from both sides and divide by 2: L = (P - 2W)/2.","75","none","{}","","","","","","rearrange a formula to isolate a variable","","math,domain:Algebra,skill:ALG_LE_004,arch:MATH_ARCH_013_FORMULA_REARRANGE_SINGLE_VARIABLE,sim:SIM_LINEAR_EQUATIONS_AND_INEQUALITIES,fp:e3cfab64,tier:M1"
"SAT-MATH-41","41","MATH-41","400-800","MATH41-M1-Q08","MATH","1","base","8","Algebra","Linear Equations","ALG_LE_006","Solve a one-variable linear inequality, including sign reversal","Solve a one-variable linear inequality, including sign reversal","medium","1","multiple_choice","","Which inequality is equivalent to -3x + 8 > 20?","x < 4","x > -4","x < -4","x > 4","C","3","Subtract 8 to get -3x > 12. Dividing by -3 reverses the inequality, so x < -4.","75","none","{}","","","","","","solve a one-variable linear inequality, including sign reversal","","math,domain:Algebra,skill:ALG_LE_006,arch:MATH_ARCH_023_INEQUALITY_ONE_VARIABLE,sim:SIM_LINEAR_EQUATIONS_AND_INEQUALITIES,fp:c06a807f,tier:E1"
"SAT-MATH-41","41","MATH-41","400-800","MATH41-M1-Q09","MATH","1","base","9","Advanced Math","Nonlinear Functions","ADV_NF_002","Evaluate a function at a given input","Evaluate a function at a given input","medium","1","multiple_choice","","For f(x) = 2x^2 - 3x + 1, what is f(-2)?","11","7","15","3","C","3","Substituting -2 gives 2(4) - 3(-2) + 1 = 8 + 6 + 1 = 15.","75","none","{}","","","","","","evaluate a function at a given input","","math,domain:Advanced Math,skill:ADV_NF_002,arch:MATH_ARCH_063_FUNCTION_EVALUATE,sim:SIM_FUNCTION_NOTATION_AND_VALUES,fp:64cadb05,tier:M1"
"SAT-MATH-41","41","MATH-41","400-800","MATH41-M1-Q10","MATH","1","base","10","Advanced Math","Nonlinear Functions","ADV_NF_003","Interpret f(x) notation in a real-world relationship","Interpret f(x) notation in a real-world relationship","medium","1","student_response","","A delivery company models the cost, in dollars, of shipping a package of mass w kilograms by C(w) = 6 + 2.5w. What is C(8)?","","","","","","","C(8) = 6 + 2.5(8) = 6 + 20 = 26.","75","none","{}","","","integer","26","0","interpret f(x) notation in a real-world relationship","","math,domain:Advanced Math,skill:ADV_NF_003,arch:MATH_ARCH_064_FUNCTION_NOTATION_CONTEXT,sim:SIM_FUNCTION_NOTATION_AND_VALUES,fp:2ea77728,tier:M1"
"SAT-MATH-41","41","MATH-41","400-800","MATH41-M1-Q11","MATH","1","base","11","Advanced Math","Equivalent Expressions","ADV_EE_001","Simplify expression using exponent rules","Simplify expression using exponent rules","medium","1","student_response","","For nonzero x, the expression (x^7)(x^3)/x^5 equals x^n. What is n?","","","","","","","Add exponents when multiplying and subtract when dividing: n = 7 + 3 - 5 = 5.","75","none","{}","","","integer","5","0","simplify expression using exponent rules","","math,domain:Advanced Math,skill:ADV_EE_001,arch:MATH_ARCH_067_EXPONENT_RULES_SIMPLIFY,sim:SIM_EXPONENT_RADICALS,fp:59870291,tier:M1"
"SAT-MATH-41","41","MATH-41","400-800","MATH41-M1-Q12","MATH","1","base","12","Advanced Math","Equivalent Expressions","ADV_EE_002","Simplify radicals and rational exponents","Simplify radicals and rational exponents","medium","1","multiple_choice","","Which expression is equivalent to sqrt(72)?","8sqrt(2)","4sqrt(3)","3sqrt(8)","6sqrt(2)","D","4","Since 72 = 36·2, sqrt(72) = 6sqrt(2).","75","none","{}","","","","","","simplify radicals and rational exponents","","math,domain:Advanced Math,skill:ADV_EE_002,arch:MATH_ARCH_068_RADICAL_SIMPLIFY,sim:SIM_EXPONENT_RADICALS,fp:55b338e4,tier:M1"
"SAT-MATH-41","41","MATH-41","400-800","MATH41-M1-Q13","MATH","1","base","13","Advanced Math","Equivalent Expressions","ADV_EE_003","Expand polynomial products","Expand polynomial products","medium","1","multiple_choice","","Which expression is equivalent to (2x - 3)(x + 5)?","2x^2 + 13x - 15","2x^2 - 7x - 15","2x^2 + 7x + 15","2x^2 + 7x - 15","D","4","Expanding gives 2x^2 + 10x - 3x - 15 = 2x^2 + 7x - 15.","75","none","{}","","","","","","expand polynomial products","","math,domain:Advanced Math,skill:ADV_EE_003,arch:MATH_ARCH_070_POLYNOMIAL_EXPAND,sim:SIM_POLYNOMIAL_RATIONAL_EXPRESSIONS,fp:c0038cdf,tier:M1"
"SAT-MATH-41","41","MATH-41","400-800","MATH41-M1-Q14","MATH","1","base","14","Advanced Math","Equivalent Expressions","ADV_EE_006","Evaluate powers of i","Evaluate powers of i","hard","1","multiple_choice","","What is the value of i^23?","1","-i","i","-1","B","2","Powers of i repeat every 4. Since 23 has remainder 3 when divided by 4, i^23 = i^3 = -i.","95","none","{}","","","","","","evaluate powers of i","","math,domain:Advanced Math,skill:ADV_EE_006,arch:MATH_ARCH_081_COMPLEX_POWERS_I,sim:SIM_COMPLEX_NUMBERS,fp:5fd89735,tier:M1"
"SAT-MATH-41","41","MATH-41","400-800","MATH41-M1-Q15","MATH","1","base","15","Advanced Math","Equivalent Expressions","ADV_EE_007","Add, subtract, or multiply complex numbers","Add, subtract, or multiply complex numbers","hard","1","multiple_choice","","What is (3 + 2i)(4 - i)?","10 - 11i","10 + 5i","14 - 5i","14 + 5i","D","4","Multiplying gives 12 - 3i + 8i - 2i^2 = 14 + 5i.","95","none","{}","","","","","","add, subtract, or multiply complex numbers","","math,domain:Advanced Math,skill:ADV_EE_007,arch:MATH_ARCH_082_COMPLEX_ARITHMETIC,sim:SIM_COMPLEX_NUMBERS,fp:e21b2c87,tier:M1"
"SAT-MATH-41","41","MATH-41","400-800","MATH41-M1-Q16","MATH","1","base","16","Problem-Solving and Data Analysis","Ratios Rates and Proportions","PSD_RRP_001","Convert part-to-part ratio into part-to-whole fraction","Convert part-to-part ratio into part-to-whole fraction","hard","1","student_response","","In a box, the ratio of red marbles to blue marbles is 3:5. What fraction of the marbles are red?","","","","","","","There are 3 + 5 = 8 equal parts in all, and 3 are red, so the fraction is 3/8.","95","none","{}","","","fraction","3/8","0","convert part-to-part ratio into part-to-whole fraction","","math,domain:Problem-Solving and Data Analysis,skill:PSD_RRP_001,arch:MATH_ARCH_032_RATIO_PART_TO_WHOLE,sim:SIM_RATIOS_RATES_PROPORTIONS,fp:8bc824bd,tier:M1"
"SAT-MATH-41","41","MATH-41","400-800","MATH41-M1-Q17","MATH","1","base","17","Problem-Solving and Data Analysis","Ratios Rates and Proportions","PSD_RRP_007","Convert units using one conversion factor","Convert units using one conversion factor","hard","1","multiple_choice","","A hiking trail is 3.5 miles long. Using 1 mile = 1.6 kilometers, what is the trail length in kilometers?","5.1","2.19","5.6","4.6","C","3","Multiply by the conversion factor: 3.5 × 1.6 = 5.6 kilometers.","95","none","{}","","","","","","convert units using one conversion factor","","math,domain:Problem-Solving and Data Analysis,skill:PSD_RRP_007,arch:MATH_ARCH_038_UNIT_CONVERSION_SINGLE,sim:SIM_RATIOS_RATES_PROPORTIONS,fp:d7856261,tier:M1"
"SAT-MATH-41","41","MATH-41","400-800","MATH41-M1-Q18","MATH","1","base","18","Problem-Solving and Data Analysis","Percentages","PSD_PCT_001","Compute a percent of a whole or identify percent from part/whole","Compute a percent of a whole or identify percent from part/whole","hard","1","multiple_choice","","A store sold 45 of its 180 notebooks. What percent of the notebooks were sold?","20%","25%","40%","35%","B","2","45/180 = 1/4 = 25%.","95","none","{}","","","","","","compute a percent of a whole or identify percent from part/whole","","math,domain:Problem-Solving and Data Analysis,skill:PSD_PCT_001,arch:MATH_ARCH_042_PERCENT_OF_WHOLE,sim:SIM_PERCENT_RELATIONSHIPS,fp:b8823d3e,tier:M1"
"SAT-MATH-41","41","MATH-41","400-800","MATH41-M1-Q19","MATH","1","base","19","Problem-Solving and Data Analysis","Probability","PSD_PROB_001","Compute probability from a two-way table with correct denominator","Compute probability from a two-way table with correct denominator","hard","1","multiple_choice","","The table summarizes how 80 students travel to school. If one student is selected at random, what is the probability that the student is in grade 12 and uses the bus?","1/2","3/8","3/4","27/40","B","2","The relevant count is 30 out of 80 students, so the probability is 30/80 = 3/8.","95","table","{}","| | Uses bus | Does not use bus | Total |\n|---|---:|---:|---:|\n| Grade 11 | 24 | 16 | 40 |\n| Grade 12 | 30 | 10 | 40 |\n| Total | 54 | 26 | 80 |","","","","","compute probability from a two-way table with correct denominator","","math,domain:Problem-Solving and Data Analysis,skill:PSD_PROB_001,arch:MATH_ARCH_049_TWO_WAY_TABLE_PROBABILITY,sim:SIM_PROBABILITY_TABLES,fp:3e02cf90,tier:M2"
"SAT-MATH-41","41","MATH-41","400-800","MATH41-M1-Q20","MATH","1","base","20","Geometry and Trigonometry","Triangles","GEO_TRI_001","Use angle relationships with parallel lines and transversal","Use angle relationships with parallel lines and transversal","hard","1","multiple_choice","","Two parallel lines are cut by a transversal. One acute angle measures 68°. What is the measure of any obtuse angle formed?","112","122","102","68","A","1","Adjacent angles are supplementary, so each obtuse angle measures 180 - 68 = 112 degrees.","95","none","{}","","","","","","use angle relationships with parallel lines and transversal","","math,domain:Geometry and Trigonometry,skill:GEO_TRI_001,arch:MATH_ARCH_084_ANGLE_PAIRS_PARALLEL_LINES,sim:SIM_PARALLEL_LINES_ANGLES,fp:45dd63be,tier:E1"
"SAT-MATH-41","41","MATH-41","400-800","MATH41-M1-Q21","MATH","1","base","21","Geometry and Trigonometry","Triangles","GEO_TRI_003","Use Pythagorean theorem in right triangle","Use Pythagorean theorem in right triangle","hard","1","multiple_choice","","In right triangle ABC, angle C is a right angle, AC = 9, and BC = 12. What is AB?","15","18","7","21","A","1","By the Pythagorean theorem, AB = sqrt(9^2 + 12^2) = sqrt(225) = 15.","95","right_triangle","{""diagram_type"":""right_triangle"",""render_mode"":""exact_to_scale"",""not_to_scale"":false,""vertices"":[""A"",""B"",""C""],""right_angle_at"":""C"",""side_labels"":{""AC"":""9"",""BC"":""12"",""AB"":""x""},""angle_labels"":{},""target"":""AB"",""coordinates"":{""A"":[0,0],""C"":[9,0],""B"":[9,12]}}","","","","","","use Pythagorean theorem in right triangle","","math,domain:Geometry and Trigonometry,skill:GEO_TRI_003,arch:MATH_ARCH_086_PYTHAGOREAN_THEOREM,sim:SIM_RIGHT_TRIANGLE_PYTHAGOREAN,fp:ec215cef,tier:M1"
"SAT-MATH-41","41","MATH-41","400-800","MATH41-M1-Q22","MATH","1","base","22","Geometry and Trigonometry","Trigonometry","GEO_TRIG_001","Convert between degrees and radians","Convert between degrees and radians","hard","1","multiple_choice","","Which angle measure in radians is equivalent to 150°?","5pi/3","4pi/5","5pi/6","3pi/4","C","3","Multiply by pi/180: 150(pi/180) = 5pi/6.","95","none","{}","","","","","","convert between degrees and radians","","math,domain:Geometry and Trigonometry,skill:GEO_TRIG_001,arch:MATH_ARCH_095_RADIAN_DEGREE_CONVERSION,sim:SIM_ANGLE_UNIT_CONVERSION,fp:b6371aa2,tier:E1"
"SAT-MATH-41","41","MATH-41","400-800","MATH41-M2-Q01","MATH","2","hard","1","Algebra","Linear Functions","ALG_LF_003","Solve for input when a linear model reaches a target value","Solve for input when a linear model reaches a target value","medium","1","multiple_choice","","A laboratory sample cools according to T(t) = 92 - 3.5t, where T is in degrees Celsius and t is in minutes. After how many minutes will the sample reach 43°C?","12","16","13","14","D","4","Set 92 - 3.5t = 43. Then 3.5t = 49, so t = 14.","75","none","{}","","","","","","solve for input when a linear model reaches a target value","","math,domain:Algebra,skill:ALG_LF_003,arch:MATH_ARCH_006_LINEAR_MODEL_SOLVE_TARGET,sim:SIM_LINEAR_FUNCTIONS_AND_GRAPHS,fp:0371f482,tier:M2"
"SAT-MATH-41","41","MATH-41","400-800","MATH41-M2-Q02","MATH","2","hard","2","Algebra","Linear Functions","ALG_LF_006","Write the equation of a line through two points","Write the equation of a line through two points","medium","1","multiple_choice","","Which equation represents the line through (-3, 11) and (5, -5)?","y = -x + 8","y = -2x - 5","y = 2x + 5","y = -2x + 5","D","4","The slope is (-5 - 11)/(5 - (-3)) = -16/8 = -2. Using (-3,11), 11 = 6 + b, so b = 5.","75","none","{}","","","","","","write the equation of a line through two points","","math,domain:Algebra,skill:ALG_LF_006,arch:MATH_ARCH_009_LINEAR_GRAPH_EQUATION_FROM_POINTS,sim:SIM_LINEAR_FUNCTIONS_AND_GRAPHS,fp:a6e325d4,tier:M2"
"SAT-MATH-41","41","MATH-41","400-800","MATH41-M2-Q03","MATH","2","hard","3","Algebra","Systems of Equations","ALG_SYS_002","Solve a 2x2 linear system by elimination","Solve a 2x2 linear system by elimination","medium","1","student_response","","The system 3x + 2y = 19 and 5x - 2y = 13 has solution (x, y). What is the value of x?","","","","","","","Adding the equations gives 8x = 32, so x = 4.","75","none","{}","","","integer","4","0","solve a 2x2 linear system by elimination","","math,domain:Algebra,skill:ALG_SYS_002,arch:MATH_ARCH_016_SYSTEM_SOLVE_ELIMINATION,sim:SIM_LINEAR_SYSTEMS,fp:5e73cfcd,tier:M2"
"SAT-MATH-41","41","MATH-41","400-800","MATH41-M2-Q04","MATH","2","hard","4","Algebra","Systems of Equations","ALG_SYS_004","Combine equations to solve directly for x+y or a linear combination","Combine equations to solve directly for x+y or a linear combination","medium","1","multiple_choice","","For the system 4x + 7y = 26 and 6x - 7y = 4, what is the value of x + y?","3","5","6","4","B","2","Adding the equations gives 10x = 30, so x = 3. Substituting gives 12 + 7y = 26, so y = 2 and x + y = 5.","75","none","{}","","","","","","combine equations to solve directly for x+y or a linear combination","","math,domain:Algebra,skill:ALG_SYS_004,arch:MATH_ARCH_018_SYSTEM_SUM_DIRECT,sim:SIM_LINEAR_SYSTEMS,fp:2a50e2a1,tier:H2"
"SAT-MATH-41","41","MATH-41","400-800","MATH41-M2-Q05","MATH","2","hard","5","Algebra","Systems of Equations","ALG_SYS_006","Find parameter value that makes two linear equations parallel","Find parameter value that makes two linear equations parallel","hard","1","multiple_choice","","For what value of k does the system 3x + 6y = 12 and kx + 10y = 25 have no solution?","k = 6","k = 2","k = 5","k = 15/2","C","3","For parallel lines, the x- and y-coefficient ratios must match: k/3 = 10/6, so k = 5. The constants are not in that ratio, so the lines are distinct and parallel.","95","none","{}","","","","","","find parameter value that makes two linear equations parallel","","math,domain:Algebra,skill:ALG_SYS_006,arch:MATH_ARCH_020_SYSTEM_NO_SOLUTION_PARAMETER,sim:SIM_LINEAR_SYSTEMS,fp:1dd7a1ec,tier:H3"
"SAT-MATH-41","41","MATH-41","400-800","MATH41-M2-Q06","MATH","2","hard","6","Algebra","Systems of Equations","ALG_SYS_007","Find parameter value that makes two equations equivalent","Find parameter value that makes two equations equivalent","hard","1","multiple_choice","","For what value of p do the equations 4x - 6y = 14 and px - 15y = 35 represent the same line?","p = 10","p = 12","p = 8","p = 14","A","1","The second equation must be 2.5 times the first. Thus p = 2.5(4) = 10; the other coefficients and constants also match this factor.","95","none","{}","","","","","","find parameter value that makes two equations equivalent","","math,domain:Algebra,skill:ALG_SYS_007,arch:MATH_ARCH_021_SYSTEM_INFINITE_SOLUTIONS_PARAMETER,sim:SIM_LINEAR_SYSTEMS,fp:491c836d,tier:H3"
"SAT-MATH-41","41","MATH-41","400-800","MATH41-M2-Q07","MATH","2","hard","7","Algebra","Systems of Equations","ALG_SYS_010","Translate multi-constraint budget/resource situation into inequalities","Translate multi-constraint budget/resource situation into inequalities","hard","1","multiple_choice","","A workshop makes stools and benches. Each stool uses 2 hours of labor and 3 boards; each bench uses 5 hours and 4 boards. At most 40 labor hours and 36 boards are available. If s and b are nonnegative integers, which system models the possible numbers of stools and benches?","2s + 5b <= 40 and 3s + 4b <= 36","3s + 4b <= 40 and 2s + 5b <= 36","2s + 3b <= 40 and 5s + 4b <= 36","2s + 5b >= 40 and 3s + 4b >= 36","A","1","Labor gives 2s + 5b <= 40, and boards give 3s + 4b <= 36. Both variables must be nonnegative integers.","95","none","{}","","","","","","translate multi-constraint budget/resource situation into inequalities","","math,domain:Algebra,skill:ALG_SYS_010,arch:MATH_ARCH_030_BUDGET_SYSTEM_INEQUALITIES,sim:SIM_LINEAR_SYSTEMS,fp:f632781a,tier:H2"
"SAT-MATH-41","41","MATH-41","400-800","MATH41-M2-Q08","MATH","2","hard","8","Advanced Math","Nonlinear Functions","ADV_NF_004","Evaluate nested or composed functions","Evaluate nested or composed functions","hard","1","multiple_choice","","Let f(x) = x^2 - 4x and g(x) = 2x + 3. What is f(g(-1))?","3","-5","-3","-1","C","3","First, g(-1) = 1. Then f(1) = 1 - 4 = -3.","95","none","{}","","","","","","evaluate nested or composed functions","","math,domain:Advanced Math,skill:ADV_NF_004,arch:MATH_ARCH_065_FUNCTION_COMPOSITION,sim:SIM_FUNCTION_NOTATION_AND_VALUES,fp:867aea98,tier:H2"
"SAT-MATH-41","41","MATH-41","400-800","MATH41-M2-Q09","MATH","2","hard","9","Advanced Math","Nonlinear Functions","ADV_NF_006","Solve radical equation and check extraneous solution","Solve radical equation and check extraneous solution","hard","1","multiple_choice","","What is the solution to sqrt(x + 5) = x - 1?","-1","4","5","1","B","2","The right side requires x >= 1. Squaring gives x + 5 = x^2 - 2x + 1, or x^2 - 3x - 4 = 0, so x = 4 or -1. Only x = 4 satisfies the original equation.","95","none","{}","","","","","","solve radical equation and check extraneous solution","","math,domain:Advanced Math,skill:ADV_NF_006,arch:MATH_ARCH_069_RADICAL_EQUATION_EXTRANEOUS,sim:SIM_EXPONENT_RADICALS,fp:4ba35f37,tier:H3"
"SAT-MATH-41","41","MATH-41","400-800","MATH41-M2-Q10","MATH","2","hard","10","Advanced Math","Nonlinear Functions","ADV_NF_007","Solve rational equation and reject excluded values","Solve rational equation and reject excluded values","hard","1","multiple_choice","","The equation 1/(x - 1) + 1/(x + 1) = 1 has two real solutions. What is the greater solution?","-1 + sqrt(2)","1 - sqrt(2)","-1 - sqrt(2)","1 + sqrt(2)","D","4","Multiplying by (x - 1)(x + 1) gives 2x = x^2 - 1, so x^2 - 2x - 1 = 0. Thus x = 1 ± sqrt(2), and the greater solution is 1 + sqrt(2).","95","none","{}","","","","","","solve rational equation and reject excluded values","","math,domain:Advanced Math,skill:ADV_NF_007,arch:MATH_ARCH_073_RATIONAL_EQUATION_SOLVE,sim:SIM_RATIONAL_EQUATIONS,fp:a632344c,tier:H3"
"SAT-MATH-41","41","MATH-41","400-800","MATH41-M2-Q11","MATH","2","hard","11","Advanced Math","Nonlinear Functions","ADV_NF_008","Model exponential growth or decay","Model exponential growth or decay","hard","1","multiple_choice","","A culture starts with 800 cells and grows by 25% every 3 hours. Which expression gives the number of cells after h hours?","800(1.25)^(h/3)","800 + 1.25(h/3)","800(0.75)^(h/3)","800(1.25)^(3h)","A","1","Each 3-hour period multiplies the population by 1.25. There are h/3 such periods, so the model is 800(1.25)^(h/3).","95","none","{}","","","","","","model exponential growth or decay","","math,domain:Advanced Math,skill:ADV_NF_008,arch:MATH_ARCH_074_EXPONENTIAL_GROWTH_DECAY,sim:SIM_EXPONENTIAL_MODELS,fp:7c44b003,tier:H3"
"SAT-MATH-41","41","MATH-41","400-800","MATH41-M2-Q12","MATH","2","hard","12","Advanced Math","Nonlinear Functions","ADV_NF_011","Complete the square to find vertex or solve","Complete the square to find vertex or solve","hard","1","multiple_choice","","The expression x^2 - 12x + 20 can be written as (x - a)^2 + b. What is a + b?","20","-28","-16","-10","D","4","Completing the square gives x^2 - 12x + 20 = (x - 6)^2 - 16. Thus a = 6 and b = -16, so a + b = -10.","95","none","{}","","","","","","complete the square to find vertex or solve","","math,domain:Advanced Math,skill:ADV_NF_011,arch:MATH_ARCH_077_QUADRATIC_COMPLETE_SQUARE,sim:SIM_QUADRATIC_FEATURES,fp:bac4b3c8,tier:H3"
"SAT-MATH-41","41","MATH-41","400-800","MATH41-M2-Q13","MATH","2","hard","13","Advanced Math","Nonlinear Functions","ADV_NF_012","Interpret vertex form of a quadratic function","Interpret vertex form of a quadratic function","hard","1","multiple_choice","","The quadratic function f(x) = 2(x - 3)^2 - 8 has a minimum value of -8. For which value of x is this minimum attained?","2","-3","3","8","C","3","Because the coefficient of the squared term is positive, the vertex is the minimum. In vertex form, the vertex is (3, -8), so x = 3.","95","none","{}","","","","","","interpret vertex form of a quadratic function","","math,domain:Advanced Math,skill:ADV_NF_012,arch:MATH_ARCH_078_QUADRATIC_VERTEX_FORM,sim:SIM_QUADRATIC_FEATURES,fp:5f5c4f4f,tier:H3"
"SAT-MATH-41","41","MATH-41","400-800","MATH41-M2-Q14","MATH","2","hard","14","Advanced Math","Nonlinear Functions","ADV_NF_014","Use discriminant to determine number/type of solutions","Use discriminant to determine number/type of solutions","hard","1","student_response","","For what value of k does the equation x^2 - 8x + k = 0 have exactly one real solution?","","","","","","","Exactly one real solution occurs when the discriminant is 0: (-8)^2 - 4(1)(k) = 0, so 64 - 4k = 0 and k = 16.","95","none","{}","","","integer","16","0","use discriminant to determine number/type of solutions","","math,domain:Advanced Math,skill:ADV_NF_014,arch:MATH_ARCH_080_QUADRATIC_DISCRIMINANT,sim:SIM_QUADRATIC_SOLVING,fp:25b04850,tier:H3"
"SAT-MATH-41","41","MATH-41","400-800","MATH41-M2-Q15","MATH","2","hard","15","Advanced Math","Nonlinear Functions","ADV_NF_001","Determine parameters for a line and parabola system with two real solutions","Determine parameters for a line and parabola system with two real solutions","hard","1","multiple_choice","","For which value of m does the line y = mx + 1 intersect the parabola y = x^2 - 3x + 5 at exactly one point?","m = 3","m = 1","m = 5","m = -1","B","2","Setting the equations equal gives x^2 - (m + 3)x + 4 = 0. Exactly one intersection requires discriminant 0: (m + 3)^2 - 16 = 0, so m = 1 or m = -7. Of the choices, only m = 1 works.","95","none","{}","","","","","","determine parameters for a line and parabola system with two real solutions","","math,domain:Advanced Math,skill:ADV_NF_001,arch:MATH_ARCH_022_SYSTEM_QUADRATIC_LINE_TWO_SOLUTIONS,sim:SIM_QUADRATIC_SOLVING,fp:5f98aa80,tier:H3"
"SAT-MATH-41","41","MATH-41","400-800","MATH41-M2-Q16","MATH","2","hard","16","Problem-Solving and Data Analysis","Ratios Rates and Proportions","PSD_RRP_008","Convert units through multiple conversion factors","Convert units through multiple conversion factors","hard","1","multiple_choice","","A pump moves 2.4 cubic meters of water per hour. Using 1 cubic meter = 1,000 liters, what is the rate in liters per minute?","24","60","144","40","D","4","Convert 2.4 cubic meters to 2,400 liters, then divide by 60 minutes: 2,400/60 = 40 liters per minute.","95","none","{}","","","","","","convert units through multiple conversion factors","","math,domain:Problem-Solving and Data Analysis,skill:PSD_RRP_008,arch:MATH_ARCH_039_UNIT_CONVERSION_CHAIN,sim:SIM_RATIOS_RATES_PROPORTIONS,fp:07c5a1f2,tier:H2"
"SAT-MATH-41","41","MATH-41","400-800","MATH41-M2-Q17","MATH","2","hard","17","Problem-Solving and Data Analysis","Probability","PSD_PROB_002","Compute conditional probability from a table subset","Compute conditional probability from a table subset","hard","1","multiple_choice","","The table summarizes course completion for 120 members. If a premium member is selected at random, what is the probability that the member completed the course?","9/10","9/20","3/4","4/5","A","1","Conditioning on premium membership gives a denominator of 60. Of those members, 54 completed the course, so the probability is 54/60 = 9/10.","95","table","{}","| Membership | Completed course | Did not complete | Total |\n|---|---:|---:|---:|\n| Standard | 42 | 18 | 60 |\n| Premium | 54 | 6 | 60 |\n| Total | 96 | 24 | 120 |","","","","","compute conditional probability from a table subset","","math,domain:Problem-Solving and Data Analysis,skill:PSD_PROB_002,arch:MATH_ARCH_050_CONDITIONAL_PROBABILITY_TABLE,sim:SIM_PROBABILITY_TABLES,fp:13ceac05,tier:H3"
"SAT-MATH-41","41","MATH-41","400-800","MATH41-M2-Q18","MATH","2","hard","18","Problem-Solving and Data Analysis","Ratios Rates and Proportions","PSD_RRP_010","Solve weighted average mixture with two components","Solve weighted average mixture with two components","hard","1","multiple_choice","","A chemist mixes a 20% solution with a 50% solution to make 18 liters of a 35% solution. How many liters of the 50% solution are used?","9","12","6","7.5","A","1","Let x be the liters of 50% solution. Then 0.50x + 0.20(18 - x) = 0.35(18). Solving gives 0.30x = 2.7, so x = 9.","95","none","{}","","","","","","solve weighted average mixture with two components","","math,domain:Problem-Solving and Data Analysis,skill:PSD_RRP_010,arch:MATH_ARCH_047_WEIGHTED_AVERAGE_MIXTURE,sim:SIM_WEIGHTED_AVERAGE_MIXTURE,fp:8dc69bea,tier:H2"
"SAT-MATH-41","41","MATH-41","400-800","MATH41-M2-Q19","MATH","2","hard","19","Geometry and Trigonometry","Triangles","GEO_TRI_004","Use 30-60-90 or 45-45-90 triangle ratios","Use 30-60-90 or 45-45-90 triangle ratios","hard","1","multiple_choice","","In right triangle PQR, angle R is 90°, angle Q is 30°, and hypotenuse PQ is 12. What is QR?","4sqrt(3)","6sqrt(3)","6","12sqrt(3)","B","2","In a 30-60-90 triangle with hypotenuse 12, the short leg is 6 and the long leg, opposite 60°, is 6sqrt(3).","95","right_triangle","{""diagram_type"":""right_triangle"",""render_mode"":""exact_to_scale"",""not_to_scale"":false,""vertices"":[""P"",""Q"",""R""],""right_angle_at"":""R"",""side_labels"":{""PR"":""6"",""PQ"":""12"",""QR"":""x""},""angle_labels"":{""P"":""60\u00b0"",""Q"":""30\u00b0""},""target"":""QR"",""coordinates"":{""R"":[0,0],""P"":[6,0],""Q"":[0,10.392304845]}}","","","","","","use 30-60-90 or 45-45-90 triangle ratios","","math,domain:Geometry and Trigonometry,skill:GEO_TRI_004,arch:MATH_ARCH_087_SPECIAL_RIGHT_TRIANGLES,sim:SIM_SPECIAL_RIGHT_TRIANGLES,fp:25e0d10e,tier:H3"
"SAT-MATH-41","41","MATH-41","400-800","MATH41-M2-Q20","MATH","2","hard","20","Geometry and Trigonometry","Triangles","GEO_TRI_006","Use similar triangles and scale factors","Use similar triangles and scale factors","hard","1","multiple_choice","","Triangles ABC and DEF are similar with A corresponding to D, B to E, and C to F. If AB = 8, BC = 12, and DE = 14, what is EF?","28","21","24","18","B","2","The scale factor from ABC to DEF is 14/8 = 7/4. Therefore EF = 12(7/4) = 21.","95","triangle","{""diagram_type"":""similar_triangles"",""render_mode"":""near_to_scale"",""not_to_scale"":true,""triangles"":[{""triangle_id"":""ABC"",""vertices"":[""A"",""B"",""C""],""side_labels"":{""AB"":""8"",""BC"":""12"",""AC"":""10""},""angle_labels"":{}},{""triangle_id"":""DEF"",""vertices"":[""D"",""E"",""F""],""side_labels"":{""DE"":""14"",""EF"":""x"",""DF"":""17.5""},""angle_labels"":{}}],""correspondence"":{""A"":""D"",""B"":""E"",""C"":""F""},""target"":""EF""}","","","","","","use similar triangles and scale factors","","math,domain:Geometry and Trigonometry,skill:GEO_TRI_006,arch:MATH_ARCH_089_SIMILAR_TRIANGLES_SCALE,sim:SIM_SIMILAR_TRIANGLES,fp:11a2e6fa,tier:H3"
"SAT-MATH-41","41","MATH-41","400-800","MATH41-M2-Q21","MATH","2","hard","21","Geometry and Trigonometry","Trigonometry","GEO_TRIG_004","Use benchmark unit-circle values","Use benchmark unit-circle values","hard","1","multiple_choice","","If theta is in quadrant II and cos(theta) = -1/2, what is sin(theta)?","sqrt(3)/2","-1/2","1/2","-sqrt(3)/2","A","1","The reference angle is 60°. Sine is positive in quadrant II, so sin(theta) = sqrt(3)/2.","95","none","{}","","","","","","use benchmark unit-circle values","","math,domain:Geometry and Trigonometry,skill:GEO_TRIG_004,arch:MATH_ARCH_098_UNIT_CIRCLE_BENCHMARK,sim:SIM_TRIGONOMETRY_RELATIONSHIPS,fp:a8780294,tier:H3"
"SAT-MATH-41","41","MATH-41","400-800","MATH41-M2-Q22","MATH","2","hard","22","Geometry and Trigonometry","Area","GEO_AREA_001","Compute surface area of prism/cylinder or composite solid","Compute surface area of prism/cylinder or composite solid","hard","1","multiple_choice","","A closed cylinder has radius 4 cm and height 9 cm. What is its total surface area, in square centimeters?","104pi","72pi","88pi","144pi","A","1","Total surface area is 2pi r^2 + 2pi rh = 2pi(16) + 2pi(4)(9) = 32pi + 72pi = 104pi.","95","none","{}","","","","","","compute surface area of prism/cylinder or composite solid","","math,domain:Geometry and Trigonometry,skill:GEO_AREA_001,arch:MATH_ARCH_100_SOLID_SURFACE_AREA,sim:SIM_SOLID_MEASUREMENT,fp:086f4e85,tier:H3"
