"test_id","exam_version","generation_batch_id","target_score_band","question_id","section","module","route","question_number","content_domain","skill_group","skill_code","skill_label","question_topic","difficulty","scoring_weight","question_type","passage","question","choice_a","choice_b","choice_c","choice_d","correct_answer","correct_choice_index","explanation","time_estimate_sec","visual_type","visual_json","table_markdown","equation_latex","student_response_type","correct_numeric_answer","answer_tolerance","primary_skill","secondary_skill","tags"
"SAT_RW_1","rw_split_v9","RW_1_FRONT","base","RW1_M1_Q01","RW","1","base","1","Craft and Structure","Words in Context","RW_WIC_002","Determine meaning or function of a word/phrase in context","contextual meaning of yielded","Easy","1","multiple_choice","At a ridge in central Anatolia, archaeologists found clay deposits whose mineral profile closely matched pottery from two settlements twenty kilometers apart. Earlier researchers had treated the match as evidence that finished vessels moved between the towns. A new team tested that interpretation by comparing tiny inclusions within the clay. Pots from the eastern settlement contained crushed shell, while those from the western settlement contained fine mica added after extraction. Firing marks also differed between the two groups. When the team combined these observations with survey data from the ridge, the evidence yielded a different possibility. Potters from both communities may have collected raw clay at the same source and then prepared it locally. The mineral match alone therefore cannot identify where a vessel was shaped or fired. The researchers are now examining tools found near the clay pits to learn whether people processed material there before carrying it back to their settlements.","As used in the text, what does ""yielded"" most nearly mean?","produced","surrendered","narrowed","recorded","A","1","In context, the combined evidence produced a new possible interpretation of the pottery. ""Surrendered,"" ""narrowed,"" and ""recorded"" do not describe what the evidence did.","75","none","{}","","","","","","Words in Context","","rw,passage:R063,arch:RW_WIC_002,sim:rw_words_in_context_purpose_sentence,surf:SURF_RW_WIC_002,wic,wic_arch:WIC_DIRECT_MEANING_01,family:direct_meaning,target:yielded,hard_vocab,vocab:HV_004,tier:V3,fp:8e5567461bc1,stem:d3c428b42f7e,choicesig:d9baf47bf58b,anslogic:a262a90f56b5,distlogic:2fe80bd2b4d4,profile:D1"
"SAT_RW_1","rw_split_v9","RW_1_FRONT","base","RW1_M1_Q02","RW","1","base","2","Craft and Structure","Words in Context","RW_WIC_007","Determine meaning or function of a word/phrase in context","scope of causal attribution","Medium","1","multiple_choice","A transit agency studying a crowded subway platform tested whether painted waiting zones could reduce bunching near train doors. During the first week, riders queued without markings; during the second, bright rectangles indicated where doors would open. Overhead cameras showed that passengers spread farther along the platform when the rectangles were present, and boarding finished several seconds faster on average. Yet the improvement was uneven. At the platform’s busiest staircase, late-arriving riders still formed a dense cluster that blocked others from moving toward emptier zones. The agency’s report therefore describes the markings as largely responsible for the smoother boarding pattern rather than as a complete solution to crowding. Staff members later added signs directing riders away from the staircase, but that change occurred after the camera study ended. Because the two interventions were not tested together, the report limits its claim to the effect observed when only the painted zones changed.","Which choice best describes the function of the word ""largely"" in the transit agency’s report?","It presents the painted zones as the only change capable of reducing crowding anywhere on the platform.","It limits the agency’s attribution by indicating that the painted zones explain much, but not all, of the smoother boarding pattern.","It shifts the report’s focus from boarding speed to the visual appearance of the platform markings.","It establishes that the later directional signs were tested at the same time as the painted waiting zones.","B","2","The report says the markings were largely responsible and immediately distinguishes that claim from a complete explanation. The other choices overstate the claim, misidentify the focus, or contradict the study sequence.","75","none","{}","","","","","","Words in Context","","rw,passage:R009,arch:RW_WIC_007,sim:rw_words_in_context_verb_pronoun_agreement,surf:SURF_RW_WIC_007,wic,wic_arch:WIC_CLAIM_FUNCTION_01,family:claim_function,target:largely,fp:e68b09620c4f,stem:44a2f7d718da,choicesig:028688d319b0,anslogic:7cbfd5675ef8,distlogic:09d2ccd62fe4,profile:D2"
"SAT_RW_1","rw_split_v9","RW_1_FRONT","base","RW1_M1_Q03","RW","1","base","3","Craft and Structure","Words in Context","RW_WIC_008","Determine meaning or function of a word/phrase in context","precision of evidentiary relation","Medium","1","multiple_choice","To plan street-tree planting, a city forestry team compared summer temperatures on blocks with similar building heights but different amounts of canopy. Sensors beneath mature trees often recorded cooler afternoon air than sensors on nearby treeless blocks. The difference was not constant, however. After windy nights, temperatures across the paired blocks converged, and on narrow streets some shaded sensors remained warm because heat stored in masonry was released after sunset. The team therefore argues that its measurements reflect both canopy cover and the physical form of each street, not canopy alone. That distinction affects how the city interprets a single cool reading beneath a tree. A low temperature may be associated with shade, airflow, wall orientation, or several conditions acting together. The next phase of the project will place wind sensors beside the thermometers so that planners can distinguish cooling linked to moving air from cooling that occurs where foliage blocks direct sunlight.","Which choice best explains what the word ""reflect"" contributes to the forestry team’s claim?","It treats the temperature readings as exact copies of conditions recorded on every street in the city.","It indicates that the team considers wall orientation irrelevant once mature trees are present.","It presents the temperature readings as outcomes shaped by multiple local conditions rather than as direct measures of canopy effects alone.","It implies that the temperature sensors were used mainly to verify the accuracy of the wind sensors.","C","3","The passage says the measurements reflect both canopy cover and street form, so the verb links the readings to several contributing local conditions. The other choices conflict with the study’s qualifications or with the timing of the planned wind measurements.","75","none","{}","","","","","","Words in Context","","rw,passage:R051,arch:RW_WIC_008,sim:rw_words_in_context_paired_text_relation,surf:SURF_RW_WIC_008,wic,wic_arch:WIC_PRECISION_EFFECT_01,family:precision_effect,target:reflect,hard_vocab,vocab:HV_014,tier:V3,fp:ef53fa500896,stem:0f927dad85d5,choicesig:ce69d09ad7f9,anslogic:a7a97f18897b,distlogic:c2476bc3b773,profile:D2"
"SAT_RW_1","rw_split_v9","RW_1_FRONT","base","RW1_M1_Q04","RW","1","base","4","Craft and Structure","Text Structure and Purpose","RW_TSP_001","Analyze structure or purpose","purpose of an unexpected case","Easy","1","multiple_choice","Marine biologists measuring underwater noise near a busy harbor expected the loudest periods to coincide with the largest ships. Their recorders did capture powerful low-frequency sound when cargo vessels passed, but a different source dominated several shallow coves: small recreational boats moving repeatedly between docks. The researchers next compared the sound records with observations of juvenile fish. Fish altered their schooling direction more often during bursts of rapid engine noise than during the longer, steadier hum from distant ships. The study does not establish that one kind of vessel is more harmful overall, because the boats differed in duration, distance, and frequency of passage. Instead, it separates sound intensity from sound pattern and argues that both deserve attention. By moving from an expected source of noise to an overlooked one, then comparing how fish behaved under each pattern, the study broadens what harbor managers may need to measure when assessing acoustic habitat quality.","Why does the text discuss the shallow coves where small recreational boats dominated the sound record?","To show that cargo ships were absent from the harbor during the researchers’ observations.","To establish that juvenile fish avoid every cove used by recreational boats.","To explain why the researchers replaced underwater recordings with visual observations of vessel traffic.","To introduce an overlooked source of noise that leads the researchers to distinguish sound pattern from sound intensity.","D","4","The cove observations complicate the initial expectation that large ships would dominate noise and motivate the later distinction between intensity and pattern. The other choices state claims the passage does not make.","75","none","{}","","","","","","Text Structure and Purpose","","rw,passage:R021,arch:RW_TSP_001,sim:rw_text_structure_and_purpose_purpose_sentence,surf:SURF_RW_TSP_001,fp:a9c2becb6900,stem:03211b690c76,choicesig:1a5f719fbaa3,anslogic:5ad0940f9b09,distlogic:cc760ddf0bb2,profile:D1"
"SAT_RW_1","rw_split_v9","RW_1_FRONT","base","RW1_M1_Q05","RW","1","base","5","Craft and Structure","Text Structure and Purpose","RW_TSP_010","Analyze structure or purpose","function of experimental observation","Medium","1","multiple_choice","Researchers studying bee navigation placed feeders at fixed distances from hives and trained foragers to visit them over several days. On clear mornings, most bees returned by routes that closely matched the direction of the feeder. The researchers then attached lightweight screens beside a familiar hedgerow, altering a visual landmark without changing the feeder’s location. <u>Many bees initially veered toward the shifted screen, even though the sun’s position still provided a reliable directional cue.</u> After repeated trips, their paths became straighter again. A second group that had never encountered the original hedgerow showed little response to the screen’s new position. The results suggest that experienced bees combine several navigational cues rather than relying on a single source of information. The temporary detour by trained bees is especially useful because it reveals the influence of a learned landmark at a moment when another cue still pointed toward the correct destination.","Which choice best describes the function of the underlined sentence in the text?","It shows that a familiar visual landmark temporarily influenced trained bees even when another directional cue remained available.","It demonstrates that the shifted screen permanently prevented trained bees from locating the feeder.","It establishes that bees in the second group had previously learned the original hedgerow’s position.","It shows that the researchers changed the feeder’s location at the same time that they moved the screen.","A","1","The underlined sentence reports a temporary detour toward the altered landmark despite a usable sun cue, directly revealing the landmark’s influence. The other choices contradict the passage.","75","none","{}","","","","","","Text Structure and Purpose","","rw,passage:R027,arch:RW_TSP_010,sim:rw_text_structure_and_purpose_supporting_detail,surf:SURF_RW_TSP_010,fp:e19176fbf156,stem:116d9ae61d2b,choicesig:3b04a10610d6,anslogic:5a8b26468059,distlogic:6011e21574b9,profile:D2"
"SAT_RW_1","rw_split_v9","RW_1_FRONT","base","RW1_M1_Q06","RW","1","base","6","Craft and Structure","Text Structure and Purpose","RW_TSP_011","Analyze structure or purpose","revision of an initial classification","Medium","1","multiple_choice","Astronomers once classified a compact group of stars in a nearby galaxy as unusually young because its brightest members appeared blue in early telescope images. Later observations complicated that picture. Infrared measurements revealed a population of cooler stars hidden by dust, while spectroscopy showed that several bright blue objects were actually older stars whose outer layers had been stripped away. The research team first reviews why the original color-based estimate seemed reasonable, then introduces evidence that changes how the color should be interpreted. Finally, the team compares the cluster with two better-studied groups that contain similar stripped stars. The comparison does not produce one exact age, but it narrows the plausible range and explains why visible color alone was misleading. Together, these steps revise the initial classification as new kinds of evidence become available, rather than discarding the first observations or replacing them with a single decisive measurement.","Which choice best describes how the discussion of the star cluster is structured?","It lists several independent estimates of the cluster’s age and argues that the earliest estimate should be accepted because it used visible-light images.","It presents an initial age classification, introduces evidence that complicates the basis for that classification, and then uses comparisons to refine the remaining possibilities.","It describes two research teams using different instruments and resolves their disagreement by giving greater weight to the spectroscopic evidence.","It traces the cluster’s formation from its oldest stars to its youngest stars and then explains how dust accumulated afterward.","B","2","The text explicitly moves from the early color-based classification to infrared and spectroscopic complications and then to comparison with better-studied clusters. The distractors describe structures not present in the passage.","75","none","{}","","","","","","Text Structure and Purpose","","rw,passage:R045,arch:RW_TSP_011,sim:rw_text_structure_and_purpose_contrast,surf:SURF_RW_TSP_011,fp:f7106483d16a,stem:e1d4775813ee,choicesig:b791798bdd2c,anslogic:070cb08f6092,distlogic:9989b0479e48,profile:D3"
"SAT_RW_1","rw_split_v9","RW_1_FRONT","base","RW1_M1_Q07","RW","1","base","7","Craft and Structure","Cross-Text Connections","RW_CTC_006","Compare claims across paired texts","developmental limits and adult vocal flexibility","Medium","1","multiple_choice","Text 1:
Studies of juvenile songbirds often find a sensitive period during which exposure to adult songs strongly shapes the patterns birds later reproduce. In one city population, young birds raised near a common local song type copied its basic sequence even after moving to another neighborhood. This finding suggests that early learning can place lasting limits on how much an adult bird’s song changes.

Text 2:
Recordings from adult birds moved between noisy and quiet urban sites show that some individuals alter pitch and timing within weeks. The birds do not replace the sequence learned when young, but they shift features that affect how well the song carries through background noise. Adult flexibility, then, can modify a learned song without erasing the developmental pattern established earlier.","Based on the texts, how would the author of Text 2 most likely respond to the claim in Text 1 that early learning can limit later song change?","The claim is unsupported because adult birds completely replace juvenile song sequences whenever background noise changes.","The claim is compatible with adult flexibility because adults may alter pitch and timing while retaining the basic sequence learned when young.","The claim applies only to birds raised outside cities, since urban juveniles do not learn local song types.","The claim should be rejected because pitch and timing are fixed during the same sensitive period as song sequence.","B","2","Text 2 agrees that the learned sequence persists but adds that adults can adjust other song features. Thus it qualifies, rather than rejects, Text 1’s claim about developmental limits.","75","none","{}","","","","","","Cross-Text Connections","","rw,passage:R006,arch:RW_CTC_006,sim:rw_cross_text_connections_paired_text_relation,surf:SURF_RW_CTC_006,fp:5d928c638940,stem:50ce2256a808,choicesig:245cf6795063,anslogic:35f6ef493441,distlogic:1a11d4266590,profile:D2"
"SAT_RW_1","rw_split_v9","RW_1_FRONT","base","RW1_M1_Q08","RW","1","base","8","Information and Ideas","Central Ideas and Details","RW_CID_001","Identify main idea, key detail, or summary","urban tree selection","Easy","1","multiple_choice","City foresters often favor tree species known to tolerate heat, assuming that those species will perform well on the hottest blocks. A five-year study in Córdoba, Argentina, complicates that assumption. Researchers tracked growth and leaf loss for six commonly planted species along streets that differed in pavement cover and nighttime temperature. Heat-tolerant species generally kept more leaves during summer, but several grew slowly where sidewalks left little exposed soil. Two less heat-tolerant species grew rapidly on blocks with larger planting beds, despite experiencing warmer daytime air. Soil moisture sensors helped explain the difference: wide beds retained more water after brief rains. The researchers conclude that heat tolerance alone is an incomplete guide for urban planting. Street design can alter the conditions roots encounter, sometimes enough to outweigh a species’ advantages above ground. They recommend matching species not just to neighborhood temperature but also to available rooting space and the way each block stores water.","Which choice best states the main idea of the text?","Successful urban tree selection depends on matching species traits with street-level conditions such as rooting space and water retention, not on heat tolerance alone.","Urban foresters should plant only less heat-tolerant species because those species grow faster on every type of street.","Nighttime temperature is the single best predictor of whether any planted tree will retain leaves during summer.","Pavement cover has little effect on tree performance when a species is already known to tolerate high daytime temperatures.","A","1","The study shows that heat tolerance matters but can be outweighed by rooting space and soil moisture, leading the researchers to recommend matching species to multiple block-level conditions.","75","none","{}","","","","","","Central Ideas and Details","","rw,passage:R001,arch:RW_CID_001,sim:rw_central_ideas_and_details_main_claim,surf:SURF_RW_CID_001,fp:82df4727f3c4,stem:43b6dd90a1ad,choicesig:28d5228c4a25,anslogic:db5d89260401,distlogic:6a3f314d7f21,profile:D1"
"SAT_RW_1","rw_split_v9","RW_1_FRONT","base","RW1_M1_Q09","RW","1","base","9","Information and Ideas","Central Ideas and Details","RW_CID_002","Identify main idea, key detail, or summary","reason for retaining chronological catalog","Medium","1","multiple_choice","When a regional museum digitized its collection of nineteenth-century textile samples, staff members expected researchers to search primarily by date and place. Usage logs from the first year showed a different pattern. Visitors often began with color or weaving technique, then moved among objects from distant regions. Curator Elena Park responded by adding close-up photographs and standardized descriptions of stitch structure. Searches by technique increased after the change, but searches by date remained steady. Park also noticed that teachers downloaded image sets containing objects from several decades, especially when the sets included a short comparison guide. The museum kept its chronological catalog because specialists still relied on it, yet the new browsing tools made cross-regional comparison easier for other users. The digitization project therefore changed more than access to individual objects: it revealed that different audiences organize the same collection in different ways, and the catalog became more useful when it supported several paths through the material.","According to the text, why did the museum retain its chronological catalog after adding new browsing tools?","Specialist users continued to rely on chronological organization even as other users benefited from technique-based and cross-regional browsing.","The museum found that teachers stopped downloading image sets once comparison guides were added.","The museum lacked photographs detailed enough to support searches by color or weaving technique.","Researchers requested that all objects be organized by date because cross-regional comparisons had become impossible.","A","1","The passage states that specialists still relied on the chronological catalog, so the museum kept it while also supporting other ways of exploring the collection.","75","none","{}","","","","","","Central Ideas and Details","","rw,passage:R008,arch:RW_CID_002,sim:rw_central_ideas_and_details_supporting_detail,surf:SURF_RW_CID_002,fp:3fc908ab6fc1,stem:c88957777102,choicesig:010229ebc04f,anslogic:57015908a1ad,distlogic:15374ee6d873,profile:D2"
"SAT_RW_1","rw_split_v9","RW_1_FRONT","base","RW1_M1_Q10","RW","1","base","10","Information and Ideas","Command of Evidence","RW_COE_011","Use textual or quantitative evidence","layered microplastic filter performance","Medium","1","multiple_choice","Engineers developing filters for wastewater treatment proposed that a layered mesh could capture very small plastic fibers without slowing water flow as much as a single dense membrane would. They built two filters with the same outer dimensions. One used three mesh layers with progressively smaller openings; the other used one membrane whose smallest openings matched those in the final mesh layer. Equal volumes of water containing a known mixture of fibers were pumped through each filter at several pressures. The team measured both the percentage of fibers retained and the time required for the water to pass through. If the layered design separates fibers gradually, the researchers predicted, it should retain a similar share of the smallest fibers while allowing water to move faster. They also inspected where fibers accumulated inside each device, since heavy buildup at the first layer could eventually reduce flow even if the initial tests looked promising.","Which finding from the filter experiment, if observed, would most directly support the researchers’ prediction about the layered design?","Both filters retained more large fibers than small fibers, and both required longer to process water at lower pressure.","The membrane accumulated most captured fibers near its inlet surface, while the layered filter distributed captured fibers across several layers.","The layered filter retained a greater total mass of fibers, but the test water contained slightly more fibers before entering that filter.","At matched pressure, the layered filter retained nearly the same share of the smallest fibers as the membrane but passed the test volume of water in less time.","D","4","The prediction has two parts: similar capture of the smallest fibers and faster flow. Only the keyed finding directly measures both under matched conditions. The other findings do not establish both parts or introduce an input difference.","75","none","{}","","","","","","Command of Evidence","","rw,passage:R005,arch:RW_COE_011,sim:rw_command_of_evidence_evidence_based_inference,surf:SURF_RW_COE_011,fp:43ddbe4ebd00,stem:476a03c54131,choicesig:32770211e1c1,anslogic:70bb024ef33c,distlogic:0bc5474c4bf5,profile:D2"
"SAT_RW_1","rw_split_v9","RW_1_FRONT","base","RW1_M1_Q11","RW","1","base","11","Information and Ideas","Command of Evidence","RW_COE_001","Use textual or quantitative evidence","spatial cues and reward updating","Medium","1","multiple_choice","Biologists studying bee foraging asked whether a bee that has learned one flower color can adjust quickly when the most rewarding color changes. In a flight enclosure, bees first visited blue and yellow artificial flowers, but only blue flowers contained sugar solution. After the bees developed a strong preference for blue, the researchers reversed the rewards so that only yellow flowers contained sugar. One group encountered the change in a familiar arrangement of flowers; another encountered the same reward reversal after the flower positions were rearranged. The researchers expected familiar spatial cues to slow adjustment because bees might continue approaching locations that had previously been profitable. To separate color preference from simple location memory, the team recorded both the first flower approached and the proportion of rewarded visits over ten successive trips. A rapid shift toward yellow despite familiar locations would suggest that bees can update reward information without being locked into the spatial pattern learned earlier.","Which result would most directly support the researchers’ expectation that familiar spatial cues slow bees’ adjustment after the reward reversal?","Before the reward reversal, bees in both groups preferred blue flowers and reached rewarded flowers at similar rates.","During the first several post-reversal trips, bees in the familiar arrangement approached previously rewarded locations more often and shifted toward yellow flowers more slowly than bees in the rearranged condition.","After the reversal, bees in both groups eventually made most of their rewarded visits to yellow flowers by the tenth trip.","Bees in the rearranged condition flew a slightly longer average distance between flower visits than bees in the familiar arrangement.","B","2","The expectation specifically predicts slower updating when old spatial cues remain familiar. The keyed result shows both persistence at old locations and a slower color shift relative to the rearranged group.","75","none","{}","","","","","","Command of Evidence","","rw,passage:R002,arch:RW_COE_001,sim:rw_command_of_evidence_supporting_detail,surf:SURF_RW_COE_001,fp:91c5ab48aae0,stem:18ccba006715,choicesig:fa0f06f542a2,anslogic:75c2d494376d,distlogic:f0b67e822ba2,profile:D3"
"SAT_RW_1","rw_split_v9","RW_1_FRONT","base","RW1_M1_Q12","RW","1","base","12","Information and Ideas","Inferences","RW_INF_002","Draw supported conclusions","microbial contribution to drought response","Easy","1","multiple_choice","Agronomists investigating drought tolerance grew the same wheat variety in soils containing three different communities of microbes. Before water was restricted, plants in all three soils had similar height and leaf area. After two weeks with limited watering, plants in one microbial treatment maintained greener leaves and produced longer fine roots than plants in the other treatments. Chemical analysis showed that this soil also contained more of a compound associated with root signaling during water stress. The researchers then sterilized samples of each soil and repeated the experiment. Once the microbes were removed, the differences in root length and leaf color largely disappeared. The study does not identify which microbial species caused the original pattern, and several species may have contributed. Still, the contrast between living and sterilized soils suggests that the drought response was not due simply to mineral differences among the soil samples.","Which conclusion is best supported by the agronomists’ results?","The wheat variety can maintain identical root growth under drought regardless of which microbes are present.","A single identified microbial species was solely responsible for every difference observed among the treatments.","Mineral composition alone must have caused the greener leaves because sterilization preserved the original treatment differences.","Some component of the living microbial community likely contributed to the stronger drought response seen in one soil treatment.","D","4","The treatment advantage appeared with living microbes and largely disappeared after sterilization, supporting a microbial contribution. The study did not identify a single species, and the results argue against a purely mineral explanation.","75","none","{}","","","","","","Inferences","","rw,passage:R007,arch:RW_INF_002,sim:rw_inferences_cause_effect,surf:SURF_RW_INF_002,fp:ea1f5fd68e75,stem:370d4e2268d0,choicesig:2dfe5d780ef8,anslogic:cd144adadb77,distlogic:754c536d260e,profile:D1"
"SAT_RW_1","rw_split_v9","RW_1_FRONT","base","RW1_M1_Q13","RW","1","base","13","Information and Ideas","Inferences","RW_INF_010","Draw supported conclusions","temperature and runoff timing","Medium","1","multiple_choice","Hydrologists studying a mountain watershed compared spring runoff with measurements of winter snowpack over twenty years. In most years, a deeper snowpack was followed by greater river flow during late spring. The timing of peak flow, however, shifted earlier during unusually warm years even when total winter snowfall was high. Two recent years were especially revealing: both began with nearly identical snowpack, but the warmer year reached its runoff peak almost three weeks sooner and had lower flow by early summer. The researchers also measured rainfall and found no large storm that could explain the timing difference. They propose that temperature influences not only how much snow remains but also when stored water is released to streams. Because the analysis covers one watershed, the team cautions against assuming the same calendar shift everywhere; shaded basins and higher elevations may respond differently to the same regional warming.","What can most reasonably be inferred from the two recent years with nearly identical snowpack?","Identical snowpack guarantees identical river flow throughout the following spring and summer.","The warmer year must have received a large rainstorm immediately before its earlier runoff peak.","Differences in temperature can shift when runoff peaks even when the amount of winter snow is similar.","Snowpack depth has no relationship to total spring runoff in years with average temperatures.","C","3","The paired years began with similar snowpack but differed markedly in temperature and peak timing, while rainfall did not explain the shift. That supports an effect of temperature on runoff timing.","75","none","{}","","","","","","Inferences","","rw,passage:R011,arch:RW_INF_010,sim:rw_inferences_evidence_based_inference,surf:SURF_RW_INF_010,fp:e20a85b10323,stem:cc9cdc7f9c47,choicesig:16e34a3608c0,anslogic:8e0be327c54b,distlogic:5cd64332d96c,profile:D2"
"SAT_RW_1","rw_split_v9","RW_1_FRONT","base","RW1_M1_Q14","RW","1","base","14","Information and Ideas","Inferences","RW_INF_001","Draw supported conclusions","rain-garden storage limits","Medium","1","multiple_choice","Urban planners evaluating rain gardens monitored two neighboring streets that flooded after intense summer storms. One street received six shallow planted basins designed to collect runoff from sidewalks and roofs; the other remained unchanged for comparison. During moderate storms, water levels in storm drains rose more slowly on the treated street. During the heaviest storm of the season, however, both streets experienced brief curbside flooding. Sensors inside the gardens showed that the soil became saturated before rainfall ended, limiting how much additional water the basins could absorb. The planners noted that the gardens still delayed the initial surge of runoff, which may reduce pressure on downstream pipes even when the basins eventually fill. Because the project involved only two streets, the results cannot establish how every neighborhood would respond. They do suggest that the gardens’ benefit depends partly on storm intensity and on how much storage remains available when rain is at its strongest.","Which inference about the rain gardens is most strongly supported by the text?","The gardens’ strongest benefit is likely to occur during the most intense storms, because those storms provide the greatest volume of water for the basins to store.","The shared curbside flooding during the heaviest storm suggests that the gardens’ delay in the initial runoff surge is too small to matter once the basins become saturated.","Their ability to reduce runoff is likely to diminish during storms that fill the gardens’ available soil storage before rainfall ends.","The slower rise in storm drains on the treated street is most likely unrelated to the gardens because the two streets responded similarly during the season’s heaviest storm.","C","3","The soil became saturated before the heaviest storm ended, limiting further absorption, so the gardens’ runoff-reduction capacity likely weakens when storage fills early. The distractors draw on real observations—the intense storm, shared curbside flooding, and comparison street—but each ignores evidence that the gardens delayed runoff and performed better during moderate storms.","75","none","{}","","","","","","Inferences","","rw,passage:R017,arch:RW_INF_001,sim:rw_inferences_contrast,surf:SURF_RW_INF_001,fp:6457c6efca8e,stem:5277fa6bc7de,choicesig:75b171138be8,anslogic:dbe33ab52f26,distlogic:062fd87ab743,profile:D3"
"SAT_RW_1","rw_split_v9","RW_1_FRONT","base","RW1_M1_Q15","RW","1","base","15","Standard English Conventions","Boundaries","SEC.BND","Boundaries","Coordinating independent clauses","Easy","1","multiple_choice","The city revised its curbside-loading rules after merchants requested longer delivery windows ____ residents on the block also asked for stricter limits on late-night truck noise.","Which choice completes the text so that it conforms to the conventions of Standard English?","and",",","; and",", and","D","4","Two independent clauses are joined by the coordinating conjunction “and,” so a comma is required before the conjunction. “And” alone omits that comma, a comma alone creates a comma splice, and a semicolon should not be used before the coordinating conjunction in this construction.","55","none","{}","","","","","","Boundaries","","rw,sec,grammar,arch:SEC-BND-011,sim:SEC.BND:coordination_comma_fanboys:A. minimal-context version,ctx:CTX-GRM-006,tier:SEC1,fp:aa75cb922c88,stem:16446293da95,choicesig:da1915fe2ad0,anslogic:5621325d436e,distlogic:b561fd601e23,profile:D1"
"SAT_RW_1","rw_split_v9","RW_1_FRONT","base","RW1_M1_Q16","RW","1","base","16","Standard English Conventions","Boundaries","SEC.BND","Boundaries","Introductory modifying phrases","Medium","1","multiple_choice","Using a second set of telescope images taken after the sky had cleared ____ the astronomers confirmed that the faint arc was present in both observations.","Which choice completes the text so that it conforms to the conventions of Standard English?",",",";",".","?","A","1","The opening participial phrase modifies “the astronomers” and should be separated from the main clause by a comma. A semicolon, period, or question mark would incorrectly treat the introductory phrase as though it were a complete clause or sentence.","55","none","{}","","","","","","Boundaries","","rw,sec,grammar,arch:SEC-BND-022,sim:SEC.BND:introductory_phrase_comma:B. internal punctuation nearby,ctx:CTX-GRM-005,tier:SEC2,fp:aa492d6b2a9a,stem:16446293da95,choicesig:420a90b0408a,anslogic:5a593d00afb5,distlogic:395382a62f8a,profile:D2"
"SAT_RW_1","rw_split_v9","RW_1_FRONT","base","RW1_M1_Q17","RW","1","base","17","Standard English Conventions","Boundaries","SEC.BND","Boundaries","Nonessential appositive information","Medium","1","multiple_choice","The project’s lead ecologist, Dr. Nia Okafor ____ mapped moss patches on shaded sidewalks before the summer heat survey began.","Which choice completes the text so that it conforms to the conventions of Standard English?",",",";",".","—","A","1","“Dr. Nia Okafor” is a nonessential appositive that renames “the project’s lead ecologist.” Because the appositive begins after a comma, another comma is needed to close it. A semicolon, period, or mismatched dash does not correctly close the appositive.","55","none","{}","","","","","","Boundaries","","rw,sec,grammar,arch:SEC-BND-027,sim:SEC.BND:nonessential_appositive:B. internal punctuation nearby,ctx:CTX-GRM-001,tier:SEC2,fp:2e5ced703393,stem:16446293da95,choicesig:bb7e3c4d73f3,anslogic:0e43fa254b43,distlogic:8c7d08d3ba5d,profile:D2"
"SAT_RW_1","rw_split_v9","RW_1_FRONT","base","RW1_M1_Q18","RW","1","base","18","Standard English Conventions","Boundaries","SEC.BND","Boundaries","Colon after a complete lead-in","Medium","1","multiple_choice","After comparing donation records with fabric samples, the curator reached one explanation that fit all three observations ____ prolonged sunlight had faded the blue fibers before the cloth entered the museum.","Which choice completes the text so that it conforms to the conventions of Standard English?",",",":","; because",", which","B","2","The clause before the blank is complete, and the clause after it states the explanation the curator reached. A colon correctly introduces that explanation. A comma alone would create a comma splice; “; because” would place a dependent clause after a semicolon; and “, which” does not form a grammatical relative clause with the words that follow.","55","none","{}","","","","","","Boundaries","","rw,sec,grammar,arch:SEC-BND-042,sim:SEC.BND:colon_after_independent_clause:B. internal punctuation nearby,ctx:CTX-GRM-002,tier:SEC2,fp:c3dad07f1765,stem:16446293da95,choicesig:dcc262c62f9c,anslogic:bc65df9e0575,distlogic:7a6cef4560fd,profile:D2"
"SAT_RW_1","rw_split_v9","RW_1_FRONT","base","RW1_M1_Q19","RW","1","base","19","Standard English Conventions","Form, Structure, and Sense","SEC.FSS","Form, Structure, and Sense","Logical verb tense","Medium","1","multiple_choice","By the time the dialect archive opened to the public in 2019, its staff ____ thousands of recordings submitted by speakers from across the region.","Which choice completes the text so that it conforms to the conventions of Standard English?","has collected","collects","will collect","had collected","D","4","The collecting occurred before another past event—the archive’s opening in 2019—so the past perfect “had collected” establishes the earlier action. The present perfect, simple present, and future forms do not match that past-before-past sequence.","55","none","{}","","","","","","Form, Structure, and Sense","","rw,sec,grammar,arch:SEC-FSS-008,sim:SEC.FSS:verb_tense_sequence:C. academic register,ctx:CTX-GRM-007,tier:SEC2,fp:581c329531d5,stem:16446293da95,choicesig:e3169081b995,anslogic:49178d73a4cd,distlogic:4bb7a59e801f,profile:D2"
"SAT_RW_1","rw_split_v9","RW_1_FRONT","base","RW1_M1_Q20","RW","1","base","20","Standard English Conventions","Form, Structure, and Sense","SEC.FSS","Form, Structure, and Sense","Subject-verb agreement","Medium","1","multiple_choice","Although several recipes copied into the household ledger mention imported spices, the collection of instructions that historians transcribed last month ____ centered on ingredients grown in the surrounding region.","Which choice completes the text so that it conforms to the conventions of Standard English?","remain","have remained","remains","are remaining","C","3","The subject of the main clause is the singular noun “collection,” not the plural nouns inside the intervening phrases and relative clause. The singular finite verb “remains” therefore agrees with the subject. Each other option uses a plural verb form that is attracted incorrectly to a nearby plural noun.","55","none","{}","","","","","","Form, Structure, and Sense","","rw,sec,grammar,arch:SEC-FSS-004,sim:SEC.FSS:subject_verb_agreement:D. logic cue,ctx:CTX-GRM-004,tier:SEC3,fp:cf6eabc0bcf7,stem:16446293da95,choicesig:3714b5e5b5db,anslogic:bb5d668d06ce,distlogic:6012dd0af2ec,profile:D3"
"SAT_RW_1","rw_split_v9","RW_1_FRONT","base","RW1_M1_Q21","RW","1","base","21","Standard English Conventions","Form, Structure, and Sense","SEC.FSS","Form, Structure, and Sense","Parallel structure","Medium","1","multiple_choice","To document the rock core, the geology team planned to photograph each layer, to measure its thickness, and ____ its mineral composition in the field log.","Which choice completes the text so that it conforms to the conventions of Standard English?","recording","it recorded","a record of","to record","D","4","The sentence presents a series of coordinated infinitive phrases: “to photograph,” “to measure,” and “to record.” The other options break the parallel grammatical structure by switching to a participle, an independent clause, or a noun phrase.","55","none","{}","","","","","","Form, Structure, and Sense","","rw,sec,grammar,arch:SEC-FSS-033,sim:SEC.FSS:parallel_structure:C. academic register,ctx:CTX-GRM-017,tier:SEC2,fp:0ef413a1311f,stem:16446293da95,choicesig:6da7103df08f,anslogic:b980b505a53e,distlogic:72a1c7bffdbd,profile:D2"
"SAT_RW_1","rw_split_v9","RW_1_FRONT","base","RW1_M1_Q22","RW","1","base","22","Expression of Ideas","Transitions","RW_TR_001","Select transition that logically connects ideas","sleep timing and attention","Medium","1","multiple_choice","Researchers testing whether sleep timing affects morning attention compared students who slept the same total number of hours but went to bed at different times. Those with earlier sleep schedules responded more quickly on a visual task, even after the researchers accounted for self-reported sleep quality. ____ the findings suggest that when sleep occurs may matter in addition to how long it lasts.","Which choice most logically completes the text?","For example,","Therefore,","Nevertheless,","Similarly,","B","2","The second sentence draws a conclusion from the comparison between equal sleep duration and different sleep timing, so “Therefore” best expresses the result. The other transitions signal example, concession, or similarity rather than a supported conclusion.","75","none","{}","","","","","","Transitions","","rw,passage:R004,arch:RW_TR_001,sim:rw_transitions_logical_link,surf:SURF_RW_TR_001,fp:8c3f0788a8ee,stem:ae1bc7a51961,choicesig:622666954b27,anslogic:304e801a6560,distlogic:0b521aefe1a9,profile:D2"
"SAT_RW_1","rw_split_v9","RW_1_FRONT","base","RW1_M1_Q23","RW","1","base","23","Expression of Ideas","Transitions","RW_TR_009","Select transition that logically connects ideas","network diffusion pattern","Medium","1","multiple_choice","A linguist mapped the spread of a new pronunciation across neighboring towns. Younger speakers in towns linked by frequent commuter rail adopted the pronunciation at similar rates, whereas equally close towns without direct rail service changed more slowly. ____ the pattern is consistent with the idea that regular social contact, not geographic distance alone, can shape how a linguistic feature diffuses.","Which choice logically completes the passage?","In contrast,","For instance,","Accordingly,","Meanwhile,","C","3","The interpretation follows from the observed association between rail-linked contact and similar adoption rates, so “Accordingly” expresses the resulting inference. The other choices signal contrast, example, or simultaneity without capturing that relationship.","75","none","{}","","","","","","Transitions","","rw,passage:R010,arch:RW_TR_009,sim:rw_transitions_cause_effect,surf:SURF_RW_TR_009,fp:7a73b172c54a,stem:5ae15a166588,choicesig:9b05325221a4,anslogic:291445bf2b3a,distlogic:bcdc9503c09f,profile:D2"
"SAT_RW_1","rw_split_v9","RW_1_FRONT","base","RW1_M1_Q24","RW","1","base","24","Expression of Ideas","Transitions","RW_TR_008","Select transition that logically connects ideas","textbook navigation features","Medium","1","multiple_choice","Researchers comparing print and digital textbooks found that students using either format remembered straightforward facts at similar rates. On questions requiring them to locate where an idea appeared within a long chapter, however, print readers performed somewhat better. The digital group had used a continuous-scroll version with few visible page landmarks. ____ the result may depend on navigation features rather than on a simple difference between screens and paper.","Which choice best marks the logical relationship between the navigation detail and the researchers’ interpretation?","By comparison,","In addition,","Consequently,","In particular,","C","3","The researchers use the limited navigation cues in the digital version to qualify how the print-versus-digital result should be interpreted; “Consequently” marks that inference. “By comparison” and “In addition” notice real surface relations but do not show that the interpretation follows from the design detail, and “In particular” would treat the conclusion as a narrower specification rather than a consequence.","75","none","{}","","","","","","Transitions","","rw,passage:R016,arch:RW_TR_008,sim:rw_transitions_contrast,surf:SURF_RW_TR_008,fp:d327e6590e4d,stem:cd4e770baa00,choicesig:2768768c2754,anslogic:4e861ebe2c7d,distlogic:c3f054a246f3,profile:D3"
"SAT_RW_1","rw_split_v9","RW_1_FRONT","base","RW1_M1_Q25","RW","1","base","25","Expression of Ideas","Rhetorical Synthesis","RW_RS_007","Use notes to achieve a writing goal","portable air cleaner result","Medium","1","multiple_choice","A student wants to emphasize the main result of a study of portable air cleaners in classrooms.

- Researchers placed portable HEPA units in twelve classrooms for six weeks.
- Particle sensors recorded fine-particle concentrations before and during use.
- Average fine-particle concentrations fell by 38 percent when the units operated.
- Carbon dioxide levels changed very little because the units filtered indoor air but did not bring in outdoor air.","Which choice best uses the notes to emphasize the study’s main result?","In twelve classrooms, operating portable HEPA units reduced average fine-particle concentrations by 38 percent over the six-week study.","The classroom study used particle sensors and also measured carbon dioxide while portable HEPA units operated.","Portable HEPA units filter indoor air, whereas bringing in outdoor air can change carbon dioxide concentrations.","Researchers studied twelve classrooms for six weeks because fine particles and carbon dioxide can both be measured with sensors.","A","1","The goal is to emphasize the main result, and the keyed choice directly states the 38 percent reduction while accurately identifying the classroom intervention. The other choices focus on methods or background rather than the principal outcome.","75","none","{}","","","","","","Rhetorical Synthesis","","rw,passage:R022,arch:RW_RS_007,sim:rw_rhetorical_synthesis_main_claim,surf:SURF_RW_RS_007,fp:9e82a395c838,stem:d4b21b2683e9,choicesig:6c0faa56b008,anslogic:955a79a615c9,distlogic:84c654a04d39,profile:D2"
"SAT_RW_1","rw_split_v9","RW_1_FRONT","base","RW1_M1_Q26","RW","1","base","26","Expression of Ideas","Rhetorical Synthesis","RW_RS_008","Use notes to achieve a writing goal","coral planting method change","Medium","1","multiple_choice","A student wants to explain why a coral-restoration team changed its planting method.

- Early restoration plots used coral fragments spaced at equal distances.
- Survival was lowest in exposed areas where strong waves loosened fragments.
- In later plots, divers placed fragments in naturally sheltered crevices when available.
- One year later, fragments in sheltered crevices survived at a higher rate than equally sized fragments on exposed surfaces.","Which choice most effectively uses the notes to explain why the team changed its coral-planting method?","The team planted equally sized coral fragments in both early and later restoration plots and checked them again after one year.","Naturally sheltered crevices were available in some restoration plots, and divers could place coral fragments in those locations.","One year after planting, coral fragments varied in survival, although early plots had used equal spacing between fragments.","Because fragments on exposed surfaces were often loosened by strong waves, the team began placing fragments in naturally sheltered crevices, where one-year survival was higher.","D","4","The keyed choice links the problem observed in exposed sites to the method change and then reports the survival result, directly explaining the team’s reasoning. The alternatives omit the causal connection or the decisive comparison.","75","none","{}","","","","","","Rhetorical Synthesis","","rw,passage:R028,arch:RW_RS_008,sim:rw_rhetorical_synthesis_supporting_detail,surf:SURF_RW_RS_008,fp:6d16df55f5c9,stem:a492510695cb,choicesig:f88e1a50db91,anslogic:403ebb96511a,distlogic:06dddcff600a,profile:D2"
"SAT_RW_1","rw_split_v9","RW_1_FRONT","base","RW1_M1_Q27","RW","1","base","27","Expression of Ideas","Rhetorical Synthesis","RW_RS_009","Use notes to achieve a writing goal","robot gripper tradeoff","Medium","1","multiple_choice","A student wants to compare two robot-gripper designs and highlight a tradeoff relevant to warehouse use.

- The first design has soft inflatable fingers that conform to irregular objects.
- The first design handled fragile fruit with fewer pressure marks.
- The second design has jointed rigid fingers with force sensors.
- The second design picked up heavy boxed items more quickly and with fewer dropped loads.
- Engineers concluded that neither design was best for every object type.","Which option best uses the notes to highlight the tradeoff between the two gripper designs?","The engineers tested two gripper designs and concluded that warehouse robots can encounter more than one type of object.","Soft inflatable fingers protected fragile fruit better, whereas jointed rigid fingers handled heavy boxes faster and with fewer dropped loads.","Design A’s soft fingers conformed to irregular objects and produced fewer pressure marks on fruit, making it preferable for delicate items.","Design B’s jointed fingers used force sensors and moved heavy boxes quickly, making it preferable when speed and load stability are priorities.","B","2","The goal requires a comparison that makes both sides of the tradeoff visible. The keyed choice states Design A’s advantage with fragile items and Design B’s advantage with heavy boxes. The other choices are generic or emphasize only one design’s strength.","75","none","{}","","","","","","Rhetorical Synthesis","","rw,passage:R118,arch:RW_RS_009,sim:rw_rhetorical_synthesis_contrast,surf:SURF_RW_RS_009,fp:cd1918b0519b,stem:02a309accb8f,choicesig:68561122668a,anslogic:2e1f075e6873,distlogic:dce4ba6594b4,profile:D3"
"SAT_RW_1","RW_BACK_V1","SAT_RW_1_BACK","1450+","SAT_RW_1_M2_Q01","RW","2","hard","1","Craft and Structure","Words in Context","RW_WIC_001","Determine meaning or function of a word/phrase in context","claim_function","Hard","1","multiple_choice","Marine ecologists testing a reef-restoration method attached nursery-grown coral fragments to limestone bases at three sites. During the first six months, fragments secured with flexible ties survived at higher rates than fragments fixed with rigid epoxy, a pattern the team initially treated as evidence that the ties were generally superior. A tropical storm then struck only the most exposed site. There, several tied fragments were torn loose, while many epoxy-mounted fragments remained attached. At the two sheltered sites, the earlier advantage for ties persisted even after the storm. These later observations qualify the initial conclusion that flexible ties were generally superior. The flexible method remained promising across ordinary wave conditions, yet the exposed site showed that attachment performance changed when water movement became unusually forceful. The researchers therefore recommended matching the attachment method to a site’s expected wave regime and planned a second trial spanning a wider range of storm exposure.","In context, which choice best describes what “qualify” does in the passage’s discussion of the attachment methods?","It converts the site-specific storm result into a rejection of both attachment methods.","It narrows the scope of the initial superiority claim while leaving the sheltered-site advantage intact.","It treats the storm outcome as independent confirmation that flexible ties are generally superior.","It shifts the focus from comparing attachment methods to questioning the value of reef restoration itself.","B","2","The later evidence preserves the ties’ advantage at sheltered sites but shows that the advantage does not extend unchanged to an exposed site during a storm. Choice B therefore captures the passage’s narrowed claim. The other choices either overstate the storm result or shift away from the comparison being discussed.","75","none","{}","","","","","","Words in Context","","rw;passage:R003;arch:RW_WIC_001;sim:rw_words_in_context_cause_effect;fp:edb1908d73e77147;surf:SURF_RW_WIC_001;profile:D3;wic;hard_vocab;wic_arch:WIC_CLAIM_FUNCTION_01;wic_family:claim_function;vocab:HV_121;tier:V4;target:qualify"
"SAT_RW_1","RW_BACK_V1","SAT_RW_1_BACK","1450+","SAT_RW_1_M2_Q02","RW","2","hard","2","Craft and Structure","Words in Context","RW_WIC_003","Determine meaning or function of a word/phrase in context","relation_function","Hard","1","multiple_choice","A museum redesigned the labels beside a set of ceramic vessels. It replaced long technical descriptions with shorter labels that paired one archaeological detail with a question for visitors. Overall, people spent more time near the cases after the redesign. Yet the change was not uniform. Visitors who reported little prior knowledge of archaeology often read the new labels aloud to companions and moved between the vessel and the map referenced in the text. Visitors who already knew the period tended to skim both old and new labels and spent similar amounts of time at the cases. The curators concluded that prior knowledge may mediate the relationship between label design and engagement. For a later trial, they will vary label detail while also recording visitors’ self-reported familiarity with the topic. That design should allow the curators to determine whether the same label feature produces different patterns of attention across groups with different starting levels of knowledge.","Which choice most accurately describes the role of “mediate” in the curators’ reasoning?","It presents prior knowledge as an outcome produced by label design rather than as a visitor characteristic.","It treats prior knowledge as a second measure of engagement that should track viewing time directly.","It assigns prior knowledge the dominant role in engagement while reducing label design to a minor factor.","It introduces prior knowledge as a condition through which the same label redesign can affect visitor groups differently.","D","4","The redesign was associated with different engagement patterns for visitors with different starting levels of archaeological knowledge. Choice D captures that conditional relationship. The other choices misidentify prior knowledge as an outcome, a second engagement measure, or the dominant cause.","75","none","{}","","","","","","Words in Context","","rw;passage:R033;arch:RW_WIC_003;sim:rw_words_in_context_word_function;fp:d65f195854128d23;surf:SURF_RW_WIC_003;profile:D3;wic;hard_vocab;wic_arch:WIC_RELATION_FUNCTION_01;wic_family:relation_function;vocab:HV_124;tier:V4;target:mediate"
"SAT_RW_1","RW_BACK_V1","SAT_RW_1_BACK","1450+","SAT_RW_1_M2_Q03","RW","2","hard","3","Craft and Structure","Words in Context","RW_WIC_008","Determine meaning or function of a word/phrase in context","tonal_effect","Hard","1","multiple_choice","The mate had promised that the small launch would return before dusk, and most of the crew accepted the assurance without comment. Mara did not. She had watched him study the western clouds twice before speaking, and she noticed that he kept one hand on the rail as though measuring the ship’s roll. When she asked whether the launch would still leave if the wind strengthened, he answered that the harbor was “usually forgiving” and then ordered an extra coil of line aboard. To Mara, the mate’s reply about the harbor was equivocal. She helped load the launch, but she also moved two lanterns to the stern, checked the signal flags herself, and asked the lookout to keep the headland in view. The mate did not object to these precautions. By the time the boat pulled away, the sky remained clear near the harbor, while a darker band had begun to form beyond the headland.","How does the use of “equivocal” contribute to the passage’s portrayal of Mara’s response?","It casts the mate’s reply as deliberate deception and makes Mara’s precautions an accusation.","It reinforces Mara’s guarded uncertainty by making the mate’s assurance seem less settled than his earlier promise.","It conveys Mara’s admiration for the mate’s caution and makes her additional preparations seem unnecessary.","It turns the exchange into comic frustration by treating the weather concern as exaggerated.","B","2","The mate’s cautious phrasing and his decision to add extra line make his assurance less definite than his earlier promise. Mara responds by preparing for trouble without openly challenging him. Choice B best captures that guarded uncertainty.","75","none","{}","","","","","","Words in Context","","rw;passage:E003;arch:RW_WIC_008;sim:rw_words_in_context_paired_text_relation;fp:656cd4ca256ec1d7;surf:SURF_RW_WIC_008;profile:D4;wic;hard_vocab;wic_arch:WIC_TONAL_EFFECT_01;wic_family:tonal_effect;vocab:HV_199;tier:V4;target:equivocal"
"SAT_RW_1","RW_BACK_V1","SAT_RW_1_BACK","1450+","SAT_RW_1_M2_Q04","RW","2","hard","4","Craft and Structure","Words in Context","RW_WIC_011","Determine meaning or function of a word/phrase in context","precision_effect","Hard","1","multiple_choice","Astronomers estimating the ages of star clusters often compare observed colors with models of how stars change over time. In one survey, a model reproduced the colors of several distant clusters only after the researchers adjusted for small differences in the clusters’ metal content. With that adjustment, two independent color measurements yielded nearly the same age ranking. Without it, the bluest cluster appeared younger in one measurement but older in the other. The model’s agreement, then, was contingent on the metallicity correction that the team could justify from spectral data but could not simply ignore. The model did not succeed under every reasonable setup; its consistency depended on a particular, evidence-based condition. The researchers treated the age ranking as credible, yet they also reported how much the ranking shifted when the metallicity correction was varied within the range allowed by the spectra. That sensitivity analysis left the ranking intact but widened the estimated age intervals for two clusters.","Which choice best describes the effect of “contingent” on the researchers’ account of the model’s consistency?","It presents the metallicity correction as a factor that merely coincided with agreement between the measurements.","It specifies that the model’s consistent age ranking depends on an evidence-based condition rather than holding under every setup.","It treats the correction as an optional refinement that changes uncertainty but not the model’s basic consistency.","It attributes the measurement disagreement to metallicity itself rather than to the model’s dependence on the correction.","B","2","The two measurements agree only when the evidence-based metallicity correction is applied. Choice B therefore captures the passage’s conditional account of the model’s consistency; the other choices make the correction incidental, optional, or a direct cause of the disagreement.","75","none","{}","","","","","","Words in Context","","rw;passage:R045;arch:RW_WIC_011;sim:rw_words_in_context_supporting_detail;fp:a334f45d03a6fc61;surf:SURF_RW_WIC_011;profile:D4;wic;hard_vocab;wic_arch:WIC_PRECISION_EFFECT_01;wic_family:precision_effect;vocab:HV_128;tier:V4;target:contingent"
"SAT_RW_1","RW_BACK_V1","SAT_RW_1_BACK","1450+","SAT_RW_1_M2_Q05","RW","2","hard","5","Craft and Structure","Text Structure and Purpose","RW_TSP_001","Analyze structure or purpose","purpose_sentence","Hard","1","multiple_choice","When Leona first arrived at the hilltop school, she took its rigid timetable as evidence of the headmistress’s indifference. Breakfast ended at the same minute each day, lamps were extinguished before anyone wished to sleep, and students were permitted to borrow only one library book at a time. During her first week, Leona privately mocked these rules as a devotion to order for its own sake. Then a snowstorm closed the road from town. Coal deliveries stopped, the kitchen began measuring flour by the cup, and Leona learned that the library’s smallest shelves had to serve nearly eighty students. The headmistress quietly shortened her own meals and opened her office during the coldest study period because its stove was the school’s most efficient. Leona still disliked the timetable, but she no longer regarded every restriction as arbitrary. Some rules, she realized, were clumsy attempts to stretch resources that were always near exhaustion.","Which choice best describes how the passage develops Leona’s view of the school’s rules?","It moves from Leona’s curiosity about the rules to evidence that the headmistress deliberately uses scarcity to control students.","It contrasts Leona’s dislike of the timetable with other students’ enthusiasm and ends by showing that she adopts their view.","It begins with Leona treating the restrictions as arbitrary, then presents circumstances that lead her to reinterpret at least some as responses to limited resources.","It presents a sequence of shortages mainly to show that the rules caused the school’s supply problems.","C","3","Leona initially sees the rules as arbitrary control. The storm exposes real resource limits and the headmistress’s own sacrifices, leading Leona to reinterpret some rules as imperfect responses to scarcity. Choice C describes that development.","75","none","{}","","","","","","Text Structure and Purpose","","rw;passage:E006;arch:RW_TSP_001;sim:rw_text_structure_and_purpose_purpose_sentence;fp:a367696aba7289c1;surf:SURF_RW_TSP_001;profile:D3"
"SAT_RW_1","RW_BACK_V1","SAT_RW_1_BACK","1450+","SAT_RW_1_M2_Q06","RW","2","hard","6","Craft and Structure","Text Structure and Purpose","RW_TSP_011","Analyze structure or purpose","contrast","Hard","1","multiple_choice","Agronomists studying drought resilience compared soils from neighboring wheat plots managed with either frequent tilling or minimal disturbance. Before a dry spell, both soils contained similar amounts of microbial carbon, although the minimally tilled soil held more fungal strands around roots. After three rainless weeks, respiration from both soils declined, as expected. <u>Yet a genetic marker associated with several drought-tolerant fungi became more common in the frequently tilled plots, where overall fungal activity remained lower.</u> At first glance, that result seemed to favor the tilled soil. Measurements taken after watering complicated the picture: fungi in the minimally tilled plots resumed activity more quickly and were linked to faster recovery of root growth. The researchers argued that the marker’s increased frequency in tilled soil may reflect which organisms remained detectable during stress, not which community functioned most effectively after stress ended. The distinction between persistence and recovery, they noted, matters when evaluating soil-management practices.","Which choice best describes the function of the underlined portion in the passage?","It provides the strongest evidence that frequent tilling improves fungal recovery after drought.","It introduces a measurement problem showing that genetic markers are too unreliable for studying microbial communities.","It presents an apparently favorable result for tilled soil that later recovery measurements force the researchers to interpret more narrowly.","It establishes that the two soil treatments differed before drought in overall microbial carbon, making the later comparison invalid.","C","3","The underlined result initially seems to favor tilled soil, but the later recovery measurements show faster functional recovery in minimally tilled soil. Choice C accurately describes the underlined result’s role in setting up that interpretive complication.","75","none","{}","","","","","","Text Structure and Purpose","","rw;passage:R057;arch:RW_TSP_011;sim:rw_text_structure_and_purpose_contrast;fp:d0a12e382426e461;surf:SURF_RW_TSP_011;profile:D4"
"SAT_RW_1","RW_BACK_V1","SAT_RW_1_BACK","1450+","SAT_RW_1_M2_Q07","RW","2","hard","7","Craft and Structure","Text Structure and Purpose","RW_TSP_012","Analyze structure or purpose","cause_effect","Hard","1","multiple_choice","Elias insisted that the riverside path had been forgotten. Grass covered the old milepost, alder branches leaned across the bank, and the ferry bell had not sounded since the previous autumn. He spoke of the path as though it belonged to an earlier life of the valley, one that modern traffic had bypassed. Nora listened while examining the mud near the water. <u>Beside the collapsed landing she found three fresh boot prints, a rectangle where a toolbox had rested, and a curl of bright copper wire.</u> Elias dismissed the signs as traces left by anglers, but farther upstream a newly tightened bolt gleamed on the footbridge. Nora said nothing until they reached a bend where a narrow cart track joined the path from the road. Only then did she ask why anyone would repair a bridge on a route no one used. Elias looked back toward the landing, less certain that neglect and abandonment were the same thing.","In the passage, what role does the underlined sentence play in the exchange between Nora and Elias?","It confirms Elias’s claim by showing that recent visitors treated the path only as a fishing route.","It shifts the subject from the path’s history to safety hazards requiring immediate repair.","It supplies Nora with evidence that the ferry service resumed after autumn.","It introduces physical evidence that challenges Elias’s assumption of abandonment and prepares for Nora’s later question about the repaired bridge.","D","4","The fresh traces near the landing contradict Elias’s assumption that the route is simply abandoned. The later tightened bolt and Nora’s question build on that evidence. Choice D best describes this structural role.","75","none","{}","","","","","","Text Structure and Purpose","","rw;passage:E021;arch:RW_TSP_012;sim:rw_text_structure_and_purpose_cause_effect;fp:d7c8a4bd0cf3ba1a;surf:SURF_RW_TSP_012;profile:D4"
"SAT_RW_1","RW_BACK_V1","SAT_RW_1_BACK","1450+","SAT_RW_1_M2_Q08","RW","2","hard","8","Craft and Structure","Cross-Text Connections","RW_CTC_006","Compare claims across paired texts","paired_text_relation","Hard","1","multiple_choice","Text 1:
Wetland managers often restrict trail access during the weeks when ground-nesting birds are most likely to incubate eggs. A fixed seasonal window, based on many years of nesting records, gives visitors a predictable rule and prevents managers from waiting until nests are already disturbed. Because annual nesting dates usually cluster within a limited period, a standard closure can protect most breeding attempts without requiring constant field checks.

Text 2:
A long-term average can be a useful starting point, but nesting dates in some wetlands shift with spring flooding and temperature. In unusually warm years, several species may begin nesting before a standard closure starts; after late floods, some may still be tending chicks when the trail reopens. Local surveys can identify these shifts early enough for managers to move the closure dates while retaining a clear public schedule. Such adjustments need not replace a baseline policy; they can make that policy responsive to conditions the average cannot capture.","Based on the texts, how would the author of Text 2 most likely respond to Text 1’s support for a fixed seasonal closure?","The fixed window is unnecessary because local surveys can prevent disturbance without restricting trail access.","Fixed dates are usually adequate, and local surveys are mainly useful for explaining the policy to visitors.","Because nesting dates vary, managers should replace seasonal closures with permanent restrictions at sensitive wetlands.","A baseline closure is useful, but its dates should be adjusted when local conditions shift nesting earlier or later.","D","4","Text 2 accepts a baseline policy but argues that local flooding and temperature can shift nesting dates enough to justify adjusting the closure window. Choice D captures that qualified response.","75","none","{}","","","","","","Cross-Text Connections","","rw;passage:R024;arch:RW_CTC_006;sim:rw_cross_text_connections_paired_text_relation;fp:cdaff169e261c7e2;surf:SURF_RW_CTC_006;profile:D4"
"SAT_RW_1","RW_BACK_V1","SAT_RW_1_BACK","1450+","SAT_RW_1_M2_Q09","RW","2","hard","9","Information and Ideas","Central Ideas and Details","RW_CID_001","Identify main idea, key detail, or summary","main_claim","Hard","1","multiple_choice","Mrs. Vale arrived at the kitchen garden just as Rowan was tying up the last bean vines. She had come, she said, to return a borrowed umbrella before the evening rain. The errand should have taken a minute, yet she set the umbrella against the wall and asked three questions about plants she had never before noticed. Rowan answered each one and waited. When he finally mentioned the letter delivered that morning, Mrs. Vale smiled toward the pear tree instead of looking at him. “Letters are patient things,” she said, brushing soil from a bench that was already clean. A loose board in the garden gate knocked twice in the wind. Rowan offered to fix it, but she replied that some noises were useful because they announced what people preferred not to. Only then did she pick up the umbrella again, although she had supposedly come to leave it behind.","Which choice best states the main idea of the passage?","Mrs. Vale’s visit becomes prolonged because she is genuinely interested in Rowan’s gardening methods.","Mrs. Vale’s indirect behavior suggests that the letter concerns her more than she admits, despite her attempt to present the visit as an ordinary errand.","Rowan interprets Mrs. Vale’s remarks as a request to repair the gate before the evening rain.","Mrs. Vale returns the umbrella reluctantly because she suspects that Rowan damaged it.","B","2","Mrs. Vale prolongs a simple errand, avoids looking at Rowan when the letter is mentioned, and speaks indirectly about people avoiding what they do not wish to acknowledge. Choice B captures the passage’s central implication.","75","none","{}","","","","","","Central Ideas and Details","","rw;passage:E012;arch:RW_CID_001;sim:rw_central_ideas_and_details_main_claim;fp:fe4197dfe1ae5997;surf:SURF_RW_CID_001;profile:D3"
"SAT_RW_1","RW_BACK_V1","SAT_RW_1_BACK","1450+","SAT_RW_1_M2_Q10","RW","2","hard","10","Information and Ideas","Central Ideas and Details","RW_CID_003","Identify main idea, key detail, or summary","contrast","Hard","1","multiple_choice","City planners comparing heat exposure on residential blocks initially focused on total tree-canopy coverage. Blocks with more canopy were generally cooler at midday, but several exceptions complicated that pattern: two heavily planted blocks stayed unusually warm, while a moderately planted block cooled quickly after noon. Temperature sensors showed that the difference was strongest near west-facing sidewalks. Trees that shaded those surfaces during late afternoon reduced pavement temperatures for several hours, whereas trees concentrated in interior courtyards had little effect on the hottest walking routes. The researchers did not conclude that canopy percentage was irrelevant. Instead, they argued that the placement and timing of shade can explain why blocks with similar canopy totals produce different pedestrian heat conditions. For planning purposes, a block’s overall tree coverage may therefore be less informative than whether shade falls on exposed pavement during the hours when stored heat would otherwise accumulate.","Which choice most accurately states the passage’s central idea?","Tree-canopy percentage has little usefulness for heat planning because pavement temperature depends primarily on building orientation.","Overall canopy matters, but when and where trees shade exposed pavement helps explain meaningful temperature differences among blocks with similar canopy totals.","Courtyard trees cool sidewalks more effectively than west-facing trees because protected locations retain more moisture.","The most heavily planted blocks remained warm because planners measured their temperatures only at midday.","B","2","The passage keeps overall canopy as a relevant factor but shows that shade placement and timing explain differences that canopy percentage alone does not. Choice B expresses that qualified central idea.","75","none","{}","","","","","","Central Ideas and Details","","rw;passage:R026;arch:RW_CID_003;sim:rw_central_ideas_and_details_contrast;fp:833fcb95c309dd71;surf:SURF_RW_CID_003;profile:D3"
"SAT_RW_1","RW_BACK_V1","SAT_RW_1_BACK","1450+","SAT_RW_1_M2_Q11","RW","2","hard","11","Information and Ideas","Central Ideas and Details","RW_CID_004","Identify main idea, key detail, or summary","cause_effect","Hard","1","multiple_choice","At the orchard gate, Mrs. Arden unfolded the blue scarf that her daughter had left behind before traveling north. The visitor beside her spoke rapidly about trains, weather, and the likelihood of an early return. Mrs. Arden answered with small nods, never contradicting him, but her fingers repeatedly found the frayed edge of the scarf. A gust lifted the fabric, and she caught it with more haste than the moment required. “She always did leave things where the wind could claim them,” Mrs. Arden said, almost smiling. The visitor began another cheerful prediction about spring. Rather than reply, she looked through the bare branches toward the road and folded the scarf into a smaller square. Her silence was not refusal; she seemed willing to let the visitor’s hope stand. Yet the care with which she tucked the scarf inside her coat suggested that patience, for her, included preparing for an absence longer than anyone wished to name.","Which choice best summarizes the passage?","Mrs. Arden outwardly permits optimistic talk about her daughter’s return while her repeated attention to the scarf conveys a quieter expectation that the absence may last.","Mrs. Arden uses the scarf to persuade the visitor to stop discussing travel and focus instead on work in the orchard.","The visitor’s confident predictions help Mrs. Arden abandon her earlier worry and adopt his hopeful view by the end of the conversation.","Mrs. Arden’s handling of the scarf mainly reveals frustration that her daughter left personal property behind.","A","1","Mrs. Arden does not challenge the visitor’s optimism, but her careful handling of the scarf and her silence suggest that she is preparing emotionally for a longer absence. Choice A captures both parts of that tension.","75","none","{}","","","","","","Central Ideas and Details","","rw;passage:E027;arch:RW_CID_004;sim:rw_central_ideas_and_details_cause_effect;fp:d2cc0095eb585827;surf:SURF_RW_CID_004;profile:D4"
"SAT_RW_1","RW_BACK_V1","SAT_RW_1_BACK","1450+","SAT_RW_1_M2_Q12","RW","2","hard","12","Information and Ideas","Command of Evidence","RW_COE_001","Use textual or quantitative evidence","supporting_detail","Hard","1","multiple_choice","Engineers testing filters for microplastic-contaminated wastewater compared cartridges with two mesh sizes at a pilot treatment channel. At the start of each trial, the finer mesh captured a slightly larger share of particles, but it also clogged faster. As pressure built, water began to bypass clogged areas, and particle removal became less stable. Some cartridges were backflushed every two days; others were cleaned only when pressure reached a preset threshold. Pressure records let the team distinguish gradual clogging from short bursts caused by incoming particle loads. After six weeks, the engineers proposed that maintenance frequency, rather than mesh fineness alone, was the more important predictor of consistently low microplastic discharge. They cautioned that the finer mesh could still matter when cartridges were equally well maintained. The key question was whether regular cleaning preserved effective filtration across mesh types, while delayed cleaning allowed performance to deteriorate even in cartridges that initially trapped more particles.","Which finding, if true, would most directly support the engineers’ conclusion about maintenance frequency?","Across both mesh sizes, frequently backflushed cartridges maintained low particle discharge, while delayed-cleaning cartridges showed rising discharge as pressure increased.","At the beginning of the trial, fine-mesh cartridges captured more particles than coarse-mesh cartridges before appreciable clogging occurred.","Incoming wastewater occasionally contained brief spikes in particle concentration, and those spikes appeared in pressure records for both mesh sizes.","Among well-maintained cartridges, fine-mesh units captured somewhat more particles than coarse-mesh units during several early sampling periods.","A","1","The conclusion concerns consistent low discharge across mesh sizes as a function of maintenance. Choice A directly compares frequent and delayed cleaning for both mesh sizes and reports the predicted performance difference. The other findings concern initial mesh performance or incoming loads rather than maintenance as the stronger predictor.","75","none","{}","","","","","","Command of Evidence","","rw;passage:R005;arch:RW_COE_001;sim:rw_command_of_evidence_supporting_detail;fp:b56b423a7835af06;surf:SURF_RW_COE_001;profile:D3"
"SAT_RW_1","RW_BACK_V1","SAT_RW_1_BACK","1450+","SAT_RW_1_M2_Q13","RW","2","hard","13","Information and Ideas","Command of Evidence","RW_COE_003","Use textual or quantitative evidence","cause_effect","Hard","1","multiple_choice","Tomas had carried the folded harbor map since the morning his older sister left on the packet ship. He claimed he kept it because its tide marks were useful, and when Mr. Bell asked to borrow it for a coastal survey, Tomas agreed at once. Still, he did not hand it over. He spread the map across the table, pressed flat a corner that had curled, and traced a pencil line ending at the island where his sister’s ship was last expected to stop. Mr. Bell waited without speaking. Tomas then turned the map over, where a faint set of sums appeared in his sister’s handwriting, and rubbed one smudged figure with his thumb. “The numbers are outdated,” he said, although Mr. Bell had not asked about them. At last Tomas folded the map along its old creases, reopened it, and folded it again before sliding it across the table.","Which detail from the passage most strongly supports the idea that Tomas’s reluctance to lend the map is connected to his sister rather than to the map’s practical value?","Tomas says that the tide marks on the map are useful.","Mr. Bell wants the map for a coastal survey.","Tomas presses flat a curled corner before lending the map.","Tomas pauses over the route and handwritten sums associated with his sister before finally passing the map to Mr. Bell.","D","4","Tomas’s attention to the route his sister traveled and to her handwriting directly links his hesitation to memories of her. Choice D therefore provides the strongest support for the stated idea; the other details are practical or less specifically connected to his sister.","75","none","{}","","","","","","Command of Evidence","","rw;passage:E018;arch:RW_COE_003;sim:rw_command_of_evidence_cause_effect;fp:07ee07f2e56b553e;surf:SURF_RW_COE_003;profile:D4"
"SAT_RW_1","RW_BACK_V1","SAT_RW_1_BACK","1450+","SAT_RW_1_M2_Q14","RW","2","hard","14","Information and Ideas","Inferences","RW_INF_010","Draw supported conclusions","evidence_based_inference","Hard","1","multiple_choice","Hydrologists monitoring a glacier-fed river expected the year’s largest runoff pulse to coincide with the warmest midsummer days. Instead, stream gauges recorded the sharpest increase in late spring, when temperatures were rising but remained below the summer maximum. Satellite images showed that winter snow on the glacier’s lower slopes disappeared rapidly during the same period. By midsummer, exposed ice was melting quickly, yet much of that meltwater entered porous debris near the glacier margin before reaching the river. A second gauge below the debris field recorded a slower, more prolonged increase rather than a sudden peak. The researchers therefore separated snowmelt timing from ice-melt intensity when interpreting the river record. Their measurements suggest that the warmest period can produce substantial melt without necessarily producing the season’s most abrupt downstream runoff response, especially when storage or delayed routing intervenes between the glacier and the gauge.","Which inference about the river’s seasonal runoff is best supported by the passage?","The largest downstream runoff pulse should occur whenever glacier ice is melting at its fastest.","Debris near the glacier margin prevents midsummer meltwater from reaching the river, making summer melt hydrologically irrelevant.","A period with intense melting may not produce an equally abrupt river response if water is temporarily stored or routed slowly before reaching the gauges.","The late-spring runoff pulse was caused primarily by ice melt from the exposed glacier surface rather than by snowmelt.","C","3","The passage shows strong midsummer melting paired with slower downstream delivery through porous debris. Choice C follows from that evidence: melt intensity and the abruptness of the river response can diverge when storage or routing delays intervene.","75","none","{}","","","","","","Inferences","","rw;passage:R011;arch:RW_INF_010;sim:rw_inferences_evidence_based_inference;fp:c9bb1a954d7ac13e;surf:SURF_RW_INF_010;profile:D3"
"SAT_RW_1","RW_BACK_V1","SAT_RW_1_BACK","1450+","SAT_RW_1_M2_Q15","RW","2","hard","15","Information and Ideas","Inferences","RW_INF_002","Draw supported conclusions","cause_effect","Hard","1","multiple_choice","A city introduced bilingual signs at bus-transfer points, expecting the additional language to reduce navigation errors for riders who were still learning the city’s dominant language. Surveys showed fewer reported errors at most signed locations, but the improvement varied widely. At stops where route maps had been damaged or partly covered by advertisements, riders continued to ask drivers for directions even when bilingual text was present. At stops where staff regularly replaced worn maps and kept sight lines clear, requests for help declined more sharply. The pattern also appeared at two monolingual stops that received unusually frequent maintenance: navigation errors fell there, though not as much as at well-maintained bilingual stops. The researchers concluded that sign language and upkeep probably contribute together. The data imply that evaluating bilingual signage without considering whether riders can reliably see and use the information may exaggerate or obscure the effect of translation itself.","Which inference about the signage study is best supported by the passage?","Bilingual text reduces navigation errors independently of map visibility or maintenance.","The improvement attributed to bilingual signs may instead be mostly a maintenance effect, since errors also fell at two monolingual stops.","The apparent benefit of bilingual signage may depend partly on whether the information remains visible and usable, so a study ignoring upkeep could misestimate translation’s contribution.","Monolingual stops with good maintenance should reduce errors by the same amount as well-maintained bilingual stops.","C","3","Both language and upkeep are associated with navigation performance, and poorly maintained bilingual signs do not show the same improvement as well-maintained ones. Choice C captures the resulting inference that upkeep can affect estimates of translation’s contribution.","75","none","{}","","","","","","Inferences","","rw;passage:R023;arch:RW_INF_002;sim:rw_inferences_cause_effect;fp:96ae3fe6023cdeb3;surf:SURF_RW_INF_002;profile:D4"
"SAT_RW_1","RW_BACK_V1","SAT_RW_1_BACK","1450+","SAT_RW_1_M2_Q16","RW","2","hard","16","Standard English Conventions","Boundaries","SEC.BND","Boundaries","Punctuating two independent clauses","Hard","1","multiple_choice","That formal honorific endings clustered tightly in the morning recordings surprised the linguist who coded them ____ by afternoon, when shopkeepers could shift topics freely, the same endings showed much wider variation in register.","Which choice completes the text so that it conforms to the conventions of Standard English?",";",",",":",".","A","1","The entire that-clause functions as the subject of “surprised,” making the words before the blank a complete independent clause; the afternoon statement is also independent despite its introductory and embedded material. Choice A correctly joins those clauses with a semicolon. A comma creates a splice, a colon misrepresents the contrast as elaboration, and a period would incorrectly leave lowercase “by” after a sentence boundary.","50","none","{}","","","","","","Boundaries","","rw;sec;grammar;arch:SEC-BND-004;ctx:CTX-GRM-007;tier:SEC3;grammar_family:sentence_boundary_semicolon;sim:SEC.BND:sentence_boundary_semicolon:D. academic register;fp:2718ed1d73709570;profile:D3"
"SAT_RW_1","RW_BACK_V1","SAT_RW_1_BACK","1450+","SAT_RW_1_M2_Q17","RW","2","hard","17","Standard English Conventions","Boundaries","SEC.BND","Boundaries","Punctuation before trailing modifiers","Hard","1","multiple_choice","Twelve bean lines were tested during a dry spring, and their maturity times varied widely across fields. The report recommended the bean variety ____ for valleywide planting; only that line had matured before soil moisture fell below the trial threshold at all four sites.","Which choice completes the text so that it conforms to the conventions of Standard English?","that matured before the soil-moisture threshold was reached",", which matured before the soil-moisture threshold was reached,",", maturing before the soil-moisture threshold was reached,",", that matured before the soil-moisture threshold was reached,","A","1","The modifier identifies which bean variety the report recommended, so the information is essential and should not be set off with commas. Choice A supplies the restrictive modifier. Choices B and C punctuate the identifying information as supplementary, and choice D incorrectly sets off a restrictive “that” clause with commas.","50","none","{}","","","","","","Boundaries","","rw;sec;grammar;arch:SEC-BND-069;ctx:CTX-GRM-019;tier:SEC3;grammar_family:modifier_boundary_after_noun;sim:SEC.BND:modifier_boundary_after_noun:D. academic register;fp:ad7dc497a08c2446;profile:D3"
"SAT_RW_1","RW_BACK_V1","SAT_RW_1_BACK","1450+","SAT_RW_1_M2_Q18","RW","2","hard","18","Standard English Conventions","Boundaries","SEC.BND","Boundaries","Restrictive modifiers without commas","Hard","1","multiple_choice","Of the twelve seedlings grown under mixed lamps, seven developed deep-green leaves while five remained pale. The manager compared growth rates for seedlings ____ with growth rates for the pale group, using the same soil and watering schedule for both.","Which choice completes the text so that it conforms to the conventions of Standard English?",", that developed deep-green leaves,",", which developed deep-green leaves,",", having developed deep-green leaves,","that developed deep-green leaves","D","4","The modifier identifies the seven green seedlings as the subset being compared with the five pale seedlings, so it is essential and should not be set off by punctuation. Choice D correctly uses an unpunctuated restrictive clause. The comma-set alternatives present the identifying information as supplementary; choice A also incorrectly uses “that” in a nonessential comma-set clause.","50","none","{}","","","","","","Boundaries","","rw;sec;grammar;arch:SEC-BND-040;ctx:CTX-GRM-028;tier:SEC4;grammar_family:restrictive_no_comma;sim:SEC.BND:restrictive_no_comma:E. expanded syntax;fp:d68980c884fa3a40;profile:D4"
"SAT_RW_1","RW_BACK_V1","SAT_RW_1_BACK","1450+","SAT_RW_1_M2_Q19","RW","2","hard","19","Standard English Conventions","Form, Structure, and Sense","SEC.FSS","Form, Structure, and Sense","Subject-verb agreement","Hard","1","multiple_choice","Although several wheels and brackets were replaced after testing, the pattern of light readings from the sensor array that guides the cart ____ the basis for the robotics club’s current calibration rule.","Which choice completes the text so that it conforms to the conventions of Standard English?","remains","remain","have remained","were remaining","A","1","The subject of the main clause is the singular noun “pattern,” not the intervening plural noun “readings.” The present-tense context therefore requires the singular verb “remains,” choice A. The other forms do not agree with the true subject or do not fit the sentence’s present statement.","50","none","{}","","","","","","Form, Structure, and Sense","","rw;sec;grammar;arch:SEC-FSS-004;ctx:CTX-GRM-015;tier:SEC3;grammar_family:subject_verb_agreement;sim:SEC.FSS:subject_verb_agreement:D. logic cue;fp:e3247f2da5ee0efa;profile:D3"
"SAT_RW_1","RW_BACK_V1","SAT_RW_1_BACK","1450+","SAT_RW_1_M2_Q20","RW","2","hard","20","Standard English Conventions","Form, Structure, and Sense","SEC.FSS","Form, Structure, and Sense","Parallel structure","Hard","1","multiple_choice","After storms damaged the beach, the town’s revised dune-restoration plan requires crews to map exposed sand after each storm and, once supervisors identify where runoff has cut channels along the access road, ____ before planting additional grass on the most exposed slopes.","Which choice completes the text so that it conforms to the conventions of Standard English?","fencing the most fragile areas","to fence the most fragile areas","the fencing of the most fragile areas","having fenced the most fragile areas","B","2","The phrase after the blank must coordinate with the earlier infinitive “to map,” which is separated from the blank by the intervening “once” clause. Choice B, “to fence,” preserves the parallel infinitive structure. The gerund, noun phrase, and perfect-participial alternatives do not match the grammatical form of the coordinated action.","50","none","{}","","","","","","Form, Structure, and Sense","","rw;sec;grammar;arch:SEC-FSS-034;ctx:CTX-GRM-023;tier:SEC3;grammar_family:parallel_structure;sim:SEC.FSS:parallel_structure:D. logic cue;fp:cc508b3efcdb7f4e;profile:D3"
"SAT_RW_1","RW_BACK_V1","SAT_RW_1_BACK","1450+","SAT_RW_1_M2_Q21","RW","2","hard","21","Standard English Conventions","Form, Structure, and Sense","SEC.FSS","Form, Structure, and Sense","Logical comparisons","Hard","1","multiple_choice","In a crossover memory experiment, each participant used both strategies on matched lists. The delayed-recall accuracy measured when participants reconstructed a list by semantic category, a strategy that required reorganizing the items rather than replaying their sequence, was higher than ____.","Which choice completes the text so that it conforms to the conventions of Standard English?","that of the original sequence","that measured when the same participants simply recited a matched list","those measured when the same participants simply recited a matched list","that of the unrelated task used during the delay","B","2","The comparison is between two measurements of delayed-recall accuracy. Choice B uses singular “that” to stand for “accuracy” and identifies the matched recitation condition. Choice A compares accuracy with a sequence, choice C incorrectly uses plural “those” for the singular antecedent “accuracy,” and choice D compares accuracy with a task rather than another accuracy measurement.","50","none","{}","","","","","","Form, Structure, and Sense","","rw;sec;grammar;arch:SEC-FSS-040;ctx:CTX-GRM-020;tier:SEC4;grammar_family:comparison_logic;sim:SEC.FSS:comparison_logic:E. expanded syntax;fp:9c6e9f3137925dea;profile:D4"
"SAT_RW_1","RW_BACK_V1","SAT_RW_1_BACK","1450+","SAT_RW_1_M2_Q22","RW","2","hard","22","Standard English Conventions","Form, Structure, and Sense","SEC.FSS","Form, Structure, and Sense","Subject-verb agreement","Hard","1","multiple_choice","The fact that the stone mill’s grooves, which bakers inspect after each week of use, wear unevenly across the grinding surface ____ the bakery’s decision to rotate the upper stone before its position changes the flour’s texture.","Which choice completes the text so that it conforms to the conventions of Standard English?","support","have supported","supports","were supporting","C","3","The subject of the main clause is the singular noun “fact.” The plural “grooves” belongs inside the embedded clause and does not control the main verb. Choice C, “supports,” therefore agrees with the true subject. The other choices are plural forms attracted by the nearer plural noun.","50","none","{}","","","","","","Form, Structure, and Sense","","rw;sec;grammar;arch:SEC-FSS-005;ctx:CTX-GRM-004;tier:SEC4;grammar_family:subject_verb_agreement;sim:SEC.FSS:subject_verb_agreement:E. expanded syntax;fp:6f43824b82d962fa;profile:D4"
"SAT_RW_1","RW_BACK_V1","SAT_RW_1_BACK","1450+","SAT_RW_1_M2_Q23","RW","2","hard","23","Expression of Ideas","Transitions","RW_TR_001","Select transition that logically connects ideas","synthesis","Hard","1","multiple_choice","A transit agency tested two electric-bus strategies on hilly routes. Software that preheated batteries before departure recovered much of the winter range loss without adding vehicle weight. On the longest route, however, buses still reached the depot with a narrow energy reserve. Larger battery packs widened that reserve, but they also increased cost and reduced passenger capacity. Across the pilot, each strategy solved a different part of the operating problem, and each carried a limitation. ____ the results did not support a fleetwide shift to either strategy alone.","Which choice most logically completes the text?","For instance,","Nevertheless,","Taken together,","Meanwhile,","C","3","The final sentence synthesizes the mixed advantages and limitations described for both strategies. “Taken together,” choice C, signals that synthesis. “Nevertheless” would frame the sentence mainly as a concession, “For instance” would introduce an example rather than a summary, and “Meanwhile” would suggest parallel timing rather than an overall inference.","50","none","{}","","","","","","Transitions","","rw;passage:R040;arch:RW_TR_001;sim:rw_transitions_logical_link;fp:9c5be03ae7b181a9;surf:SURF_RW_TR_001;profile:D3"
"SAT_RW_1","RW_BACK_V1","SAT_RW_1_BACK","1450+","SAT_RW_1_M2_Q24","RW","2","hard","24","Expression of Ideas","Transitions","RW_TR_008","Select transition that logically connects ideas","concession","Hard","1","multiple_choice","Field samples from ponds showed that phosphorus rose before several algae blooms, supporting the hypothesis that nutrient input matters. Heavy rain also raised turbidity at the same ponds, so the field pattern could not isolate phosphorus from other storm-related changes. In mesocosms, adding phosphorus while holding light and sediment constant increased algal growth, strengthening the proposed mechanism. ____ the field correlation by itself still cannot show how much of each natural bloom was caused by phosphorus.","Which choice most effectively links the ideas in the text?","Likewise,","Specifically,","Consequently,","Even so,","D","4","The controlled mesocosm result strengthens the phosphorus mechanism, but the final sentence preserves a limitation on what the field correlation can establish about natural blooms. “Even so,” choice D, signals that concession. The other transitions imply similarity, specification, or straightforward consequence rather than the passage’s qualified movement.","50","none","{}","","","","","","Transitions","","rw;passage:R064;arch:RW_TR_008;sim:rw_transitions_contrast;fp:c351964ae40e1cee;surf:SURF_RW_TR_008;profile:D4"
"SAT_RW_1","RW_BACK_V1","SAT_RW_1_BACK","1450+","SAT_RW_1_M2_Q25","RW","2","hard","25","Expression of Ideas","Transitions","RW_TR_009","Select transition that logically connects ideas","refinement","Hard","1","multiple_choice","Chemical analysis of jars from a harbor settlement matched clay beds far inland, so an early report treated the vessels as imported inland wares. Later examination found firing scars consistent with coastal kilns, and several jars combined the inland clay signature with decorative stamps common near the harbor. A newly exposed coastal clay seam also contained some of the same minerals, though not the full trace profile. These findings still indicate a connection between the harbor and inland production networks, but they make the route of that connection uncertain. ____ the evidence supports regional interaction more strongly than it supports any one account of what, exactly, moved between the two areas.","Which choice provides the most logical transition at the blank?","However,","Therefore,","More precisely,","For example,","C","3","The sentence before the blank makes a broad claim about a regional connection while stressing uncertainty about its route. The final sentence sharpens that claim by distinguishing evidence for interaction from evidence for any particular mode of transfer. “More precisely,” choice C, signals that refinement; the other choices signal contrast, consequence, or exemplification instead.","50","none","{}","","","","","","Transitions","","rw;passage:R088;arch:RW_TR_009;sim:rw_transitions_cause_effect;fp:d627d886f42d1121;surf:SURF_RW_TR_009;profile:D4"
"SAT_RW_1","RW_BACK_V1","SAT_RW_1_BACK","1450+","SAT_RW_1_M2_Q26","RW","2","hard","26","Expression of Ideas","Rhetorical Synthesis","RW_RS_001","Use notes to achieve a writing goal","revision_goal","Hard","1","multiple_choice","A student wants to emphasize a tradeoff revealed by a transit-station crowd-management pilot.

- Floor arrows directing riders toward two stairways reduced the number of people crossing opposing streams in the main concourse.
- During the busiest 15 minutes, riders following the arrows clustered more densely near the stairway entrances.
- Average walking time through the center of the concourse fell by 12 seconds.
- Average waiting time at the stairway entrances rose by 9 seconds.","Which choice most effectively uses the notes to accomplish the stated goal?","The floor-arrow system reduced cross-traffic and shortened movement through the concourse, but it also shifted congestion toward the stairway entrances, where waiting increased.","The floor-arrow system reduced average walking time through the center of the concourse by 12 seconds during the pilot.","During the busiest period, riders following the arrows clustered near stairway entrances, where average waiting time rose by 9 seconds.","By directing riders toward two stairways, the station changed how passengers moved through the concourse during its busiest 15 minutes.","A","1","The goal is to emphasize a tradeoff. Choice A combines the pilot’s benefit—less cross-traffic and faster movement through the concourse—with its cost—greater congestion and waiting near the stairways. The other choices present only one side or describe the change without the tradeoff.","65","none","{}","","","","","","Rhetorical Synthesis","","rw;passage:R034;arch:RW_RS_001;sim:rw_rhetorical_synthesis_revision_goal;fp:d5668c509c1134f6;surf:SURF_RW_RS_001;profile:D3"
"SAT_RW_1","RW_BACK_V1","SAT_RW_1_BACK","1450+","SAT_RW_1_M2_Q27","RW","2","hard","27","Expression of Ideas","Rhetorical Synthesis","RW_RS_009","Use notes to achieve a writing goal","contrast","Hard","1","multiple_choice","A student wants to compare two monitoring methods and explain why researchers used both when studying fish responses to vessel noise.

- Fixed hydrophones recorded underwater sound continuously at several reef locations.
- Acoustic tags recorded the movements of individual tagged fish but provided no information about untagged fish.
- Hydrophone records identified the timing and intensity of vessel-noise peaks.
- When tag and hydrophone timestamps were aligned, researchers could examine whether changes in tagged-fish movement occurred near noise peaks.
- The combined records showed association in timing but did not by themselves establish causation.","Which choice best uses the notes to fulfill the student’s goal?","Hydrophones recorded underwater sound continuously across reef sites, whereas acoustic tags supplied movement records for individual tagged fish, so the two methods captured different kinds of information.","Acoustic tags recorded movements of tagged fish, and researchers aligned those timestamps with hydrophone data to create a more detailed chronology of monitoring activity.","Because hydrophones recorded every vessel-noise peak at fixed reef sites, they offered broader information about fish movement than tags, which followed only selected individuals.","Hydrophones supplied continuous noise timing while tags tracked individual fish; aligning the two records let researchers examine whether movement changes coincided with noise peaks, though the match did not establish causation.","D","4","Choice D both compares the methods and explains the value of combining them: one records noise timing, the other individual movement, and aligned timestamps permit a test of temporal association while preserving the stated causal limitation. The other choices omit the purpose of combining the records or misstate what hydrophones measure.","65","none","{}","","","","","","Rhetorical Synthesis","","rw;passage:R046;arch:RW_RS_009;sim:rw_rhetorical_synthesis_contrast;fp:d6a88e62673e1af5;surf:SURF_RW_RS_009;profile:D4"
"SAT-MATH-V6-001","Math V6","20260617-001","400-800","SATM-V6-1-01","MATH","1","base","1","Algebra","Linear Equations","ALG_LE_001","Solve a one-variable linear equation with constants on both sides","Solve a one-variable linear equation with constants on both sides","easy","1","multiple_choice","","What value of x satisfies 7x - 9 = 4x + 12?","3","-7","7","21","C","3","Subtract 4x from both sides and add 9: 3x = 21, so x = 7.","60","none","{}","","","","","","solve a one-variable linear equation with constants on both sides","","math,domain:Algebra,skill:ALG_LE_001,arch:MATH_ARCH_001_LINEAR_EQUATION_ONE_VARIABLE,sim:SIM_LINEAR_EQUATIONS_AND_INEQUALITIES,fp:adc7d919,tier:E1"
"SAT-MATH-V6-001","Math V6","20260617-001","400-800","SATM-V6-1-02","MATH","1","base","2","Algebra","Linear Equations","ALG_LE_006","Solve a one-variable linear inequality, including sign reversal","Solve a one-variable linear inequality, including sign reversal","easy","1","multiple_choice","","Which inequality is equivalent to -3x + 5 > 17?","x < -4","x > -4","x < 4","x > 4","A","1","Subtract 5 to get -3x > 12. Dividing by -3 reverses the inequality, giving x < -4.","65","none","{}","","","","","","solve a one-variable linear inequality, including sign reversal","","math,domain:Algebra,skill:ALG_LE_006,arch:MATH_ARCH_023_INEQUALITY_ONE_VARIABLE,sim:SIM_LINEAR_EQUATIONS_AND_INEQUALITIES,fp:d2f74831,tier:E1"
"SAT-MATH-V6-001","Math V6","20260617-001","400-800","SATM-V6-1-03","MATH","1","base","3","Algebra","Linear Functions","ALG_LF_001","Interpret slope and intercept in a real-world linear model","Interpret slope and intercept in a real-world linear model","easy","1","multiple_choice","","A water tank contains 180 liters and is drained at a constant rate of 12 liters per minute. In the model V = 180 - 12t, what does 12 represent?","The number of liters drained each minute","The initial number of liters","The number of minutes until the tank is empty","The number of liters remaining after 12 minutes","A","1","The coefficient of t is the constant rate of change. Its magnitude, 12, is the number of liters drained per minute.","70","none","{}","","","","","","interpret slope and intercept in a real-world linear model","","math,domain:Algebra,skill:ALG_LF_001,arch:MATH_ARCH_004_LINEAR_MODEL_INITIAL_RATE,sim:SIM_LINEAR_FUNCTIONS_AND_GRAPHS,fp:32753782,tier:M1"
"SAT-MATH-V6-001","Math V6","20260617-001","400-800","SATM-V6-1-04","MATH","1","base","4","Algebra","Linear Functions","ALG_LF_004","Find slope from two coordinate points","Find slope from two coordinate points","easy","1","multiple_choice","","A line passes through (2, 5) and (8, 17). What is the slope of the line?","1","3","6","2","D","4","The slope is (17 - 5)/(8 - 2) = 12/6 = 2.","60","none","{}","","","","","","find slope from two coordinate points","","math,domain:Algebra,skill:ALG_LF_004,arch:MATH_ARCH_007_LINEAR_GRAPH_SLOPE_FROM_POINTS,sim:SIM_LINEAR_FUNCTIONS_AND_GRAPHS,fp:f9e4cd2f,tier:M1"
"SAT-MATH-V6-001","Math V6","20260617-001","400-800","SATM-V6-1-05","MATH","1","base","5","Advanced Math","Nonlinear Functions","ADV_NF_002","Evaluate a function at a given input","Evaluate a function at a given input","easy","1","multiple_choice","","If f(x) = 3x^2 - 2x + 1, what is f(-2)?","9","13","21","17","D","4","Substitute -2: 3(-2)^2 - 2(-2) + 1 = 12 + 4 + 1 = 17.","60","none","{}","","","","","","evaluate a function at a given input","","math,domain:Advanced Math,skill:ADV_NF_002,arch:MATH_ARCH_063_FUNCTION_EVALUATE,sim:SIM_FUNCTION_NOTATION_AND_VALUES,fp:78f6eb23,tier:M1"
"SAT-MATH-V6-001","Math V6","20260617-001","400-800","SATM-V6-1-06","MATH","1","base","6","Advanced Math","Equivalent Expressions","ADV_EE_001","Simplify expression using exponent rules","Simplify expression using exponent rules","medium","1","student_response","","For x ≠ 0, the expression x^7/x^3 is equal to x^k. What is k?","","","","","","","When dividing like bases, subtract exponents: x^(7-3)=x^4, so k=4.","60","none","{}","","","integer","4","0","simplify expression using exponent rules","","math,domain:Advanced Math,skill:ADV_EE_001,arch:MATH_ARCH_067_EXPONENT_RULES_SIMPLIFY,sim:SIM_EXPONENT_RADICALS,fp:df61adee,tier:M1"
"SAT-MATH-V6-001","Math V6","20260617-001","400-800","SATM-V6-1-07","MATH","1","base","7","Advanced Math","Equivalent Expressions","ADV_EE_002","Simplify radicals and rational exponents","Simplify radicals and rational exponents","medium","1","multiple_choice","","Which expression is equivalent to √72?","3√8","6√2","4√3","8√2","B","2","Since 72 = 36·2, √72 = √36·√2 = 6√2.","70","none","{}","","","","","","simplify radicals and rational exponents","","math,domain:Advanced Math,skill:ADV_EE_002,arch:MATH_ARCH_068_RADICAL_SIMPLIFY,sim:SIM_EXPONENT_RADICALS,fp:f5d37715,tier:M1"
"SAT-MATH-V6-001","Math V6","20260617-001","400-800","SATM-V6-1-08","MATH","1","base","8","Algebra","Linear Equations","ALG_LE_004","Rearrange a formula to isolate a variable","Rearrange a formula to isolate a variable","medium","1","multiple_choice","","The formula P = 2L + 2W gives the perimeter of a rectangle. Which expression gives L in terms of P and W?","P/2 - W","P - 2W","(P - W)/2","P/2 + W","A","1","Subtract 2W: P - 2W = 2L. Divide by 2: L = P/2 - W.","80","none","{}","","","","","","rearrange a formula to isolate a variable","","math,domain:Algebra,skill:ALG_LE_004,arch:MATH_ARCH_013_FORMULA_REARRANGE_SINGLE_VARIABLE,sim:SIM_LINEAR_EQUATIONS_AND_INEQUALITIES,fp:505dfcc0,tier:M1"
"SAT-MATH-V6-001","Math V6","20260617-001","400-800","SATM-V6-1-09","MATH","1","base","9","Advanced Math","Equivalent Expressions","ADV_EE_003","Expand polynomial products","Expand polynomial products","medium","1","multiple_choice","","Which expression is equivalent to (2x - 3)(x + 5)?","2x^2 + 13x - 15","2x^2 - 7x - 15","2x^2 + 7x - 15","2x^2 + 7x + 15","C","3","Distribute: 2x^2 + 10x - 3x - 15 = 2x^2 + 7x - 15.","70","none","{}","","","","","","expand polynomial products","","math,domain:Advanced Math,skill:ADV_EE_003,arch:MATH_ARCH_070_POLYNOMIAL_EXPAND,sim:SIM_POLYNOMIAL_RATIONAL_EXPRESSIONS,fp:5f35b079,tier:M1"
"SAT-MATH-V6-001","Math V6","20260617-001","400-800","SATM-V6-1-10","MATH","1","base","10","Algebra","Systems of Equations","ALG_SYS_001","Determine which ordered pair solves a system of linear equations","Determine which ordered pair solves a system of linear equations","medium","1","multiple_choice","","Which ordered pair satisfies both y = 2x + 1 and 3x + y = 11?","(1, 3)","(2, 5)","(3, 7)","(4, 9)","B","2","Substitute y = 2x + 1 into 3x + y = 11: 5x + 1 = 11, so x = 2 and y = 5.","85","none","{}","","","","","","determine which ordered pair solves a system of linear equations","","math,domain:Algebra,skill:ALG_SYS_001,arch:MATH_ARCH_015_SYSTEM_SOLUTION_ORDERED_PAIR,sim:SIM_LINEAR_SYSTEMS,fp:201770e7,tier:M1"
"SAT-MATH-V6-001","Math V6","20260617-001","400-800","SATM-V6-1-11","MATH","1","base","11","Advanced Math","Equivalent Expressions","ADV_EE_004","Factor polynomial expression","Factor polynomial expression","medium","1","multiple_choice","","Which expression is a factorization of 6x^2 + 7x - 3?","(3x + 1)(2x - 3)","(3x - 1)(2x + 3)","(6x - 1)(x + 3)","(2x - 1)(3x + 3)","B","2","Multiplying (3x - 1)(2x + 3) gives 6x^2 + 9x - 2x - 3 = 6x^2 + 7x - 3.","85","none","{}","","","","","","factor polynomial expression","","math,domain:Advanced Math,skill:ADV_EE_004,arch:MATH_ARCH_071_POLYNOMIAL_FACTOR,sim:SIM_POLYNOMIAL_RATIONAL_EXPRESSIONS,fp:62c1cf75,tier:M2"
"SAT-MATH-V6-001","Math V6","20260617-001","400-800","SATM-V6-1-12","MATH","1","base","12","Problem-Solving and Data Analysis","Probability","PSD_PROB_001","Compute probability from a two-way table with correct denominator","Compute probability from a two-way table with correct denominator","medium","1","multiple_choice","","The table shows preferred transportation for 80 students. If one student is chosen at random, what is the probability that the student prefers biking?","3/8","1/2","1/4","5/8","C","3","The biking total is 12+8=20 out of 80 students, so the probability is 20/80=1/4.","100","table","{}","| | Bus | Bike | Walk | Total |\n|---|---:|---:|---:|---:|\n| Grade 9 | 18 | 12 | 10 | 40 |\n| Grade 10 | 22 | 8 | 10 | 40 |\n| Total | 40 | 20 | 20 | 80 |","","","","","compute probability from a two-way table with correct denominator","","math,domain:Problem-Solving and Data Analysis,skill:PSD_PROB_001,arch:MATH_ARCH_049_TWO_WAY_TABLE_PROBABILITY,sim:SIM_PROBABILITY_TABLES,fp:fa78ffcb,tier:M2"
"SAT-MATH-V6-001","Math V6","20260617-001","400-800","SATM-V6-1-13","MATH","1","base","13","Problem-Solving and Data Analysis","Percentages","PSD_PCT_002","Compute percent increase or decrease","Compute percent increase or decrease","medium","1","student_response","","A jacket price increased from $80 to $92. What was the percent increase?","","","","","","","The increase is 12. Divide by the original price: 12/80=0.15, or 15 percent.","85","none","{}","","","integer","15","0","compute percent increase or decrease","","math,domain:Problem-Solving and Data Analysis,skill:PSD_PCT_002,arch:MATH_ARCH_043_PERCENT_CHANGE,sim:SIM_PERCENT_RELATIONSHIPS,fp:d895dce1,tier:M2"
"SAT-MATH-V6-001","Math V6","20260617-001","400-800","SATM-V6-1-14","MATH","1","base","14","Algebra","Systems of Equations","ALG_SYS_002","Solve a 2x2 linear system by elimination","Solve a 2x2 linear system by elimination","medium","1","student_response","","The system 3x + 2y = 19 and 3x - 2y = 5 has solution (x, y). What is x?","","","","","","","Add the equations to eliminate y: 6x = 24, so x = 4.","90","none","{}","","","integer","4","0","solve a 2x2 linear system by elimination","","math,domain:Algebra,skill:ALG_SYS_002,arch:MATH_ARCH_016_SYSTEM_SOLVE_ELIMINATION,sim:SIM_LINEAR_SYSTEMS,fp:33f10681,tier:M2"
"SAT-MATH-V6-001","Math V6","20260617-001","400-800","SATM-V6-1-15","MATH","1","base","15","Advanced Math","Nonlinear Functions","ADV_NF_009","Solve quadratic equation by factoring","Solve quadratic equation by factoring","medium","1","student_response","","The equation x^2 - 11x + 24 = 0 has two solutions. What is the greater solution?","","","","","","","Factor: (x-3)(x-8)=0. The solutions are 3 and 8, so the greater is 8.","85","none","{}","","","integer","8","0","solve quadratic equation by factoring","","math,domain:Advanced Math,skill:ADV_NF_009,arch:MATH_ARCH_075_QUADRATIC_SOLVE_FACTOR,sim:SIM_QUADRATIC_SOLVING,fp:6a771156,tier:M2"
"SAT-MATH-V6-001","Math V6","20260617-001","400-800","SATM-V6-1-16","MATH","1","base","16","Problem-Solving and Data Analysis","Ratios Rates and Proportions","PSD_RRP_009","Apply distance = rate × time with unit conversion","Apply distance = rate × time with unit conversion","medium","1","student_response","","A cyclist travels at 18 kilometers per hour for 50 minutes. How many kilometers does the cyclist travel?","","","","","","","Fifty minutes is 5/6 hour. Distance = 18·(5/6)=15 kilometers.","95","none","{}","","","integer","15","0","apply distance = rate × time with unit conversion","","math,domain:Problem-Solving and Data Analysis,skill:PSD_RRP_009,arch:MATH_ARCH_040_RATE_DISTANCE_TIME,sim:SIM_RATIOS_RATES_PROPORTIONS,fp:b05e22db,tier:H2"
"SAT-MATH-V6-001","Math V6","20260617-001","400-800","SATM-V6-1-17","MATH","1","base","17","Geometry and Trigonometry","Triangles","GEO_TRI_002","Find angle measures using triangle angle sum and exterior angle","Find angle measures using triangle angle sum and exterior angle","medium","1","multiple_choice","","In triangle ABC, angle A measures 48° and angle B measures 67°. What is the measure of angle C?","55","75","65","115","C","3","The angles of a triangle sum to 180°. Thus angle C = 180 - 48 - 67 = 65°.","75","triangle","{""diagram_type"":""triangle"",""render_mode"":""near_to_scale"",""not_to_scale"":true,""vertices"":[""A"",""B"",""C""],""angle_labels"":{""A"":""48°"",""B"":""67°"",""C"":""?""},""target"":""angle C""}","","","","","","find angle measures using triangle angle sum and exterior angle","","math,domain:Geometry and Trigonometry,skill:GEO_TRI_002,arch:MATH_ARCH_085_TRIANGLE_ANGLE_SUM,sim:SIM_TRIANGLE_ANGLE_RELATIONSHIPS,fp:c0d4c8ea,tier:M1"
"SAT-MATH-V6-001","Math V6","20260617-001","400-800","SATM-V6-1-18","MATH","1","base","18","Geometry and Trigonometry","Circles","GEO_CIRC_001","Use circle area and circumference formulas","Use circle area and circumference formulas","medium","1","student_response","","A circle has circumference 18π. What is its radius?","","","","","","","Using C=2πr, 18π=2πr, so r=9.","70","none","{}","","","integer","9","0","use circle area and circumference formulas","","math,domain:Geometry and Trigonometry,skill:GEO_CIRC_001,arch:MATH_ARCH_091_CIRCLE_AREA_CIRCUMFERENCE,sim:SIM_CIRCLE_MEASUREMENTS,fp:3ae6c49e,tier:M1"
"SAT-MATH-V6-001","Math V6","20260617-001","400-800","SATM-V6-1-19","MATH","1","base","19","Algebra","Systems of Equations","ALG_SYS_005","Model counts and totals with a two-variable system","Model counts and totals with a two-variable system","hard","1","student_response","","A theater sold 120 tickets. Adult tickets cost $14 and student tickets cost $9. Total ticket revenue was $1,380. How many adult tickets were sold?","","","","","","","Let a be adult tickets and s be student tickets. Then a+s=120 and 14a+9s=1380. Substituting s=120-a gives 14a+1080-9a=1380, so 5a=300 and a=60.","120","none","{}","","","integer","60","0","model counts and totals with a two-variable system","","math,domain:Algebra,skill:ALG_SYS_005,arch:MATH_ARCH_019_SYSTEM_CONTEXT_COUNT_WEIGHT,sim:SIM_LINEAR_SYSTEMS,fp:ee258d46,tier:M2"
"SAT-MATH-V6-001","Math V6","20260617-001","400-800","SATM-V6-1-20","MATH","1","base","20","Advanced Math","Nonlinear Functions","ADV_NF_004","Evaluate nested or composed functions","Evaluate nested or composed functions","hard","1","multiple_choice","","Let f(x)=2x-5 and g(x)=x^2+1. What is f(g(3))?","11","15","16","20","B","2","First, g(3)=3^2+1=10. Then f(10)=2(10)-5=15.","95","none","{}","","","","","","evaluate nested or composed functions","","math,domain:Advanced Math,skill:ADV_NF_004,arch:MATH_ARCH_065_FUNCTION_COMPOSITION,sim:SIM_FUNCTION_NOTATION_AND_VALUES,fp:ab135dd1,tier:H2"
"SAT-MATH-V6-001","Math V6","20260617-001","400-800","SATM-V6-1-21","MATH","1","base","21","Problem-Solving and Data Analysis","Ratios Rates and Proportions","PSD_RRP_010","Solve weighted average mixture with two components","Solve weighted average mixture with two components","hard","1","multiple_choice","","A 10-liter mixture is 30% salt. How many liters of a 50% salt solution must be added to make the final mixture 40% salt?","2","5","20","10","D","4","Let x be the liters added. Salt balance gives 0.30(10)+0.50x=0.40(10+x). Thus 3+0.5x=4+0.4x, so x=10.","120","none","{}","","","","","","solve weighted average mixture with two components","","math,domain:Problem-Solving and Data Analysis,skill:PSD_RRP_010,arch:MATH_ARCH_047_WEIGHTED_AVERAGE_MIXTURE,sim:SIM_WEIGHTED_AVERAGE_MIXTURE,fp:30189726,tier:H2"
"SAT-MATH-V6-001","Math V6","20260617-001","400-800","SATM-V6-1-22","MATH","1","base","22","Geometry and Trigonometry","Trigonometry","GEO_TRIG_002","Use sine, cosine, or tangent in right triangle","Use sine, cosine, or tangent in right triangle","hard","1","student_response","","In a right triangle, an acute angle θ has opposite side length 12 and adjacent side length 5. What is tan θ?","","","","","","","By definition, tan θ = opposite/adjacent = 12/5.","90","none","{}","","","fraction","12/5","0","use sine, cosine, or tangent in right triangle","","math,domain:Geometry and Trigonometry,skill:GEO_TRIG_002,arch:MATH_ARCH_096_TRIG_RATIO_RIGHT_TRIANGLE,sim:SIM_TRIGONOMETRY_RELATIONSHIPS,fp:46942fdf,tier:M1"
"SAT-MATH-V6-001","Math V6","20260617-001","400-800","SATM-V6-2-01","MATH","2","hard","1","Algebra","Linear Equations","ALG_LE_002","Clear denominators to solve a linear equation with fractional coefficients","Clear denominators to solve a linear equation with fractional coefficients","medium","1","multiple_choice","","What value of x satisfies (x-3)/4 + (x+1)/6 = 5?","13","53/5","73/5","67/5","D","4","Multiply by 12: 3(x-3)+2(x+1)=60. Then 5x-7=60, so 5x=67 and x=67/5.","90","none","{}","","","","","","clear denominators to solve a linear equation with fractional coefficients","","math,domain:Algebra,skill:ALG_LE_002,arch:MATH_ARCH_002_LINEAR_EQUATION_FRACTIONS,sim:SIM_LINEAR_EQUATIONS_AND_INEQUALITIES,fp:33ae55a4,tier:M1"
"SAT-MATH-V6-001","Math V6","20260617-001","400-800","SATM-V6-2-02","MATH","2","hard","2","Algebra","Linear Functions","ALG_LF_003","Solve for input when a linear model reaches a target value","Solve for input when a linear model reaches a target value","medium","1","multiple_choice","","A storage tank contains 540 gallons and loses 18 gallons each hour. After how many hours will 216 gallons remain?","12","20","18","30","C","3","Solve 540-18t=216. Then 18t=324, so t=18.","85","none","{}","","","","","","solve for input when a linear model reaches a target value","","math,domain:Algebra,skill:ALG_LF_003,arch:MATH_ARCH_006_LINEAR_MODEL_SOLVE_TARGET,sim:SIM_LINEAR_FUNCTIONS_AND_GRAPHS,fp:161c2d61,tier:M2"
"SAT-MATH-V6-001","Math V6","20260617-001","400-800","SATM-V6-2-03","MATH","2","hard","3","Advanced Math","Equivalent Expressions","ADV_EE_004","Factor polynomial expression","Factor polynomial expression","medium","1","multiple_choice","","If x-4 is a factor of x^2+bx-20, what is b?","-1","1","-9","9","B","2","By the factor theorem, substituting x=4 gives 16+4b-20=0. Thus 4b=4 and b=1.","90","none","{}","","","","","","factor polynomial expression","","math,domain:Advanced Math,skill:ADV_EE_004,arch:MATH_ARCH_071_POLYNOMIAL_FACTOR,sim:SIM_POLYNOMIAL_RATIONAL_EXPRESSIONS,fp:4edf4c20,tier:M2"
"SAT-MATH-V6-001","Math V6","20260617-001","400-800","SATM-V6-2-04","MATH","2","hard","4","Advanced Math","Nonlinear Functions","ADV_NF_012","Interpret vertex form of a quadratic function","Interpret vertex form of a quadratic function","medium","1","multiple_choice","","The function h(x)=2(x-3)^2-8 has a minimum value. What is that minimum value?","-3","-8","2","8","B","2","Since the coefficient of the squared term is positive, the vertex is the minimum. The vertex value is -8.","75","none","{}","","","","","","interpret vertex form of a quadratic function","","math,domain:Advanced Math,skill:ADV_NF_012,arch:MATH_ARCH_078_QUADRATIC_VERTEX_FORM,sim:SIM_QUADRATIC_FEATURES,fp:a24d5d64,tier:H3"
"SAT-MATH-V6-001","Math V6","20260617-001","400-800","SATM-V6-2-05","MATH","2","hard","5","Algebra","Linear Functions","ALG_LF_006","Write the equation of a line through two points","Write the equation of a line through two points","hard","1","multiple_choice","","Which equation represents the line through (-2, 7) and (4, -5)?","y = 2x + 11","y = -2x - 3","y = -3x + 1","y = -2x + 3","D","4","The slope is (-5-7)/(4-(-2))=-12/6=-2. Using (-2,7), 7=4+b, so b=3.","100","none","{}","","","","","","write the equation of a line through two points","","math,domain:Algebra,skill:ALG_LF_006,arch:MATH_ARCH_009_LINEAR_GRAPH_EQUATION_FROM_POINTS,sim:SIM_LINEAR_FUNCTIONS_AND_GRAPHS,fp:b132583a,tier:M2"
"SAT-MATH-V6-001","Math V6","20260617-001","400-800","SATM-V6-2-06","MATH","2","hard","6","Advanced Math","Nonlinear Functions","ADV_NF_004","Evaluate nested or composed functions","Evaluate nested or composed functions","hard","1","multiple_choice","","Let f(x)=x^2-4 and g(x)=3x+1. What is g(f(-3))?","6","14","20","16","D","4","First f(-3)=9-4=5. Then g(5)=3(5)+1=16.","95","none","{}","","","","","","evaluate nested or composed functions","","math,domain:Advanced Math,skill:ADV_NF_004,arch:MATH_ARCH_065_FUNCTION_COMPOSITION,sim:SIM_FUNCTION_NOTATION_AND_VALUES,fp:eaeffd45,tier:H2"
"SAT-MATH-V6-001","Math V6","20260617-001","400-800","SATM-V6-2-07","MATH","2","hard","7","Algebra","Systems of Equations","ALG_SYS_004","Combine equations to solve directly for x+y or a linear combination","Combine equations to solve directly for x+y or a linear combination","hard","1","multiple_choice","","For the system 4x+3y=26 and 5x-3y=10, what is the value of x+y?","6","22/3","20/3","26/3","B","2","Adding the equations gives 9x=36, so x=4. Substitution gives 16+3y=26, so y=10/3. Thus x+y=22/3.","110","none","{}","","","","","","combine equations to solve directly for x+y or a linear combination","","math,domain:Algebra,skill:ALG_SYS_004,arch:MATH_ARCH_018_SYSTEM_SUM_DIRECT,sim:SIM_LINEAR_SYSTEMS,fp:5118f3ab,tier:H2"
"SAT-MATH-V6-001","Math V6","20260617-001","400-800","SATM-V6-2-08","MATH","2","hard","8","Advanced Math","Nonlinear Functions","ADV_NF_007","Solve rational equation and reject excluded values","Solve rational equation and reject excluded values","hard","1","multiple_choice","","What is the solution to 3/(x-1) = 2/(x+2)?","-5","4","8","-8","D","4","Cross-multiply: 3(x+2)=2(x-1). Thus 3x+6=2x-2, so x=-8. This is not an excluded value.","105","none","{}","","","","","","solve rational equation and reject excluded values","","math,domain:Advanced Math,skill:ADV_NF_007,arch:MATH_ARCH_073_RATIONAL_EQUATION_SOLVE,sim:SIM_RATIONAL_EQUATIONS,fp:5e1189c0,tier:H3"
"SAT-MATH-V6-001","Math V6","20260617-001","400-800","SATM-V6-2-09","MATH","2","hard","9","Problem-Solving and Data Analysis","Probability","PSD_PROB_002","Compute conditional probability from a table subset","Compute conditional probability from a table subset","hard","1","multiple_choice","","The table summarizes 120 survey responses. Given that a respondent chose option B, what is the probability the respondent was in Group 2?","3/10","2/5","3/5","1/2","C","3","Among those who chose B, 36 were in Group 2 out of 24+36=60 total. The conditional probability is 36/60=3/5.","110","table","{}","| | Option A | Option B | Total |\n|---|---:|---:|---:|\n| Group 1 | 36 | 24 | 60 |\n| Group 2 | 24 | 36 | 60 |\n| Total | 60 | 60 | 120 |","","","","","compute conditional probability from a table subset","","math,domain:Problem-Solving and Data Analysis,skill:PSD_PROB_002,arch:MATH_ARCH_050_CONDITIONAL_PROBABILITY_TABLE,sim:SIM_PROBABILITY_TABLES,fp:55328739,tier:H3"
"SAT-MATH-V6-001","Math V6","20260617-001","400-800","SATM-V6-2-10","MATH","2","hard","10","Algebra","Systems of Equations","ALG_SYS_008","Find maximum possible coordinate from two linear inequalities","Find maximum possible coordinate from two linear inequalities","hard","1","student_response","","A point (x,y) satisfies x+y≤14, 2x+y≤20, x≥0, and y≥0. What is the greatest possible value of x?","","","","","","","Because y≥0, 2x+y≤20 implies x≤10. The point (10,0) also satisfies x+y≤14, so the maximum is 10.","110","none","{}","","","integer","10","0","find maximum possible coordinate from two linear inequalities","","math,domain:Algebra,skill:ALG_SYS_008,arch:MATH_ARCH_027_SYSTEM_INEQUALITIES_MAX_COORDINATE,sim:SIM_LINEAR_SYSTEMS,fp:58c88782,tier:H2"
"SAT-MATH-V6-001","Math V6","20260617-001","400-800","SATM-V6-2-11","MATH","2","hard","11","Advanced Math","Nonlinear Functions","ADV_NF_008","Model exponential growth or decay","Model exponential growth or decay","hard","1","multiple_choice","","A culture starts with 800 cells and increases by 25% every 3 hours. Which expression gives the number of cells after t hours?","800(1.25)^(t/3)","800(1.25)^(3t)","800(0.75)^(t/3)","800+1.25(t/3)","A","1","Each 3-hour period multiplies the population by 1.25. There are t/3 periods, so the model is 800(1.25)^(t/3).","110","none","{}","","","","","","model exponential growth or decay","","math,domain:Advanced Math,skill:ADV_NF_008,arch:MATH_ARCH_074_EXPONENTIAL_GROWTH_DECAY,sim:SIM_EXPONENTIAL_MODELS,fp:51ec0a53,tier:H3"
"SAT-MATH-V6-001","Math V6","20260617-001","400-800","SATM-V6-2-12","MATH","2","hard","12","Problem-Solving and Data Analysis","Percentages","PSD_PCT_003","Compute net effect of successive percent changes","Compute net effect of successive percent changes","hard","1","multiple_choice","","A store increases a price by 20% and then discounts the new price by 15%. Compared with the original price, what is the net percent change?","2% increase","5% increase","3% decrease","5% decrease","A","1","The combined multiplier is 1.20·0.85=1.02. The final price is 102% of the original, a 2% increase.","105","none","{}","","","","","","compute net effect of successive percent changes","","math,domain:Problem-Solving and Data Analysis,skill:PSD_PCT_003,arch:MATH_ARCH_044_SUCCESSIVE_PERCENT_CHANGE,sim:SIM_PERCENT_RELATIONSHIPS,fp:7506dd89,tier:H2"
"SAT-MATH-V6-001","Math V6","20260617-001","400-800","SATM-V6-2-13","MATH","2","hard","13","Advanced Math","Nonlinear Functions","ADV_NF_014","Use discriminant to determine number/type of solutions","Use discriminant to determine number/type of solutions","hard","1","student_response","","For what positive value of k does x^2-10x+k=0 have exactly one real solution?","","","","","","","Exactly one real solution requires discriminant 0: (-10)^2-4(1)(k)=0. Thus 100-4k=0 and k=25.","105","none","{}","","","integer","25","0","use discriminant to determine number/type of solutions","","math,domain:Advanced Math,skill:ADV_NF_014,arch:MATH_ARCH_080_QUADRATIC_DISCRIMINANT,sim:SIM_QUADRATIC_SOLVING,fp:8e215063,tier:H3"
"SAT-MATH-V6-001","Math V6","20260617-001","400-800","SATM-V6-2-14","MATH","2","hard","14","Algebra","Systems of Equations","ALG_SYS_006","Find parameter value that makes two linear equations parallel","Find parameter value that makes two linear equations parallel","hard","1","multiple_choice","","For what value of k does the system 6x+4y=12 and 3x+ky=10 have no solution?","1","3","2","4","C","3","The lines have no solution when their x- and y-coefficients are proportional but constants are not. Dividing the first equation by 2 gives 3x+2y=6, so k=2; the second constant is 10, not 6.","125","none","{}","","","","","","find parameter value that makes two linear equations parallel","","math,domain:Algebra,skill:ALG_SYS_006,arch:MATH_ARCH_020_SYSTEM_NO_SOLUTION_PARAMETER,sim:SIM_LINEAR_SYSTEMS,fp:8cbff326,tier:H3"
"SAT-MATH-V6-001","Math V6","20260617-001","400-800","SATM-V6-2-15","MATH","2","hard","15","Geometry and Trigonometry","Triangles","GEO_TRI_006","Use similar triangles and scale factors","Use similar triangles and scale factors","hard","1","multiple_choice","","Triangles ABC and DEF are similar with A corresponding to D, B to E, and C to F. If AB=6, BC=9, and DE=10, what is EF?","15","12","13.5","18","A","1","The scale factor from triangle ABC to DEF is DE/AB=10/6=5/3. Therefore EF=BC·5/3=9·5/3=15.","125","triangle","{""diagram_type"":""similar_triangles"",""render_mode"":""near_to_scale"",""not_to_scale"":true,""triangles"":[{""triangle_id"":""ABC"",""vertices"":[""A"",""B"",""C""],""side_labels"":{""AB"":""6"",""BC"":""9""},""angle_labels"":{}},{""triangle_id"":""DEF"",""vertices"":[""D"",""E"",""F""],""side_labels"":{""DE"":""10"",""EF"":""x""},""angle_labels"":{}}],""correspondence"":{""A"":""D"",""B"":""E"",""C"":""F""},""target"":""EF""}","","","","","","use similar triangles and scale factors","","math,domain:Geometry and Trigonometry,skill:GEO_TRI_006,arch:MATH_ARCH_089_SIMILAR_TRIANGLES_SCALE,sim:SIM_SIMILAR_TRIANGLES,fp:9f145170,tier:H3"
"SAT-MATH-V6-001","Math V6","20260617-001","400-800","SATM-V6-2-16","MATH","2","hard","16","Advanced Math","Nonlinear Functions","ADV_NF_006","Solve radical equation and check extraneous solution","Solve radical equation and check extraneous solution","hard","1","multiple_choice","","What is the solution to √(x+6)=x?","-2","2","6","3","D","4","The equation requires x≥0. Squaring gives x+6=x^2, so x^2-x-6=0 and x=3 or -2. Only x=3 satisfies the original equation.","125","none","{}","","","","","","solve radical equation and check extraneous solution","","math,domain:Advanced Math,skill:ADV_NF_006,arch:MATH_ARCH_069_RADICAL_EQUATION_EXTRANEOUS,sim:SIM_EXPONENT_RADICALS,fp:102a109d,tier:H3"
"SAT-MATH-V6-001","Math V6","20260617-001","400-800","SATM-V6-2-17","MATH","2","hard","17","Problem-Solving and Data Analysis","Data Interpretation","PSD_DATA_003","Use a line of best fit to estimate or predict","Use a line of best fit to estimate or predict","hard","1","multiple_choice","","A line of best fit for the data is y=1.8x+4.2. Based on this model, what is the predicted value of y when x=15?","31.2","27","31.8","34.2","A","1","Substitute x=15 into the model: y=1.8(15)+4.2=27+4.2=31.2.","120","scatter_plot","{""diagram_type"":""scatter_plot"",""render_mode"":""schematic_not_to_scale"",""x_min"":0,""x_max"":20,""y_min"":0,""y_max"":45,""x_label"":""x"",""y_label"":""y"",""grid"":true,""points"":[[2,8],[5,14],[8,19],[11,25],[14,30],[18,37]],""line_of_best_fit"":{""equation"":""y=1.8x+4.2""},""target"":""predicted y at x=15""}","","","","","","use a line of best fit to estimate or predict","","math,domain:Problem-Solving and Data Analysis,skill:PSD_DATA_003,arch:MATH_ARCH_061_SCATTERPLOT_LINE_OF_BEST_FIT,sim:SIM_DATA_GRAPH_INTERPRETATION,fp:88b84dc8,tier:H3"
"SAT-MATH-V6-001","Math V6","20260617-001","400-800","SATM-V6-2-18","MATH","2","hard","18","Algebra","Systems of Equations","ALG_SYS_007","Find parameter value that makes two equations equivalent","Find parameter value that makes two equations equivalent","hard","1","multiple_choice","","The equations (a+1)x+6y=12 and 4x+3y=6 represent the same line. What is a?","1","3","7","8","C","3","Doubling the second equation gives 8x+6y=12. Therefore a+1=8, so a=7.","120","none","{}","","","","","","find parameter value that makes two equations equivalent","","math,domain:Algebra,skill:ALG_SYS_007,arch:MATH_ARCH_021_SYSTEM_INFINITE_SOLUTIONS_PARAMETER,sim:SIM_LINEAR_SYSTEMS,fp:740a6eb3,tier:H3"
"SAT-MATH-V6-001","Math V6","20260617-001","400-800","SATM-V6-2-19","MATH","2","hard","19","Geometry and Trigonometry","Circles","GEO_CIRC_002","Find arc length or sector area from central angle","Find arc length or sector area from central angle","hard","1","multiple_choice","","A sector of a circle has radius 12 and central angle 150°. What is the area of the sector?","30π","50π","75π","60π","D","4","The sector is 150/360=5/12 of the circle. Its area is (5/12)π(12^2)=60π.","115","none","{}","","","","","","find arc length or sector area from central angle","","math,domain:Geometry and Trigonometry,skill:GEO_CIRC_002,arch:MATH_ARCH_092_CIRCLE_ARC_SECTOR,sim:SIM_CIRCLE_MEASUREMENTS,fp:957bd55e,tier:H3"
"SAT-MATH-V6-001","Math V6","20260617-001","400-800","SATM-V6-2-20","MATH","2","hard","20","Advanced Math","Nonlinear Functions","ADV_NF_001","Determine parameters for a line and parabola system with two real solutions","Determine parameters for a line and parabola system with two real solutions","hard","1","multiple_choice","","The line y=mx+1 intersects the parabola y=x^2-3x+5 at exactly one point. Which value of m is possible?","1","-5","-1","5","A","1","Set x^2-3x+5=mx+1, giving x^2-(m+3)x+4=0. One intersection requires discriminant 0: (m+3)^2-16=0, so m=1 or m=-7. Of the choices, only 1 is listed.","145","none","{}","","","","","","determine parameters for a line and parabola system with two real solutions","","math,domain:Advanced Math,skill:ADV_NF_001,arch:MATH_ARCH_022_SYSTEM_QUADRATIC_LINE_TWO_SOLUTIONS,sim:SIM_QUADRATIC_SOLVING,fp:775dd850,tier:H3"
"SAT-MATH-V6-001","Math V6","20260617-001","400-800","SATM-V6-2-21","MATH","2","hard","21","Geometry and Trigonometry","Circles","GEO_CIRC_003","Use equation of a circle in coordinate plane","Use equation of a circle in coordinate plane","hard","1","multiple_choice","","A circle has equation x^2+y^2-8x+6y-11=0. What is its radius?","4","5","6","7","C","3","Complete the square: (x-4)^2-16+(y+3)^2-9-11=0, so (x-4)^2+(y+3)^2=36. The radius is 6.","135","none","{}","","","","","","use equation of a circle in coordinate plane","","math,domain:Geometry and Trigonometry,skill:GEO_CIRC_003,arch:MATH_ARCH_093_CIRCLE_EQUATION,sim:SIM_CIRCLE_EQUATIONS,fp:d2e7e363,tier:H3"
"SAT-MATH-V6-001","Math V6","20260617-001","400-800","SATM-V6-2-22","MATH","2","hard","22","Geometry and Trigonometry","Area","GEO_AREA_001","Compute surface area of prism/cylinder or composite solid","Compute surface area of prism/cylinder or composite solid","hard","1","multiple_choice","","A right circular cylinder has radius 4 and height 10. A hemisphere of radius 4 is attached to one base. What is the exterior surface area, including the cylinder’s other base?","112π","128π","144π","160π","B","2","The exterior consists of the cylinder’s lateral area 2πrh=80π, one circular base πr^2=16π, and the hemisphere’s curved area 2πr^2=32π. The total is 128π.","145","none","{}","","","","","","compute surface area of prism/cylinder or composite solid","","math,domain:Geometry and Trigonometry,skill:GEO_AREA_001,arch:MATH_ARCH_100_SOLID_SURFACE_AREA,sim:SIM_SOLID_MEASUREMENT,fp:a759d6a7,tier:H3"