"test_id","exam_version","generation_batch_id","target_score_band","question_id","section","module","route","question_number","content_domain","skill_group","skill_code","skill_label","question_topic","difficulty","scoring_weight","question_type","passage","question","choice_a","choice_b","choice_c","choice_d","correct_answer","correct_choice_index","explanation","time_estimate_sec","visual_type","visual_json","table_markdown","equation_latex","student_response_type","correct_numeric_answer","answer_tolerance","primary_skill","secondary_skill","tags"
"SAT_RW_2","split_batch_v9","RW_P2_FRONT","400-800","SAT_RW_2_M1_Q01","RW","1","base","1","Craft and Structure","Words in Context","RW_WIC_002","Determine meaning or function of a word/phrase in context","purpose_sentence","Easy","1","multiple_choice","Along a stretch of reef damaged by consecutive summer storms, restoration crews attached nursery-grown corals to limestone frames at three densities. During calm months, survival differed little among frames. After the first strong autumn swell, however, crowded frames lost more branches where neighboring colonies rubbed against one another, while sparsely planted frames left large gaps where algae spread. The intermediate-density frames retained enough living tissue to sustain growth into the next spring, and fish returned to shelter among their branches sooner than at the other sites. The crews had initially treated planting density mainly as a way to maximize the number of colonies installed. The later observations led them to view spacing as part of recovery itself: too little cover delayed habitat formation, but too much contact increased breakage. The result did not identify one density for every reef, since wave exposure and coral species also varied among sites.","Which choice best states the meaning of ""sustain"" as used in the text?","maintain","produce","justify","withstand","A","1","The intermediate-density frames retain enough living tissue for growth to continue into spring, so ""maintain"" fits the context. The other choices describe producing, defending, or resisting something rather than keeping growth going.","70","none","{}","","","","","","Words in Context","","passage:R003;arch:RW_WIC_002;sim:rw_words_in_context_purpose_sentence;source_sim:rw_research_story_words_in_context_text_structure_and_purpose;surface_arch:SURF_RW_WIC_002;wic_arch:WIC_DIRECT_MEANING_01;fp:9360ba98e280b7c0;sfp:9360ba98e280b7c0;wic;hard_vocab;vocab:HV_001;tier:V3;target:sustain;family:direct_meaning"
"SAT_RW_2","split_batch_v9","RW_P2_FRONT","400-800","SAT_RW_2_M1_Q02","RW","1","base","2","Craft and Structure","Words in Context","RW_WIC_004","Determine meaning or function of a word/phrase in context","revision_goal","Medium","1","multiple_choice","Planners at one underground station expected a wider platform near the stairs to reduce crowding throughout the evening rush. Video records showed a more specific pattern. On lines with six-minute gaps between trains, passengers spread into the widened area and boarding queues cleared before the next train arrived. When delays shortened the gap between two trains, though, the wider platform filled quickly and people again clustered around the stair landing. A second station with the same platform width but more regular train spacing showed fewer such clusters. The report therefore offered a qualified conclusion, linking the redesign to smoother passenger movement under predictable service rather than to a general reduction in crowding. The distinction mattered for future renovations because changing a platform is expensive, whereas schedule adjustments may address some bottlenecks without construction. Even so, the planners noted that narrow platforms can still limit movement when passenger volume is high.","Why does the passage describe the report’s conclusion as ""qualified""?","It limits the redesign claim to predictable service conditions rather than treating wider platforms as a solution to every crowding situation.","It limits the scheduling claim to stations with narrow platforms while treating platform width as irrelevant to passenger movement.","It treats the second station as evidence that platform width has no role whenever train spacing is regular.","It withholds judgment because the planners observed no station that combined regular service with a widened platform.","A","1","The evidence supports smoother movement on a wider platform when train spacing is predictable, but crowding returns when trains arrive close together. Choice A captures that specific limitation; the other choices misstate what the station comparison shows or what evidence was available.","85","none","{}","","","","","","Words in Context","","passage:R009;arch:RW_WIC_004;sim:rw_words_in_context_revision_goal;source_sim:rw_research_story_words_in_context_text_structure_and_purpose;surface_arch:SURF_RW_WIC_004;wic_arch:WIC_CLAIM_FUNCTION_01;fp:526fb626ba674e1c;sfp:526fb626ba674e1c;wic;hard_vocab;vocab:HV_113;tier:V3;target:qualified;family:claim_function"
"SAT_RW_2","split_batch_v9","RW_P2_FRONT","400-800","SAT_RW_2_M1_Q03","RW","1","base","3","Craft and Structure","Words in Context","RW_WIC_003","Determine meaning or function of a word/phrase in context","word_function","Medium","1","multiple_choice","Transit planners modeling a battery-electric bus route compared two charging strategies. One relied on a long overnight charge at the depot; the other added brief charges at a terminal during the day. In mild weather, both strategies completed nearly all scheduled trips, but the terminal-charging plan left a larger battery reserve at the end of late-afternoon runs. The model included winter energy use based on recent cold spells, yet it contained few observations from unusually severe freezes. For that reason, the projected savings from buying fewer spare buses under the terminal-charging plan remained tentative. Terminal charging might reduce the reserve fleet if ordinary winter conditions continue, but the advantage could shrink when cabin heating and slow traffic raise energy demand together. Planners therefore recommended installing wiring at the terminal while postponing a final decision about fleet size. This sequence would preserve the option to use short charges without treating one year's weather record as decisive.","What effect does the word ""tentative"" have on the presentation of the projected savings?","It makes the savings provisional because future electricity prices have not yet been estimated.","It signals caution because limited evidence from severe cold leaves the projected savings uncertain.","It signals caution because terminal charging performed worse than depot-only charging in mild weather.","It makes the savings provisional because planners expect the bus route itself to be discontinued soon.","B","2","The passage specifically notes that the model contains few observations from unusually severe freezes, so the savings estimate remains uncertain under those conditions. Choice B ties the cautious presentation to that evidence; the other choices supply reasons the passage never gives.","85","none","{}","","","","","","Words in Context","","passage:R015;arch:RW_WIC_003;sim:rw_words_in_context_word_function;source_sim:rw_research_story_words_in_context_text_structure_and_purpose;surface_arch:SURF_RW_WIC_003;wic_arch:WIC_TONAL_EFFECT_01;fp:51847def9d2230dd;sfp:51847def9d2230dd;wic;hard_vocab;vocab:HV_119;tier:V3;target:tentative;family:tonal_effect"
"SAT_RW_2","split_batch_v9","RW_P2_FRONT","400-800","SAT_RW_2_M1_Q04","RW","1","base","4","Craft and Structure","Text Structure and Purpose","RW_TSP_011","Analyze structure or purpose","contrast","Easy","1","multiple_choice","Biologists monitoring a coastal seagrass bed recorded boat noise and juvenile fish behavior over six weeks. On busy weekends, fish spent more time inside dense vegetation and less time feeding in exposed patches than they did on quiet weekdays. The pattern initially seemed to show a direct response to engine noise. <u>Yet on two windy weekdays, when few boats passed the site, underwater sound levels rose nearly as high as they did on weekends, and the fish again shifted toward cover.</u> Because wind and boat engines produce different acoustic signatures, the researchers did not treat sound level alone as sufficient explanation. They instead proposed testing whether abrupt, low-frequency pulses, which were common in both conditions, trigger the movement. Future recordings will pair sound measurements with fine-scale tracking so that the timing of each pulse can be compared with individual fish movements. The study thus narrows the question without settling which source of noise matters most.","Which choice best describes the function of the underlined sentence in the text?","It supplies a second example of boat traffic causing fish to seek cover.","It explains why wind and boat engines must produce identical acoustic signatures.","It introduces evidence that weakens an engine-specific explanation and motivates a broader hypothesis about acoustic features.","It establishes that underwater sound level is unrelated to fish behavior.","C","3","The underlined observation shows the same fish response on windy days with little boat traffic. That evidence makes an engine-only explanation less adequate and leads the researchers to investigate acoustic features shared across conditions, as choice C states.","70","none","{}","","","","","","Text Structure and Purpose","","passage:R021;arch:RW_TSP_011;sim:rw_text_structure_and_purpose_contrast;source_sim:rw_research_story_words_in_context_text_structure_and_purpose;surface_arch:SURF_RW_TSP_011;fp:5138365aefe54b38;sfp:5138365aefe54b38"
"SAT_RW_2","split_batch_v9","RW_P2_FRONT","400-800","SAT_RW_2_M1_Q05","RW","1","base","5","Craft and Structure","Text Structure and Purpose","RW_TSP_012","Analyze structure or purpose","cause_effect","Medium","1","multiple_choice","Forager bees often return to a feeding site by combining visual landmarks with the sun's position. To learn how the cues interact, researchers trained bees to visit a feeder beside a striped panel, then moved the feeder a short distance while keeping the panel fixed. On clear mornings, most bees first searched near the panel before widening their search toward the feeder's new position. When a translucent screen obscured the sky, however, the bees remained near the panel longer. A separate trial rotated the striped panel ninety degrees; under the screen, search paths rotated with it, but under clear sky the rotation had a smaller effect. These results suggest that bees do not follow a single cue in a fixed hierarchy. Instead, the relative reliability of available information changes how strongly each cue guides search. The experiment therefore turns a simple question about which cue dominates into one about how bees combine uncertain information.","Which choice best describes the overall structure of the text?","It presents an experiment that changes cue reliability, reports how bee searches respond, and uses the pattern to refine an either-or view of navigation.","It describes two navigation cues, shows that landmarks influence searches most when sky information is limited, and concludes that landmarks are always the more reliable cue.","It reports that cue use changes across conditions and interprets those changes as evidence that bees switch completely from one cue to the other.","It introduces a conflict between sun and landmark information and argues that bees resolve such conflicts by following whichever cue they learned first.","A","1","The experiment changes access to sky cues and rotates a landmark, then interprets the resulting search patterns as evidence that cue weighting depends on reliability. Choice A captures that progression. B, C, and D each turn a conditional pattern into a fixed rule the passage does not support.","85","none","{}","","","","","","Text Structure and Purpose","","passage:R027;arch:RW_TSP_012;sim:rw_text_structure_and_purpose_cause_effect;source_sim:rw_research_story_words_in_context_text_structure_and_purpose;surface_arch:SURF_RW_TSP_012;fp:becd3b2ded329988;sfp:becd3b2ded329988"
"SAT_RW_2","split_batch_v9","RW_P2_FRONT","400-800","SAT_RW_2_M1_Q06","RW","1","base","6","Craft and Structure","Text Structure and Purpose","RW_TSP_001","Analyze structure or purpose","purpose_sentence","Medium","1","multiple_choice","A museum tested two kinds of labels beside unfamiliar mechanical instruments. The standard labels named each object, gave a date, and summarized its use in about seventy words. The experimental labels used the same length but opened with a question about a visible feature, such as why a gear had uneven teeth. Visitors wearing small location trackers stopped at both kinds of labels equally often. They stayed longer at objects with question-based labels, however, and more of them later described a specific mechanical feature accurately. <u>At one especially ornate instrument, the difference disappeared: visitors lingered for a long time regardless of which label they saw.</u> Interviews suggested that the instrument's moving parts attracted attention before visitors read any text. The curators concluded that question-based labels can focus attention when an object's function is not visually obvious, but strong visual features may already supply a reason to look closely. They planned to vary label style according to object type.","What is the main function of the underlined sentence in the passage?","It suggests that ornate objects especially benefit from question-based labels because those labels make visitors remain longer.","It introduces a limitation of the tracking method by implying that long visits cannot be used to compare label effects at any object.","It presents an exception that would justify rejecting the separate finding that question-based labels improved visitors’ recall of mechanical features.","It identifies a case in which the label effect was absent, helping qualify the broader pattern.","D","4","At the ornate instrument, lingering time was long under both label types, so the sentence supplies an exception to the broader label effect and supports the later qualification about visually striking objects. A reverses the result, while B and C overgeneralize what the exception establishes.","85","none","{}","","","","","","Text Structure and Purpose","","passage:R033;arch:RW_TSP_001;sim:rw_text_structure_and_purpose_purpose_sentence;source_sim:rw_research_story_words_in_context_text_structure_and_purpose;surface_arch:SURF_RW_TSP_001;fp:9e8cce06f6f93247;sfp:9e8cce06f6f93247"
"SAT_RW_2","split_batch_v9","RW_P2_FRONT","400-800","SAT_RW_2_M1_Q07","RW","1","base","7","Craft and Structure","Cross-Text Connections","RW_CTC_006","Compare claims across paired texts","paired_text_relation","Medium","1","multiple_choice","Text 1:
Young zebra finches learn songs most accurately when they can interact with an adult tutor. In one training setup, juveniles exposed only to recordings copied the sequence of notes but reproduced timing less consistently. When a live tutor sang after a juvenile's calls, the juveniles matched both sequence and timing more closely. This pattern suggests that social feedback during practice supplies information that a fixed recording cannot.

Text 2:
A live tutor may not be necessary for every aspect of song learning. In experiments with interactive playback, a recording was triggered only after particular juvenile calls and its timing changed with the bird's behavior. Juveniles trained with this contingent playback improved their note timing more than birds hearing the same number of songs on a fixed schedule. The important contrast may therefore be between responsive and nonresponsive instruction, rather than simply between live and recorded sound.","Based on the texts, how would the author of Text 2 most likely respond to Text 1’s claim about live tutors?","The advantage attributed to live tutors may come partly from responsive timing, since contingent recordings can reproduce some of that benefit.","Live tutors are unnecessary because juveniles trained with any recording reproduce song timing just as accurately.","Text 1’s results concern note sequence only, so they provide no evidence about song timing.","Interactive playback is less informative than fixed playback because it exposes juveniles to fewer songs.","A","1","Text 2 accepts that responsiveness matters but shows that responsive playback can improve timing even without a live tutor. Choice A captures this qualification of Text 1; the other choices either overstate the evidence or contradict details in the texts.","85","none","{}","","","","","","Cross-Text Connections","","passage:R006;arch:RW_CTC_006;sim:rw_cross_text_connections_paired_text_relation;source_sim:rw_research_story_cross_text_connections_central_ideas_and_details;surface_arch:SURF_RW_CTC_006;fp:c1691848c41ba417;sfp:c1691848c41ba417"
"SAT_RW_2","split_batch_v9","RW_P2_FRONT","400-800","SAT_RW_2_M1_Q08","RW","1","base","8","Information and Ideas","Central Ideas and Details","RW_CID_001","Identify main idea, key detail, or summary","main_claim","Easy","1","multiple_choice","City planners often count the number of trees planted when evaluating efforts to reduce summer heat. A neighborhood survey, however, found that tree count alone did not predict how cool sidewalks became during the afternoon. Blocks with many small, recently planted trees sometimes remained warmer than blocks with fewer mature trees whose crowns formed nearly continuous shade. Temperature sensors placed along common walking routes showed the largest cooling where gaps between shaded segments were short. Interviews also indicated that residents were more willing to walk to nearby shops when shade continued across intersections rather than ending at each corner. The findings do not imply that planting additional trees is unimportant; young trees can expand future canopy as they grow. For near-term heat planning, though, the arrangement and size of existing crowns may matter as much as the number of trunks. Mapping shade continuity could therefore help cities decide where new plantings would have the greatest immediate benefit.","Which choice best states the main idea of the text?","Cities should delay new tree planting until existing mature trees begin to die.","Residents’ willingness to walk is unrelated to how much shade a route provides.","Near-term heat reduction depends strongly on canopy size and continuity, so tree counts alone may not identify where planting is most useful.","Small newly planted trees cool sidewalks more effectively than mature trees with broad crowns.","C","3","The passage contrasts simple tree counts with measurements of crown size and continuous shade, then argues that shade mapping can guide near-term planting decisions. Choice C captures that central idea without dismissing future benefits of new trees.","70","none","{}","","","","","","Central Ideas and Details","","passage:R001;arch:RW_CID_001;sim:rw_central_ideas_and_details_main_claim;source_sim:rw_research_story_central_ideas_and_details_inferences;surface_arch:SURF_RW_CID_001;fp:3938c650db819dc3;sfp:3938c650db819dc3"
"SAT_RW_2","split_batch_v9","RW_P2_FRONT","400-800","SAT_RW_2_M1_Q09","RW","1","base","9","Information and Ideas","Central Ideas and Details","RW_CID_002","Identify main idea, key detail, or summary","supporting_detail","Medium","1","multiple_choice","Researchers grew wheat seedlings in soils collected from farms that had experienced either severe or mild drought damage. DNA surveys showed that the severely affected soils were not consistently less diverse in microbial species. A different difference stood out: roots from the mildly affected farms more often contained fungi capable of forming mycorrhizal networks with wheat. To test whether those fungi mattered, the researchers sterilized portions of each soil and then added back either a mixed microbial wash or cultured mycorrhizal fungi. Seedlings receiving only the wash regained much of the original microbial diversity but showed little improvement in water uptake. Seedlings receiving the fungi developed longer fine roots and maintained leaf growth for several more days without watering. The experiment does not show that other microbes are irrelevant to crop health. It does indicate, however, that the presence of particular functional partners can matter more for drought response than a simple count of microbial types.","Which choice best summarizes the researchers’ main finding?","Microbial species diversity is consistently lower on farms that have experienced severe drought damage.","Sterilizing soil permanently prevents wheat roots from associating with beneficial fungi.","Specific mycorrhizal partners improved drought-related performance even when restoring overall microbial diversity alone did not.","Any increase in microbial diversity extends wheat leaf growth by the same amount.","C","3","Restoring a mixed microbial community increased diversity but did little for water uptake, whereas adding mycorrhizal fungi improved root development and leaf growth. Choice C states this distinction and preserves the passage’s qualification that other microbes may still matter.","85","none","{}","","","","","","Central Ideas and Details","","passage:R007;arch:RW_CID_002;sim:rw_central_ideas_and_details_supporting_detail;source_sim:rw_research_story_central_ideas_and_details_inferences;surface_arch:SURF_RW_CID_002;fp:52e3d0b70952c9d7;sfp:52e3d0b70952c9d7"
"SAT_RW_2","split_batch_v9","RW_P2_FRONT","400-800","SAT_RW_2_M1_Q10","RW","1","base","10","Information and Ideas","Command of Evidence","RW_COE_001","Use textual or quantitative evidence","supporting_detail","Medium","1","multiple_choice","Astronomers comparing star-forming regions in several nearby galaxies found that regions with similar amounts of molecular gas could produce very different numbers of dense young star clusters. The team considered whether the difference reflected total gas mass, chemical composition, or how strongly the gas was compressed. Spectral measurements showed that some regions contained broad emission lines associated with turbulent, high-pressure clouds. Those regions also contained a larger fraction of newly formed stars packed into compact clusters. Regions with equally large gas reservoirs but narrower lines formed more dispersed stellar groups. Because metallicity varied within both sets, the team concluded that local gas pressure may help determine whether star formation becomes concentrated into clusters. The conclusion remains provisional: broad lines can arise from several processes, and the measurements average over areas larger than individual clouds. A follow-up study could test the pressure interpretation by resolving cloud-scale conditions before clusters emerge.","Which finding, if true, would most directly support the team’s conclusion about local gas pressure?","Galaxies with more metal-rich stars also contain a greater number of old star clusters.","Among regions matched for total gas mass and metallicity, higher cloud pressure is associated with a larger fraction of newborn stars in compact clusters.","Some regions with broad emission lines contain no clusters younger than ten million years.","Low-pressure regions sometimes contain larger total gas reservoirs than high-pressure regions.","B","2","Choice B holds total gas mass and metallicity comparable while linking higher pressure to a greater fraction of compact cluster formation, directly testing the proposed pressure relationship. The other findings do not connect pressure to the concentration of newly formed stars as directly.","85","none","{}","","","","","","Command of Evidence","","passage:R020;arch:RW_COE_001;sim:rw_command_of_evidence_supporting_detail;source_sim:rw_research_story_command_of_evidence_central_ideas_and_details;surface_arch:SURF_RW_COE_001;fp:4debd2cc092a835b;sfp:4debd2cc092a835b"
"SAT_RW_2","split_batch_v9","RW_P2_FRONT","400-800","SAT_RW_2_M1_Q11","RW","1","base","11","Information and Ideas","Command of Evidence","RW_COE_011","Use textual or quantitative evidence","evidence_based_inference","Medium","1","multiple_choice","Transit agencies often add a second language to station signs to improve access, but longer labels can also make crowded displays harder to scan. Designers tested three sign formats in a simulated station: names in one language, names in two languages, and bilingual names paired with a simple pictogram for each destination type. Participants included fluent speakers of the primary language and people who had learned it recently. The bilingual-only signs reduced wrong turns among recent learners but increased the time both groups spent locating a platform name. Adding pictograms preserved the reduction in wrong turns while bringing search times close to those for one-language signs. The designers concluded that bilingual information need not slow visual search if repeated destination categories are given compact nonverbal cues. They cautioned that pictograms must be consistent across stations; an unfamiliar symbol could create a new search problem rather than solve one.","Which result from a follow-up test would most directly support the designers’ conclusion about familiar pictograms?","Participants rate signs with pictograms as more attractive than signs containing text alone.","Fluent speakers locate platform names faster on one-language signs than on bilingual-only signs.","With familiar pictograms, recent learners make fewer wrong turns than with one-language signs, while search times for both recent learners and fluent speakers remain unchanged.","When destination symbols are unfamiliar, both groups take longer to locate exits.","C","3","The conclusion requires both an accessibility benefit and no search-time penalty when familiar pictograms accompany bilingual text. Choice C provides evidence for both parts across the participant groups. Choice D supports the separate caution about unfamiliar symbols, while A and B do not establish the claimed combination.","85","none","{}","","","","","","Command of Evidence","","passage:R023;arch:RW_COE_011;sim:rw_command_of_evidence_evidence_based_inference;source_sim:rw_research_story_command_of_evidence_inferences;surface_arch:SURF_RW_COE_011;fp:718e311949eb683f;sfp:718e311949eb683f"
"SAT_RW_2","split_batch_v9","RW_P2_FRONT","400-800","SAT_RW_2_M1_Q12","RW","1","base","12","Information and Ideas","Inferences","RW_INF_010","Draw supported conclusions","evidence_based_inference","Medium","1","multiple_choice","An office study compared two break schedules for employees completing repetitive data-entry tasks. One group took a single thirty-minute break at midday. Another took six five-minute walking breaks spaced across the workday, so total break time was identical. During the first two hours, the groups entered records at similar speeds and made similar numbers of errors. Late in the afternoon, the walking-break group maintained its morning accuracy, whereas errors increased in the single-break group. Average typing speed changed little in either group. Surprisingly, participants in both groups gave similar ratings when asked how energetic they felt. The researchers noted that brief walks may interrupt the buildup of attentional fatigue even when workers do not consciously feel more alert. Because the study lasted only four days and used one kind of task, the results do not establish that the same schedule would benefit work requiring sustained creative thought.","Which inference is best supported by the text?","Six brief walking breaks increase typing speed throughout the entire workday.","Workers’ self-reported energy accurately predicts how many data-entry errors they make.","A single midday break is likely to be the best schedule for tasks requiring creative thought.","How equal break time is distributed can affect late-day accuracy even when reported energy does not change.","D","4","Both groups received thirty total minutes of break time and reported similar energy, yet late-day accuracy differed. Choice D is therefore supported. The passage reports little change in speed and explicitly limits conclusions about creative work.","85","none","{}","","","","","","Inferences","","passage:R025;arch:RW_INF_010;sim:rw_inferences_evidence_based_inference;source_sim:rw_research_story_central_ideas_and_details_inferences;surface_arch:SURF_RW_INF_010;fp:a1dd2c7a7ec66d9d;sfp:a1dd2c7a7ec66d9d"
"SAT_RW_2","split_batch_v9","RW_P2_FRONT","400-800","SAT_RW_2_M1_Q13","RW","1","base","13","Information and Ideas","Inferences","RW_INF_002","Draw supported conclusions","cause_effect","Medium","1","multiple_choice","Students learning pairs of foreign-language words practiced under one of two conditions. In the first, each native-language prompt always appeared with the same photograph. In the second, the photograph changed across practice rounds while the word pair remained constant. During practice, the fixed-photo group recalled translations slightly faster, suggesting that the repeated image served as a useful cue. A day later, however, the advantage vanished when both groups were tested without photographs. On a second test that used entirely new photographs, the variable-photo group recalled more translations correctly. The researchers proposed that changing the surrounding image during practice encouraged students to rely on the verbal relationship itself rather than on one familiar visual context. They emphasized that stable cues can still be helpful when the same cues will be available later. The best practice format, then, may depend on whether learners need performance in a familiar setting or flexible retrieval across settings.","Which choice most logically follows from the study results?","Fixed photographs prevented students from learning the word pairs during practice.","Changing photographs improved practice speed because the visual variety made each prompt easier.","Stable cues should always be removed, even when those same cues will be available during later use.","Changing contextual cues during practice may reduce reliance on one specific cue and improve retrieval when the context changes.","D","4","The fixed-photo group was slightly faster during practice, but the variable-photo group performed better with new photographs later. Choice D explains that transfer pattern while respecting the authors’ qualification that stable cues can help when the later context is unchanged.","85","none","{}","","","","","","Inferences","","passage:R037;arch:RW_INF_002;sim:rw_inferences_cause_effect;source_sim:rw_research_story_central_ideas_and_details_inferences;surface_arch:SURF_RW_INF_002;fp:ca1302dbf81b9038;sfp:ca1302dbf81b9038"
"SAT_RW_2","split_batch_v9","RW_P2_FRONT","400-800","SAT_RW_2_M1_Q14","RW","1","base","14","Information and Ideas","Inferences","RW_INF_001","Draw supported conclusions","contrast","Medium","1","multiple_choice","Archaeologists studying pottery from three coastal settlements compared vessel shapes with the chemical composition of the clay. Bowls from all three sites shared a distinctive narrow rim, which had led earlier scholars to propose that a single workshop supplied the entire coast. Chemical analysis complicated that idea. Most bowls from the northern site matched clay deposits near that settlement, while bowls from the southern site matched a different local source. At the middle site, both chemical signatures appeared. Decorative patterns also traveled across the region: potters using different clays incised similar wave motifs before firing. The evidence suggests that craftspeople at separate settlements may have shared designs or techniques even when they used local raw materials. The middle site's mixed pottery could reflect exchange between communities rather than centralized production. Further study of kiln remains would be needed to determine where individual vessels were actually fired.","Which inference about pottery production is most strongly supported by the text?","Similar vessel forms could have spread among settlements without all of the vessels being made at one workshop.","All bowls found at the middle settlement were imported from the northern settlement.","The shared wave motif proves that potters at all three settlements used the same clay source.","Differences in clay chemistry show that the settlements exchanged neither finished pots nor design ideas.","A","1","Shared rim shapes and motifs occur even though clay sources differ by settlement, making it reasonable that designs or techniques circulated without centralized production. Choice A fits that evidence; the other choices make stronger claims that the chemical and stylistic evidence does not establish.","85","none","{}","","","","","","Inferences","","passage:R113;arch:RW_INF_001;sim:rw_inferences_contrast;source_sim:rw_research_story_command_of_evidence_inferences;surface_arch:SURF_RW_INF_001;fp:252adec1da279fb0;sfp:252adec1da279fb0"
"SAT_RW_2","split_batch_v9","RW_P2_FRONT","400-800","SAT_RW_2_M1_Q15","RW","1","base","15","Standard English Conventions","Boundaries","SEC.BND","Boundaries","Punctuating two independent clauses","Easy","1","multiple_choice","Their survey covered the same six transects each day. Divers counted sea urchins along the restored reef each morning ____ biologists compared the totals with measurements of kelp cover from the same transects.","Which choice completes the text so that it conforms to the conventions of Standard English?",",",";",": and",", however,","B","2","Both sides of the blank are independent clauses, and no coordinating conjunction joins them. A semicolon correctly links the closely related clauses. A comma alone creates a comma splice, while the other choices produce nonstandard clause boundaries.","70","none","{}","","","","","","Boundaries","","sec;grammar;arch:SEC-BND-001;sim:SEC.BND:sentence_boundary_semicolon:A._minimal-context_version;ctx:CTX-GRM-013;ctxfp:ctx:130613073659;fp:65643f57b323d675;sfp:65643f57b323d675;tier:SEC1"
"SAT_RW_2","split_batch_v9","RW_P2_FRONT","400-800","SAT_RW_2_M1_Q16","RW","1","base","16","Standard English Conventions","Boundaries","SEC.BND","Boundaries","Introductory dependent clauses","Medium","1","multiple_choice","A museum reopened boxes of ceramic fragments from an older excavation. Although the pieces had remained stored for decades, according to the original inventory ____ curators could still match most fragments to their excavation trays.","Which choice completes the text so that it conforms to the conventions of Standard English?",";",":",", and",",","D","4","The clause beginning with ""Although"" is dependent and introduces the independent clause that follows. A comma must mark that boundary, so choice D is correct. A semicolon or colon cannot follow a dependent clause here, and the dash does not supply the standard introductory-clause boundary.","85","none","{}","","","","","","Boundaries","","sec;grammar;arch:SEC-BND-017;sim:SEC.BND:introductory_subordinate_clause:B._internal_punctuation_nearby;ctx:CTX-GRM-002;ctxfp:ctx:195718748502;fp:06865730972ea345;sfp:06865730972ea345;tier:SEC2"
"SAT_RW_2","split_batch_v9","RW_P2_FRONT","400-800","SAT_RW_2_M1_Q17","RW","1","base","17","Standard English Conventions","Boundaries","SEC.BND","Boundaries","Nonessential appositive information","Medium","1","multiple_choice","The station mural project ____ an effort named for illustrator Lina Perez, whose bird studies supplied the design’s main motifs, will cover the east wall when the renovation is complete.","Which choice completes the text so that it conforms to the conventions of Standard English?",":",",",";","—","B","2","The phrase beginning ""an effort named for illustrator Lina Perez"" is a nonessential appositive that renames the project. Because the appositive closes with a comma before the main verb, it must open with a matching comma. Choice B provides that punctuation.","85","none","{}","","","","","","Boundaries","","sec;grammar;arch:SEC-BND-027;sim:SEC.BND:nonessential_appositive:B._internal_punctuation_nearby;ctx:CTX-GRM-018;ctxfp:ctx:574248109582;fp:950f753e73d25060;sfp:950f753e73d25060;tier:SEC2"
"SAT_RW_2","split_batch_v9","RW_P2_FRONT","400-800","SAT_RW_2_M1_Q18","RW","1","base","18","Standard English Conventions","Boundaries","SEC.BND","Boundaries","Restrictive modifiers without commas","Medium","1","multiple_choice","The council tested several shelter panels during a bus-stop pilot. Although all panels were identical in thickness, the panels ____ stayed cooler at midday, whereas the uncoated panels absorbed more heat.","Which choice completes the text so that it conforms to the conventions of Standard English?",", which used a reflective coating,","that used a reflective coating","—which used a reflective coating—",", that used a reflective coating,","B","2","The relative clause identifies which panels stayed cooler: only the coated subset, contrasted with the uncoated panels, is meant. Therefore the clause is restrictive and should not be set off, making choice B correct. A and C would make the coating detail nonessential and imply it applies to all the panels; D incorrectly sets off a restrictive ""that"" clause.","85","none","{}","","","","","","Boundaries","","sec;grammar;arch:SEC-BND-038;sim:SEC.BND:restrictive_no_comma:C._logical_relation_emphasized;ctx:CTX-GRM-006;ctxfp:ctx:532766606137;fp:f1b3e6a42fea400c;sfp:f1b3e6a42fea400c;tier:SEC3"
"SAT_RW_2","split_batch_v9","RW_P2_FRONT","400-800","SAT_RW_2_M1_Q19","RW","1","base","19","Standard English Conventions","Form, Structure, and Sense","SEC.FSS","Form, Structure, and Sense","Subject-verb agreement","Medium","1","multiple_choice","At the old library, the narrow windows and thick brick walls, despite several later renovations to the roof, ____ the reading room relatively cool during summer afternoons.","Which choice completes the text so that it conforms to the conventions of Standard English?","keeps","is keeping","has kept","keep","D","4","The compound subject ""the narrow windows and thick brick walls"" is plural. The intervening phrase about renovations does not change the subject’s number, so the plural verb ""keep"" in choice D is required.","85","none","{}","","","","","","Form, Structure, and Sense","","sec;grammar;arch:SEC-FSS-002;sim:SEC.FSS:subject_verb_agreement:B._intervening_material;ctx:CTX-GRM-010;ctxfp:ctx:260368469699;fp:7bd84aa5e1f15677;sfp:7bd84aa5e1f15677;tier:SEC2"
"SAT_RW_2","split_batch_v9","RW_P2_FRONT","400-800","SAT_RW_2_M1_Q20","RW","1","base","20","Standard English Conventions","Form, Structure, and Sense","SEC.FSS","Form, Structure, and Sense","Logical verb tense","Medium","1","multiple_choice","By the time the linguist presented her analysis of shopkeepers’ honorifics, she, with help from two graduate assistants, ____ more than two hundred morning sales conversations over six months.","Which choice completes the text so that it conforms to the conventions of Standard English?","records","had recorded","has recorded","will record","B","2","The recording occurred over a period that was already complete before the past event of presenting the analysis. The past perfect ""had recorded"" in choice B correctly establishes that sequence; the present and future forms do not.","85","none","{}","","","","","","Form, Structure, and Sense","","sec;grammar;arch:SEC-FSS-007;sim:SEC.FSS:verb_tense_sequence:B._intervening_material;ctx:CTX-GRM-007;ctxfp:ctx:716776332839;fp:0950a2ccc2fb942e;sfp:0950a2ccc2fb942e;tier:SEC2"
"SAT_RW_2","split_batch_v9","RW_P2_FRONT","400-800","SAT_RW_2_M1_Q21","RW","1","base","21","Standard English Conventions","Form, Structure, and Sense","SEC.FSS","Form, Structure, and Sense","Subject-verb agreement","Medium","1","multiple_choice","Although the cart’s sensors were replaced before the final trial, the array of reflective-light detectors mounted beneath the chassis ____ calibrated to the same threshold as the original unit, which prevents a brighter floor from being mistaken for the guide tape.","Which choice completes the text so that it conforms to the conventions of Standard English?","was","were","have been","are","A","1","The subject of the blank is the singular noun ""array,"" not the nearer plural noun ""detectors."" The past-time setup also calls for a past form. Choice A, ""was,"" agrees with the true subject and fits the established time frame; the other choices use plural or present forms.","85","none","{}","","","","","","Form, Structure, and Sense","","sec;grammar;arch:SEC-FSS-004;sim:SEC.FSS:subject_verb_agreement:D._logic_cue;ctx:CTX-GRM-015;ctxfp:ctx:696443530179;fp:9e21387ec73c5c10;sfp:9e21387ec73c5c10;tier:SEC3"
"SAT_RW_2","split_batch_v9","RW_P2_FRONT","400-800","SAT_RW_2_M1_Q22","RW","1","base","22","Expression of Ideas","Transitions","RW_TR_009","Select transition that logically connects ideas","cause_effect","Easy","1","multiple_choice","Researchers studying evening screen use asked volunteers to keep the same bedtime for two weeks. During the second week, the volunteers dimmed their screens for the final hour before bed. They fell asleep at nearly the same time as before, but brief attention lapses on a morning task became less frequent. _____ The researchers argued that changes in light exposure may affect next-morning alertness even without shifting bedtime.","Which choice most logically completes the text?","Specifically,","Meanwhile,","In contrast,","Accordingly,","D","4","The final sentence draws a conclusion from the preceding result, so ""Accordingly,"" correctly signals that result-to-conclusion relationship. The other transitions indicate specification, simultaneity, or contrast rather than the needed inference.","70","none","{}","","","","","","Transitions","","passage:R004;arch:RW_TR_009;sim:rw_transitions_cause_effect;source_sim:rw_research_story_transitions_rhetorical_synthesis;surface_arch:SURF_RW_TR_009;fp:5108cff114e0caf5;sfp:5108cff114e0caf5"
"SAT_RW_2","split_batch_v9","RW_P2_FRONT","400-800","SAT_RW_2_M1_Q23","RW","1","base","23","Expression of Ideas","Transitions","RW_TR_008","Select transition that logically connects ideas","contrast","Medium","1","multiple_choice","Linguists compared recordings from speakers in two neighboring towns. A vowel shift that was common among younger speakers in the coastal town was rare among older speakers there. _____ In the inland town, the same shift appeared at similar rates across age groups, suggesting that the change may have spread through the two communities at different times.","Which transition best connects the final sentence to the preceding information?","For instance,","Consequently,","By contrast,","In addition,","C","3","The inland town shows a different age pattern from the coastal town, so ""By contrast,"" makes the relationship explicit. The sentence is not an example of the coastal pattern, a consequence of it, or simply an additional matching observation.","85","none","{}","","","","","","Transitions","","passage:R010;arch:RW_TR_008;sim:rw_transitions_contrast;source_sim:rw_research_story_transitions_rhetorical_synthesis;surface_arch:SURF_RW_TR_008;fp:c72b2b1abbca9db3;sfp:c72b2b1abbca9db3"
"SAT_RW_2","split_batch_v9","RW_P2_FRONT","400-800","SAT_RW_2_M1_Q24","RW","1","base","24","Expression of Ideas","Transitions","RW_TR_007","Select transition that logically connects ideas","supporting_detail","Medium","1","multiple_choice","A reading study found that participants using an e-reader were just as accurate as print readers when locating facts in short essays. For longer texts, however, some e-reader users had more difficulty recalling where a detail appeared within the overall sequence. _____ Several participants could remember that a quotation came shortly after a chapter opening in print but could not place the same quotation as precisely on a scrolling screen.","Which choice completes the text with the most logical transition?","For example,","Therefore,","Similarly,","Nevertheless,","A","1","The last sentence gives a specific instance of the preceding general difficulty in locating details within a long text. ""For example,"" is therefore the logical transition; the other choices signal consequence, similarity, or concession rather than illustration.","85","none","{}","","","","","","Transitions","","passage:R016;arch:RW_TR_007;sim:rw_transitions_supporting_detail;source_sim:rw_research_story_transitions_rhetorical_synthesis;surface_arch:SURF_RW_TR_007;fp:4999c84c31ffa41a;sfp:4999c84c31ffa41a"
"SAT_RW_2","split_batch_v9","RW_P2_FRONT","400-800","SAT_RW_2_M1_Q25","RW","1","base","25","Expression of Ideas","Rhetorical Synthesis","RW_RS_001","Use notes to achieve a writing goal","revision_goal","Medium","1","multiple_choice","A student wants to emphasize that two work-break schedules used the same total break time but produced different late-day accuracy results.

- Schedule A: one 30-minute midday break.
- Schedule B: six 5-minute walking breaks.
- Total break time in each schedule: 30 minutes.
- Late-afternoon error rate rose under Schedule A.
- Late-afternoon error rate stayed near the morning level under Schedule B.","Which choice most effectively uses relevant information from the notes to accomplish the student’s goal?","Schedule B divided the workday into six intervals separated by five-minute walking breaks.","Because both schedules provided thirty minutes of break time, they produced the same late-afternoon accuracy.","Although both schedules allotted thirty minutes to breaks, six short walking breaks kept late-day error rates near morning levels, whereas one midday break was followed by more errors.","Schedule A included a thirty-minute midday break, and the study also recorded workers’ accuracy late in the afternoon.","C","3","Choice C directly compares equal total break time with the different accuracy outcomes, which is the stated goal. A and D omit the crucial comparison, while B contradicts the notes.","85","none","{}","","","","","","Rhetorical Synthesis","","passage:R100;arch:RW_RS_001;sim:rw_rhetorical_synthesis_revision_goal;source_sim:rw_research_story_transitions_rhetorical_synthesis;surface_arch:SURF_RW_RS_001;fp:e54332152e030cbb;sfp:e54332152e030cbb"
"SAT_RW_2","split_batch_v9","RW_P2_FRONT","400-800","SAT_RW_2_M1_Q26","RW","1","base","26","Expression of Ideas","Rhetorical Synthesis","RW_RS_010","Use notes to achieve a writing goal","cause_effect","Medium","1","multiple_choice","A student wants to explain why wetland managers adopted a staggered mowing schedule.

- Ground-nesting bird fledglings are common in May and June.
- Seeds of an invasive reed mature in late July.
- Mowing in June can limit seed production but can disturb active nests.
- Mowing in August avoids most nesting but allows more reed seeds to mature.
- Managers mow narrow strips in June and most remaining areas in August.","Which choice best synthesizes the notes to accomplish the stated goal?","Wetland managers mow most areas in August because invasive reeds produce no seeds before that month.","Ground-nesting birds are common in May and June, while invasive reeds grow throughout the wetland.","June mowing limits reed seed production, so managers mow the entire wetland before most birds have fledged.","By mowing only narrow strips in June and delaying most mowing until August, managers limit some reed seed production while leaving most nesting habitat undisturbed during peak fledgling season.","D","4","Choice D explains the staggered schedule as a response to both timing constraints in the notes. The other choices omit one side of the management problem or misstate the schedule and seed timing.","85","none","{}","","","","","","Rhetorical Synthesis","","passage:R124;arch:RW_RS_010;sim:rw_rhetorical_synthesis_cause_effect;source_sim:rw_research_story_transitions_rhetorical_synthesis;surface_arch:SURF_RW_RS_010;fp:f5541a20b23b38f4;sfp:f5541a20b23b38f4"
"SAT_RW_2","split_batch_v9","RW_P2_FRONT","400-800","SAT_RW_2_M1_Q27","RW","1","base","27","Expression of Ideas","Rhetorical Synthesis","RW_RS_009","Use notes to achieve a writing goal","contrast","Medium","1","multiple_choice","A student wants to show how familiar pictograms can address a limitation of bilingual-only transit signs.

- Bilingual text reduced wrong turns among recent learners of the primary language.
- Bilingual-only signs increased search time for both recent learners and fluent speakers.
- Adding familiar destination pictograms preserved the reduction in wrong turns.
- With familiar pictograms, search times returned close to those for one-language signs.
- Unfamiliar symbols can themselves slow visual search.","Which sentence most effectively draws on the notes to meet the student’s goal?","Bilingual transit signs can contain more text than one-language signs, and unfamiliar symbols may also slow visual search.","Bilingual text reduced wrong turns but slowed searches; pairing it with familiar pictograms preserved the navigation benefit while bringing search times back near those for one-language signs.","Recent learners made fewer wrong turns with bilingual signs, whereas fluent speakers already knew the primary language.","Familiar pictograms and bilingual text are two design elements that transit agencies can place on the same sign.","B","2","Choice B identifies the bilingual-only limitation and then shows how familiar pictograms address it while preserving the accessibility benefit. The other choices mention accurate details without establishing that problem-and-solution relationship.","85","none","{}","","","","","","Rhetorical Synthesis","","passage:R148;arch:RW_RS_009;sim:rw_rhetorical_synthesis_contrast;source_sim:rw_research_story_transitions_rhetorical_synthesis;surface_arch:SURF_RW_RS_009;fp:1821d4877cb8d09d;sfp:1821d4877cb8d09d"
"SAT-RW-2","RW_SPLIT_V9","2-BACK","650-800","RW2-M2-Q01","RW","2","hard","1","Craft and Structure","Words in Context","RW_WIC_001","Determine meaning or function of a word/phrase in context","qualifying an archaeological dating claim","Hard","1","multiple_choice","At a rock shelter in northern Spain, archaeologist Nerea Vidal's team compared charcoal dates with mineral deposits that formed over painted motifs. Earlier excavations had treated the oldest charcoal as a secure date for the images, even though fires could have occurred long before or after painting. Vidal's group instead sampled thin calcite layers lying directly above several figures. The uranium-series measurements place those layers at least 41,000 years old, but the researchers call the resulting chronology provisional. Pigment beneath a dated layer must be older than the layer, yet the method cannot reveal how much older, and small amounts of later mineral growth can subtly alter the measurement. The team therefore presents the dates as boundaries to be refined by additional samples rather than as final ages for the paintings. This caution matters because competing accounts of who made the images depend on differences of only a few thousand years.","Which choice best describes the function of “provisional” in the passage?","It indicates that the chronology was produced by a professional rather than an amateur research team.","It suggests that the chronology is less precise because the paintings themselves were executed carelessly.","It portrays the chronology as deliberately controversial in order to challenge earlier excavations.","It limits the chronology to a current best estimate that may change as further evidence is gathered.","D","4","The keyed interpretation follows from the surrounding evidence and the claim’s scope; each alternative conflicts with a stated condition or relation.","75","none","{}","","","","","","Words in Context","","wic;hard_vocab;passage:R003;arch:WIC_CLAIM_FUNCTION_01;sim:rw_research_story_words_in_context_text_structure_and_purpose;vocab:HV_207;tier:V4;target:provisional;fp:ea9f2c97f7cf"
"SAT-RW-2","RW_SPLIT_V9","2-BACK","650-800","RW2-M2-Q02","RW","2","hard","2","Craft and Structure","Words in Context","RW_WIC_001","Determine meaning or function of a word/phrase in context","qualified assessment of marsh recovery","Hard","1","multiple_choice","Salt-marsh ecologists often estimate restoration success by counting stems of cordgrass, but dense vegetation does not necessarily mean that a marsh is functioning like an undisturbed one. In Delaware, a team led by Amara Chen tracked fiddler-crab burrows, soil drainage, and nitrogen cycling at restored sites of several ages. Stem density recovered quickly, whereas burrow networks and nutrient processing developed unevenly. At one twelve-year-old site, for example, the plants resembled those in a reference marsh, but water remained trapped in shallow depressions after high tide. For Chen, the marsh recovery warrants a qualified assessment rather than a simple success label. Several slower processes that influence long-term resilience remain incomplete. The distinction affects how agencies compare projects. A single vegetation target may certify a site years before slower ecological interactions are reestablished, while a broader set of indicators can reveal which functions still lag and therefore need continued monitoring.","Why does the author use “qualified” when characterizing the site’s recovery?","It limits the recovery claim to the measures that have improved while leaving room for slower functions that still lag.","It indicates that several agencies have formally approved the site as a successful restoration.","It attributes the site’s condition mainly to the technical expertise of the field staff who monitored it.","It presents the site as recovering more rapidly than the reference marshes used in the comparison.","A","1","The keyed interpretation follows from the surrounding evidence and the claim’s scope; each alternative conflicts with a stated condition or relation.","75","none","{}","","","","","","Words in Context","","wic;hard_vocab;passage:R009;arch:WIC_PRECISION_EFFECT_01;sim:rw_research_story_words_in_context_text_structure_and_purpose;vocab:HV_113;tier:V3;target:qualified;fp:d714b7e2db09"
"SAT-RW-2","RW_SPLIT_V9","2-BACK","650-800","RW2-M2-Q03","RW","2","hard","3","Craft and Structure","Words in Context","RW_WIC_001","Determine meaning or function of a word/phrase in context","interpretation of an unexpected astronomy observation","Hard","1","multiple_choice","Astronomers studying the nearby star Luyten 726-8 used repeated radio observations to search for periodic bursts associated with its known flare cycle. Most detections clustered near phases predicted from earlier monitoring, but one strong burst appeared when the star was expected to be comparatively quiet. The team labels that signal anomalous, not because its instruments malfunctioned, but because the observation sits outside the pattern that motivated the schedule. Follow-up checks found no terrestrial interference, and two independent antennas recorded the burst at nearly the same moment. Even so, the researchers resist treating one departure as evidence for a second cycle. A rare flare could occur by chance, or the earlier model could have underestimated how variable the star is. Additional observations at the same supposedly quiet phase would distinguish those possibilities. For now, the unusual burst matters chiefly because it identifies where the existing account is most vulnerable to revision.","How does “anomalous” help establish the relationship between the burst and the earlier model?","It identifies the burst as a departure from the model’s expected pattern without implying that the observation itself is invalid.","It presents the burst as confirmation that the earlier model accurately predicts activity at every phase.","It indicates that the burst occurred after the researchers had abandoned the earlier model for a different one.","It treats the burst as a measurement error that must be removed before the earlier model can be evaluated.","A","1","The keyed interpretation follows from the surrounding evidence and the claim’s scope; each alternative conflicts with a stated condition or relation.","75","none","{}","","","","","","Words in Context","","wic;hard_vocab;passage:R015;arch:WIC_RELATION_FUNCTION_01;sim:rw_research_story_words_in_context_text_structure_and_purpose;vocab:HV_188;tier:V4;target:anomalous;fp:259e3edc90cd"
"SAT-RW-2","RW_SPLIT_V9","2-BACK","650-800","RW2-M2-Q04","RW","2","hard","4","Craft and Structure","Words in Context","RW_WIC_001","Determine meaning or function of a word/phrase in context","contingent acoustic design for variable events","Hard","1","multiple_choice","Architects designing a small concert hall in Osaka tested wall panels whose surfaces can rotate between absorptive and reflective positions. The prototype did not aim to maximize reverberation in every configuration. Instead, the team wanted the room to accommodate both amplified speech and chamber music without installing separate acoustic treatments. During trials, a panel setting that performed well for a string quartet produced muddier consonants in spoken presentations. The acoustic design therefore remains contingent. Panel positions are changed according to the event rather than fixed as a universal optimum. Sensors measure the room after each adjustment, and stored settings provide starting points, but technicians can still modify them when an audience size or stage layout differs from previous conditions. The design’s flexibility is thus central rather than incidental. Its value comes from accepting that the acoustic target varies with use, so no single configuration can be judged best in isolation.","As used in the text, “contingent” most nearly means","temporary","uncertain","dependent","accidental","C","3","The keyed interpretation follows from the surrounding evidence and the claim’s scope; each alternative conflicts with a stated condition or relation.","75","none","{}","","","","","","Words in Context","","wic;hard_vocab;passage:R021;arch:WIC_DIRECT_MEANING_01;sim:rw_research_story_words_in_context_text_structure_and_purpose;vocab:HV_128;tier:V3;target:contingent;fp:2f5d910d4e62"
"SAT-RW-2","RW_SPLIT_V9","2-BACK","650-800","RW2-M2-Q05","RW","2","hard","5","Craft and Structure","Text Structure and Purpose","RW_TSP_001","Analyze structure or purpose","purpose of a concession in a study of seed dispersal","Hard","1","multiple_choice","Botanists once assumed that the bright fruits of alpine cushion plants primarily attract birds, which can carry seeds across long distances. Field cameras in the central Andes, however, recorded few bird visits to several species whose fruits ripen close to the ground. The cameras instead captured lizards eating the fruits and later depositing intact seeds in crevices. Germination tests showed that seeds recovered from lizard droppings sprouted at rates similar to manually cleaned seeds. <u>The researchers caution that occasional bird dispersal could still be important, especially during years when lizard activity is low.</u> Yet the combined observations make it difficult to regard birds as the only consequential dispersers at these sites. By preserving that possibility while shifting attention to an overlooked animal, the study reframes the ecological question. Future work can ask when each disperser matters rather than assuming in advance that one group performs the entire function.","Which choice best describes the function of the underlined portion in the text as a whole?","It supplies evidence that birds disperse more seeds than lizards do during many study years.","It explains why germination tests are poorly suited to comparing seeds recovered from different animals.","It acknowledges a limitation on the study’s broader interpretation while preserving the significance of the lizard observations.","It introduces the researchers’ original assumption before any field observations were collected.","C","3","The keyed choice is fully supported by the text and matches the task; the alternatives overstate, contradict, or omit a necessary part of the evidence.","75","none","{}","","","","","","Text Structure and Purpose","","passage:R003;arch:RW_TSP_001;sim:rw_research_story_words_in_context_text_structure_and_purpose;surface_arch:SURF_RW_TSP_001;fp:e6a3416d0e40"
"SAT-RW-2","RW_SPLIT_V9","2-BACK","650-800","RW2-M2-Q06","RW","2","hard","6","Craft and Structure","Text Structure and Purpose","RW_TSP_001","Analyze structure or purpose","structure of an argument about museum labels","Hard","1","multiple_choice","Museum labels for archaeological objects often compress uncertain histories into a few declarative sentences. Curator Malik Okafor examined labels attached to Benin-period brass objects in six European collections and compared them with recent provenance research. He found that older labels frequently named a date and place of origin while omitting how the object entered the collection. Revised labels varied: some added a complete ownership history, while others explicitly identified gaps in the record. Okafor then surveyed visitors after they read one of three label types. Visitors who saw a label that named an uncertainty were more likely to distinguish documented facts from curatorial inference, but they were no less confident that the museum could explain the object responsibly. The study first identifies a representational problem, then compares alternative label practices, and finally tests how those practices affect readers. This sequence allows the argument to move from a critique of existing presentation toward evidence about a feasible corrective.","Which choice best describes the overall structure of the text?","It identifies a problem in existing labels, compares revised approaches, and reports evidence about how one approach affects visitors.","It recounts the history of several objects, then argues that museums should return every object whose ownership record is incomplete.","It presents two competing theories of visitor behavior and then dismisses both because the survey results are inconclusive.","It describes a labeling experiment and then explains that provenance research is unnecessary when visitors trust museum curators.","A","1","The keyed choice is fully supported by the text and matches the task; the alternatives overstate, contradict, or omit a necessary part of the evidence.","75","none","{}","","","","","","Text Structure and Purpose","","passage:R009;arch:RW_TSP_002;sim:rw_research_story_words_in_context_text_structure_and_purpose;surface_arch:SURF_RW_TSP_002;fp:54c9ae54c0b6"
"SAT-RW-2","RW_SPLIT_V9","2-BACK","650-800","RW2-M2-Q07","RW","2","hard","7","Craft and Structure","Text Structure and Purpose","RW_TSP_001","Analyze structure or purpose","rhetorical role of an alternative explanation in climate history","Hard","1","multiple_choice","A sediment core from a lake in eastern Anatolia contains repeated layers rich in windblown dust. Because several thick dust layers coincide with periods of reduced tree pollen, researchers have proposed that prolonged drought exposed more bare soil and weakened nearby forests at the same time. Geochemist Leyla Demir tested that account by comparing the mineral composition of the dust with sediments from surrounding basins. Most layers matched local sources, consistent with drought-driven erosion. <u>One especially thick layer, however, contained volcanic glass whose chemistry points to an eruption hundreds of kilometers away.</u> Demir argues that this layer should not be used as a simple measure of local dryness, even though the neighboring layers remain informative. The exception does not erase the broader association between dust and drought; instead, it shows why source identification matters before layer thickness is interpreted climatically. The analysis thereby narrows the claim without abandoning the pattern that first motivated it.","What is the main purpose of the underlined sentence in the text?","It establishes that all of the lake’s dust layers came from distant volcanic eruptions rather than from local erosion.","It provides the first evidence that tree pollen can survive in sediment deposited during dry periods.","It introduces an exception that requires a different explanation for one observation while leaving the broader pattern intact.","It shows that the researchers abandoned mineral analysis after finding a mismatch in one layer.","C","3","The keyed choice is fully supported by the text and matches the task; the alternatives overstate, contradict, or omit a necessary part of the evidence.","75","none","{}","","","","","","Text Structure and Purpose","","passage:R015;arch:RW_TSP_003;sim:rw_research_story_words_in_context_text_structure_and_purpose;surface_arch:SURF_RW_TSP_003;fp:35f6337ed48f"
"SAT-RW-2","RW_SPLIT_V9","2-BACK","650-800","RW2-M2-Q08","RW","2","hard","8","Craft and Structure","Cross-Text Connections","RW_CTC_001","Compare claims across paired texts","two views of urban tree cooling","Hard","1","multiple_choice","Text 1:
Urban ecologist Priya Shah argues that city tree-planting plans should prioritize canopy extent. In her simulations, neighborhoods with larger continuous crowns received more midday shade, lowering modeled pedestrian heat exposure even when tree species differed.

Text 2:
Landscape scientist Emil Torres agrees that shade is important but warns that canopy extent alone can mislead planners. His field measurements show that two blocks with similar canopy cover can differ substantially in nighttime cooling because soil moisture and species-specific transpiration affect how quickly stored heat is released.","Based on the texts, how would Torres most likely respond to Shah’s emphasis on canopy extent?","He would reject canopy extent as a useful measure because tree crowns have no effect on pedestrian heat exposure.","He would agree that species differences matter little once neighborhoods reach similar canopy cover.","He would claim that nighttime cooling is determined primarily by building height rather than by characteristics of urban vegetation.","He would accept canopy extent as relevant to daytime shade but argue that other variables are needed to predict cooling across the full day.","D","4","The keyed choice is fully supported by the text and matches the task; the alternatives overstate, contradict, or omit a necessary part of the evidence.","75","none","{}","","","","","","Cross-Text Connections","","passage:R006;arch:RW_CTC_001;sim:rw_research_story_cross_text_connections_central_ideas_and_details;surface_arch:SURF_RW_CTC_001;fp:7db2fbf12c97"
"SAT-RW-2","RW_SPLIT_V9","2-BACK","650-800","RW2-M2-Q09","RW","2","hard","9","Information and Ideas","Central Ideas and Details","RW_CID_001","Identify main idea, key detail, or summary","main idea of a study of octopus shelter choice","Hard","1","multiple_choice","Marine biologists studying common octopuses noticed that individuals often carried discarded shells or stones toward den sites, but the purpose of those objects was unclear. At a protected bay in Sardinia, researchers placed identical ceramic shelters on sandy bottom, half surrounded by loose shell fragments and half left bare. Motion-triggered cameras showed that octopuses occupied both kinds of shelters at similar rates during calm weather. After strong currents, however, shelters with shell fragments were reoccupied sooner, and video showed octopuses arranging fragments at the entrances. Laboratory flow tests indicated that clustered fragments reduced sediment entering a shelter without substantially restricting water exchange. The results suggest that transported material can modify a refuge’s immediate physical conditions rather than simply conceal its entrance. The researchers note that octopuses may use the same objects for multiple purposes, but the current experiment provides direct evidence that shell placement can improve shelter function when currents disturb the seafloor.","Which choice best states the main idea of the text?","Octopuses prefer ceramic shelters surrounded by shells even during calm conditions and rarely occupy bare shelters.","Shell fragments prevent water exchange in octopus shelters, explaining why the animals move them away from entrances.","Strong currents cause octopuses to abandon protected bays because ceramic shelters cannot remain stable on sandy bottoms.","Octopuses may arrange loose shell fragments around shelters in ways that reduce sediment intrusion, especially after strong currents.","D","4","The keyed choice is fully supported by the text and matches the task; the alternatives overstate, contradict, or omit a necessary part of the evidence.","75","none","{}","","","","","","Central Ideas and Details","","passage:R001;arch:RW_CID_001;sim:rw_research_story_central_ideas_and_details_inferences;surface_arch:SURF_RW_CID_001;fp:ca435df52148"
"SAT-RW-2","RW_SPLIT_V9","2-BACK","650-800","RW2-M2-Q10","RW","2","hard","10","Information and Ideas","Central Ideas and Details","RW_CID_001","Identify main idea, key detail, or summary","main idea of manuscript ink analysis","Hard","1","multiple_choice","Historians have long debated whether several unsigned letters in a seventeenth-century merchant archive were written by the same clerk. Handwriting comparisons are difficult because the letters were produced over two decades and the script changed with age. Chemist Hana Rios therefore analyzed microscopic ink samples from dated, signed documents in the archive and from the disputed letters. She measured ratios of iron, copper, and trace manganese, elements whose proportions varied among ink batches. Three disputed letters closely matched batches used in the merchant’s office during the relevant years; two others contained unusually high copper levels not found in any sampled office document. Rios cautions that chemical similarity cannot identify an individual writer, since several clerks could share ink from one bottle. Even so, the mismatches provide a strong reason to treat the five disputed letters differently rather than as a single group. Material evidence, in this case, refines a question that handwriting alone could not settle.","Which choice best summarizes the main idea of the text?","Ink chemistry does not identify a specific clerk, but it can distinguish some disputed letters from others and thereby refine attribution questions.","Chemical analysis establishes that the five disputed letters were written by the merchant rather than by a clerk.","Changes in handwriting over time make ink analysis unnecessary for dating documents in merchant archives.","Trace manganese is presented as a stronger attribution clue than handwriting style in these disputed letters.","A","1","The keyed choice is fully supported by the text and matches the task; the alternatives overstate, contradict, or omit a necessary part of the evidence.","75","none","{}","","","","","","Central Ideas and Details","","passage:R002;arch:RW_CID_002;sim:rw_research_story_command_of_evidence_central_ideas_and_details;surface_arch:SURF_RW_CID_002;fp:1033c20ac7e0"
"SAT-RW-2","RW_SPLIT_V9","2-BACK","650-800","RW2-M2-Q11","RW","2","hard","11","Information and Ideas","Central Ideas and Details","RW_CID_001","Identify main idea, key detail, or summary","central claim about bee route learning","Hard","1","multiple_choice","Bumblebees visiting scattered flowers often develop repeatable routes, a behavior sometimes described as a simple response to reward. To test whether spatial memory also shapes those routes, cognitive ecologist Farah Linden arranged six artificial flowers so that two offered equal sugar rewards but differed in how visible they were from neighboring locations. During training, bees could see all landmarks. On test flights, Linden temporarily screened one highly visible flower while leaving its reward unchanged. Bees did not merely switch to the nearest available flower: many first flew toward the screened flower’s previous location, then adjusted their paths after encountering the barrier. With repeated tests, their routes gradually reorganized. The initial detours indicate that expected locations, not only immediately visible rewards, guided flight choices. At the same time, the later adjustments show that routes are not rigidly memorized. The study therefore portrays route formation as an interaction between learned spatial expectations and current sensory information.","Which choice best states the central claim of the text?","Bumblebees choose routes primarily by comparing the sugar concentration of flowers visible at each moment.","Once a bumblebee learns a route, temporary barriers produce little change in its sequence of flower visits.","Artificial flowers cannot be used to study route learning because bees respond differently to landmarks in laboratory settings.","Bumblebee routes reflect both learned expectations about flower locations and adjustments to current visual conditions.","D","4","The keyed choice is fully supported by the text and matches the task; the alternatives overstate, contradict, or omit a necessary part of the evidence.","75","none","{}","","","","","","Central Ideas and Details","","passage:R006;arch:RW_CID_003;sim:rw_research_story_cross_text_connections_central_ideas_and_details;surface_arch:SURF_RW_CID_003;fp:9d051865b669"
"SAT-RW-2","RW_SPLIT_V9","2-BACK","650-800","RW2-M2-Q12","RW","2","hard","12","Information and Ideas","Command of Evidence","RW_COE_001","Use textual or quantitative evidence","evidence for a claim about ceramic firing","Hard","1","multiple_choice","Archaeologists investigating pottery from a Bronze Age settlement proposed that some vessels were fired in small household installations rather than in a single communal kiln. If production was dispersed, firing conditions might vary more among vessels made at the same time. Materials scientist Jun Park sampled shards from an occupation layer and measured changes in clay minerals that occur at different peak temperatures. Most cooking vessels fell within a narrow range, but storage jars from the same layer separated into three temperature groups. The jars also differed in the oxidation patterns on their cores, a feature influenced by how much air reaches a vessel during firing. Park argues that these differences are consistent with multiple firing environments. The evidence does not reveal the number or location of installations, and different potters could have used one kiln in different ways. Still, variation in both temperature and atmosphere is what the household-production hypothesis predicts more readily than a tightly standardized communal process.","Which finding from the study most directly supports the household-production hypothesis?","Most cooking vessels from the occupation layer fell within a relatively narrow firing-temperature range.","Storage jars from the same occupation layer clustered into several firing-temperature groups and also showed different oxidation patterns.","The settlement contained storage jars as well as cooking vessels in the same occupation layer.","Peak firing temperature can be estimated by measuring mineral changes in samples of ancient clay.","B","2","The keyed finding directly supplies the evidence predicted by the claim; the remaining choices are background information or less direct observations.","75","none","{}","","","","","","Command of Evidence","","passage:R002;arch:RW_COE_001;sim:rw_research_story_command_of_evidence_central_ideas_and_details;surface_arch:SURF_RW_COE_001;fp:72944ab813ce"
"SAT-RW-2","RW_SPLIT_V9","2-BACK","650-800","RW2-M2-Q13","RW","2","hard","13","Information and Ideas","Command of Evidence","RW_COE_001","Use textual or quantitative evidence","evidence supporting a claim about nocturnal pollination","Hard","1","multiple_choice","A desert cactus opens its flowers near sunset. The flowers remain receptive until late morning, allowing both moths and bees to visit. Ecologist Sofia Mendes hypothesized that nocturnal moth visits contribute substantially to seed production even though bees are more conspicuous after sunrise. She covered some flower buds with mesh only during the night, others only during the morning, and left a third group uncovered. All covers were removed outside the assigned period so that they did not alter flower development. Fruit set declined modestly when morning visitors were excluded but fell much more when nighttime visitors were excluded. In addition, pollen counts on stigmas collected just before dawn were already high, before bees became active. Mendes does not conclude that bees are unimportant; instead, she argues that observations limited to daylight would seriously underestimate the moths’ contribution. The comparison is strongest because it links visitor access to reproductive outcome rather than simply counting which animals appear most often.","Which result most directly supports Mendes’s claim that nocturnal moth visits contribute substantially to seed production?","Uncovered flowers remained receptive from sunset until late morning.","Excluding nighttime visitors caused a much larger decline in fruit set than excluding morning visitors did.","Bees were easier for researchers to observe after sunrise than moths were at night.","The mesh covers were removed when the flowers were outside each assigned exclusion period.","B","2","The keyed finding directly supplies the evidence predicted by the claim; the remaining choices are background information or less direct observations.","75","none","{}","","","","","","Command of Evidence","","passage:R005;arch:RW_COE_002;sim:rw_research_story_command_of_evidence_inferences;surface_arch:SURF_RW_COE_002;fp:cd03dd886630"
"SAT-RW-2","RW_SPLIT_V9","2-BACK","650-800","RW2-M2-Q14","RW","2","hard","14","Information and Ideas","Inferences","RW_INF_001","Draw supported conclusions","inference from commuter ferry boarding data","Hard","1","multiple_choice","A coastal city tested two boarding procedures on commuter ferries. Under the usual procedure, passengers queued at one gate and showed digital tickets as they entered. Under the trial procedure, staff checked tickets in the waiting area before the ferry arrived, then opened three boarding lanes at once. The trial reduced the median time from gate opening to departure by four minutes. Yet the reduction was much smaller on rainy evenings, when passengers tended to remain under a covered section of the terminal until boarding began. Video records show that, in those conditions, the three lanes filled unevenly because most passengers approached from the same side. The city is considering whether to redesign the waiting area before adopting the procedure systemwide. The results imply that advance ticket checking removes one bottleneck but does not guarantee equally fast boarding under every spatial condition. How passengers are distributed before the gates open can limit the benefit of additional lanes.","Which choice most logically follows from the text?","The trial procedure would likely work better on rainy evenings if passengers could be distributed more evenly among the three lanes before boarding.","Advance ticket checking would eliminate every source of delay even if all passengers continued to approach from one side.","The usual single-gate procedure is faster than the trial procedure whenever the weather is dry.","The city’s ferry delays are caused mainly by passengers using digital rather than paper tickets.","A","1","The keyed choice is fully supported by the text and matches the task; the alternatives overstate, contradict, or omit a necessary part of the evidence.","75","none","{}","","","","","","Inferences","","passage:R001;arch:RW_INF_001;sim:rw_research_story_central_ideas_and_details_inferences;surface_arch:SURF_RW_INF_001;fp:b66b4f5ce1ed"
"SAT-RW-2","RW_SPLIT_V9","2-BACK","650-800","RW2-M2-Q15","RW","2","hard","15","Information and Ideas","Inferences","RW_INF_001","Draw supported conclusions","inference about library lighting and manuscript reading","Hard","1","multiple_choice","Conservators at a university library tested a tunable lighting system intended to help scholars read faded pencil annotations while limiting manuscripts’ exposure to high-energy light. Participants examined facsimiles under several spectra adjusted to equal perceived brightness. A blue-rich setting made some graphite marks easier to distinguish from yellowed paper, but it also delivered more short-wavelength energy, which conservators try to minimize. A warmer setting reduced that exposure but obscured several annotations. The best compromise varied across pages because paper discoloration and ink bleed-through differed among documents. The team therefore developed page-specific presets rather than selecting one spectrum for the entire collection. Scholars can begin with a preset and make small adjustments, while software records cumulative exposure for each manuscript. The approach suggests that preservation and legibility need not be treated as fixed opposites, but it also shows why a universal “safe and readable” setting would be difficult to justify from these tests alone.","Which choice is best supported by the text?","The blue-rich setting should be used permanently because it improved many annotations with minimal preservation risk.","Paper discoloration has little effect on which lighting spectrum makes faded annotations easiest to read.","A lighting policy that allows controlled page-specific adjustments may balance legibility and preservation better than one fixed spectrum for the collection.","Recording cumulative light exposure is less useful once most manuscripts have been assigned a preset.","C","3","The keyed choice is fully supported by the text and matches the task; the alternatives overstate, contradict, or omit a necessary part of the evidence.","75","none","{}","","","","","","Inferences","","passage:R005;arch:RW_INF_002;sim:rw_research_story_command_of_evidence_inferences;surface_arch:SURF_RW_INF_002;fp:b9b7fe99bb7e"
"SAT-RW-2","RW_SPLIT_V9","2-BACK","650-800","RW2-M2-Q16","RW","2","hard","16","Standard English Conventions","Boundaries","SEC-BND","Boundaries","Introductory dependent clauses","Hard","1","multiple_choice","Although the glacier survey, which combined radar profiles with measurements from exposed bedrock, covered only the eastern valley ____ the resulting map revealed a buried ridge that previous surface observations had missed.","Which choice completes the text so that it conforms to the conventions of Standard English?",";",":",",","—","C","3","The keyed choice fits the complete sentence structure and the tested convention; the alternatives fail when the surrounding clause or phrase is analyzed.","75","none","{}","","","","","","Boundaries","","sec;grammar;passage:SECCTX_M2_16;arch:SEC-BND-019;sim:SEC_SIM_16;tier:SEC3;ctx:SECCTX_M2_16;fp:994fd822f89f"
"SAT-RW-2","RW_SPLIT_V9","2-BACK","650-800","RW2-M2-Q17","RW","2","hard","17","Standard English Conventions","Boundaries","SEC-BND","Boundaries","Coordinating independent clauses","Hard","1","multiple_choice","The first restoration plan would have replaced the theater’s painted ceiling entirely ____ but conservators, after comparing ultraviolet images with archival photographs, found that much of the original pigment remained beneath later varnish.","Which choice completes the text so that it conforms to the conventions of Standard English?",",",";",":",".","A","1","The keyed choice fits the complete sentence structure and the tested convention; the alternatives fail when the surrounding clause or phrase is analyzed.","75","none","{}","","","","","","Boundaries","","sec;grammar;passage:SECCTX_M2_17;arch:SEC-BND-014;sim:SEC_SIM_17;tier:SEC3;ctx:SECCTX_M2_17;fp:7cfd9616825a"
"SAT-RW-2","RW_SPLIT_V9","2-BACK","650-800","RW2-M2-Q18","RW","2","hard","18","Standard English Conventions","Boundaries","SEC-BND","Boundaries","Introductory dependent clauses","Hard","1","multiple_choice","The climate model reproduced the long-term warming trend even when the researchers varied assumptions about cloud height ____ whereas the model’s year-to-year rainfall estimates, which depend on much smaller-scale processes, changed substantially across the same runs.","Which choice completes the text so that it conforms to the conventions of Standard English?",";",":",". ",",","D","4","The keyed choice fits the complete sentence structure and the tested convention; the alternatives fail when the surrounding clause or phrase is analyzed.","75","none","{}","","","","","","Boundaries","","sec;grammar;passage:SECCTX_M2_18;arch:SEC-BND-020;sim:SEC_SIM_18;tier:SEC4;ctx:SECCTX_M2_18;fp:5e65e02904d7"
"SAT-RW-2","RW_SPLIT_V9","2-BACK","650-800","RW2-M2-Q19","RW","2","hard","19","Standard English Conventions","Form, Structure, and Sense","SEC-FSS","Form, Structure, and Sense","Subject-verb agreement","Hard","1","multiple_choice","The collection of field notebooks, along with two boxes of photographs that were cataloged separately, ____ remained the most complete record of the expedition since the archive reopened in 2019.","Which choice completes the text so that it conforms to the conventions of Standard English?","have","had","are","has","D","4","The keyed choice fits the complete sentence structure and the tested convention; the alternatives fail when the surrounding clause or phrase is analyzed.","75","none","{}","","","","","","Form, Structure, and Sense","","sec;grammar;passage:SECCTX_M2_19;arch:SEC-FSS-004;sim:SEC_SIM_19;tier:SEC3;ctx:SECCTX_M2_19;fp:102fa6631196"
"SAT-RW-2","RW_SPLIT_V9","2-BACK","650-800","RW2-M2-Q20","RW","2","hard","20","Standard English Conventions","Form, Structure, and Sense","SEC-FSS","Form, Structure, and Sense","Logical verb tense","Hard","1","multiple_choice","The 2024 survey report notes that, since the sampling program began in 2021, the research team ____ more than six hundred sediment cores and continues to add newly recovered material to the catalog each month.","Which choice completes the text so that it conforms to the conventions of Standard English?","cataloged","has cataloged","had cataloged","will catalog","B","2","The action began in the past and remains relevant at the report’s present time, as shown by “since the sampling program began in 2021” and “continues to add.” The present perfect “has cataloged” therefore fits the time relationship. The other choices place the action entirely in the past or future.","75","none","{}","","","","","","Form, Structure, and Sense","","sec;grammar;passage:SECCTX_M2_20;arch:SEC-FSS-009;sim:SEC_SIM_20;tier:SEC3;ctx:SECCTX_M2_20;fp:547aaa1db3c4"
"SAT-RW-2","RW_SPLIT_V9","2-BACK","650-800","RW2-M2-Q21","RW","2","hard","21","Standard English Conventions","Form, Structure, and Sense","SEC-FSS","Form, Structure, and Sense","Dangling modifiers and logical subjects","Hard","1","multiple_choice","The laboratory assigned calibration, imaging, and safety checks to separate teams. Having calibrated the spectrometer during the morning shift and documented two unstable readings, ____ before the afternoon imaging session began.","Which choice completes the text so that it conforms to the conventions of Standard English?","the imaging team received the instrument from the calibration team","the calibration team transferred the instrument to the imaging team","the safety team inspected the instrument after receiving a notice","the spectrometer was transferred by the calibration team to the imaging team","B","2","The keyed choice fits the complete sentence structure and the tested convention; the alternatives fail when the surrounding clause or phrase is analyzed.","75","none","{}","","","","","","Form, Structure, and Sense","","sec;grammar;passage:SECCTX_M2_21;arch:SEC-FSS-065;sim:SEC_SIM_21;tier:SEC4;ctx:SECCTX_M2_21;fp:593e6a6d29f4"
"SAT-RW-2","RW_SPLIT_V9","2-BACK","650-800","RW2-M2-Q22","RW","2","hard","22","Standard English Conventions","Form, Structure, and Sense","SEC-FSS","Form, Structure, and Sense","Parallel structure","Hard","1","multiple_choice","Under the consortium’s revised grant rules, each partner must confirm that its budget has been approved, that its director has signed the data-use agreement, and ____ before shared instruments can be reserved for fieldwork.","Which choice completes the text so that it conforms to the conventions of Standard English?","its staff must complete the required safety training","requiring its staff to complete the required safety training","that its staff have completed the required safety training","completion of the required safety training by its staff","C","3","The keyed choice fits the complete sentence structure and the tested convention; the alternatives fail when the surrounding clause or phrase is analyzed.","75","none","{}","","","","","","Form, Structure, and Sense","","sec;grammar;passage:SECCTX_M2_22;arch:SEC-FSS-035;sim:SEC_SIM_22;tier:SEC4;ctx:SECCTX_M2_22;fp:43f1f3067960"
"SAT-RW-2","RW_SPLIT_V9","2-BACK","650-800","RW2-M2-Q23","RW","2","hard","23","Expression of Ideas","Transitions","RW_TR_001","Select transition that logically connects ideas","qualifying a promising result with a limitation","Hard","1","multiple_choice","A trial of reflective pavement on two residential blocks found that afternoon surface temperatures were lower than on nearby untreated blocks. The treated blocks also showed a small reduction in air temperature at pedestrian height. ____ the researchers observed almost no difference after sunset, when stored heat from buildings became the stronger influence on local conditions. The material may therefore be useful for daytime heat mitigation without addressing every component of nighttime exposure.","Which choice most logically completes the passage?","At the same time,","For example,","Consequently,","Similarly,","A","1","The keyed transition matches the passage’s full rhetorical movement; the other choices fit only partial cues and misstate the relationship.","75","none","{}","","","","","","Transitions","","passage:R004;arch:RW_TR_001;sim:rw_research_story_transitions_rhetorical_synthesis;surface_arch:SURF_RW_TR_001;fp:1c9c6e9f3a48;relation:qualified_contrast;runner1:example(daytime);runner2:result(reduction)"
"SAT-RW-2","RW_SPLIT_V9","2-BACK","650-800","RW2-M2-Q24","RW","2","hard","24","Expression of Ideas","Transitions","RW_TR_001","Select transition that logically connects ideas","moving from a general pattern to a boundary condition","Hard","1","multiple_choice","In laboratory tests, a biodegradable coating slowed moisture loss from harvested berries, and thicker coatings generally produced larger gains in shelf life. That pattern suggested that applying still more material might offer additional protection. ____ beyond a certain thickness, gas exchange through the fruit surface fell enough to accelerate off-flavor development. The team therefore selected an intermediate coating rather than the thickest one tested.","Which choice most logically completes the text at the blank?","Accordingly,","However,","For instance,","Likewise,","B","2","The keyed transition matches the passage’s full rhetorical movement; the other choices fit only partial cues and misstate the relationship.","75","none","{}","","","","","","Transitions","","passage:R010;arch:RW_TR_002;sim:rw_research_story_transitions_rhetorical_synthesis;surface_arch:SURF_RW_TR_002;fp:59248f6aa645;relation:boundary_contrast;runner1:result(thickness);runner2:example(threshold)"
"SAT-RW-2","RW_SPLIT_V9","2-BACK","650-800","RW2-M2-Q25","RW","2","hard","25","Expression of Ideas","Transitions","RW_TR_001","Select transition that logically connects ideas","connecting evidence to a refined recommendation","Hard","1","multiple_choice","A city’s new bus-priority signals shortened travel times on a downtown corridor during the morning peak. On weekends, though, buses gained little because traffic was already light and the signal changes sometimes delayed cross streets unnecessarily. ____ transportation planners propose keeping the system active on weekdays while reducing its intervention on low-traffic weekend periods. The recommendation preserves the demonstrated benefit without assuming that the same operating rule is useful under every traffic condition.","Which choice provides the most logical completion of the text?","Nevertheless,","In particular,","Meanwhile,","Accordingly,","D","4","The keyed transition matches the passage’s full rhetorical movement; the other choices fit only partial cues and misstate the relationship.","75","none","{}","","","","","","Transitions","","passage:R016;arch:RW_TR_003;sim:rw_research_story_transitions_rhetorical_synthesis;surface_arch:SURF_RW_TR_003;fp:c43da75ba330;relation:recommendation;runner1:concession(weekend);runner2:example(weekday)"
"SAT-RW-2","RW_SPLIT_V9","2-BACK","650-800","RW2-M2-Q26","RW","2","hard","26","Expression of Ideas","Rhetorical Synthesis","RW_RS_001","Use notes to achieve a writing goal","emphasizing a comparison in student notes","Hard","1","multiple_choice","A student wants to emphasize a contrast between two methods used to map shallow coral reefs.

- Boat-based sonar can cover large areas quickly but may miss very shallow zones.
- Drone imagery can capture those shallow zones when water is clear.
- Drone imagery is less reliable when surface glare or turbidity is high.
- Researchers often combine the methods when conditions vary across a site.","Which choice most effectively uses relevant information from the notes to accomplish this goal?","Researchers mapping coral reefs sometimes work from boats and sometimes use drones, depending on the equipment available.","Surface glare and turbidity can affect images collected above water, while sonar equipment is operated from a boat.","Boat-based sonar covers large areas efficiently but can miss very shallow reef zones, whereas drone imagery can capture those zones in clear water but is more sensitive to glare and turbidity.","Coral reefs occur in shallow water, so researchers have developed several technologies for mapping them.","C","3","The keyed choice is fully supported by the text and matches the task; the alternatives overstate, contradict, or omit a necessary part of the evidence.","75","none","{}","","","","","","Rhetorical Synthesis","","passage:R004;arch:RW_RS_001;sim:rw_research_story_transitions_rhetorical_synthesis;surface_arch:SURF_RW_RS_001;fp:131ad7cb7ca4"
"SAT-RW-2","RW_SPLIT_V9","2-BACK","650-800","RW2-M2-Q27","RW","2","hard","27","Expression of Ideas","Rhetorical Synthesis","RW_RS_001","Use notes to achieve a writing goal","supporting a claim with selected notes","Hard","1","multiple_choice","A student wants to explain why a museum changed the way it displays a group of fragile textiles.

- The textiles had been displayed continuously under low light.
- Conservators found that even low light caused cumulative fading over many years.
- The museum installed drawers that visitors can open briefly to view the textiles.
- The drawers remain closed most of the time, greatly reducing total light exposure.
- Digital reproductions remain visible when the originals are covered.","Which choice most effectively uses the notes to achieve the stated goal?","The museum displays digital reproductions of textiles, and visitors can also see many other objects throughout the galleries.","Because even low light caused cumulative fading, the museum placed the textiles in visitor-operated drawers that stay closed most of the time, reducing exposure while still allowing brief viewing.","Conservators use low light in museums because fragile materials can change in appearance over time.","The textiles are stored in drawers that visitors can open, a display method used after the museum installed new gallery furniture.","B","2","The keyed choice is fully supported by the text and matches the task; the alternatives overstate, contradict, or omit a necessary part of the evidence.","75","none","{}","","","","","","Rhetorical Synthesis","","passage:R010;arch:RW_RS_002;sim:rw_research_story_transitions_rhetorical_synthesis;surface_arch:SURF_RW_RS_002;fp:fcb2cbd4fc04"
"SAT-MATH-V6-002","Math V6","20260617-002","400-800","SATM-V6-2-1-01","MATH","1","base","1","Algebra","Linear Equations","ALG_LE_010","Represent within-tolerance condition using absolute value inequality","Represent within-tolerance condition using absolute value inequality","easy","1","multiple_choice","","A vaccine freezer is considered within its safe range when its temperature T, in degrees Celsius, differs from -18°C by at most 3°C. Which inequality represents the safe temperatures?","|T + 18| ≤ 3","|T - 18| ≤ 3","|T + 18| ≥ 3","|T - 3| ≤ 18","A","1","The distance between T and -18 is |T - (-18)| = |T + 18|. 'At most 3' means this distance is less than or equal to 3.","65","none","{}","","","","","","represent within-tolerance condition using absolute value inequality","","math,domain:Algebra,skill:ALG_LE_010,arch:MATH_ARCH_029_ABSOLUTE_VALUE_INEQUALITY_CONTEXT,sim:SIM_LINEAR_EQUATIONS_AND_INEQUALITIES,fp:068f59e1,tier:E1"
"SAT-MATH-V6-002","Math V6","20260617-002","400-800","SATM-V6-2-1-02","MATH","1","base","2","Geometry and Trigonometry","Trigonometry","GEO_TRIG_001","Convert between degrees and radians","Convert between degrees and radians","easy","1","multiple_choice","","What is 225° in radians?","π/4","3π/4","5π/4","9π/4","C","3","Multiply by π/180: 225(π/180) = (5/4)π = 5π/4.","65","none","{}","","","","","","convert between degrees and radians","","math,domain:Geometry and Trigonometry,skill:GEO_TRIG_001,arch:MATH_ARCH_095_RADIAN_DEGREE_CONVERSION,sim:SIM_ANGLE_UNIT_CONVERSION,fp:ea731647,tier:E1"
"SAT-MATH-V6-002","Math V6","20260617-002","400-800","SATM-V6-2-1-03","MATH","1","base","3","Advanced Math","Equivalent Expressions","ADV_EE_006","Evaluate powers of i","Evaluate powers of i","easy","1","multiple_choice","","Which value is equal to i^37, where i^2 = -1?","-1","-i","i","1","C","3","Powers of i repeat every 4. Since 37 leaves remainder 1 when divided by 4, i^37 = i.","65","none","{}","","","","","","evaluate powers of i","","math,domain:Advanced Math,skill:ADV_EE_006,arch:MATH_ARCH_081_COMPLEX_POWERS_I,sim:SIM_COMPLEX_NUMBERS,fp:6b2fed8d,tier:M1"
"SAT-MATH-V6-002","Math V6","20260617-002","400-800","SATM-V6-2-1-04","MATH","1","base","4","Algebra","Linear Equations","ALG_LE_003","Solve simple absolute value equation for possible values","Solve simple absolute value equation for possible values","easy","1","multiple_choice","","Which of the following is a solution to |2x - 5| = 9?","2","7","-7","5","B","2","The equation gives 2x - 5 = 9 or 2x - 5 = -9. These yield x = 7 and x = -2, so 7 is the listed solution.","65","none","{}","","","","","","solve simple absolute value equation for possible values","","math,domain:Algebra,skill:ALG_LE_003,arch:MATH_ARCH_012_LINEAR_ABSOLUTE_VALUE_POSSIBLE,sim:SIM_LINEAR_EQUATIONS_AND_INEQUALITIES,fp:335c837c,tier:M1"
"SAT-MATH-V6-002","Math V6","20260617-002","400-800","SATM-V6-2-1-05","MATH","1","base","5","Problem-Solving and Data Analysis","Statistics","PSD_STAT_008","Identify sampling bias or representative sampling issue","Identify sampling bias or representative sampling issue","easy","1","multiple_choice","","A school wants to estimate the average amount of time all students spend on homework each night. Which sampling method is most likely to produce a biased estimate?","Randomly selecting 60 students from the complete school roster","Randomly selecting 15 students from each grade level","Assigning every student a number and using a random-number generator to select 80 students","Surveying only students who attend the school's after-school tutoring program","D","4","Students in an after-school tutoring program may not be representative of all students' homework habits, so surveying only that group is likely to introduce selection bias.","65","none","{}","","","","","","identify sampling bias or representative sampling issue","","math,domain:Problem-Solving and Data Analysis,skill:PSD_STAT_008,arch:MATH_ARCH_058_SAMPLING_BIAS,sim:SIM_SAMPLING_AND_INFERENCE,fp:5b6b8e27,tier:M1"
"SAT-MATH-V6-002","Math V6","20260617-002","400-800","SATM-V6-2-1-06","MATH","1","base","6","Advanced Math","Equivalent Expressions","ADV_EE_007","Add, subtract, or multiply complex numbers","Add, subtract, or multiply complex numbers","medium","1","multiple_choice","","What is the result of (4 - 3i) + (2 + 7i)?","6 + 4i","6 - 10i","2 + 4i","8 + 10i","A","1","Add real parts and imaginary parts separately: (4 + 2) + (-3 + 7)i = 6 + 4i.","85","none","{}","","","","","","add, subtract, or multiply complex numbers","","math,domain:Advanced Math,skill:ADV_EE_007,arch:MATH_ARCH_082_COMPLEX_ARITHMETIC,sim:SIM_COMPLEX_NUMBERS,fp:7c22270b,tier:M1"
"SAT-MATH-V6-002","Math V6","20260617-002","400-800","SATM-V6-2-1-07","MATH","1","base","7","Algebra","Linear Functions","ALG_LF_007","Identify a point satisfying a line through the origin or given equation","Identify a point satisfying a line through the origin or given equation","medium","1","multiple_choice","","Which ordered pair lies on the line 3x - 2y = 14?","(4, -1)","(2, -3)","(0, 7)","(6, 1)","A","1","Substituting (4, -1) gives 3(4) - 2(-1) = 12 + 2 = 14. Each other pair gives a value different from 14.","85","none","{}","","","","","","identify a point satisfying a line through the origin or given equation","","math,domain:Algebra,skill:ALG_LF_007,arch:MATH_ARCH_010_LINEAR_GRAPH_POINT_ON_LINE,sim:SIM_LINEAR_FUNCTIONS_AND_GRAPHS,fp:b9de1c05,tier:M1"
"SAT-MATH-V6-002","Math V6","20260617-002","400-800","SATM-V6-2-1-08","MATH","1","base","8","Problem-Solving and Data Analysis","Statistics","PSD_STAT_002","Find median interval/value from frequency table","Find median interval/value from frequency table","medium","1","multiple_choice","","The table shows the number of books read by each student in a reading group during one month. What is the median number of books read?","4","5","6","7","B","2","There are 16 students. The 8th value is 4 and the 9th value is 6, so the median is (4 + 6)/2 = 5.","85","table","{}","| Number of books read | Frequency |\n|---:|---:|\n| 2 | 3 |\n| 4 | 5 |\n| 6 | 7 |\n| 8 | 1 |","","","","","find median interval/value from frequency table","","math,domain:Problem-Solving and Data Analysis,skill:PSD_STAT_002,arch:MATH_ARCH_052_MEDIAN_FROM_FREQUENCY,sim:SIM_STATISTICS_CENTER_SPREAD,fp:1b16eae5,tier:M2"
"SAT-MATH-V6-002","Math V6","20260617-002","400-800","SATM-V6-2-1-09","MATH","1","base","9","Algebra","Linear Equations","ALG_LE_008","Solve a compound linear inequality","Solve a compound linear inequality","medium","1","multiple_choice","","Which inequality is equivalent to -5 < 2x + 1 ≤ 9?","-3 < x ≤ 4","-2 < x ≤ 5","-3 ≤ x < 4","-6 < x ≤ 8","A","1","Subtract 1 from all three parts to get -6 < 2x ≤ 8, then divide by 2 to obtain -3 < x ≤ 4.","85","none","{}","","","","","","solve a compound linear inequality","","math,domain:Algebra,skill:ALG_LE_008,arch:MATH_ARCH_025_COMPOUND_INEQUALITY,sim:SIM_LINEAR_EQUATIONS_AND_INEQUALITIES,fp:23b13960,tier:M1"
"SAT-MATH-V6-002","Math V6","20260617-002","400-800","SATM-V6-2-1-10","MATH","1","base","10","Advanced Math","Equivalent Expressions","ADV_EE_001","Simplify expression using exponent rules","Simplify expression using exponent rules","medium","1","student_response","","For x ≠ 0, the expression (x^9 · x^-2)/x^3 is equal to x^k. What is the value of k?","","","","","","","Combine exponents: 9 + (-2) - 3 = 4, so the expression equals x^4 and k = 4.","85","none","{}","","","integer","4","0","simplify expression using exponent rules","","math,domain:Advanced Math,skill:ADV_EE_001,arch:MATH_ARCH_067_EXPONENT_RULES_SIMPLIFY,sim:SIM_EXPONENT_RADICALS,fp:4044f006,tier:M1"
"SAT-MATH-V6-002","Math V6","20260617-002","400-800","SATM-V6-2-1-11","MATH","1","base","11","Algebra","Linear Functions","ALG_LF_008","Find the x-intercept of a linear equation","Find the x-intercept of a linear equation","medium","1","student_response","","The graph of y = -4x + 28 crosses the x-axis at (a, 0). What is the value of a?","","","","","","","The tank is empty when y = 0. Solving 0 = -4x + 28 gives 4x = 28, so x = 7.","85","none","{}","","","integer","7","0","find the x-intercept of a linear equation","","math,domain:Algebra,skill:ALG_LF_008,arch:MATH_ARCH_011_LINEAR_X_INTERCEPT,sim:SIM_LINEAR_FUNCTIONS_AND_GRAPHS,fp:deca216b,tier:M1"
"SAT-MATH-V6-002","Math V6","20260617-002","400-800","SATM-V6-2-1-12","MATH","1","base","12","Geometry and Trigonometry","Triangles","GEO_TRI_003","Use Pythagorean theorem in right triangle","Use Pythagorean theorem in right triangle","medium","1","multiple_choice","","In right triangle ABC, angle B is a right angle, AB = 9, and BC = 12. What is the length of AC?","12","18","21","15","D","4","AC is the hypotenuse. By the Pythagorean theorem, AC = √(9^2 + 12^2) = √225 = 15.","85","right_triangle","{""diagram_type"":""right_triangle"",""render_mode"":""exact_to_scale"",""not_to_scale"":false,""vertices"":[""A"",""B"",""C""],""right_angle_at"":""B"",""side_labels"":{""AB"":""9"",""BC"":""12"",""AC"":""?""},""coordinates"":{""A"":[0,9],""B"":[0,0],""C"":[12,0]},""target"":""AC""}","","","","","","use Pythagorean theorem in right triangle","","math,domain:Geometry and Trigonometry,skill:GEO_TRI_003,arch:MATH_ARCH_086_PYTHAGOREAN_THEOREM,sim:SIM_RIGHT_TRIANGLE_PYTHAGOREAN,fp:18d59472,tier:M1"
"SAT-MATH-V6-002","Math V6","20260617-002","400-800","SATM-V6-2-1-13","MATH","1","base","13","Advanced Math","Equivalent Expressions","ADV_EE_004","Factor polynomial expression","Factor polynomial expression","medium","1","multiple_choice","","Which expression is a factorization of 8x^2 - 2x - 3?","(4x + 3)(2x - 1)","(8x - 3)(x + 1)","(4x - 3)(2x + 1)","(2x - 3)(4x + 1)","C","3","Expanding (4x - 3)(2x + 1) gives 8x^2 + 4x - 6x - 3 = 8x^2 - 2x - 3.","85","none","{}","","","","","","factor polynomial expression","","math,domain:Advanced Math,skill:ADV_EE_004,arch:MATH_ARCH_071_POLYNOMIAL_FACTOR,sim:SIM_POLYNOMIAL_RATIONAL_EXPRESSIONS,fp:068b3af5,tier:M2"
"SAT-MATH-V6-002","Math V6","20260617-002","400-800","SATM-V6-2-1-14","MATH","1","base","14","Algebra","Systems of Equations","ALG_SYS_003","Solve a 2x2 linear system by substitution","Solve a 2x2 linear system by substitution","medium","1","multiple_choice","","The system y = 3x - 4 and 2x + y = 16 has solution (x, y). What is the value of x + y?","4","12","8","20","B","2","Substitute y = 3x - 4 into 2x + y = 16: 2x + 3x - 4 = 16, so x = 4. Then y = 8, and x + y = 12.","85","none","{}","","","","","","solve a 2x2 linear system by substitution","","math,domain:Algebra,skill:ALG_SYS_003,arch:MATH_ARCH_017_SYSTEM_SOLVE_SUBSTITUTION,sim:SIM_LINEAR_SYSTEMS,fp:9d09562a,tier:M2"
"SAT-MATH-V6-002","Math V6","20260617-002","400-800","SATM-V6-2-1-15","MATH","1","base","15","Problem-Solving and Data Analysis","Ratios Rates and Proportions","PSD_RRP_002","Use a ratio of ingredients to find amount in a mixture","Use a ratio of ingredients to find amount in a mixture","medium","1","multiple_choice","","A drink is mixed using concentrate and water in a ratio of 3 to 5. How many cups of concentrate are needed to make 32 cups of the drink?","8","10","16","12","D","4","There are 3 + 5 = 8 equal ratio parts. Concentrate is 3/8 of the mixture, so (3/8)(32) = 12 cups.","85","none","{}","","","","","","use a ratio of ingredients to find amount in a mixture","","math,domain:Problem-Solving and Data Analysis,skill:PSD_RRP_002,arch:MATH_ARCH_033_RATIO_MIXTURE_UNITS,sim:SIM_RATIOS_RATES_PROPORTIONS,fp:e6ef223f,tier:M2"
"SAT-MATH-V6-002","Math V6","20260617-002","400-800","SATM-V6-2-1-16","MATH","1","base","16","Advanced Math","Nonlinear Functions","ADV_NF_009","Solve quadratic equation by factoring","Solve quadratic equation by factoring","medium","1","student_response","","The equation t^2 - 13t + 36 = 0 has two real solutions. What is the positive difference between the greater solution and the lesser solution?","","","","","","","Factor t^2 - 13t + 36 as (t - 9)(t - 4). The side lengths are 9 and 4, whose difference is 5.","85","none","{}","","","integer","5","0","solve quadratic equation by factoring","","math,domain:Advanced Math,skill:ADV_NF_009,arch:MATH_ARCH_075_QUADRATIC_SOLVE_FACTOR,sim:SIM_QUADRATIC_SOLVING,fp:9d49701a,tier:M2"
"SAT-MATH-V6-002","Math V6","20260617-002","400-800","SATM-V6-2-1-17","MATH","1","base","17","Algebra","Linear Equations","ALG_LE_009","Model a capacity or budget constraint with a linear inequality","Model a capacity or budget constraint with a linear inequality","medium","1","multiple_choice","","A freight elevator can carry at most 1,500 pounds. The operator weighs 180 pounds, and each crate weighs 88 pounds. What is the greatest number of crates the elevator can carry with the operator?","15","14","16","17","A","1","If n is the number of crates, 180 + 88n ≤ 1,500. Thus 88n ≤ 1,320, so n ≤ 15. The greatest whole-number value is 15.","85","none","{}","","","","","","model a capacity or budget constraint with a linear inequality","","math,domain:Algebra,skill:ALG_LE_009,arch:MATH_ARCH_026_INEQUALITY_CONTEXT_CAPACITY,sim:SIM_LINEAR_EQUATIONS_AND_INEQUALITIES,fp:1a523cd5,tier:M1"
"SAT-MATH-V6-002","Math V6","20260617-002","400-800","SATM-V6-2-1-18","MATH","1","base","18","Advanced Math","Nonlinear Functions","ADV_NF_004","Evaluate nested or composed functions","Evaluate nested or composed functions","medium","1","multiple_choice","","Let f(x) = x^2 + 2x and g(x) = 3 - x. What is g(f(-4))?","-1","-5","5","11","B","2","First, f(-4) = 16 - 8 = 8. Then g(8) = 3 - 8 = -5.","85","none","{}","","","","","","evaluate nested or composed functions","","math,domain:Advanced Math,skill:ADV_NF_004,arch:MATH_ARCH_065_FUNCTION_COMPOSITION,sim:SIM_FUNCTION_NOTATION_AND_VALUES,fp:aa6fffbb,tier:H2"
"SAT-MATH-V6-002","Math V6","20260617-002","400-800","SATM-V6-2-1-19","MATH","1","base","19","Algebra","Systems of Equations","ALG_SYS_010","Translate multi-constraint budget/resource situation into inequalities","Translate multi-constraint budget/resource situation into inequalities","hard","1","multiple_choice","","An art club buys c canvases at $7 each and f frames at $11 each. The club must buy at least 18 items, including at least 6 frames, and spend no more than $166. Which ordered pair (c, f) could be the purchase?","(8, 9)","(6, 12)","(12, 7)","(15, 4)","C","3","For (12, 7), the club buys 19 items, including 7 frames, and spends 7(12) + 11(7) = 161 dollars. The other choices fail at least one requirement.","115","none","{}","","","","","","translate multi-constraint budget/resource situation into inequalities","","math,domain:Algebra,skill:ALG_SYS_010,arch:MATH_ARCH_030_BUDGET_SYSTEM_INEQUALITIES,sim:SIM_LINEAR_SYSTEMS,fp:de71b6ad,tier:H2"
"SAT-MATH-V6-002","Math V6","20260617-002","400-800","SATM-V6-2-1-20","MATH","1","base","20","Problem-Solving and Data Analysis","Percentages","PSD_PCT_004","Translate percent more/less than another amount into equation","Translate percent more/less than another amount into equation","hard","1","multiple_choice","","At a wildlife center, the mass of a young animal is 35% less than the mass of an adult animal. If the young animal has a mass of 78 kilograms, what is the adult animal's mass?","120 kilograms","105.3 kilograms","113 kilograms","130 kilograms","A","1","A mass that is 35% less is 65% of the adult mass. Thus 0.65A = 78, so A = 78/0.65 = 120 kilograms.","115","none","{}","","","","","","translate percent more/less than another amount into equation","","math,domain:Problem-Solving and Data Analysis,skill:PSD_PCT_004,arch:MATH_ARCH_045_PERCENT_MORE_LESS_CONTEXT,sim:SIM_PERCENT_RELATIONSHIPS,fp:e8c8f8ea,tier:H2"
"SAT-MATH-V6-002","Math V6","20260617-002","400-800","SATM-V6-2-1-21","MATH","1","base","21","Advanced Math","Nonlinear Functions","ADV_NF_015","Find imaginary solutions of a quadratic equation","Find imaginary solutions of a quadratic equation","hard","1","student_response","","The solutions of x^2 + 6x + 13 = 0 can be written as -3 ± bi, where b is positive. What is the value of b?","","","","","","","Using the quadratic formula gives x = (-6 ± √(36 - 52))/2 = (-6 ± 4i)/2 = -3 ± 2i. Therefore b = 2.","115","none","{}","","","integer","2","0","find imaginary solutions of a quadratic equation","","math,domain:Advanced Math,skill:ADV_NF_015,arch:MATH_ARCH_083_COMPLEX_QUADRATIC_ROOTS,sim:SIM_QUADRATIC_SOLVING,fp:28a0d631,tier:H2"
"SAT-MATH-V6-002","Math V6","20260617-002","400-800","SATM-V6-2-1-22","MATH","1","base","22","Geometry and Trigonometry","Area","GEO_AREA_001","Compute surface area of prism/cylinder or composite solid","Compute surface area of prism/cylinder or composite solid","hard","1","multiple_choice","","A solid is formed by attaching the entire bottom face of a cube with side length 4 to the top face of a rectangular prism measuring 10 by 8 by 3. What is the exterior surface area of the solid, in square units?","300","316","348","332","D","4","The prism's surface area is 2(10·8 + 10·3 + 8·3) = 268. The cube's surface area is 6(4^2) = 96. The shared 4-by-4 face is internal, so subtract it twice: 268 + 96 - 2(16) = 332.","115","none","{}","","","","","","compute surface area of prism/cylinder or composite solid","","math,domain:Geometry and Trigonometry,skill:GEO_AREA_001,arch:MATH_ARCH_100_SOLID_SURFACE_AREA,sim:SIM_SOLID_MEASUREMENT,fp:7cf620a4,tier:H3"
"SAT-MATH-V6-002","Math V6","20260617-002","400-800","SATM-V6-2-2-01","MATH","2","hard","1","Algebra","Linear Equations","ALG_LE_007","Find greatest or least expression value from a linear inequality","Find greatest or least expression value from a linear inequality","medium","1","student_response","","A rehearsal room is available for at most 150 minutes. Setup and cleanup together require 25 minutes, and rehearsing each song requires 11 minutes. What is the greatest number of complete songs that can be rehearsed?","","","","","","","Let s be the number of songs. The time condition is 25 + 11s ≤ 150, so 11s ≤ 125 and s ≤ 125/11. The greatest whole number possible is 11.","95","none","{}","","","integer","11","0","find greatest or least expression value from a linear inequality","","math,domain:Algebra,skill:ALG_LE_007,arch:MATH_ARCH_024_INEQUALITY_GREATEST_LEAST_VALUE,sim:SIM_LINEAR_EQUATIONS_AND_INEQUALITIES,fp:63ca8813,tier:M2"
"SAT-MATH-V6-002","Math V6","20260617-002","400-800","SATM-V6-2-2-02","MATH","2","hard","2","Advanced Math","Equivalent Expressions","ADV_EE_002","Simplify radicals and rational exponents","Simplify radicals and rational exponents","medium","1","multiple_choice","","Which expression is equivalent to 3√50 - √8?","11√2","13√2","17√2","7√2","B","2","Since √50 = 5√2 and √8 = 2√2, the expression is 3(5√2) - 2√2 = 13√2.","95","none","{}","","","","","","simplify radicals and rational exponents","","math,domain:Advanced Math,skill:ADV_EE_002,arch:MATH_ARCH_068_RADICAL_SIMPLIFY,sim:SIM_EXPONENT_RADICALS,fp:832886e4,tier:M1"
"SAT-MATH-V6-002","Math V6","20260617-002","400-800","SATM-V6-2-2-03","MATH","2","hard","3","Algebra","Linear Functions","ALG_LF_006","Write the equation of a line through two points","Write the equation of a line through two points","medium","1","multiple_choice","","Two measurements in a linear model are (x, y) = (-3, 8) and (5, -4). Which equation gives y in terms of x for this model?","y = (3/2)x + 25/2","y = (-3/2)x - 7/2","y = (-3/2)x + 7/2","y = (-2/3)x + 6","C","3","The slope is (-4 - 8)/(5 - (-3)) = -12/8 = -3/2. Substituting (-3, 8) into y = (-3/2)x + b gives 8 = 9/2 + b, so b = 7/2.","95","none","{}","","","","","","write the equation of a line through two points","","math,domain:Algebra,skill:ALG_LF_006,arch:MATH_ARCH_009_LINEAR_GRAPH_EQUATION_FROM_POINTS,sim:SIM_LINEAR_FUNCTIONS_AND_GRAPHS,fp:72c80b11,tier:M2"
"SAT-MATH-V6-002","Math V6","20260617-002","400-800","SATM-V6-2-2-04","MATH","2","hard","4","Problem-Solving and Data Analysis","Percentages","PSD_PCT_005","Use revenue, cost percentage, and profit percentage","Use revenue, cost percentage, and profit percentage","medium","1","multiple_choice","","An artist sells 30 prints for $45 each. The variable production cost is 40% of the sales revenue, and the artist also pays a fixed booth fee of $270. What is the artist's profit?","$1,080","$810","$270","$540","D","4","Revenue is 30(45) = $1,350. Variable cost is 0.40(1,350) = $540, so total cost is $810. Profit is 1,350 - 810 = $540.","95","none","{}","","","","","","use revenue, cost percentage, and profit percentage","","math,domain:Problem-Solving and Data Analysis,skill:PSD_PCT_005,arch:MATH_ARCH_046_COMMISSION_PROFIT_PERCENT,sim:SIM_PERCENT_RELATIONSHIPS,fp:02025545,tier:M2"
"SAT-MATH-V6-002","Math V6","20260617-002","400-800","SATM-V6-2-2-05","MATH","2","hard","5","Advanced Math","Nonlinear Functions","ADV_NF_011","Complete the square to find vertex or solve","Complete the square to find vertex or solve","hard","1","multiple_choice","","The function h(x) = 2x^2 - 16x + 3 has a minimum value. What is that minimum value?","-13","-29","3","29","B","2","Complete the square: h(x) = 2(x^2 - 8x) + 3 = 2[(x - 4)^2 - 16] + 3 = 2(x - 4)^2 - 29. The squared term is at least 0, so the minimum is -29.","115","none","{}","","","","","","complete the square to find vertex or solve","","math,domain:Advanced Math,skill:ADV_NF_011,arch:MATH_ARCH_077_QUADRATIC_COMPLETE_SQUARE,sim:SIM_QUADRATIC_FEATURES,fp:1456467a,tier:H3"
"SAT-MATH-V6-002","Math V6","20260617-002","400-800","SATM-V6-2-2-06","MATH","2","hard","6","Geometry and Trigonometry","Trigonometry","GEO_TRIG_003","Use complementary angle trig relationships","Use complementary angle trig relationships","hard","1","multiple_choice","","For an acute angle θ, cos θ = 5/13. What is the value of sin(90° - θ) + tan θ?","17/13","181/65","13/5","169/65","B","2","By the complementary-angle identity, sin(90° - θ) = cos θ = 5/13. A 5-12-13 relationship gives tan θ = 12/5. Thus 5/13 + 12/5 = 25/65 + 156/65 = 181/65.","115","none","{}","","","","","","use complementary angle trig relationships","","math,domain:Geometry and Trigonometry,skill:GEO_TRIG_003,arch:MATH_ARCH_097_TRIG_COMPLEMENTARY,sim:SIM_TRIGONOMETRY_RELATIONSHIPS,fp:d81838d9,tier:M1"
"SAT-MATH-V6-002","Math V6","20260617-002","400-800","SATM-V6-2-2-07","MATH","2","hard","7","Geometry and Trigonometry","Coordinate Geometry","GEO_COORD_001","Use distance or midpoint formula on coordinate plane","Use distance or midpoint formula on coordinate plane","hard","1","multiple_choice","","Points A(-6, 2) and B(4, 8) are endpoints of a segment, and M is the midpoint of the segment. What is the distance from M to the origin?","√26","√10","5","26","A","1","The midpoint is M((-6 + 4)/2, (2 + 8)/2) = (-1, 5). Its distance from the origin is √[(-1)^2 + 5^2] = √26.","115","coordinate_plane","{""diagram_type"":""coordinate_plane"",""render_mode"":""exact_to_scale"",""x_min"":-7,""x_max"":5,""y_min"":-1,""y_max"":9,""x_label"":""x"",""y_label"":""y"",""grid"":true,""points"":[[-6,2],[4,8],[-1,5],[0,0]],""point_labels"":{""A"":[-6,2],""B"":[4,8],""M"":[-1,5],""O"":[0,0]},""segments"":[{""from"":""A"",""to"":""B""},{""from"":""O"",""to"":""M""}],""target"":""distance OM"",""not_to_scale"":false}","","","","","","use distance or midpoint formula on coordinate plane","","math,domain:Geometry and Trigonometry,skill:GEO_COORD_001,arch:MATH_ARCH_090_COORDINATE_DISTANCE_MIDPOINT,sim:SIM_COORDINATE_DISTANCE_MIDPOINT,fp:e3d0538c,tier:H3"
"SAT-MATH-V6-002","Math V6","20260617-002","400-800","SATM-V6-2-2-08","MATH","2","hard","8","Advanced Math","Nonlinear Functions","ADV_NF_007","Solve rational equation and reject excluded values","Solve rational equation and reject excluded values","hard","1","multiple_choice","","What is the solution set of 2/(x - 1) + 1/(x + 2) = 1?","{1 - √6, 1 + √6}","{1 - √6}","{1 + √6}","{-1 - √6, -1 + √6}","A","1","The excluded values are 1 and -2. Multiplying by (x - 1)(x + 2) gives 2(x + 2) + (x - 1) = (x - 1)(x + 2). This simplifies to x^2 - 2x - 5 = 0, so x = 1 ± √6. Neither solution is excluded.","115","none","{}","","","","","","solve rational equation and reject excluded values","","math,domain:Advanced Math,skill:ADV_NF_007,arch:MATH_ARCH_073_RATIONAL_EQUATION_SOLVE,sim:SIM_RATIONAL_EQUATIONS,fp:1a0d2bef,tier:H3"
"SAT-MATH-V6-002","Math V6","20260617-002","400-800","SATM-V6-2-2-09","MATH","2","hard","9","Algebra","Systems of Equations","ALG_SYS_009","Identify quadrants containing solutions to a system of inequalities","Identify quadrants containing solutions to a system of inequalities","hard","1","multiple_choice","","The system y > x + 1 and y < -x + 5 has solutions in which quadrants of the coordinate plane?","Quadrants I and II only","Quadrants II and III only","Quadrants I, II, and III only","All four quadrants","C","3","The inequalities can both hold only when x + 1 < -x + 5, so x < 2. Examples exist in Quadrants I, II, and III. In Quadrant IV, x > 0 and y < 0, but y > x + 1 would force y > 1, which is impossible.","115","none","{}","","","","","","identify quadrants containing solutions to a system of inequalities","","math,domain:Algebra,skill:ALG_SYS_009,arch:MATH_ARCH_028_SYSTEM_INEQUALITIES_REGION_QUADRANTS,sim:SIM_LINEAR_SYSTEMS,fp:dc3e8a57,tier:H2"
"SAT-MATH-V6-002","Math V6","20260617-002","400-800","SATM-V6-2-2-10","MATH","2","hard","10","Problem-Solving and Data Analysis","Ratios Rates and Proportions","PSD_RRP_011","Find concentration/percentage of one component in mixture","Find concentration/percentage of one component in mixture","hard","1","student_response","","Eight liters of a solution that is 25% concentrate are mixed with 12 liters of another solution. The resulting 20-liter mixture is 43% concentrate. What percent concentrate is the second solution?","","","","","","","The first solution contains 0.25(8) = 2 liters of concentrate, and the final mixture contains 0.43(20) = 8.6 liters. Thus the second solution contains 6.6 liters of concentrate, and 6.6/12 = 0.55, or 55%.","115","none","{}","","","integer","55","0","find concentration/percentage of one component in mixture","","math,domain:Problem-Solving and Data Analysis,skill:PSD_RRP_011,arch:MATH_ARCH_048_WEIGHTED_AVERAGE_UNKNOWN_PERCENT,sim:SIM_WEIGHTED_AVERAGE_MIXTURE,fp:b7786fa3,tier:H2"
"SAT-MATH-V6-002","Math V6","20260617-002","400-800","SATM-V6-2-2-11","MATH","2","hard","11","Advanced Math","Nonlinear Functions","ADV_NF_014","Use discriminant to determine number/type of solutions","Use discriminant to determine number/type of solutions","hard","1","student_response","","The equation x^2 + (k - 1)x + 9 = 0 has exactly one real solution. What is the positive value of k?","","","","","","","Exactly one real solution requires discriminant 0: (k - 1)^2 - 4(1)(9) = 0. Thus (k - 1)^2 = 36, so k = 7 or k = -5. The positive value is 7.","115","none","{}","","","integer","7","0","use discriminant to determine number/type of solutions","","math,domain:Advanced Math,skill:ADV_NF_014,arch:MATH_ARCH_080_QUADRATIC_DISCRIMINANT,sim:SIM_QUADRATIC_SOLVING,fp:30261082,tier:H3"
"SAT-MATH-V6-002","Math V6","20260617-002","400-800","SATM-V6-2-2-12","MATH","2","hard","12","Algebra","Linear Equations","ALG_LE_011","Solve inequality with discrete rounding or ceiling/floor interpretation","Solve inequality with discrete rounding or ceiling/floor interpretation","hard","1","multiple_choice","","A library needs 1,050 usable flyers. It has 5 boxes of 72 flyers each, but 18 of those flyers are damaged. Additional flyers must be ordered in full boxes of 72. What is the least number of additional boxes needed?","9","11","10","12","C","3","The library currently has 5(72) - 18 = 342 usable flyers. It needs 1,050 - 342 = 708 more. Since 708/72 is greater than 9 but at most 10, the library must order 10 full boxes.","135","none","{}","","","","","","solve inequality with discrete rounding or ceiling/floor interpretation","","math,domain:Algebra,skill:ALG_LE_011,arch:MATH_ARCH_031_INTEGER_ROUNDING_INEQUALITY,sim:SIM_LINEAR_EQUATIONS_AND_INEQUALITIES,fp:9176840d,tier:H2"
"SAT-MATH-V6-002","Math V6","20260617-002","400-800","SATM-V6-2-2-13","MATH","2","hard","13","Advanced Math","Nonlinear Functions","ADV_NF_010","Use quadratic formula to solve or analyze roots","Use quadratic formula to solve or analyze roots","hard","1","multiple_choice","","The two zeros of p(x) = 2x^2 - 6x - 3 are r and s, with r > s. What is r - s?","√15/2","3√15/2","15","√15","D","4","The quadratic formula gives r and s as (6 ± √60)/4 = (3 ± √15)/2. Their difference is [(3 + √15) - (3 - √15)]/2 = √15.","135","none","{}","","","","","","use quadratic formula to solve or analyze roots","","math,domain:Advanced Math,skill:ADV_NF_010,arch:MATH_ARCH_076_QUADRATIC_SOLVE_FORMULA,sim:SIM_QUADRATIC_SOLVING,fp:89f53848,tier:H3"
"SAT-MATH-V6-002","Math V6","20260617-002","400-800","SATM-V6-2-2-14","MATH","2","hard","14","Geometry and Trigonometry","Circles","GEO_CIRC_004","Use tangent-radius perpendicular relationship","Use tangent-radius perpendicular relationship","hard","1","multiple_choice","","From point P outside a circle with center O, segment PT is tangent to the circle at T. If OP = 25 and the radius is 7, what is the perimeter of triangle OPT?","49","56","48","63","B","2","Radius OT is perpendicular to tangent PT, so triangle OPT is right. Then PT = √(25^2 - 7^2) = √576 = 24. The perimeter is 25 + 7 + 24 = 56.","135","circle","{""diagram_type"":""circle_tangent"",""render_mode"":""near_to_scale"",""not_to_scale"":true,""center_label"":""O"",""radius"":7,""radius_label"":""7"",""tangent_point"":""T"",""external_point"":""P"",""target"":""perimeter of triangle OPT""}","","","","","","use tangent-radius perpendicular relationship","","math,domain:Geometry and Trigonometry,skill:GEO_CIRC_004,arch:MATH_ARCH_094_CIRCLE_TANGENT_RADIUS,sim:SIM_CIRCLE_MEASUREMENTS,fp:05a062a5,tier:H3"
"SAT-MATH-V6-002","Math V6","20260617-002","400-800","SATM-V6-2-2-15","MATH","2","hard","15","Algebra","Linear Equations","ALG_LE_005","Solve a literal equation with parameters in terms of other variables","Solve a literal equation with parameters in terms of other variables","hard","1","multiple_choice","","The formula P = (2a + 3b)/(a - b) relates P, a, and b, where P ≠ 2 and a ≠ b. Which expression gives a in terms of P and b?","a = b(P + 3)/(P - 2)","a = b(P - 3)/(P + 2)","a = b(P + 2)/(P - 3)","a = b(P - 2)/(P + 3)","A","1","Multiply by a - b: P(a - b) = 2a + 3b. Rearranging gives Pa - 2a = Pb + 3b, so a(P - 2) = b(P + 3). Therefore a = b(P + 3)/(P - 2).","135","none","{}","","","","","","solve a literal equation with parameters in terms of other variables","","math,domain:Algebra,skill:ALG_LE_005,arch:MATH_ARCH_014_LITERAL_EQUATION_PARAMETER,sim:SIM_LINEAR_EQUATIONS_AND_INEQUALITIES,fp:4ff4f469,tier:H3"
"SAT-MATH-V6-002","Math V6","20260617-002","400-800","SATM-V6-2-2-16","MATH","2","hard","16","Problem-Solving and Data Analysis","Probability","PSD_PROB_002","Compute conditional probability from a table subset","Compute conditional probability from a table subset","hard","1","multiple_choice","","The table summarizes whether students completed a volunteer project. If one of the students who did not complete the project is selected at random, what is the probability that the student is in grade 11?","2/5","8/19","4/15","2/15","B","2","The condition restricts the sample to the 38 students who did not complete the project. Of those, 16 are in grade 11, so the probability is 16/38 = 8/19.","135","table","{}","| Grade level | Completed | Did not complete | Total |\n|---|---:|---:|---:|\n| 10 | 28 | 12 | 40 |\n| 11 | 24 | 16 | 40 |\n| 12 | 30 | 10 | 40 |\n| Total | 82 | 38 | 120 |","","","","","compute conditional probability from a table subset","","math,domain:Problem-Solving and Data Analysis,skill:PSD_PROB_002,arch:MATH_ARCH_050_CONDITIONAL_PROBABILITY_TABLE,sim:SIM_PROBABILITY_TABLES,fp:e6d6e6df,tier:H3"
"SAT-MATH-V6-002","Math V6","20260617-002","400-800","SATM-V6-2-2-17","MATH","2","hard","17","Advanced Math","Nonlinear Functions","ADV_NF_006","Solve radical equation and check extraneous solution","Solve radical equation and check extraneous solution","hard","1","multiple_choice","","What is the solution set of √(2x + 15) = x + 1?","{-√14, √14}","{-√14}","{14}","{√14}","D","4","Squaring gives 2x + 15 = x^2 + 2x + 1, so x^2 = 14 and x = ±√14. The original equation requires x + 1 ≥ 0, so -√14 is invalid. Substitution confirms √14 works.","150","none","{}","","","","","","solve radical equation and check extraneous solution","","math,domain:Advanced Math,skill:ADV_NF_006,arch:MATH_ARCH_069_RADICAL_EQUATION_EXTRANEOUS,sim:SIM_EXPONENT_RADICALS,fp:4cd3ebe2,tier:H3"
"SAT-MATH-V6-002","Math V6","20260617-002","400-800","SATM-V6-2-2-18","MATH","2","hard","18","Algebra","Systems of Equations","ALG_SYS_006","Find parameter value that makes two linear equations parallel","Find parameter value that makes two linear equations parallel","hard","1","multiple_choice","","For what value of k does the system 4x + ky = 7 and 6x + 9y = 20 have no solution?","4","9","6","14","C","3","For no solution, the lines must have proportional x- and y-coefficients but different constants. Since 4/6 = 2/3, require k/9 = 2/3, giving k = 6. The constants 7 and 20 are not in the same ratio, so the lines are distinct and parallel.","150","none","{}","","","","","","find parameter value that makes two linear equations parallel","","math,domain:Algebra,skill:ALG_SYS_006,arch:MATH_ARCH_020_SYSTEM_NO_SOLUTION_PARAMETER,sim:SIM_LINEAR_SYSTEMS,fp:ca972d42,tier:H3"
"SAT-MATH-V6-002","Math V6","20260617-002","400-800","SATM-V6-2-2-19","MATH","2","hard","19","Geometry and Trigonometry","Trigonometry","GEO_TRIG_004","Use benchmark unit-circle values","Use benchmark unit-circle values","hard","1","multiple_choice","","An angle θ is in Quadrant II and sin θ = √3/2. What is cos(2θ)?","1/2","√3/2","-√3/2","-1/2","D","4","Use cos(2θ) = 1 - 2sin^2 θ. Then cos(2θ) = 1 - 2(3/4) = 1 - 3/2 = -1/2.","150","none","{}","","","","","","use benchmark unit-circle values","","math,domain:Geometry and Trigonometry,skill:GEO_TRIG_004,arch:MATH_ARCH_098_UNIT_CIRCLE_BENCHMARK,sim:SIM_TRIGONOMETRY_RELATIONSHIPS,fp:836f5525,tier:H3"
"SAT-MATH-V6-002","Math V6","20260617-002","400-800","SATM-V6-2-2-20","MATH","2","hard","20","Advanced Math","Nonlinear Functions","ADV_NF_008","Model exponential growth or decay","Model exponential growth or decay","hard","1","multiple_choice","","A culture begins with 1,200 cells and grows by 50% every 2 hours. After 4 hours, 300 cells are removed. If the culture then grows for 2 more hours at the same rate, how many cells are present?","3,300","3,750","4,050","3,600","D","4","After 4 hours there are 1,200(1.5)^2 = 2,700 cells. Removing 300 leaves 2,400. One more 2-hour growth period gives 2,400(1.5) = 3,600 cells.","150","none","{}","","","","","","model exponential growth or decay","","math,domain:Advanced Math,skill:ADV_NF_008,arch:MATH_ARCH_074_EXPONENTIAL_GROWTH_DECAY,sim:SIM_EXPONENTIAL_MODELS,fp:f6a96eef,tier:H3"
"SAT-MATH-V6-002","Math V6","20260617-002","400-800","SATM-V6-2-2-21","MATH","2","hard","21","Algebra","Systems of Equations","ALG_SYS_007","Find parameter value that makes two equations equivalent","Find parameter value that makes two equations equivalent","hard","1","multiple_choice","","For what value of k do the equations (2k - 1)x + 15y = 30 and 3x + 5y = 10 represent the same line?","4","5","6","9","B","2","Multiplying the second equation by 3 gives 9x + 15y = 30. Therefore 2k - 1 must equal 9, so 2k = 10 and k = 5.","150","none","{}","","","","","","find parameter value that makes two equations equivalent","","math,domain:Algebra,skill:ALG_SYS_007,arch:MATH_ARCH_021_SYSTEM_INFINITE_SOLUTIONS_PARAMETER,sim:SIM_LINEAR_SYSTEMS,fp:019b5fca,tier:H3"
"SAT-MATH-V6-002","Math V6","20260617-002","400-800","SATM-V6-2-2-22","MATH","2","hard","22","Advanced Math","Nonlinear Functions","ADV_NF_001","Determine parameters for a line and parabola system with two real solutions","Determine parameters for a line and parabola system with two real solutions","hard","1","multiple_choice","","The line y = mx + 1 intersects the parabola y = x^2 - 4x + 7. Which value of m makes the line intersect the parabola at two distinct points?","-4","0","2","-2","C","3","Setting the equations equal gives x^2 - (m + 4)x + 6 = 0. Two distinct intersections require a positive discriminant: (m + 4)^2 - 24 > 0. For m = 2, the discriminant is 36 - 24 = 12; for the other choices it is negative.","150","none","{}","","","","","","determine parameters for a line and parabola system with two real solutions","","math,domain:Advanced Math,skill:ADV_NF_001,arch:MATH_ARCH_022_SYSTEM_QUADRATIC_LINE_TWO_SOLUTIONS,sim:SIM_QUADRATIC_SOLVING,fp:2a19cbd2,tier:H3"