"test_id","exam_version","generation_batch_id","target_score_band","question_id","section","module","route","question_number","content_domain","skill_group","skill_code","skill_label","question_topic","difficulty","scoring_weight","question_type","passage","question","choice_a","choice_b","choice_c","choice_d","correct_answer","correct_choice_index","explanation","time_estimate_sec","visual_type","visual_json","table_markdown","equation_latex","student_response_type","correct_numeric_answer","answer_tolerance","primary_skill","secondary_skill","tags"
"SAT_RW_35","RW_FULL_35","35","650-800","RW35_M1_Q01","RW","1","base","1","Craft and Structure","Words in Context","RW_WIC_001","Determine meaning or function of a word/phrase in context","claim_function","Medium","1","multiple_choice","When archivist Leila Morgan began cataloging a box of unsigned letters, she assumed that all had been written by the same person. Yet the paper fibers, ink recipes, and recurring spellings divided the letters into three groups. Morgan therefore described the original attribution as tentative: it was a useful starting point, she explained, but the physical evidence made any firm conclusion premature. Her wording allowed the archive to organize the materials without presenting an uncertain claim as settled fact.","Which choice best describes the function of the word “tentative” in the passage?","It limits the force of Morgan’s attribution by signaling that the conclusion may change with further evidence.","It indicates that Morgan considers the letters too damaged to preserve.","It emphasizes that Morgan has rejected every possible connection among the letters.","It suggests that Morgan is reluctant to share her findings with other archivists.","A","1","The word qualifies the attribution rather than merely naming it: Morgan treats the claim as provisional because the evidence is incomplete.","75","none","{}","","","","","","Words in Context","","passage:R001,arch:RW_WIC_001,sim:rw_words_in_context_cause_effect,fp:5d4ec99e42,wic"
"SAT_RW_35","RW_FULL_35","35","650-800","RW35_M1_Q02","RW","1","base","2","Craft and Structure","Words in Context","RW_WIC_002","Determine meaning or function of a word/phrase in context","relation_function","Medium","1","multiple_choice","A community theater had long scheduled rehearsals according to the availability of its lead actors. For a new production, however, the director also considered the limited time needed to reset a complex revolving stage. This practical constraint tempered her preferred schedule: she still gave actors substantial flexibility, but she shortened several rehearsals so the technical crew could test the mechanism safely. The final calendar thus reflected a compromise between artistic convenience and production requirements. The director kept the number of rehearsal days unchanged, so the adjustment affected timing rather than the scale of preparation.","Why does the author use “tempered” when describing the director’s preferred schedule?","To show that the director angrily abandoned the production schedule.","To indicate that a practical concern moderated, but did not eliminate, the director’s original preference.","To imply that the technical crew secretly designed the calendar.","To suggest that the director made the schedule more complicated for artistic reasons.","B","2","In context, “tempered” marks a partial limitation: the preference remains, but technical needs reduce its influence.","75","none","{}","","","","","","Words in Context","","passage:R002,arch:RW_WIC_002,sim:rw_words_in_context_purpose_sentence,fp:fd6e767374,wic"
"SAT_RW_35","RW_FULL_35","35","650-800","RW35_M1_Q03","RW","1","base","3","Craft and Structure","Words in Context","RW_WIC_003","Determine meaning or function of a word/phrase in context","precision_effect","Medium","1","multiple_choice","Biologist Ren Ito observed that a species of shore crab often hid beneath dark stones during the hottest hours of the day. He called the pattern consistent, not universal: on cloudy afternoons, several crabs remained in open pools, and juveniles sometimes chose pale shells instead. Ito’s careful phrasing matters because it distinguishes a strong tendency from a rule without exceptions. The observations support a relationship between shade and shelter choice, but they do not show that shade determines every individual crab’s behavior.","Which choice best explains the effect of the word “consistent” in the passage?","It presents the behavior as biologically necessary for every crab.","It implies that the observations were made under identical weather conditions.","It shows that Ito repeated the experiment until all crabs behaved alike.","It characterizes the behavior as recurring while leaving room for documented exceptions.","D","4","The surrounding examples show that the pattern is frequent but not absolute, so “consistent” conveys regularity without universality.","75","none","{}","","","","","","Words in Context","","passage:R003,arch:RW_WIC_003,sim:rw_words_in_context_word_function,fp:d3ff439800,wic"
"SAT_RW_35","RW_FULL_35","35","650-800","RW35_M1_Q04","RW","1","base","4","Craft and Structure","Text Structure and Purpose","RW_TSP_001","Analyze structure or purpose","structure_common_claim_revision","Medium","1","multiple_choice","For years, residents near Lake Ibarra blamed algae blooms on fertilizer washed from nearby farms. A survey of nutrient levels supported part of that explanation: phosphorus concentrations rose after heavy rain. Yet the survey also found that the largest blooms followed weeks of unusually still weather, even when rainfall had been modest. The researchers concluded that nutrient runoff helps algae grow, but calm conditions determine whether the organisms remain concentrated at the surface long enough to form a visible bloom.","Which choice best describes the overall structure of the passage?","It lists several unrelated causes of algae growth and ranks them by cost.","It describes a failed experiment and then proposes that the experiment be repeated.","It compares two lakes before arguing that neither can be studied reliably.","It presents a common explanation, introduces evidence that complicates it, and offers a more qualified conclusion.","D","4","The passage begins with a familiar runoff explanation, adds evidence about still weather, and ends with a conclusion that incorporates both factors.","75","none","{}","","","","","","Text Structure and Purpose","","passage:R008,arch:RW_TSP_001,sim:rw_text_structure_and_purpose_purpose_sentence,fp:e97b4ee8b6"
"SAT_RW_35","RW_FULL_35","35","650-800","RW35_M1_Q05","RW","1","base","5","Craft and Structure","Text Structure and Purpose","RW_TSP_002","Analyze structure or purpose","purpose_method_shift","Medium","1","multiple_choice","Painter Amara Wells initially planned to restore the mural by matching every faded color to a modern paint sample. During cleaning, however, she discovered that a translucent glaze lay above the original pigments. Replacing the colors directly would have erased the subtle shifts produced by that layer. Wells instead tested thin mineral washes on removable panels, selecting a treatment that preserved the glaze’s effect while stabilizing the wall beneath it. The finished work therefore reflects conservation rather than simple repainting.","What is the main purpose of the passage?","To explain why a restorer abandoned a straightforward color-matching plan in favor of a method that preserved an original visual effect.","To argue that modern paints are always unsuitable for historic buildings.","To show that the mural’s original artist used mineral washes incorrectly.","To describe how removable panels became part of the final mural.","A","1","The passage centers on Wells’s change in method after she discovers the glaze and explains the conservation logic behind that change.","75","none","{}","","","","","","Text Structure and Purpose","","passage:R009,arch:RW_TSP_002,sim:rw_text_structure_and_purpose_word_function,fp:91d9cdd648"
"SAT_RW_35","RW_FULL_35","35","650-800","RW35_M1_Q06","RW","1","base","6","Craft and Structure","Text Structure and Purpose","RW_TSP_003","Analyze structure or purpose","structure_appearance_function","Medium","1","multiple_choice","At first glance, the tiny holes in the leaves of the silver fern appear to be damage from insects. Botanist Nikhil Rao noticed, though, that the openings form before insects reach the young leaves. Measurements showed that the holes widen as the leaf expands, preventing tears along the blade during strong winds. By tracing the openings through several stages of growth, Rao recasts a feature that looks accidental as a structural adaptation. The finding also explains why intact leaves can appear perforated even when no feeding marks surround the openings.","Which choice best describes how the passage is organized?","It defines a scientific term and then provides several historical examples of its use.","It reports two competing experiments without indicating which result is stronger.","It describes a plant’s habitat before criticizing the methods used to study it.","It begins with a misleading appearance, presents observations that challenge it, and identifies a functional explanation.","D","4","The passage moves from an initial mistaken impression to evidence showing that the holes are an adaptation.","75","none","{}","","","","","","Text Structure and Purpose","","passage:R010,arch:RW_TSP_003,sim:rw_text_structure_and_purpose_revision_goal,fp:d8adec18d8"
"SAT_RW_35","RW_FULL_35","35","650-800","RW35_M1_Q07","RW","1","base","7","Craft and Structure","Cross-Text Connections","RW_CTC_001","Compare claims across paired texts","qualified_agreement","Medium","1","multiple_choice","Text 1: Urban gardens can increase neighborhood access to fresh produce, but their benefits are greatest when residents help determine what is grown. In several gardens, plots devoted to culturally familiar vegetables drew more volunteers than plots planned entirely by outside organizations.

Text 2: Community participation is valuable, yet garden planners must also consider soil contamination, water access, and long-term maintenance. A popular crop list cannot compensate for a site that lacks safe soil or reliable irrigation.","Based on the texts, how would the author of Text 2 most likely respond to the claim in Text 1 that resident input can increase participation?","Resident input is unnecessary because outside organizations always choose better crops.","Resident input can help, but it must be combined with attention to practical site conditions.","Resident input matters only when gardens are located far from residential areas.","Resident input guarantees that a garden will remain safe and productive over time.","B","2","Text 2 accepts the value of participation but qualifies it by emphasizing soil, water, and maintenance constraints.","75","none","{}","","","","","","Cross-Text Connections","","passage:R014,arch:RW_CTC_001,sim:rw_cross_text_connections_word_function,fp:b9f0cb16c4"
"SAT_RW_35","RW_FULL_35","35","650-800","RW35_M1_Q08","RW","1","base","8","Information and Ideas","Central Ideas and Details","RW_CID_001","Identify main idea, key detail, or summary","main_idea","Medium","1","multiple_choice","Researchers studying a desert moss noticed that its leaves curl tightly during dry periods and unfold within minutes after rain. Laboratory tests showed that curling reduces the leaf area exposed to moving air, slowing water loss. The same motion also shields delicate photosynthetic tissue from intense sunlight. Rather than being a passive sign of dehydration, the curling response helps the moss endure the interval between brief storms. The researchers caution that the response cannot prevent damage during exceptionally long droughts, but it substantially extends the plant’s active season.","Which choice best states the main idea of the text?","The moss grows only in places where rain falls at regular intervals.","The moss’s leaves curl because their photosynthetic tissue has already been damaged.","The moss’s leaf curling is an active response that limits water loss and light exposure, helping the plant survive dry intervals.","Laboratory conditions prevent researchers from observing how moss responds to drought.","C","3","The passage explains two protective functions of curling and concludes that the response aids survival.","75","none","{}","","","","","","Central Ideas and Details","","passage:R016,arch:RW_CID_001,sim:rw_central_ideas_and_details_main_claim,fp:745b53391b"
"SAT_RW_35","RW_FULL_35","35","650-800","RW35_M1_Q09","RW","1","base","9","Information and Ideas","Central Ideas and Details","RW_CID_002","Identify main idea, key detail, or summary","best_summary","Medium","1","multiple_choice","A city library introduced “quiet hours” in one room each afternoon, expecting students to use the space for individual study. Attendance records showed that students did come, but many were older adults completing online forms or reading correspondence. Librarians responded by adding larger-print keyboards and adjustable lamps while keeping the room quiet. Use increased across age groups. The change succeeded not because the library abandoned its original purpose, but because staff recognized that concentrated work takes many forms.","Which choice best summarizes the text?","A library improved a quiet study space by adapting it to the varied kinds of concentrated work patrons were already doing.","A library replaced all of its group spaces with rooms reserved for older adults.","Students stopped visiting a library after new computer equipment was installed.","Librarians concluded that quiet rooms are unsuitable for completing online forms.","A","1","The text focuses on how staff broadened their understanding of who used the room and adapted it accordingly.","75","none","{}","","","","","","Central Ideas and Details","","passage:R017,arch:RW_CID_002,sim:rw_central_ideas_and_details_supporting_detail,fp:186a4fb542"
"SAT_RW_35","RW_FULL_35","35","650-800","RW35_M1_Q10","RW","1","base","10","Information and Ideas","Command of Evidence","RW_COE_001","Use textual or quantitative evidence","table_evidence","Medium","1","multiple_choice","A school district tested whether adding shade structures near outdoor lunch areas would affect where students chose to sit. Observers recorded the share of occupied seats at noon before and after installation. The district concluded that the structures substantially increased use of the two areas that received them. Observers used the same noon interval and counted only seats that were available to all students, reducing the chance that scheduling differences explained the pattern. Each school used the same observation procedure.","Which choice best uses the table to support the district’s conclusion?","Use fell at all three schools after the installation.","Cedar had fewer total seats than Monroe in both observation periods.","Use rose by 31 percentage points at Cedar and by 30 percentage points at Monroe after shade structures were installed.","The school without a new structure showed the largest increase in use.","C","3","The table shows large increases at Cedar and Monroe, while Pine, which received no structure, changed only slightly.","75","none","{}","| School | Before | After |
|---|---:|---:|
| Cedar | 42% | 73% |
| Monroe | 38% | 68% |
| Pine (no structure) | 51% | 54% |","","","","","Command of Evidence","","passage:R021,arch:RW_COE_001,sim:rw_command_of_evidence_supporting_detail,fp:9c1511ef3d"
"SAT_RW_35","RW_FULL_35","35","650-800","RW35_M1_Q11","RW","1","base","11","Information and Ideas","Command of Evidence","RW_COE_002","Use textual or quantitative evidence","experimental_evidence","Medium","1","multiple_choice","To test whether bats locate certain flowers partly by sound, researchers presented bats with two artificial flowers. Both released the same scent and sugar reward, but one had a concave center that reflected calls strongly while the other had a flat center. Bats approached the concave flower more often. The researchers then covered the concave center with sound-absorbing cloth while leaving its shape visible; approaches dropped to about the level for the flat flower. Because scent, reward, and visible shape were held constant during the second comparison, the cloth isolated the importance of the returning echoes.","Which finding most directly supports the claim that reflected sound influenced the bats’ choices?","Both artificial flowers offered the same amount of sugar.","The bats were active during the evening testing period.","Approaches declined when the concave center’s acoustic reflection was reduced without changing its visible shape.","The concave flower was manufactured before the flat flower.","C","3","The sound-absorbing cloth changed the acoustic cue while preserving the visible shape, and bat behavior changed accordingly.","75","none","{}","","","","","","Command of Evidence","","passage:R022,arch:RW_COE_002,sim:rw_command_of_evidence_contrast,fp:78c89699c6"
"SAT_RW_35","RW_FULL_35","35","650-800","RW35_M1_Q12","RW","1","base","12","Information and Ideas","Inferences","RW_INF_001","Draw supported conclusions","inference_causal","Medium","1","multiple_choice","During a trial of reusable takeout containers, a café charged customers a small deposit that was refunded when a container was returned. Return rates were high during the first month but dropped after the café moved the return bin from the entrance to a side hallway. The deposit amount and customer volume stayed about the same. After the bin was moved back near the entrance, return rates recovered within two weeks. Staff also noted that customers rarely entered the side hallway for any other reason, making the bin easy to overlook.","Which conclusion is most strongly supported by the text?","Customers stopped returning containers because the deposit was reduced.","The convenience and visibility of the return location affected whether customers returned containers.","The café attracted fewer customers after introducing reusable containers.","Most customers preferred paying the deposit to receiving a refund.","B","2","The return rate changed with the bin’s location while the deposit and customer volume remained stable.","75","none","{}","","","","","","Inferences","","passage:R025,arch:RW_INF_001,sim:rw_inferences_contrast,fp:2bf0a5a95f"
"SAT_RW_35","RW_FULL_35","35","650-800","RW35_M1_Q13","RW","1","base","13","Information and Ideas","Inferences","RW_INF_002","Draw supported conclusions","inference_synthesis","Medium","1","multiple_choice","A historian examining shipbuilders’ account books found that purchases of imported pine declined sharply after a new harbor tax took effect. In the same years, purchases of local oak increased, and invoices began listing extra labor for shaping the harder wood. Completed ship totals remained nearly unchanged. Although the records do not state why builders changed materials, the timing and added labor costs suggest that they adjusted their methods rather than reducing production. The account books show no comparable increase in unfinished hulls, which further weakens the possibility that production simply slowed.","What can reasonably be inferred about the shipbuilders?","They likely substituted local oak for taxed imported pine and accepted higher shaping costs to maintain output.","They immediately stopped building ships when the harbor tax began.","They found that oak required less labor to shape than pine.","They imported more pine because the tax lowered its price.","A","1","The simultaneous fall in pine purchases, rise in oak purchases, and added labor charges support a material substitution.","75","none","{}","","","","","","Inferences","","passage:R026,arch:RW_INF_002,sim:rw_inferences_cause_effect,fp:136c794226"
"SAT_RW_35","RW_FULL_35","35","650-800","RW35_M1_Q14","RW","1","base","14","Information and Ideas","Inferences","RW_INF_003","Draw supported conclusions","inference_generalization","Medium","1","multiple_choice","A species of moth rests on both pale birch bark and dark volcanic rock. In an experiment, clay moth models were placed on each background. Models whose color contrasted sharply with the surface were attacked by birds more often than models whose color matched it. The difference appeared on both backgrounds, even though the bird species present at the two sites were not identical. The researchers used equal numbers of pale and dark models at each site and checked them for beak marks at the same intervals.","Which inference is best supported by the experiment?","All bird species prefer eating dark moths to pale moths.","Moths choose resting places based only on temperature.","Clay models are invisible to birds when their color matches a surface.","Visual contrast with the resting surface can increase a moth’s risk of predation across different habitats.","D","4","On both backgrounds, contrasting models were attacked more often, supporting a general effect of visibility.","75","none","{}","","","","","","Inferences","","passage:R027,arch:RW_INF_003,sim:rw_inferences_purpose_sentence,fp:9afb30fb90"
"SAT_RW_35","RW_FULL_35","35","650-800","RW35_M1_Q15","RW","1","base","15","Standard English Conventions","Boundaries","SEC.BND","Boundaries","independent_clauses","Medium","1","multiple_choice","The observatory’s oldest telescope still produces clear images ____ its brass gears require frequent lubrication.","Which choice completes the text so that it conforms to the conventions of Standard English?",";",",",":","because","A","1","A semicolon correctly joins two closely related independent clauses. A comma alone would create a comma splice, a colon is not introducing an explanation or list, and “because” would make the second clause dependent.","75","none","{}","","","","","","Boundaries","","sec,grammar,arch:SEC-BND-001,sim:SEC.BND:sentence_boundary_semicolon:A. minimal-context version,fp:f0d98c0495,ctx:CTX-GRM-001,tier:SEC1"
"SAT_RW_35","RW_FULL_35","35","650-800","RW35_M1_Q16","RW","1","base","16","Standard English Conventions","Boundaries","SEC.BND","Boundaries","introducing_list","Medium","1","multiple_choice","Maya packed three items for the field survey ____ a compass, a notebook, and a rain gauge.","Which choice completes the text so that it conforms to the conventions of Standard English?",",",":",";","— and","B","2","A colon properly introduces the list after a complete independent clause.","75","none","{}","","","","","","Boundaries","","sec,grammar,arch:SEC-BND-006,sim:SEC.BND:sentence_boundary_period:A. minimal-context version,fp:3edcf007cf,ctx:CTX-GRM-002,tier:SEC1"
"SAT_RW_35","RW_FULL_35","35","650-800","RW35_M1_Q17","RW","1","base","17","Standard English Conventions","Boundaries","SEC.BND","Boundaries","nonessential_clause","Medium","1","multiple_choice","The ceramic bowl, which had been buried beneath the hearth for centuries ____ retained traces of cooking oil.","Which choice completes the text so that it conforms to the conventions of Standard English?",";",":","no punctuation",",","D","4","The nonessential relative clause must be closed with a comma before the main verb “retained.”","75","none","{}","","","","","","Boundaries","","sec,grammar,arch:SEC-BND-002,sim:SEC.BND:sentence_boundary_semicolon:B. internal punctuation nearby,fp:c49bbe3f0c,ctx:CTX-GRM-003,tier:SEC2"
"SAT_RW_35","RW_FULL_35","35","650-800","RW35_M1_Q18","RW","1","base","18","Standard English Conventions","Boundaries","SEC.BND","Boundaries","sentence_boundary","Medium","1","multiple_choice","The first seedlings emerged on Tuesday ____ by Friday, nearly every plot contained new growth.","Which choice completes the text so that it conforms to the conventions of Standard English?",",",":","although",";","D","4","A semicolon is appropriate because both sides are independent clauses and no coordinating conjunction is present.","75","none","{}","","","","","","Boundaries","","sec,grammar,arch:SEC-BND-003,sim:SEC.BND:sentence_boundary_semicolon:C. logical relation emphasized,fp:01f5bcb521,ctx:CTX-GRM-004,tier:SEC2"
"SAT_RW_35","RW_FULL_35","35","650-800","RW35_M1_Q19","RW","1","base","19","Standard English Conventions","Form, Structure, and Sense","SEC.FSS","Form, Structure, and Sense","subject_verb_agreement","Medium","1","multiple_choice","Neither the revised map nor the accompanying notes ____ the location of the abandoned well.","Which choice completes the text so that it conforms to the conventions of Standard English?","shows","showing","show","has shown","C","3","With “neither...nor,” the verb agrees with the nearer subject, “notes,” which is plural; therefore “show” is correct.","75","none","{}","","","","","","Form, Structure, and Sense","","sec,grammar,arch:SEC-FSS-002,sim:SEC.FSS:subject_verb_agreement:B. intervening material,fp:e731bd3f80,ctx:CTX-GRM-005,tier:SEC2"
"SAT_RW_35","RW_FULL_35","35","650-800","RW35_M1_Q20","RW","1","base","20","Standard English Conventions","Form, Structure, and Sense","SEC.FSS","Form, Structure, and Sense","finite_verb","Medium","1","multiple_choice","After reviewing the temperature logs, the technicians ____ that the sensor had failed before dawn.","Which choice completes the text so that it conforms to the conventions of Standard English?","concluding","concludes","had conclude","concluded","D","4","The sentence requires a finite past-tense verb, “concluded,” to express the technicians’ completed action.","75","none","{}","","","","","","Form, Structure, and Sense","","sec,grammar,arch:SEC-FSS-003,sim:SEC.FSS:subject_verb_agreement:C. academic register,fp:1595a109d6,ctx:CTX-GRM-006,tier:SEC2"
"SAT_RW_35","RW_FULL_35","35","650-800","RW35_M1_Q21","RW","1","base","21","Standard English Conventions","Form, Structure, and Sense","SEC.FSS","Form, Structure, and Sense","subjunctive","Medium","1","multiple_choice","To reduce glare on the exhibit cases, the curator asked that each overhead lamp ____ slightly downward.","Which choice completes the text so that it conforms to the conventions of Standard English?","is angled","be angled","was angled","angled","B","2","After “asked that,” Standard English uses the subjunctive base form “be angled.”","75","none","{}","","","","","","Form, Structure, and Sense","","sec,grammar,arch:SEC-FSS-004,sim:SEC.FSS:subject_verb_agreement:D. logic cue,fp:0f618fd008,ctx:CTX-GRM-007,tier:SEC3"
"SAT_RW_35","RW_FULL_35","35","650-800","RW35_M1_Q22","RW","1","base","22","Expression of Ideas","Transitions","RW_TR_001","Select transition that logically connects ideas","contrast","Medium","1","multiple_choice","Biologist Kara Singh expected the shaded plots to retain more soil moisture than the exposed plots. The measurements confirmed this expectation during the first week. ____ after a period of heavy rain, moisture levels were nearly identical in both groups.","Which transition most logically completes the text?","However,","For instance,","Likewise,","As a result,","A","1","However, is the only choice that expresses the required logical relationship between the surrounding sentences.","75","none","{}","","","","","","Transitions","","passage:R030,arch:RW_TR_001,sim:rw_transitions_logical_link,fp:ca88f5e50a"
"SAT_RW_35","RW_FULL_35","35","650-800","RW35_M1_Q23","RW","1","base","23","Expression of Ideas","Transitions","RW_TR_002","Select transition that logically connects ideas","conclusion","Medium","1","multiple_choice","The town converted an unused rail corridor into a walking path. Nearby stores reported more weekend customers after the path opened. ____ the project appears to have affected both recreation and local commerce.","Which choice supplies the most logical transition between the ideas?","At the same time,","Even so,","Thus,","Specifically,","C","3","Thus, is the only choice that expresses the required logical relationship between the surrounding sentences.","75","none","{}","","","","","","Transitions","","passage:R031,arch:RW_TR_002,sim:rw_transitions_punctuation_boundary,fp:406d0c8465"
"SAT_RW_35","RW_FULL_35","35","650-800","RW35_M1_Q24","RW","1","base","24","Expression of Ideas","Transitions","RW_TR_003","Select transition that logically connects ideas","example","Medium","1","multiple_choice","Many desert plants reduce water loss by opening their stomata at night. ____ some species store carbon dioxide gathered at night and use it for photosynthesis during the day.","Which transition best introduces the final sentence?","For example,","Instead,","In other words,","Nevertheless,","A","1","For example, is the only choice that expresses the required logical relationship between the surrounding sentences.","75","none","{}","","","","","","Transitions","","passage:R032,arch:RW_TR_003,sim:rw_transitions_verb_pronoun_agreement,fp:297cbe46ff"
"SAT_RW_35","RW_FULL_35","35","650-800","RW35_M1_Q25","RW","1","base","25","Expression of Ideas","Rhetorical Synthesis","RW_RS_001","Use notes to achieve a writing goal","explain_process","Medium","1","multiple_choice","While researching a topic, a student has taken the following notes: The city launched a bus reliability pilot. Buses on the route often bunch together downtown. The pilot assigns dispatchers to adjust departure times. Drivers receive live updates. Riders can see corrected arrival estimates.","The student wants to explain how the pilot addresses bus bunching. Which choice most effectively uses relevant information from the notes to accomplish this goal?","To reduce downtown bus bunching, the pilot lets dispatchers adjust departure times and sends live updates to drivers while providing riders with corrected arrival estimates.","The city’s buses travel downtown, and riders often consult arrival estimates before leaving home.","The pilot gives riders corrected arrival estimates, but the notes do not explain why buses bunch together.","Dispatchers work on a city bus route, while drivers and riders receive different kinds of information.","A","1","The correct choice directly connects the pilot’s operational tools—dispatcher adjustments and live driver updates—to its goal of reducing bunching.","75","none","{}","","","","","","Rhetorical Synthesis","","passage:R036,arch:RW_RS_001,sim:rw_rhetorical_synthesis_revision_goal,fp:df308995a2"
"SAT_RW_35","RW_FULL_35","35","650-800","RW35_M1_Q26","RW","1","base","26","Expression of Ideas","Rhetorical Synthesis","RW_RS_002","Use notes to achieve a writing goal","emphasize_mechanism","Medium","1","multiple_choice","While researching a topic, a student has taken the following notes: Glass frogs rest on green leaves. Their translucent skin does not make them invisible. Light passing through their bodies softens the boundary between frog and leaf. Experiments show that softened edges make the frogs harder for predators to detect.","The student wants to emphasize the mechanism that helps glass frogs avoid detection. Which choice most effectively uses relevant information from the notes to accomplish this goal?","Glass frogs rest on leaves and are studied in experiments involving predators.","Although glass frogs have translucent skin, they remain fully visible against every background.","Predators detect green leaves partly because the leaves have sharp visual boundaries.","By allowing light to pass through their bodies, glass frogs soften the visual boundary between themselves and leaves, making them harder for predators to detect.","D","4","The correct choice identifies the light-based edge-softening mechanism and links it to reduced detection.","75","none","{}","","","","","","Rhetorical Synthesis","","passage:R037,arch:RW_RS_002,sim:rw_rhetorical_synthesis_logical_link,fp:cf39a07124"
"SAT_RW_35","RW_FULL_35","35","650-800","RW35_M1_Q27","RW","1","base","27","Expression of Ideas","Rhetorical Synthesis","RW_RS_003","Use notes to achieve a writing goal","introduce_feature","Medium","1","multiple_choice","While researching a topic, a student has taken the following notes: Composer Florence Price wrote four symphonies. Her Symphony No. 3 premiered in 1940. The work combines orchestral traditions with rhythms associated with African American musical forms. Recent performances have introduced the symphony to wider audiences.","The student wants to introduce Symphony No. 3 and highlight a feature of the work. Which choice most effectively uses relevant information from the notes to accomplish this goal?","Florence Price wrote four symphonies, and recent audiences have attended orchestral concerts.","Symphony No. 3 was performed recently because every older symphony requires a new premiere.","Premiered in 1940, Florence Price’s Symphony No. 3 combines orchestral traditions with rhythms associated with African American musical forms.","African American musical forms developed after Price’s Symphony No. 3 premiered in 1940.","C","3","The correct choice introduces the work and highlights the specific musical feature requested.","75","none","{}","","","","","","Rhetorical Synthesis","","passage:R038,arch:RW_RS_003,sim:rw_rhetorical_synthesis_punctuation_boundary,fp:f09a54327c"
"SAT_RW_35","RW_FULL_35","35","650-800","RW35_M2_Q01","RW","2","hard","1","Craft and Structure","Words in Context","RW_WIC_004","Determine meaning or function of a word/phrase in context","claim_function","Hard","1","multiple_choice","Historian Ana Velasquez examined city maps that had been revised after a major flood. Earlier scholars treated the maps as neutral records of damaged streets, but Velasquez noticed that officials repeatedly omitted informal footpaths used by market workers. She argued that the maps were not simply incomplete; their selectivity was consequential because later planners relied on them when deciding where to rebuild bridges. The omissions therefore shaped policy by making some routes—and the people who depended on them—less visible.","Which choice best describes the role of “consequential” in the passage?","It suggests that the omissions appeared in a predictable chronological order.","It stresses that the maps’ selectivity had practical effects on later planning decisions.","It indicates that the maps were legally required to include every footpath.","It characterizes the planners’ decisions as intentionally hostile to market workers.","B","2","“Consequential” links the omission to its effects: later bridge planning was influenced by what the maps failed to show.","75","none","{}","","","","","","Words in Context","","passage:R004,arch:RW_WIC_004,sim:rw_words_in_context_revision_goal,fp:eeeb14c248,wic,hard_vocab,vocab:HV_036,tier:V3,target:consequential"
"SAT_RW_35","RW_FULL_35","35","650-800","RW35_M2_Q02","RW","2","hard","2","Craft and Structure","Words in Context","RW_WIC_005","Determine meaning or function of a word/phrase in context","precision_effect","Hard","1","multiple_choice","Engineers testing a low-cost water sensor found that its readings tracked laboratory measurements closely in clear water. In muddy water, however, the agreement became more variable. The team called the device promising rather than definitive, a distinction that preserved the value of the early results while acknowledging the need for calibration across different conditions. By choosing this restrained description, the researchers avoided implying that the prototype was ready for every field setting. Repeated tests also showed that small changes in water temperature did not account for the disagreement observed in muddy samples.","How does the word “definitive” help qualify the researchers’ claim?","It identifies the laboratory instrument that produced the most precise readings.","It marks the stronger conclusion they deliberately avoid because the sensor has not been validated in all conditions.","It implies that the prototype’s design can no longer be modified.","It contrasts the sensor’s low cost with the high price of field equipment.","B","2","The contrast between “promising” and “definitive” shows that the evidence is encouraging but not yet conclusive.","75","none","{}","","","","","","Words in Context","","passage:R005,arch:RW_WIC_005,sim:rw_words_in_context_logical_link,fp:4151f3c28f,wic,hard_vocab,vocab:HV_088,tier:V3,target:definitive"
"SAT_RW_35","RW_FULL_35","35","650-800","RW35_M2_Q03","RW","2","hard","3","Craft and Structure","Words in Context","RW_WIC_006","Determine meaning or function of a word/phrase in context","relation_function","Hard","1","multiple_choice","Literary critic Sora Bhandari argues that the novel’s repeated images of locked windows do not merely create a gloomy atmosphere. Because the images appear whenever the narrator refuses help, they also serve as a tacit measure of the narrator’s increasing isolation. The novel never states this connection directly, but the pattern allows readers to infer it. Bhandari’s use of “tacit” therefore draws attention to meaning communicated through recurrence rather than through explicit explanation. The windows recur at moments of decision, so their placement contributes to the interpretation as much as their literal appearance does.","Which choice best describes what “tacit” indicates about the connection Bhandari identifies?","The connection is disputed openly by several characters in the novel.","The connection depends on a technical definition supplied in a footnote.","The connection is conveyed indirectly through a pattern that readers must recognize.","The connection becomes less important each time the image recurs.","C","3","In context, “tacit” describes an unstated but inferable relationship created by the recurring image.","75","none","{}","","","","","","Words in Context","","passage:R006,arch:RW_WIC_006,sim:rw_words_in_context_punctuation_boundary,fp:a253de1a9f,wic,hard_vocab,vocab:HV_121,tier:V4,target:tacit"
"SAT_RW_35","RW_FULL_35","35","650-800","RW35_M2_Q04","RW","2","hard","4","Craft and Structure","Words in Context","RW_WIC_007","Determine meaning or function of a word/phrase in context","precision_effect","Hard","1","multiple_choice","A paleontologist compared two methods for estimating the age of fossil beds. One method produced nearly identical dates across several sites, while the other varied widely whenever volcanic ash was sparse. The paleontologist called the first method robust, but only within the geological region studied. That final limitation is essential: “robust” signals that the method performs reliably despite ordinary variation, yet the surrounding clause prevents readers from assuming that the same performance has been established everywhere.","Which choice best explains the function of “robust” in the passage?","It conveys reliable performance under the tested conditions while the nearby limitation restricts the claim’s scope.","It indicates that the method requires unusually large fossil samples.","It suggests that the method is older than the alternative technique.","It implies that geological differences among the sites were insignificant.","A","1","“Robust” asserts dependable performance, while “within the geological region studied” limits where that judgment applies.","75","none","{}","","","","","","Words in Context","","passage:R007,arch:RW_WIC_007,sim:rw_words_in_context_verb_pronoun_agreement,fp:44d1516903,wic,hard_vocab,vocab:HV_174,tier:V4,target:robust"
"SAT_RW_35","RW_FULL_35","35","650-800","RW35_M2_Q05","RW","2","hard","5","Craft and Structure","Text Structure and Purpose","RW_TSP_004","Analyze structure or purpose","evidence_function","Hard","1","multiple_choice","Economists once treated the sharp rise in weekend train use as evidence that lower fares alone had changed travel habits. Analyst Priya Sen compared ticket sales with station-entry records and found a mismatch: many riders were using monthly passes, so they had not benefited from the weekend discount. Interviews revealed another shift. Several employers had recently adopted flexible schedules, allowing workers to travel for errands on Saturdays instead of weekday evenings. The fare change mattered, Sen concluded, but the timing of work also altered when people traveled.","Which choice best describes the function of the interview evidence in the passage?","It confirms that every weekend rider purchased a discounted ticket.","It establishes that employers designed their schedules in response to the train system.","It shows that station-entry records are less accurate than interviews in all cases.","It supplies an additional explanation for the ridership change after ticket data weaken a fare-only account.","D","4","The interviews explain part of the increase that the fare hypothesis cannot account for, broadening the analysis.","75","none","{}","","","","","","Text Structure and Purpose","","passage:R011,arch:RW_TSP_004,sim:rw_text_structure_and_purpose_logical_link,fp:32922f14ac"
"SAT_RW_35","RW_FULL_35","35","650-800","RW35_M2_Q06","RW","2","hard","6","Craft and Structure","Text Structure and Purpose","RW_TSP_005","Analyze structure or purpose","concluding_generalization","Hard","1","multiple_choice","In early editions of the poem, the speaker describes a harbor bell as “calling ships home.” A later revision changes the phrase to “counting ships gone.” Critic Mateo Lin argues that the substitution does more than darken the tone. The first image imagines the bell as guiding a return, whereas the second turns it into a witness to absence. By focusing on a single altered verb, Lin shows how revision can redirect the poem’s emotional center from expectation to loss.","Which choice best describes the role of the final sentence in the passage?","It introduces a second poem that contradicts the critic’s interpretation.","It supplies biographical evidence about why the poet revised the line.","It argues that the two versions of the line have identical emotional effects.","It generalizes from the quoted revision to explain the broader significance of the critic’s analysis.","D","4","The final sentence draws a broader conclusion from the specific change in wording discussed earlier.","75","none","{}","","","","","","Text Structure and Purpose","","passage:R012,arch:RW_TSP_005,sim:rw_text_structure_and_purpose_punctuation_boundary,fp:78bb8b1160"
"SAT_RW_35","RW_FULL_35","35","650-800","RW35_M2_Q07","RW","2","hard","7","Craft and Structure","Text Structure and Purpose","RW_TSP_006","Analyze structure or purpose","purpose_limitation_response","Hard","1","multiple_choice","A coastal city installed porous pavement on three blocks to reduce storm-water runoff. Initial reports emphasized the total volume of water absorbed during light rain, which was impressive. During intense storms, however, sensors showed that the pavement filled quickly and overflowed into ordinary drains. Engineers then added narrow planted channels beside the streets. Later tests found that the combined system delayed peak flow even when the pavement itself had reached capacity. The project’s success therefore depended less on one material than on coordination between two forms of infrastructure.","What is the primary purpose of the passage?","To claim that porous pavement should be removed from all coastal cities.","To show how evidence from demanding conditions led engineers to supplement a promising technology with a complementary system.","To compare the cost of planted channels with the cost of ordinary drains.","To demonstrate that light rainfall produces more runoff than intense storms.","B","2","The passage traces a progression from promising initial results, through a limitation, to an improved combined design.","75","none","{}","","","","","","Text Structure and Purpose","","passage:R013,arch:RW_TSP_006,sim:rw_text_structure_and_purpose_verb_pronoun_agreement,fp:ea1cb24d6a"
"SAT_RW_35","RW_FULL_35","35","650-800","RW35_M2_Q08","RW","2","hard","8","Craft and Structure","Cross-Text Connections","RW_CTC_002","Compare claims across paired texts","agreement_with_caution","Hard","1","multiple_choice","Text 1: Some museums have begun displaying replicas that visitors may handle beside fragile originals kept behind glass. Touching the replica can reveal weight, texture, and construction details that vision alone may not convey, making the exhibit more accessible to many visitors.

Text 2: Replicas can broaden access, but they also interpret the objects they reproduce. A smooth modern copy of a worn tool may imply that the original was uniform, while a lightweight substitute can distort how the tool was used. Museums should therefore explain which features a replica preserves and which it alters.","Which choice best describes the relationship between the two texts?","Text 2 rejects Text 1’s claim that visitors are allowed to handle museum objects.","Text 2 acknowledges the educational value identified in Text 1 while warning that replicas can misrepresent some physical features.","Text 2 argues that originals should always be replaced, whereas Text 1 favors displaying only originals.","Text 2 discusses museum funding, while Text 1 discusses the historical age of artifacts.","B","2","Both texts see value in replicas, but Text 2 adds a caution about how copies may alter the visitor’s understanding.","75","none","{}","","","","","","Cross-Text Connections","","passage:R015,arch:RW_CTC_002,sim:rw_cross_text_connections_revision_goal,fp:0eb41079a9"
"SAT_RW_35","RW_FULL_35","35","650-800","RW35_M2_Q09","RW","2","hard","9","Information and Ideas","Central Ideas and Details","RW_CID_003","Identify main idea, key detail, or summary","central_claim","Hard","1","multiple_choice","Marine ecologists placed identical ceramic tiles at different depths to study how reef organisms colonize new surfaces. After six months, shallow tiles held more algae, while deeper tiles supported more sponges and tube worms. Species counts alone, however, did not explain the pattern. Light measurements showed a sharp decline with depth, and current meters recorded stronger water movement at the deeper sites. The researchers concluded that colonization reflects a combination of light availability and food delivery rather than depth as an isolated cause.","Which choice best states the central claim of the text?","Ceramic tiles cannot accurately represent natural reef surfaces.","Algae prevent sponges and tube worms from living in shallow water.","Water movement has no effect on organisms that obtain food from currents.","Differences in reef colonization across depths are best explained by interacting environmental conditions, not depth alone.","D","4","The conclusion explicitly attributes the pattern to light and food delivery rather than to depth by itself.","75","none","{}","","","","","","Central Ideas and Details","","passage:R018,arch:RW_CID_003,sim:rw_central_ideas_and_details_contrast,fp:0e6e5fda12"
"SAT_RW_35","RW_FULL_35","35","650-800","RW35_M2_Q10","RW","2","hard","10","Information and Ideas","Central Ideas and Details","RW_CID_004","Identify main idea, key detail, or summary","main_idea_nuanced","Hard","1","multiple_choice","When composer Elian Cho revised a chamber piece, she removed several loud chords from the opening but added a repeated low note beneath the melody. Reviewers initially described the revision as gentler. A score analysis, though, showed that the low note persists through passages where the harmony changes, creating tension even at a soft volume. The revision therefore reduces surface intensity without eliminating unease; it relocates that unease from sudden contrasts to sustained harmonic friction.","Which choice most accurately captures the main point of the text?","Cho revised the piece mainly to make it easier for musicians to perform.","Reviewers correctly concluded that the revision removed all sources of tension.","Cho’s revision makes the piece quieter while preserving tension through a persistent low note.","The repeated low note causes the melody and harmony to remain unchanged.","C","3","The passage contrasts reduced loudness with continued harmonic tension created by the low note.","75","none","{}","","","","","","Central Ideas and Details","","passage:R019,arch:RW_CID_004,sim:rw_central_ideas_and_details_cause_effect,fp:87849a2345"
"SAT_RW_35","RW_FULL_35","35","650-800","RW35_M2_Q11","RW","2","hard","11","Information and Ideas","Central Ideas and Details","RW_CID_005","Identify main idea, key detail, or summary","evidence_based_conclusion","Hard","1","multiple_choice","An archaeological team used pollen trapped in floor plaster to investigate how a hillside settlement changed over time. Early rooms contained mostly grasses and local shrubs, but later rooms included pollen from olive and fig trees. Storage jars from the later period also became larger. Together, the evidence suggests that residents increasingly cultivated perennial crops and stored their harvests rather than relying mainly on nearby wild plants. The findings do not reveal who owned the orchards, but they clarify a shift in the settlement’s food economy.","Which choice best describes what the evidence indicates?","The settlement moved toward orchard cultivation and greater storage of harvested crops.","The settlement’s residents stopped eating grasses as soon as they built larger rooms.","The pollen proves that every household owned an olive orchard.","The later storage jars were imported from regions where figs were unknown.","A","1","The later tree pollen and larger storage jars jointly support a shift toward cultivated perennial crops and storage.","75","none","{}","","","","","","Central Ideas and Details","","passage:R020,arch:RW_CID_005,sim:rw_central_ideas_and_details_purpose_sentence,fp:c585847e23"
"SAT_RW_35","RW_FULL_35","35","650-800","RW35_M2_Q12","RW","2","hard","12","Information and Ideas","Command of Evidence","RW_COE_003","Use textual or quantitative evidence","quantitative_support","Hard","1","multiple_choice","A researcher proposed that a new coating helps solar panels retain efficiency in dusty conditions. Panels with and without the coating were exposed outdoors for four weeks, and their electrical output was measured as a percentage of initial output. The researcher predicted that the difference between coated and uncoated panels would widen as dust accumulated. The panels were positioned at the same angle and cleaned only before the trial began, so the coating was the main planned difference between the groups.","Which choice best describes data from the table that support the researcher’s prediction?","Both panel types produced exactly the same output in week 4.","The coated panels lost more output than the uncoated panels every week.","The output gap increased from 1 percentage point in week 1 to 14 percentage points in week 4.","The output gap was largest before the panels were placed outdoors.","C","3","The growing difference across weeks is the pattern predicted if the coating limits dust-related efficiency loss.","75","none","{}","| Week | Coated | Uncoated |
|---|---:|---:|
| 1 | 98% | 97% |
| 2 | 96% | 91% |
| 3 | 94% | 85% |
| 4 | 92% | 78% |","","","","","Command of Evidence","","passage:R023,arch:RW_COE_003,sim:rw_command_of_evidence_cause_effect,fp:378c66db4e"
"SAT_RW_35","RW_FULL_35","35","650-800","RW35_M2_Q13","RW","2","hard","13","Information and Ideas","Command of Evidence","RW_COE_004","Use textual or quantitative evidence","strengthen_claim","Hard","1","multiple_choice","Linguist Hana Reeve argues that a set of medieval trade records was copied by at least two scribes rather than one. Most entries use the abbreviation “mrk.” for a unit of weight, but a continuous middle section uses “mar.” The handwriting also shifts in that section: loops become narrower and numbers are formed with a different final stroke. The ink, however, is chemically similar throughout the book. Reeve also verified that the vocabulary and transaction types in the middle section match those elsewhere, making a change in subject matter an unlikely explanation for the shift.","Which evidence would most strengthen Reeve’s argument?","The trade book contains records from several different years.","A second document known to be written by another scribe uses the same narrow loops, number strokes, and “mar.” abbreviation found in the middle section.","The ink used in the book was common in the region.","Some entries list goods that were sold in multiple towns.","B","2","A known comparison document linking the distinctive abbreviation and handwriting to another scribe would directly support the two-scribe explanation.","75","none","{}","","","","","","Command of Evidence","","passage:R024,arch:RW_COE_004,sim:rw_command_of_evidence_purpose_sentence,fp:39ef6e0119"
"SAT_RW_35","RW_FULL_35","35","650-800","RW35_M2_Q14","RW","2","hard","14","Information and Ideas","Inferences","RW_INF_004","Draw supported conclusions","inference_qualified","Hard","1","multiple_choice","An education researcher compared two ways of giving feedback on student essays. One group received detailed comments after submitting a final draft. Another received shorter comments while planning and revising. Both groups were given the same total amount of teacher time. The second group made larger improvements in organization, but the groups showed similar gains in sentence-level correctness. Interviews indicated that students often used early comments to reconsider the order of their ideas. The assignments and scoring criteria were otherwise identical, and instructors were trained to spend equal time on each student.","Which inference is most strongly supported?","Detailed final comments prevent students from improving organization.","Students in the second group received more teacher time than students in the first.","The timing of feedback may matter more for large-scale organization than for sentence-level correctness.","Early feedback improves every aspect of writing equally.","C","3","Only organization differed substantially, and interviews connect that difference to using comments during revision.","75","none","{}","","","","","","Inferences","","passage:R028,arch:RW_INF_004,sim:rw_inferences_word_function,fp:1ab20d1496"
"SAT_RW_35","RW_FULL_35","35","650-800","RW35_M2_Q15","RW","2","hard","15","Information and Ideas","Inferences","RW_INF_005","Draw supported conclusions","inference_model","Hard","1","multiple_choice","Astronomers measured the brightness of a distant star at regular intervals and found a small dip every 11.2 days. The dip’s depth stayed nearly constant, but its duration varied slightly. A single orbiting planet would usually produce dips of similar duration if its path were stable. The team therefore modeled the system with a second, unseen body whose gravity could alter the first object’s timing and path. The same instrument and observation schedule were used throughout, reducing the chance that the changing duration came from inconsistent measurement.","Which finding would most strongly support the team’s model?","The star appears in a catalog compiled before the observations began.","The average depth of the dip is smaller than the star’s total brightness.","The variations in dip duration repeat in a pattern predicted by gravitational interaction with a second body.","The telescope used for the study can observe many stars in one night.","C","3","A repeated variation matching the model’s prediction would be direct evidence for the proposed interaction.","75","none","{}","","","","","","Inferences","","passage:R029,arch:RW_INF_005,sim:rw_inferences_revision_goal,fp:ae627610a3"
"SAT_RW_35","RW_FULL_35","35","650-800","RW35_M2_Q16","RW","2","hard","16","Standard English Conventions","Boundaries","SEC.BND","Boundaries","conjunctive_adverb_boundary","Hard","1","multiple_choice","The survey included residents from five neighborhoods ____ the final sample contained few renters under age twenty-five.","Which choice completes the text so that it conforms to the conventions of Standard English?","; but",",","but",", but","D","4","A comma followed by the coordinating conjunction “but” correctly joins the two independent clauses and expresses contrast.","75","none","{}","","","","","","Boundaries","","sec,grammar,arch:SEC-BND-007,sim:SEC.BND:sentence_boundary_period:B. internal punctuation nearby,fp:6740937dda,ctx:CTX-GRM-008,tier:SEC2"
"SAT_RW_35","RW_FULL_35","35","650-800","RW35_M2_Q17","RW","2","hard","17","Standard English Conventions","Boundaries","SEC.BND","Boundaries","paired_dashes","Hard","1","multiple_choice","The manuscript contains several marginal notes—some written in blue ink, others in pencil ____ all appear to be later than the main text.","Which choice completes the text so that it conforms to the conventions of Standard English?",", and","—and","; and",":","B","2","The dash closes the interrupting element, and “and” then connects the compound predicate to the subject “notes.”","75","none","{}","","","","","","Boundaries","","sec,grammar,arch:SEC-BND-004,sim:SEC.BND:sentence_boundary_semicolon:D. academic register,fp:e9d3bd1fa4,ctx:CTX-GRM-009,tier:SEC3"
"SAT_RW_35","RW_FULL_35","35","650-800","RW35_M2_Q18","RW","2","hard","18","Standard English Conventions","Boundaries","SEC.BND","Boundaries","colon_explanation","Hard","1","multiple_choice","The alloy test produced three signs of reheating ____ grain growth, softened edges, and altered hardness.","Which choice completes the text so that it conforms to the conventions of Standard English?",":",";","— and",", but","A","1","A colon correctly introduces the three signs after the complete clause. The other choices incorrectly try to join the clause to a list fragment.","75","none","{}","","","","","","Boundaries","","sec,grammar,arch:SEC-BND-009,sim:SEC.BND:sentence_boundary_period:D. academic register,fp:e925b39afb,ctx:CTX-GRM-010,tier:SEC3"
"SAT_RW_35","RW_FULL_35","35","650-800","RW35_M2_Q19","RW","2","hard","19","Standard English Conventions","Form, Structure, and Sense","SEC.FSS","Form, Structure, and Sense","parallelism","Hard","1","multiple_choice","The committee recommended expanding the bus lane, adding two shelters, and ____ real-time arrival signs.","Which choice completes the text so that it conforms to the conventions of Standard English?","to install","installing","installed","installation of","B","2","“Installing” is parallel with the gerunds “expanding” and “adding.”","75","none","{}","","","","","","Form, Structure, and Sense","","sec,grammar,arch:SEC-FSS-009,sim:SEC.FSS:verb_tense_sequence:D. logic cue,fp:86a0f8b78b,ctx:CTX-GRM-011,tier:SEC3"
"SAT_RW_35","RW_FULL_35","35","650-800","RW35_M2_Q20","RW","2","hard","20","Standard English Conventions","Form, Structure, and Sense","SEC.FSS","Form, Structure, and Sense","dangling_modifier","Hard","1","multiple_choice","Buried beneath layers of river sediment, ____.","Which choice completes the text so that it conforms to the conventions of Standard English?","archaeologists found the wooden posts remarkably intact","the river preserved archaeologists’ wooden posts","the wooden posts remained remarkably intact","the excavation revealed remarkably intact wooden posts","C","3","The introductory participial phrase must logically modify the noun that follows; only “the wooden posts” were buried beneath sediment.","75","none","{}","","","","","","Form, Structure, and Sense","","sec,grammar,arch:SEC-FSS-014,sim:SEC.FSS:verb_form_nonfinite:D. logic cue,fp:f833df7fd4,ctx:CTX-GRM-012,tier:SEC3"
"SAT_RW_35","RW_FULL_35","35","650-800","RW35_M2_Q21","RW","2","hard","21","Standard English Conventions","Form, Structure, and Sense","SEC.FSS","Form, Structure, and Sense","past_unreal_conditional","Hard","1","multiple_choice","Had the calibration error been detected earlier, the team ____ the final series of measurements.","Which choice completes the text so that it conforms to the conventions of Standard English?","will repeat","would repeat","would have repeated","repeated","C","3","The past unreal condition introduced by “Had...been detected” requires “would have” plus a past participle.","75","none","{}","","","","","","Form, Structure, and Sense","","sec,grammar,arch:SEC-FSS-005,sim:SEC.FSS:subject_verb_agreement:E. expanded syntax,fp:8a965b145e,ctx:CTX-GRM-013,tier:SEC4"
"SAT_RW_35","RW_FULL_35","35","650-800","RW35_M2_Q22","RW","2","hard","22","Standard English Conventions","Form, Structure, and Sense","SEC.FSS","Form, Structure, and Sense","relative_clause_agreement","Hard","1","multiple_choice","The coastal archive preserves letters from merchants who traded across the Indian Ocean, many of whom ____ in more than one language.","Which choice completes the text so that it conforms to the conventions of Standard English?","writes","writing","has written","wrote","D","4","The relative pronoun “whom” refers to the plural noun “merchants,” so the plural past-tense verb “wrote” is required.","75","none","{}","","","","","","Form, Structure, and Sense","","sec,grammar,arch:SEC-FSS-010,sim:SEC.FSS:verb_tense_sequence:E. expanded syntax,fp:09ffec6987,ctx:CTX-GRM-014,tier:SEC4"
"SAT_RW_35","RW_FULL_35","35","650-800","RW35_M2_Q23","RW","2","hard","23","Expression of Ideas","Transitions","RW_TR_004","Select transition that logically connects ideas","qualified_conclusion","Hard","1","multiple_choice","The first translation preserves the poem’s rhyme scheme but alters several images. The second keeps the images more closely but uses free verse. ____ neither version reproduces every feature of the original.","Which choice most effectively links the second sentence to the conclusion?","Similarly,","To illustrate,","Accordingly,","Conversely,","C","3","Accordingly, is the only choice that expresses the required logical relationship between the surrounding sentences.","75","none","{}","","","","","","Transitions","","passage:R033,arch:RW_TR_004,sim:rw_transitions_paired_text_relation,fp:94615dd0e8"
"SAT_RW_35","RW_FULL_35","35","650-800","RW35_M2_Q24","RW","2","hard","24","Expression of Ideas","Transitions","RW_TR_005","Select transition that logically connects ideas","cause_effect","Hard","1","multiple_choice","Researchers found that the coating resisted scratches in dry laboratory tests. It degraded rapidly when exposed to saltwater, though. ____ the team redesigned the next experiment to include repeated cycles of wetting and drying.","Which transition best shows the relationship between the finding and the team’s response?","Consequently,","Nonetheless,","In particular,","In the same way,","A","1","Consequently, is the only choice that expresses the required logical relationship between the surrounding sentences.","75","none","{}","","","","","","Transitions","","passage:R034,arch:RW_TR_005,sim:rw_transitions_evidence_based_inference,fp:3255019bf3"
"SAT_RW_35","RW_FULL_35","35","650-800","RW35_M2_Q25","RW","2","hard","25","Expression of Ideas","Transitions","RW_TR_006","Select transition that logically connects ideas","contrast_populations","Hard","1","multiple_choice","The northern population migrates hundreds of kilometers each winter. ____ the southern population remains in the same valley throughout the year.","Which transition most clearly marks the relationship between the two populations?","By contrast,","Moreover,","Therefore,","For this reason,","A","1","By contrast, is the only choice that expresses the required logical relationship between the surrounding sentences.","75","none","{}","","","","","","Transitions","","passage:R035,arch:RW_TR_006,sim:rw_transitions_main_claim,fp:23894abdde"
"SAT_RW_35","RW_FULL_35","35","650-800","RW35_M2_Q26","RW","2","hard","26","Expression of Ideas","Rhetorical Synthesis","RW_RS_004","Use notes to achieve a writing goal","distinguish_benefits","Hard","1","multiple_choice","While researching a topic, a student has taken the following notes: A team studied rooftops covered with dark material and rooftops planted with vegetation. Vegetated roofs stayed cooler at midday. They also released stored rainwater more slowly. The cooling effect was greatest on hot, sunny days. The water-release effect was measured after storms.","The student wants to distinguish the two benefits of vegetated roofs and identify when each was observed. Which choice most effectively uses relevant information from the notes to accomplish this goal?","Vegetated roofs stayed cooler and released water, proving that they perform identically in every kind of weather.","Vegetated roofs were coolest relative to dark roofs on hot, sunny days, and after storms they released stored rainwater more slowly.","After storms, dark roofs became cooler because vegetation released all stored rainwater immediately.","The study compared rooftops at midday, but it did not measure temperature or water release.","B","2","The correct choice accurately separates the cooling benefit observed on hot days from the slower water release observed after storms.","75","none","{}","","","","","","Rhetorical Synthesis","","passage:R039,arch:RW_RS_004,sim:rw_rhetorical_synthesis_verb_pronoun_agreement,fp:1ba2bd0b60"
"SAT_RW_35","RW_FULL_35","35","650-800","RW35_M2_Q27","RW","2","hard","27","Expression of Ideas","Rhetorical Synthesis","RW_RS_005","Use notes to achieve a writing goal","form_and_tone","Hard","1","multiple_choice","While researching a topic, a student has taken the following notes: Poet Gwendolyn Brooks published “We Real Cool” in 1960. The poem is brief. Its line breaks create pauses after the word “We.” Those pauses can make the speakers sound both confident and vulnerable. Critics often discuss the tension between those tones.","The student wants to make a claim about how form contributes to the poem’s tone. Which choice most effectively uses relevant information from the notes to accomplish this goal?","In “We Real Cool,” pauses created by line breaks after “We” contribute to a tone that can seem confident yet also vulnerable.","Gwendolyn Brooks published a brief poem in 1960, and critics have written about poetry.","Because the poem is brief, its speakers must be entirely confident rather than vulnerable.","The word “We” appears in the poem, but the line breaks have no relationship to tone.","A","1","The correct choice links a formal feature—the pauses created by line breaks—to the poem’s tonal tension.","75","none","{}","","","","","","Rhetorical Synthesis","","passage:R040,arch:RW_RS_005,sim:rw_rhetorical_synthesis_paired_text_relation,fp:7d8982f592"
"SAT_MATH_35","35","MATH_V6_35","400-800","M35_M1_Q01","MATH","1","base","1","Algebra","Linear Equations","ALG_LE_001","Solve a one-variable linear equation with constants on both sides","Solve a one-variable linear equation with constants on both sides","easy","1","multiple_choice","","Solve for x: 7x - 9 = 4x + 18.","3","-9","27","9","D","4","Subtract 4x and add 9 to get 3x = 27, so x = 9.","75","none","{}","","","","","","solve a one-variable linear equation with constants on both sides","","math,domain:Algebra,skill:ALG_LE_001,arch:MATH_ARCH_001_LINEAR_EQUATION_ONE_VARIABLE,sim:SIM_LINEAR_EQUATIONS_AND_INEQUALITIES,fp:f56c9e80,tier:E1"
"SAT_MATH_35","35","MATH_V6_35","400-800","M35_M1_Q02","MATH","1","base","2","Advanced Math","Nonlinear Functions","ADV_NF_002","Evaluate a function at a given input","Evaluate a function at a given input","easy","1","multiple_choice","","The function f is defined by f(x) = 3x^2 - 2x + 1. What is f(-2)?","17","9","13","21","A","1","Substitute -2: 3(-2)^2 - 2(-2) + 1 = 12 + 4 + 1 = 17.","75","none","{}","","","","","","evaluate a function at a given input","","math,domain:Advanced Math,skill:ADV_NF_002,arch:MATH_ARCH_063_FUNCTION_EVALUATE,sim:SIM_FUNCTION_NOTATION_AND_VALUES,fp:bd2207b5,tier:M1"
"SAT_MATH_35","35","MATH_V6_35","400-800","M35_M1_Q03","MATH","1","base","3","Problem-Solving and Data Analysis","Percentages","PSD_PCT_001","Compute a percent of a whole or identify percent from part/whole","Compute a percent of a whole or identify percent from part/whole","easy","1","multiple_choice","","A theater sold 240 tickets, and 35% were student tickets. How many student tickets were sold?","72","96","84","204","C","3","Compute 0.35(240) = 84 student tickets.","75","none","{}","","","","","","compute a percent of a whole or identify percent from part/whole","","math,domain:Problem-Solving and Data Analysis,skill:PSD_PCT_001,arch:MATH_ARCH_042_PERCENT_OF_WHOLE,sim:SIM_PERCENT_RELATIONSHIPS,fp:a507d033,tier:M1"
"SAT_MATH_35","35","MATH_V6_35","400-800","M35_M1_Q04","MATH","1","base","4","Geometry and Trigonometry","Triangles","GEO_TRI_001","Use angle relationships with parallel lines and transversal","Use angle relationships with parallel lines and transversal","easy","1","multiple_choice","","Two parallel lines are cut by a transversal. One acute angle measures 68°. What is the measure, in degrees, of any obtuse angle formed?","68","22","292","112","D","4","Each obtuse angle is supplementary to the 68° acute angle, so its measure is 180 - 68 = 112.","70","none","{}","","","","","","use angle relationships with parallel lines and transversal","","math,domain:Geometry and Trigonometry,skill:GEO_TRI_001,arch:MATH_ARCH_084_ANGLE_PAIRS_PARALLEL_LINES,sim:SIM_PARALLEL_LINES_ANGLES,fp:6db721dd,tier:E1"
"SAT_MATH_35","35","MATH_V6_35","400-800","M35_M1_Q05","MATH","1","base","5","Algebra","Linear Equations","ALG_LE_006","Solve a one-variable linear inequality, including sign reversal","Solve a one-variable linear inequality, including sign reversal","easy","1","multiple_choice","","Which inequality is equivalent to -4x + 7 > 23?","x > -4","x < 4","x > 4","x < -4","D","4","Subtract 7 to get -4x > 16. Dividing by -4 reverses the inequality, giving x < -4.","80","none","{}","","","","","","solve a one-variable linear inequality, including sign reversal","","math,domain:Algebra,skill:ALG_LE_006,arch:MATH_ARCH_023_INEQUALITY_ONE_VARIABLE,sim:SIM_LINEAR_EQUATIONS_AND_INEQUALITIES,fp:078b1ee1,tier:E1"
"SAT_MATH_35","35","MATH_V6_35","400-800","M35_M1_Q06","MATH","1","base","6","Advanced Math","Equivalent Expressions","ADV_EE_001","Simplify expression using exponent rules","Simplify expression using exponent rules","medium","1","student_response","","For x ≠ 0, the expression (x^7)(x^3)/x^5 is equal to x^n. What is n?","","","","","","","Add exponents when multiplying and subtract when dividing: n = 7 + 3 - 5 = 5.","65","none","{}","","","integer","5","0","simplify expression using exponent rules","","math,domain:Advanced Math,skill:ADV_EE_001,arch:MATH_ARCH_067_EXPONENT_RULES_SIMPLIFY,sim:SIM_EXPONENT_RADICALS,fp:c144db78,tier:M1"
"SAT_MATH_35","35","MATH_V6_35","400-800","M35_M1_Q07","MATH","1","base","7","Algebra","Linear Functions","ALG_LF_001","Interpret slope and intercept in a real-world linear model","Interpret slope and intercept in a real-world linear model","medium","1","multiple_choice","","A water tank contains 180 liters and is filled at a constant rate of 12 liters per minute. The model V(t) = 180 + 12t gives the volume after t minutes. What does 12 represent?","The number of liters added each minute","The initial number of liters","The number of minutes until the tank is full","The volume after 12 minutes","A","1","The coefficient of t is the constant rate of change, so 12 is the number of liters added per minute.","70","none","{}","","","","","","interpret slope and intercept in a real-world linear model","","math,domain:Algebra,skill:ALG_LF_001,arch:MATH_ARCH_004_LINEAR_MODEL_INITIAL_RATE,sim:SIM_LINEAR_FUNCTIONS_AND_GRAPHS,fp:844a5f58,tier:M1"
"SAT_MATH_35","35","MATH_V6_35","400-800","M35_M1_Q08","MATH","1","base","8","Problem-Solving and Data Analysis","Ratios Rates and Proportions","PSD_RRP_007","Convert units using one conversion factor","Convert units using one conversion factor","medium","1","multiple_choice","","A hiking trail is 3.5 miles long. Using 1 mile = 1.6 kilometers, what is the trail's length in kilometers?","2.1875","5.6","4.1","5.1","B","2","Multiply by 1.6 kilometers per mile: 3.5(1.6) = 5.6 kilometers.","70","none","{}","","","","","","convert units using one conversion factor","","math,domain:Problem-Solving and Data Analysis,skill:PSD_RRP_007,arch:MATH_ARCH_038_UNIT_CONVERSION_SINGLE,sim:SIM_RATIOS_RATES_PROPORTIONS,fp:0ce4c9a9,tier:M1"
"SAT_MATH_35","35","MATH_V6_35","400-800","M35_M1_Q09","MATH","1","base","9","Advanced Math","Equivalent Expressions","ADV_EE_003","Expand polynomial products","Expand polynomial products","medium","1","multiple_choice","","Which expression is equivalent to (2x - 3)(x + 5)?","2x^2 + 13x - 15","2x^2 + 7x + 15","2x^2 + 7x - 15","2x^2 - 7x - 15","C","3","Distribute: 2x^2 + 10x - 3x - 15 = 2x^2 + 7x - 15.","80","none","{}","","","","","","expand polynomial products","","math,domain:Advanced Math,skill:ADV_EE_003,arch:MATH_ARCH_070_POLYNOMIAL_EXPAND,sim:SIM_POLYNOMIAL_RATIONAL_EXPRESSIONS,fp:b9ddfb1f,tier:M1"
"SAT_MATH_35","35","MATH_V6_35","400-800","M35_M1_Q10","MATH","1","base","10","Geometry and Trigonometry","Triangles","GEO_TRI_003","Use Pythagorean theorem in right triangle","Use Pythagorean theorem in right triangle","medium","1","multiple_choice","","In right triangle ABC, the right angle is at C, AC = 6, and BC = 8. What is AB?","7","12","14","10","D","4","AB is the hypotenuse, so AB^2 = 6^2 + 8^2 = 100 and AB = 10.","80","right_triangle","{""diagram_type"":""right_triangle"",""render_mode"":""exact_to_scale"",""not_to_scale"":false,""vertices"":[""A"",""B"",""C""],""right_angle_at"":""C"",""side_labels"":{""AC"":""6"",""BC"":""8"",""AB"":""x""},""angle_labels"":{},""coordinates"":{""A"":[0,6],""B"":[8,0],""C"":[0,0]},""target"":""AB""}","","","","","","use Pythagorean theorem in right triangle","","math,domain:Geometry and Trigonometry,skill:GEO_TRI_003,arch:MATH_ARCH_086_PYTHAGOREAN_THEOREM,sim:SIM_RIGHT_TRIANGLE_PYTHAGOREAN,fp:08ae1ab1,tier:M1"
"SAT_MATH_35","35","MATH_V6_35","400-800","M35_M1_Q11","MATH","1","base","11","Algebra","Linear Functions","ALG_LF_008","Find the x-intercept of a linear equation","Find the x-intercept of a linear equation","medium","1","student_response","","The line 3x + 2y = 24 crosses the x-axis at (a, 0). What is a?","","","","","","","At the x-intercept, y = 0. Then 3a = 24, so a = 8.","70","none","{}","","","integer","8","0","find the x-intercept of a linear equation","","math,domain:Algebra,skill:ALG_LF_008,arch:MATH_ARCH_011_LINEAR_X_INTERCEPT,sim:SIM_LINEAR_FUNCTIONS_AND_GRAPHS,fp:e4d18bbd,tier:M1"
"SAT_MATH_35","35","MATH_V6_35","400-800","M35_M1_Q12","MATH","1","base","12","Advanced Math","Equivalent Expressions","ADV_EE_006","Evaluate powers of i","Evaluate powers of i","medium","1","multiple_choice","","What is the value of i^38, where i^2 = -1?","-1","1","i","-i","A","1","Powers of i repeat every 4. Since 38 leaves remainder 2 when divided by 4, i^38 = i^2 = -1.","65","none","{}","","","","","","evaluate powers of i","","math,domain:Advanced Math,skill:ADV_EE_006,arch:MATH_ARCH_081_COMPLEX_POWERS_I,sim:SIM_COMPLEX_NUMBERS,fp:32c4620c,tier:M1"
"SAT_MATH_35","35","MATH_V6_35","400-800","M35_M1_Q13","MATH","1","base","13","Problem-Solving and Data Analysis","Probability","PSD_PROB_001","Compute probability from a two-way table with correct denominator","Compute probability from a two-way table with correct denominator","medium","1","multiple_choice","","The table summarizes transportation choices for 120 students. If one student is selected at random, what is the probability that the student is in grade 12 and uses the bus?","7/30","7/15","8/15","3/10","A","1","The favorable count is 28 and the total is 120, so the probability is 28/120 = 7/30.","90","table","{}","| | Uses bus | Does not use bus | Total |\n|---|---:|---:|---:|\n| Grade 11 | 36 | 24 | 60 |\n| Grade 12 | 28 | 32 | 60 |\n| Total | 64 | 56 | 120 |","","","","","compute probability from a two-way table with correct denominator","","math,domain:Problem-Solving and Data Analysis,skill:PSD_PROB_001,arch:MATH_ARCH_049_TWO_WAY_TABLE_PROBABILITY,sim:SIM_PROBABILITY_TABLES,fp:8eec04ce,tier:M2"
"SAT_MATH_35","35","MATH_V6_35","400-800","M35_M1_Q14","MATH","1","base","14","Algebra","Systems of Equations","ALG_SYS_002","Solve a 2x2 linear system by elimination","Solve a 2x2 linear system by elimination","medium","1","student_response","","The system 2x + 3y = 19 and 2x - y = 7 has solution (x, y). What is y?","","","","","","","Subtract the second equation from the first: 4y = 12, so y = 3. Substitution gives x = 5.","95","none","{}","","","integer","3","0","solve a 2x2 linear system by elimination","","math,domain:Algebra,skill:ALG_SYS_002,arch:MATH_ARCH_016_SYSTEM_SOLVE_ELIMINATION,sim:SIM_LINEAR_SYSTEMS,fp:021788ef,tier:M2"
"SAT_MATH_35","35","MATH_V6_35","400-800","M35_M1_Q15","MATH","1","base","15","Advanced Math","Equivalent Expressions","ADV_EE_004","Factor polynomial expression","Factor polynomial expression","medium","1","multiple_choice","","Which expression is equivalent to x^2 - 11x + 24?","(x + 3)(x + 8)","(x - 4)(x - 6)","(x + 3)(x - 8)","(x - 3)(x - 8)","D","4","The two numbers that multiply to 24 and add to -11 are -3 and -8.","80","none","{}","","","","","","factor polynomial expression","","math,domain:Advanced Math,skill:ADV_EE_004,arch:MATH_ARCH_071_POLYNOMIAL_FACTOR,sim:SIM_POLYNOMIAL_RATIONAL_EXPRESSIONS,fp:cdfded30,tier:M2"
"SAT_MATH_35","35","MATH_V6_35","400-800","M35_M1_Q16","MATH","1","base","16","Geometry and Trigonometry","Trigonometry","GEO_TRIG_001","Convert between degrees and radians","Convert between degrees and radians","medium","1","multiple_choice","","An angle measures 5π/6 radians. What is its measure in degrees?","30","120","150","300","C","3","Multiply by 180/π: (5π/6)(180/π) = 150 degrees.","65","none","{}","","","","","","convert between degrees and radians","","math,domain:Geometry and Trigonometry,skill:GEO_TRIG_001,arch:MATH_ARCH_095_RADIAN_DEGREE_CONVERSION,sim:SIM_ANGLE_UNIT_CONVERSION,fp:9ea61997,tier:E1"
"SAT_MATH_35","35","MATH_V6_35","400-800","M35_M1_Q17","MATH","1","base","17","Algebra","Linear Equations","ALG_LE_004","Rearrange a formula to isolate a variable","Rearrange a formula to isolate a variable","medium","1","multiple_choice","","The formula P = 2L + 2W gives the perimeter of a rectangle. Which expression gives L in terms of P and W?","P - 2W","(P - 2W)/2","(P - W)/2","P/2 + W","B","2","Subtract 2W from both sides and divide by 2: L = (P - 2W)/2.","80","none","{}","","","","","","rearrange a formula to isolate a variable","","math,domain:Algebra,skill:ALG_LE_004,arch:MATH_ARCH_013_FORMULA_REARRANGE_SINGLE_VARIABLE,sim:SIM_LINEAR_EQUATIONS_AND_INEQUALITIES,fp:b87d5540,tier:M1"
"SAT_MATH_35","35","MATH_V6_35","400-800","M35_M1_Q18","MATH","1","base","18","Advanced Math","Equivalent Expressions","ADV_EE_002","Simplify radicals and rational exponents","Simplify radicals and rational exponents","medium","1","multiple_choice","","Which expression is equivalent to √72?","3√8","8√2","6√2","12√2","C","3","Since 72 = 36·2, √72 = √36√2 = 6√2. The other expressions are not equal to this value.","75","none","{}","","","","","","simplify radicals and rational exponents","","math,domain:Advanced Math,skill:ADV_EE_002,arch:MATH_ARCH_068_RADICAL_SIMPLIFY,sim:SIM_EXPONENT_RADICALS,fp:67095461,tier:M1"
"SAT_MATH_35","35","MATH_V6_35","400-800","M35_M1_Q19","MATH","1","base","19","Algebra","Systems of Equations","ALG_SYS_005","Model counts and totals with a two-variable system","Model counts and totals with a two-variable system","hard","1","student_response","","A farm packs 26 boxes of apples. Small boxes hold 8 kilograms each and large boxes hold 14 kilograms each. The total mass is 292 kilograms. How many large boxes are packed?","","","","","","","Let s + l = 26 and 8s + 14l = 292. Substituting s = 26 - l gives 208 + 6l = 292, so l = 14.","110","none","{}","","","integer","14","0","model counts and totals with a two-variable system","","math,domain:Algebra,skill:ALG_SYS_005,arch:MATH_ARCH_019_SYSTEM_CONTEXT_COUNT_WEIGHT,sim:SIM_LINEAR_SYSTEMS,fp:3064711d,tier:M2"
"SAT_MATH_35","35","MATH_V6_35","400-800","M35_M1_Q20","MATH","1","base","20","Problem-Solving and Data Analysis","Statistics","PSD_STAT_007","Interpret margin of error around sample proportion","Interpret margin of error around sample proportion","hard","1","multiple_choice","","A poll estimates that 46% of voters support a proposal, with a margin of error of 3 percentage points. Which interval is the most appropriate range for the population percentage?","43% to 49%","3% to 46%","46% to 49%","43% to 46%","A","1","Subtract and add 3 percentage points: 46 - 3 = 43 and 46 + 3 = 49.","80","none","{}","","","","","","interpret margin of error around sample proportion","","math,domain:Problem-Solving and Data Analysis,skill:PSD_STAT_007,arch:MATH_ARCH_057_MARGIN_OF_ERROR_INTERVAL,sim:SIM_SAMPLING_AND_INFERENCE,fp:f8bb12c7,tier:M1"
"SAT_MATH_35","35","MATH_V6_35","400-800","M35_M1_Q21","MATH","1","base","21","Advanced Math","Nonlinear Functions","ADV_NF_004","Evaluate nested or composed functions","Evaluate nested or composed functions","hard","1","multiple_choice","","Let f(x) = 2x - 1 and g(x) = x^2 + 3. What is f(g(2))?","7","10","13","19","C","3","First, g(2) = 4 + 3 = 7. Then f(7) = 14 - 1 = 13.","90","none","{}","","","","","","evaluate nested or composed functions","","math,domain:Advanced Math,skill:ADV_NF_004,arch:MATH_ARCH_065_FUNCTION_COMPOSITION,sim:SIM_FUNCTION_NOTATION_AND_VALUES,fp:df0f4214,tier:H2"
"SAT_MATH_35","35","MATH_V6_35","400-800","M35_M1_Q22","MATH","1","base","22","Algebra","Linear Equations","ALG_LE_008","Solve a compound linear inequality","Solve a compound linear inequality","hard","1","multiple_choice","","Which interval contains exactly the solutions to -5 ≤ 2x + 1 < 9?","-2 ≤ x < 5","-3 ≤ x < 4","-3 < x ≤ 4","-6 ≤ x < 8","B","2","Subtract 1 throughout: -6 ≤ 2x < 8. Divide by 2 to get -3 ≤ x < 4.","85","none","{}","","","","","","solve a compound linear inequality","","math,domain:Algebra,skill:ALG_LE_008,arch:MATH_ARCH_025_COMPOUND_INEQUALITY,sim:SIM_LINEAR_EQUATIONS_AND_INEQUALITIES,fp:01721b2e,tier:M1"
"SAT_MATH_35","35","MATH_V6_35","400-800","M35_M2_Q01","MATH","2","hard","1","Advanced Math","Nonlinear Functions","ADV_NF_015","Find imaginary solutions of a quadratic equation","Find imaginary solutions of a quadratic equation","medium","1","student_response","","The equation x^2 + 49 = 0 has solutions x = ±bi, where b is positive. What is b?","","","","","","","The equation gives x^2 = -49, so x = ±7i. Therefore b = 7.","80","none","{}","","","integer","7","0","find imaginary solutions of a quadratic equation","","math,domain:Advanced Math,skill:ADV_NF_015,arch:MATH_ARCH_083_COMPLEX_QUADRATIC_ROOTS,sim:SIM_QUADRATIC_SOLVING,fp:7613c266,tier:H2"
"SAT_MATH_35","35","MATH_V6_35","400-800","M35_M2_Q02","MATH","2","hard","2","Algebra","Systems of Equations","ALG_SYS_003","Solve a 2x2 linear system by substitution","Solve a 2x2 linear system by substitution","medium","1","multiple_choice","","The system y = 3x - 7 and 2x + y = 18 has solution (x, y). What is x?","3","5","7","11","B","2","Substitute 3x - 7 for y: 2x + 3x - 7 = 18, so 5x = 25 and x = 5.","90","none","{}","","","","","","solve a 2x2 linear system by substitution","","math,domain:Algebra,skill:ALG_SYS_003,arch:MATH_ARCH_017_SYSTEM_SOLVE_SUBSTITUTION,sim:SIM_LINEAR_SYSTEMS,fp:af703d8e,tier:M2"
"SAT_MATH_35","35","MATH_V6_35","400-800","M35_M2_Q03","MATH","2","hard","3","Geometry and Trigonometry","Triangles","GEO_TRI_004","Use 30-60-90 or 45-45-90 triangle ratios","Use 30-60-90 or 45-45-90 triangle ratios","medium","1","multiple_choice","","In right triangle DEF, ∠F = 90°, ∠D = ∠E = 45°, and DF = 9. What is DE?","9","18","18√2","9√2","D","4","A 45-45-90 triangle has hypotenuse equal to a leg times √2. Thus DE = 9√2.","90","right_triangle","{""diagram_type"":""right_triangle"",""render_mode"":""exact_to_scale"",""not_to_scale"":false,""vertices"":[""D"",""E"",""F""],""right_angle_at"":""F"",""side_labels"":{""DF"":""9"",""EF"":""9"",""DE"":""x""},""angle_labels"":{""D"":""45°"",""E"":""45°""},""coordinates"":{""D"":[0,9],""E"":[9,0],""F"":[0,0]},""target"":""DE""}","","","","","","use 30-60-90 or 45-45-90 triangle ratios","","math,domain:Geometry and Trigonometry,skill:GEO_TRI_004,arch:MATH_ARCH_087_SPECIAL_RIGHT_TRIANGLES,sim:SIM_SPECIAL_RIGHT_TRIANGLES,fp:4380a22f,tier:H3"
"SAT_MATH_35","35","MATH_V6_35","400-800","M35_M2_Q04","MATH","2","hard","4","Problem-Solving and Data Analysis","Percentages","PSD_PCT_002","Compute percent increase or decrease","Compute percent increase or decrease","medium","1","student_response","","A museum's monthly attendance increased from 2,400 visitors to 2,940 visitors. What was the percent increase?","","","","","","","The increase is 540. Divide by the original 2,400: 540/2400 = 0.225, or 22.5%.","90","none","{}","","","decimal","22.5","0.001","compute percent increase or decrease","","math,domain:Problem-Solving and Data Analysis,skill:PSD_PCT_002,arch:MATH_ARCH_043_PERCENT_CHANGE,sim:SIM_PERCENT_RELATIONSHIPS,fp:c637456d,tier:M2"
"SAT_MATH_35","35","MATH_V6_35","400-800","M35_M2_Q05","MATH","2","hard","5","Advanced Math","Nonlinear Functions","ADV_NF_007","Solve rational equation and reject excluded values","Solve rational equation and reject excluded values","hard","1","multiple_choice","","What is the solution to 3/(x - 2) + 1 = 7/(x - 2)?","-2","6","2","4","B","2","Because x ≠ 2, multiply by x - 2: 3 + x - 2 = 7. Thus x = 6, which is allowed.","105","none","{}","","","","","","solve rational equation and reject excluded values","","math,domain:Advanced Math,skill:ADV_NF_007,arch:MATH_ARCH_073_RATIONAL_EQUATION_SOLVE,sim:SIM_RATIONAL_EQUATIONS,fp:3af985b6,tier:H3"
"SAT_MATH_35","35","MATH_V6_35","400-800","M35_M2_Q06","MATH","2","hard","6","Algebra","Systems of Equations","ALG_SYS_004","Combine equations to solve directly for x+y or a linear combination","Combine equations to solve directly for x+y or a linear combination","hard","1","multiple_choice","","The system 4x + 3y = 17 and 5x - 3y = 10 has solution (x, y). What is x + y?","3","10/3","14/3","17/3","C","3","Adding the equations gives 9x = 27, so x = 3. Then 12 + 3y = 17, so y = 5/3. Therefore x + y = 14/3.","110","none","{}","","","","","","combine equations to solve directly for x+y or a linear combination","","math,domain:Algebra,skill:ALG_SYS_004,arch:MATH_ARCH_018_SYSTEM_SUM_DIRECT,sim:SIM_LINEAR_SYSTEMS,fp:a83c4749,tier:H2"
"SAT_MATH_35","35","MATH_V6_35","400-800","M35_M2_Q07","MATH","2","hard","7","Geometry and Trigonometry","Trigonometry","GEO_TRIG_004","Use benchmark unit-circle values","Use benchmark unit-circle values","hard","1","multiple_choice","","What is the exact value of cos(5π/6)?","√3/2","-1/2","-√3/2","1/2","C","3","The reference angle is π/6, and cosine is negative in quadrant II. Thus cos(5π/6) = -√3/2.","90","none","{}","","","","","","use benchmark unit-circle values","","math,domain:Geometry and Trigonometry,skill:GEO_TRIG_004,arch:MATH_ARCH_098_UNIT_CIRCLE_BENCHMARK,sim:SIM_TRIGONOMETRY_RELATIONSHIPS,fp:fe134020,tier:H3"
"SAT_MATH_35","35","MATH_V6_35","400-800","M35_M2_Q08","MATH","2","hard","8","Advanced Math","Nonlinear Functions","ADV_NF_008","Model exponential growth or decay","Model exponential growth or decay","hard","1","multiple_choice","","A culture starts with 800 bacteria and grows by 25% every 3 hours. Which expression gives the number of bacteria after t hours?","800(1.25)^(3t)","800(0.75)^(t/3)","800 + 1.25(t/3)","800(1.25)^(t/3)","D","4","Each 3-hour interval multiplies the population by 1.25, and there are t/3 such intervals.","100","none","{}","","","","","","model exponential growth or decay","","math,domain:Advanced Math,skill:ADV_NF_008,arch:MATH_ARCH_074_EXPONENTIAL_GROWTH_DECAY,sim:SIM_EXPONENTIAL_MODELS,fp:06e2486a,tier:H3"
"SAT_MATH_35","35","MATH_V6_35","400-800","M35_M2_Q09","MATH","2","hard","9","Algebra","Systems of Equations","ALG_SYS_010","Translate multi-constraint budget/resource situation into inequalities","Translate multi-constraint budget/resource situation into inequalities","hard","1","multiple_choice","","A club buys x standard tickets at $18 each and y premium tickets at $30 each. It must buy at least 20 tickets and spend no more than $480. Which system models these constraints?","x + y ≥ 20 and 18x + 30y ≤ 480","x + y ≤ 20 and 18x + 30y ≤ 480","x + y ≥ 20 and 18x + 30y ≥ 480","18x + 30y ≥ 20 and x + y ≤ 480","A","1","The total ticket count must be at least 20, while the total cost must be at most $480.","105","none","{}","","","","","","translate multi-constraint budget/resource situation into inequalities","","math,domain:Algebra,skill:ALG_SYS_010,arch:MATH_ARCH_030_BUDGET_SYSTEM_INEQUALITIES,sim:SIM_LINEAR_SYSTEMS,fp:b3936bca,tier:H2"
"SAT_MATH_35","35","MATH_V6_35","400-800","M35_M2_Q10","MATH","2","hard","10","Problem-Solving and Data Analysis","Ratios Rates and Proportions","PSD_RRP_010","Solve weighted average mixture with two components","Solve weighted average mixture with two components","hard","1","multiple_choice","","How many liters of a 50% saline solution should be mixed with 8 liters of a 20% saline solution to obtain a 35% saline solution?","4","8","12","16","B","2","Let x be the liters of 50% solution. Then 0.50x + 0.20(8) = 0.35(x + 8). Solving gives 0.15x = 1.2, so x = 8.","120","none","{}","","","","","","solve weighted average mixture with two components","","math,domain:Problem-Solving and Data Analysis,skill:PSD_RRP_010,arch:MATH_ARCH_047_WEIGHTED_AVERAGE_MIXTURE,sim:SIM_WEIGHTED_AVERAGE_MIXTURE,fp:c0775976,tier:H2"
"SAT_MATH_35","35","MATH_V6_35","400-800","M35_M2_Q11","MATH","2","hard","11","Advanced Math","Nonlinear Functions","ADV_NF_011","Complete the square to find vertex or solve","Complete the square to find vertex or solve","hard","1","multiple_choice","","The expression x^2 - 12x + 5 can be written as (x - h)^2 + k. What is h + k?","-31","-25","25","31","B","2","Complete the square: x^2 - 12x + 5 = (x - 6)^2 - 31. Thus h + k = 6 - 31 = -25.","110","none","{}","","","","","","complete the square to find vertex or solve","","math,domain:Advanced Math,skill:ADV_NF_011,arch:MATH_ARCH_077_QUADRATIC_COMPLETE_SQUARE,sim:SIM_QUADRATIC_FEATURES,fp:1b6ec2d0,tier:H3"
"SAT_MATH_35","35","MATH_V6_35","400-800","M35_M2_Q12","MATH","2","hard","12","Algebra","Systems of Equations","ALG_SYS_006","Find parameter value that makes two linear equations parallel","Find parameter value that makes two linear equations parallel","hard","1","multiple_choice","","For what value of k does the system 6x - 4y = 10 and 9x - 6y = k have no solution?","15","10","Any value of k other than 15","0 only","C","3","The left side of the second equation is 3/2 times the left side of the first. The equations are the same line only when k = 15; for every other k, they are distinct parallel lines.","125","none","{}","","","","","","find parameter value that makes two linear equations parallel","","math,domain:Algebra,skill:ALG_SYS_006,arch:MATH_ARCH_020_SYSTEM_NO_SOLUTION_PARAMETER,sim:SIM_LINEAR_SYSTEMS,fp:6823f901,tier:H3"
"SAT_MATH_35","35","MATH_V6_35","400-800","M35_M2_Q13","MATH","2","hard","13","Geometry and Trigonometry","Triangles","GEO_TRI_006","Use similar triangles and scale factors","Use similar triangles and scale factors","hard","1","multiple_choice","","Triangles ABC and DEF are similar with A corresponding to D, B to E, and C to F. If AB = 6, BC = 9, DE = 10, and DF = 20, what is EF?","12","18","24","15","D","4","The scale factor from ABC to DEF is DE/AB = 10/6 = 5/3. Therefore EF = 9(5/3) = 15.","120","triangle","{""diagram_type"":""similar_triangles"",""render_mode"":""near_to_scale"",""not_to_scale"":true,""triangles"":[{""triangle_id"":""ABC"",""vertices"":[""A"",""B"",""C""],""side_labels"":{""AB"":""6"",""BC"":""9"",""AC"":""12""},""angle_labels"":{}},{""triangle_id"":""DEF"",""vertices"":[""D"",""E"",""F""],""side_labels"":{""DE"":""10"",""EF"":""x"",""DF"":""20""},""angle_labels"":{}}],""correspondence"":{""A"":""D"",""B"":""E"",""C"":""F""},""target"":""EF""}","","","","","","use similar triangles and scale factors","","math,domain:Geometry and Trigonometry,skill:GEO_TRI_006,arch:MATH_ARCH_089_SIMILAR_TRIANGLES_SCALE,sim:SIM_SIMILAR_TRIANGLES,fp:423df96c,tier:H3"
"SAT_MATH_35","35","MATH_V6_35","400-800","M35_M2_Q14","MATH","2","hard","14","Advanced Math","Nonlinear Functions","ADV_NF_006","Solve radical equation and check extraneous solution","Solve radical equation and check extraneous solution","hard","1","multiple_choice","","What is the solution to √(2x + 3) = x?","-1","-1 and 3","3","1 and 3","C","3","Squaring gives 2x + 3 = x^2, so (x - 3)(x + 1) = 0. Checking the original equation rejects x = -1 and keeps x = 3.","120","none","{}","","","","","","solve radical equation and check extraneous solution","","math,domain:Advanced Math,skill:ADV_NF_006,arch:MATH_ARCH_069_RADICAL_EQUATION_EXTRANEOUS,sim:SIM_EXPONENT_RADICALS,fp:668aa92b,tier:H3"
"SAT_MATH_35","35","MATH_V6_35","400-800","M35_M2_Q15","MATH","2","hard","15","Algebra","Linear Equations","ALG_LE_011","Solve inequality with discrete rounding or ceiling/floor interpretation","Solve inequality with discrete rounding or ceiling/floor interpretation","hard","1","multiple_choice","","A delivery van can carry at most 1,350 kilograms. Each crate has a mass of 58 kilograms, and the driver and equipment have a combined mass of 190 kilograms. What is the greatest whole number of crates the van can carry?","20","19","21","23","A","1","The crates may total at most 1,350 - 190 = 1,160 kilograms. Since 1,160/58 = 20, the greatest whole number is 20.","115","none","{}","","","","","","solve inequality with discrete rounding or ceiling/floor interpretation","","math,domain:Algebra,skill:ALG_LE_011,arch:MATH_ARCH_031_INTEGER_ROUNDING_INEQUALITY,sim:SIM_LINEAR_EQUATIONS_AND_INEQUALITIES,fp:abebb47f,tier:H2"
"SAT_MATH_35","35","MATH_V6_35","400-800","M35_M2_Q16","MATH","2","hard","16","Advanced Math","Nonlinear Functions","ADV_NF_010","Use quadratic formula to solve or analyze roots","Use quadratic formula to solve or analyze roots","hard","1","multiple_choice","","The equation 2x^2 - 4x - 3 = 0 has solutions x = 1 ± c. What is c?","√5/2","√10/2","√10","5/2","B","2","Using the quadratic formula, x = (4 ± √(16 + 24))/4 = (4 ± 2√10)/4 = 1 ± √10/2.","125","none","{}","","","","","","use quadratic formula to solve or analyze roots","","math,domain:Advanced Math,skill:ADV_NF_010,arch:MATH_ARCH_076_QUADRATIC_SOLVE_FORMULA,sim:SIM_QUADRATIC_SOLVING,fp:e7934311,tier:H3"
"SAT_MATH_35","35","MATH_V6_35","400-800","M35_M2_Q17","MATH","2","hard","17","Algebra","Systems of Equations","ALG_SYS_008","Find maximum possible coordinate from two linear inequalities","Find maximum possible coordinate from two linear inequalities","hard","1","student_response","","For integers x and y satisfying x + 2y ≤ 17, 3x + y ≤ 21, x ≥ 0, and y ≥ 0, what is the greatest possible value of x + y?","","","","","","","From x + 2y ≤ 17 and 3x + y ≤ 21, check integer boundary candidates. At (5,4), both inequalities hold and x + y = 9. A sum of 10 would require y = 10 - x; substitution gives x ≤ 3 and x ≥ 13/2, impossible. Thus the maximum is 9.","150","none","{}","","","integer","9","0","find maximum possible coordinate from two linear inequalities","","math,domain:Algebra,skill:ALG_SYS_008,arch:MATH_ARCH_027_SYSTEM_INEQUALITIES_MAX_COORDINATE,sim:SIM_LINEAR_SYSTEMS,fp:232ccc7a,tier:H2"
"SAT_MATH_35","35","MATH_V6_35","400-800","M35_M2_Q18","MATH","2","hard","18","Advanced Math","Nonlinear Functions","ADV_NF_001","Determine parameters for a line and parabola system with two real solutions","Determine parameters for a line and parabola system with two real solutions","hard","1","multiple_choice","","How many integer values of k from -3 through 6 make the line y = k intersect the parabola y = x^2 - 6x + 11 at exactly two distinct points?","3","4","5","7","B","2","Intersections satisfy x^2 - 6x + 11 - k = 0. Its discriminant is 36 - 4(11 - k) = 4k - 8. Two distinct intersections require k > 2. The integers from -3 through 6 that work are 3, 4, 5, and 6, for a total of 4.","135","none","{}","","","","","","determine parameters for a line and parabola system with two real solutions","","math,domain:Advanced Math,skill:ADV_NF_001,arch:MATH_ARCH_022_SYSTEM_QUADRATIC_LINE_TWO_SOLUTIONS,sim:SIM_QUADRATIC_SOLVING,fp:1c9b3dba,tier:H3"
"SAT_MATH_35","35","MATH_V6_35","400-800","M35_M2_Q19","MATH","2","hard","19","Algebra","Linear Equations","ALG_LE_005","Solve a literal equation with parameters in terms of other variables","Solve a literal equation with parameters in terms of other variables","hard","1","multiple_choice","","The equation (m + 2)x - 3 = 5x + n involves constants m and n. If m + n = 10 and n = 2m - 5, what is x?","4","2","3","8","A","1","From m + n = 10 and n = 2m - 5, solve 3m - 5 = 10 to get m = 5 and n = 5. Then (m - 3)x = n + 3 becomes 2x = 8, so x = 4.","125","none","{}","","","","","","solve a literal equation with parameters in terms of other variables","","math,domain:Algebra,skill:ALG_LE_005,arch:MATH_ARCH_014_LITERAL_EQUATION_PARAMETER,sim:SIM_LINEAR_EQUATIONS_AND_INEQUALITIES,fp:606f649f,tier:H3"
"SAT_MATH_35","35","MATH_V6_35","400-800","M35_M2_Q20","MATH","2","hard","20","Problem-Solving and Data Analysis","Probability","PSD_PROB_002","Compute conditional probability from a table subset","Compute conditional probability from a table subset","hard","1","multiple_choice","","The table shows how customers placed an order. Two customers are selected independently with replacement from the returning customers. What is the probability that both selected customers chose online ordering?","49/400","7/20","7/50","1/4","A","1","Among returning customers, 28 of 80 chose online, so the probability on one selection is 28/80 = 7/20. With replacement, multiply independent probabilities: (7/20)^2 = 49/400.","110","table","{}","| | Chose online | Chose in person | Total |\n|---|---:|---:|---:|\n| New customers | 42 | 18 | 60 |\n| Returning customers | 28 | 52 | 80 |\n| Total | 70 | 70 | 140 |","","","","","compute conditional probability from a table subset","","math,domain:Problem-Solving and Data Analysis,skill:PSD_PROB_002,arch:MATH_ARCH_050_CONDITIONAL_PROBABILITY_TABLE,sim:SIM_PROBABILITY_TABLES,fp:3692e0d7,tier:H3"
"SAT_MATH_35","35","MATH_V6_35","400-800","M35_M2_Q21","MATH","2","hard","21","Advanced Math","Nonlinear Functions","ADV_NF_014","Use discriminant to determine number/type of solutions","Use discriminant to determine number/type of solutions","hard","1","student_response","","The equation x^2 + bx + 18 = 0 has exactly one real solution. What is the value of b^2 + 18?","","","","","","","Exactly one real solution requires discriminant 0: b^2 - 4(1)(18) = 0. Thus b^2 = 72, and b^2 + 18 = 90.","125","none","{}","","","integer","90","0","use discriminant to determine number/type of solutions","","math,domain:Advanced Math,skill:ADV_NF_014,arch:MATH_ARCH_080_QUADRATIC_DISCRIMINANT,sim:SIM_QUADRATIC_SOLVING,fp:34fc212b,tier:H3"
"SAT_MATH_35","35","MATH_V6_35","400-800","M35_M2_Q22","MATH","2","hard","22","Geometry and Trigonometry","Area","GEO_AREA_001","Compute surface area of prism/cylinder or composite solid","Compute surface area of prism/cylinder or composite solid","hard","1","multiple_choice","","A closed cylindrical tank has radius 4 feet and height 10 feet. A circular hatch of radius 1 foot on the top will not be painted. One can of paint covers 7 square feet. What is the minimum number of cans needed to paint the rest of the tank's exterior?","48","49","51","50","D","4","The closed cylinder has surface area 2πr^2 + 2πrh = 112π. Subtract the unpainted hatch area π(1)^2 to get 111π square feet. Since 111π/7 is about 49.82, 50 whole cans are needed.","125","none","{}","","","","","","compute surface area of prism/cylinder or composite solid","","math,domain:Geometry and Trigonometry,skill:GEO_AREA_001,arch:MATH_ARCH_100_SOLID_SURFACE_AREA,sim:SIM_SOLID_MEASUREMENT,fp:18ef4fc4,tier:H3"
