"test_id","exam_version","generation_batch_id","target_score_band","question_id","section","module","route","question_number","content_domain","skill_group","skill_code","skill_label","question_topic","difficulty","scoring_weight","question_type","passage","question","choice_a","choice_b","choice_c","choice_d","correct_answer","correct_choice_index","explanation","time_estimate_sec","visual_type","visual_json","table_markdown","equation_latex","student_response_type","correct_numeric_answer","answer_tolerance","primary_skill","secondary_skill","tags"
"SAT_RW_16","rw_split_v9","RW16_FRONT","all","SAT_RW_16_M1_Q01","RW","1","base","1","Craft and Structure","Words in Context","RW_WIC_005","Determine meaning or function of a word/phrase in context","logical_link","Easy","1","multiple_choice","Marine ecologists restoring a storm-damaged reef off Curaçao compared two supports for nursery-grown coral fragments. Smooth ceramic plates were easy for divers to install, but young corals often detached from them during strong currents. Textured frames, by contrast, trapped a thin layer of sediment and algae that made the surface more similar to natural reef rock. After six months, 68 percent of fragments on the textured frames remained attached, compared with 41 percent on the smooth plates. The textured design also yielded more branching growth, even though both groups received the same light and were placed at similar depths. The team cautioned that the frames may require extra cleaning during their first weeks underwater, when drifting algae can accumulate quickly. Still, the results encouraged the researchers to test the frames at a second site where wave exposure is greater and coral species differ from those in the initial nursery.","As used in the text, “yielded” most nearly means","surrendered","produced","delayed","bent","B","2","“Produced” fits the coral-growth result described after the comparison of the two supports; the other choices describe different senses that do not fit what the textured design did.","75","none","{}","","","","","","Words in Context","","passage:R003;arch:RW_WIC_005;sim:rw_words_in_context_logical_link;fp:eb23e343b0c5;surface_arch:SURF_RW_WIC_005;surface_fp:6e25a8113b07f44f;stem_sig:fee7640e0c48;choice_sig:7837dc353af5;ans_sig:bf9b9b72aff8;dist_sig:fc9c22a71a52;profile:D1;wic;family:direct_meaning;wic_arch:WIC_DIRECT_MEANING_01;target:yielded"
"SAT_RW_16","rw_split_v9","RW16_FRONT","all","SAT_RW_16_M1_Q02","RW","1","base","2","Craft and Structure","Words in Context","RW_WIC_003","Determine meaning or function of a word/phrase in context","word_function","Medium","1","multiple_choice","Transit planners in Monterra tested floor markings intended to reduce crowding near train doors during the evening rush. At six stations, crews added narrow waiting zones that left a clear path for riders exiting each car. Observers recorded how long doors stayed open and how often boarding passengers blocked people who were trying to leave. Delays fell at five of the six stations, with the largest reductions occurring on platforms that had previously experienced the most crowding. Because the stations were not randomly assigned to receive the markings, however, the planners tentatively attributed the improvement to the new layout. Staffing levels and service frequency changed slightly at two stations during the trial, and either change could have influenced boarding behavior. The agency therefore approved a larger experiment in which markings will be introduced on different dates across comparable stations, allowing the effect of the layout to be separated more clearly from other changes.","Which choice best describes the function of “tentatively” in the passage?","It strengthens the causal claim by showing that the repeated pattern across stations makes competing explanations negligible.","It shifts attention from the trial results to a permanent passenger preference for marked waiting zones.","It limits the causal claim by showing that the planners regard the layout explanation as provisional because other station changes could have affected delays.","It presents the layout explanation as surprising but already conclusive enough that further testing is unnecessary.","C","3","The attribution is deliberately qualified because staffing and service frequency also changed at some stations, so the passage treats the layout explanation as provisional rather than conclusive.","75","none","{}","","","","","","Words in Context","","passage:R009;arch:RW_WIC_003;sim:rw_words_in_context_word_function;fp:455f95f3bd62;surface_arch:SURF_RW_WIC_003;surface_fp:8053ceefca58d857;stem_sig:4341299761ff;choice_sig:6191c7b536f8;ans_sig:6d533e93c569;dist_sig:3f542c43b778;profile:D2;wic;family:claim_function;wic_arch:WIC_CLAIM_FUNCTION_01;target:tentatively"
"SAT_RW_16","rw_split_v9","RW16_FRONT","all","SAT_RW_16_M1_Q03","RW","1","base","3","Craft and Structure","Words in Context","RW_WIC_001","Determine meaning or function of a word/phrase in context","cause_effect","Medium","1","multiple_choice","A regional bus operator once charged every electric bus for roughly the same length of time after its final trip. That routine was simple, but it ignored a major difference among routes: some buses ended service beside a depot and remained parked for hours, whereas others had only brief layovers before returning to service. Engineers analyzed a month of battery records and found that the most reliable predictor of available charging time was the length of each vehicle's overnight dwell, not the distance it had traveled. The operator revised its schedule accordingly, assigning longer charging sessions to buses with long depot stays and shorter sessions to vehicles that would depart sooner. The change reduced the number of morning departures delayed by unfinished charging without increasing total electricity use. Route distance still mattered for estimating how much energy a bus had consumed, but it no longer determined how the limited chargers were allocated overnight.","Which choice best explains the role of “accordingly” in connecting the analysis to the schedule change?","It presents the revised schedule as an exception to the engineers’ finding about overnight dwell time.","It indicates that the schedule change occurred at the same time as the analysis but was otherwise independent of it.","It treats the analysis as a concession that weakens the case for changing how chargers are assigned.","It presents the revised charging schedule as a practical consequence of evidence that overnight dwell time predicts charging opportunity.","D","4","The schedule is revised because the analysis identifies overnight dwell time as the best guide to charging opportunity, so the connection is one of evidence leading to action.","75","none","{}","","","","","","Words in Context","","passage:R015;arch:RW_WIC_001;sim:rw_words_in_context_cause_effect;fp:38351707b779;surface_arch:SURF_RW_WIC_001;surface_fp:e5dc1079d8b70fd1;stem_sig:6215b2ec1263;choice_sig:0ede0bcf0b40;ans_sig:38f18763b334;dist_sig:4b5682eeeb63;profile:D2;wic;family:relation_function;wic_arch:WIC_RELATION_FUNCTION_01;target:accordingly"
"SAT_RW_16","rw_split_v9","RW16_FRONT","all","SAT_RW_16_M1_Q04","RW","1","base","4","Craft and Structure","Text Structure and Purpose","RW_TSP_001","Analyze structure or purpose","purpose_sentence","Easy","1","multiple_choice","Biologists studying harbor porpoises placed underwater microphones along a narrow channel used by both animals and passenger ferries. During the busiest ferry hours, the microphones recorded sharp increases in low-frequency engine noise, and porpoise detections shifted toward quieter coves outside the channel. The researchers initially considered whether the animals had simply abandoned the area because prey had moved elsewhere. Fish surveys, however, showed no comparable change in prey abundance across the same locations. On two days when ferry service stopped unexpectedly because of mechanical problems, porpoise detections returned to the channel within several hours. That rapid return did not establish that noise was the only influence on porpoise movement, since tides and vessel types also varied during the study. It did, however, make a lasting change in prey distribution a less likely explanation for the short-term shifts and motivated the team to compare responses to vessels with different engine profiles.","Why does the author include the observation that porpoise detections returned to the channel within hours after ferry service stopped?","To show that the fish surveys were unable to measure prey accurately whenever ferry traffic was reduced.","To provide evidence that the short-term movement shift was reversible and associated with ferry activity, weakening the idea that changing prey distribution fully explained it.","To establish that porpoises consistently prefer the busiest part of the channel when ferries are operating.","To explain why mechanical failures changed tidal conditions enough to bring prey back into the channel.","B","2","The quick return during an unexpected pause in ferry traffic makes a lasting prey shift less likely and supports a connection between vessel activity and porpoise location.","75","none","{}","","","","","","Text Structure and Purpose","","passage:R021;arch:RW_TSP_001;sim:rw_text_structure_and_purpose_purpose_sentence;fp:ffda672260ba;surface_arch:SURF_RW_TSP_001;surface_fp:342bdd98cbacfd97;stem_sig:81d9b200fc4d;choice_sig:72b8f7663500;ans_sig:be7c197eac9b;dist_sig:6dac3acec0d3;profile:D1"
"SAT_RW_16","rw_split_v9","RW16_FRONT","all","SAT_RW_16_M1_Q05","RW","1","base","5","Craft and Structure","Text Structure and Purpose","RW_TSP_002","Analyze structure or purpose","word_function","Medium","1","multiple_choice","To examine how bumblebees navigate when familiar scenery is unavailable, behavioral ecologists trained bees to find a feeder beyond a row of colored panels. After several days, most bees flew directly toward the feeder when released from the same starting point. The researchers then moved the panels while leaving the feeder fixed. Bees initially veered toward the panels' new position but corrected their course after gaining altitude, suggesting that the visual landmarks influenced early flight without fully determining the destination. <u>In a separate control, the team left every panel in its original position and shifted only the release point; the bees still converged on the feeder from several directions.</u> That control helped rule out the possibility that the insects had merely memorized one fixed sequence of turns from the training location. Together, the trials indicate that bumblebees combine local landmarks with information that remains useful when their starting position or the scenery changes.","Which choice best describes the function of the underlined portion in the text?","It describes a control that tests whether the bees depended on a fixed sequence of turns from the original release point.","It shows that moving the colored panels had no measurable effect on the bees’ initial flight direction.","It establishes that the feeder was moved whenever the researchers changed the bees’ release point.","It compares the navigation strategies of bumblebees with those of a second insect species.","A","1","By changing the release point while leaving the panels and feeder fixed, the control tests whether success depended on repeating one memorized route from the training location.","75","none","{}","","","","","","Text Structure and Purpose","","passage:R027;arch:RW_TSP_002;sim:rw_text_structure_and_purpose_word_function;fp:da7a460fe2b2;surface_arch:SURF_RW_TSP_002;surface_fp:8e60a06e00df27ce;stem_sig:999a6272397d;choice_sig:ae947bbebdcb;ans_sig:604e3b689560;dist_sig:b9683a1558db;profile:D2;underline"
"SAT_RW_16","rw_split_v9","RW16_FRONT","all","SAT_RW_16_M1_Q06","RW","1","base","6","Craft and Structure","Text Structure and Purpose","RW_TSP_011","Analyze structure or purpose","contrast","Medium","1","multiple_choice","Curators at a museum expected visitors to spend more time with objects whose labels included detailed background information. To test that assumption, they alternated long labels with shorter labels that began with a question about the object, such as why a tool had an unusual shape. Tracking data showed that visitors were more likely to stop at displays with questions, but those who stopped at the long-label displays read for slightly longer. Interviews added another complication: many visitors remembered the fact from the shorter labels, whereas readers of the longer labels often recalled a secondary date or name instead. The curators therefore abandoned the idea that one label length would be best for every display. They began matching format to purpose, using concise questions where the goal was to attract attention and longer explanations where an object required context. The revised approach treated stopping, reading time, and later recall as distinct measures of engagement rather than interchangeable signs of success.","Which choice best describes how the text is structured?","It contrasts tracking evidence that question-led labels attract more stops with evidence that long labels keep readers longer, then concludes that stopping rate is the most important measure of engagement.","It presents mixed results from tracking and interviews, then recommends that every display use shorter question-led labels because visitors remembered their central facts.","It presents an expectation about label length, compares several measures that complicate that expectation, and then describes a revised approach based on different display purposes.","It introduces conflicting measures of engagement and then treats reading time and recall as equivalent when choosing a single label format.","C","3","The text begins with the curators’ expectation, reports mixed evidence from stopping, reading time, and recall, and ends with a purpose-specific labeling strategy.","75","none","{}","","","","","","Text Structure and Purpose","","passage:R033;arch:RW_TSP_011;sim:rw_text_structure_and_purpose_contrast;fp:fdde1766df19;surface_arch:SURF_RW_TSP_011;surface_fp:6e3e948a762460c6;stem_sig:a8225535bd70;choice_sig:2647197e03ab;ans_sig:b8fb39fe6424;dist_sig:417abc9eb3d8;profile:D3"
"SAT_RW_16","rw_split_v9","RW16_FRONT","all","SAT_RW_16_M1_Q07","RW","1","base","7","Craft and Structure","Cross-Text Connections","RW_CTC_006","Compare claims across paired texts","paired_text_relation","Medium","1","multiple_choice","Text 1:
Young zebra finches usually learn songs by listening to adult tutors, but recordings alone can preserve much of the tutor's acoustic information. In one experiment, juveniles exposed repeatedly to a clear recording copied several note sequences even without seeing an adult bird. This result indicates that detailed auditory input is sufficient for some features of song learning, although the copies were less consistent than songs learned from live tutors.

Text 2:
When juvenile finches sing near adults, the adults sometimes call, turn, or move in response. Experiments that altered the timing of such reactions found that juveniles practiced some song elements more often after immediate social feedback. Recordings can supply a model, but they do not react to a learner's changing performance. Social responses may therefore help determine which parts of the model a juvenile continues to rehearse and refine.","Based on the texts, how would the author of Text 2 most likely respond to Text 1’s claim about recordings?","Recordings can provide enough auditory information for some copying, but responsive social feedback may help determine which song elements juveniles continue practicing and refining.","Recordings cannot contribute to song learning because juveniles require visual contact with an adult before they can copy any notes.","Social feedback matters only after a juvenile has mastered an adult song, so it cannot explain differences between live and recorded tutoring.","The acoustic information in recordings is more detailed than the information supplied by live tutors, which is why recorded tutoring is more consistent.","A","1","Text 2 accepts that recordings can supply a model but adds that timely adult responses can shape subsequent practice, offering a reason live tutoring may yield more consistent learning.","75","none","{}","","","","","","Cross-Text Connections","","passage:R006;arch:RW_CTC_006;sim:rw_cross_text_connections_paired_text_relation;fp:93f4e88f2a56;surface_arch:SURF_RW_CTC_006;surface_fp:1162bff62aea510f;stem_sig:e8cf4e2bd932;choice_sig:92be085d478c;ans_sig:af6843a9313e;dist_sig:538487aa3233;profile:D2;paired_text"
"SAT_RW_16","rw_split_v9","RW16_FRONT","all","SAT_RW_16_M1_Q08","RW","1","base","8","Information and Ideas","Central Ideas and Details","RW_CID_001","Identify main idea, key detail, or summary","main_claim","Easy","1","multiple_choice","City foresters in Larkhaven measured summer temperatures along blocks with different amounts of tree canopy and pavement and with different building heights. As expected, heavily shaded sidewalks were cooler at midday than nearby unshaded ones. Yet the size of that difference depended strongly on when the shade occurred. Blocks shaded mainly in the morning warmed rapidly after noon, while blocks with broad afternoon canopy stayed cooler during the hours when pedestrian heat exposure was greatest. Tall buildings sometimes produced afternoon shade as well, but narrow streets between them also trapped heat overnight. The foresters concluded that total canopy percentage alone can hide important differences in the timing and location of shade. For future planting, they recommended mapping where tree crowns would cast shade during the hottest part of the day rather than simply increasing the number of trees evenly across a neighborhood. Such maps could help planners prioritize bus stops, playground edges, and other places used heavily in late afternoon.","Which choice best states the main idea of the text?","Tall buildings are more effective than trees at cooling narrow streets because they provide shade without increasing canopy.","Planning for heat relief should consider when and where tree shade falls, because total canopy alone can obscure differences in afternoon pedestrian exposure.","Morning shade is the main factor determining whether a neighborhood remains cool overnight.","Tree planting should be distributed evenly across every block because canopy percentage is the most reliable measure of heat exposure.","B","2","The measurements show that shade timing matters: afternoon canopy reduced heat during peak exposure, so total canopy percentage by itself was not sufficient for planning.","75","none","{}","","","","","","Central Ideas and Details","","passage:R001;arch:RW_CID_001;sim:rw_central_ideas_and_details_main_claim;fp:4287ddea4186;surface_arch:SURF_RW_CID_001;surface_fp:25ea713382d29121;stem_sig:e37ae9b18378;choice_sig:5dbf37fbafe0;ans_sig:90fa9c64d0f6;dist_sig:25b4b52f6078;profile:D1"
"SAT_RW_16","rw_split_v9","RW16_FRONT","all","SAT_RW_16_M1_Q09","RW","1","base","9","Information and Ideas","Central Ideas and Details","RW_CID_003","Identify main idea, key detail, or summary","contrast","Medium","1","multiple_choice","Archaeologists comparing pottery from three coastal settlements analyzed clay composition, vessel shape, and decorative patterns. The painted designs differed sharply from one settlement to another, a pattern that initially seemed to indicate separate local traditions. Chemical analysis of the clay told a different story. Many vessels found at the northern settlement were made from clay matching deposits near the southern settlement, while several southern vessels matched deposits from inland valleys. Cooking pots showed more exchange in clay sources than ceremonial bowls did, even when both kinds of vessels carried locally distinctive decoration. The researchers argue that decorative style cannot by itself reveal where a vessel was produced or how far it traveled. Instead, style and material evidence capture different aspects of ancient exchange: painters could follow local conventions while potters or merchants moved vessels across regions. Combining the two kinds of evidence therefore produces a more detailed picture of trade than either one would provide on its own.","Which choice best describes the significance of the contrast between decorative style and clay composition in the text?","It shows that ceremonial bowls traveled farther than cooking pots because their painted designs were shared across all three settlements.","It demonstrates that clay composition is useful only when decorative patterns are identical across settlements.","It indicates that vessels made from local clay were rarely decorated according to local artistic conventions.","It shows that local-looking decoration can occur on vessels made from nonlocal clay, so combining stylistic and material evidence gives a fuller account of exchange.","D","4","Decoration varied locally while clay sources crossed settlement boundaries, showing that style and material trace different aspects of production and movement.","75","none","{}","","","","","","Central Ideas and Details","","passage:R013;arch:RW_CID_003;sim:rw_central_ideas_and_details_contrast;fp:23b2180d1b47;surface_arch:SURF_RW_CID_003;surface_fp:cc132117a02d3dec;stem_sig:0d2bd7b62531;choice_sig:0d0028448699;ans_sig:ec5113cb2a09;dist_sig:13fee27d5413;profile:D2"
"SAT_RW_16","rw_split_v9","RW16_FRONT","all","SAT_RW_16_M1_Q10","RW","1","base","10","Information and Ideas","Command of Evidence","RW_COE_001","Use textual or quantitative evidence","supporting_detail","Medium","1","multiple_choice","Researchers studying honeybee navigation built a flight tunnel in which they could control two directional cues independently. One cue came from striped panels on the tunnel walls; the other came from a filter above the tunnel that simulated the polarization pattern of skylight. Bees were trained while both cues pointed toward a feeder. During test flights, the researchers rotated the simulated sky pattern by 90 degrees but left the wall stripes unchanged. Most bees shifted their initial heading toward the direction indicated by the rotated sky pattern, although their paths bent somewhat toward the stripes later in the flight. The team proposed that, when the two cues conflict, bees give greater weight to polarized-light information during the first part of a route. Because the tunnel simplified the outdoor environment, the researchers did not claim that wall landmarks are unimportant in nature. They instead planned field tests in which sky visibility and landmark reliability could vary separately.","Which finding from the described test most directly supports the researchers’ claim about how bees weight conflicting directional cues?","When the simulated sky pattern was rotated 90 degrees while the wall stripes stayed fixed, most bees shifted their initial heading toward the direction indicated by the rotated sky.","When both directional cues were present during training, bees reached the feeder more quickly on later training days than on the first day.","When the simulated sky cue was removed entirely, bees were still able to use the wall stripes to reach the feeder on many trials.","Bees that flew longer routes in the tunnel showed more variation in total flight time than bees that flew shorter routes.","A","1","The keyed finding directly compares the two cues under conflict: the initial heading follows the rotated sky signal even though the wall stripes remain unchanged.","75","none","{}","","","","","","Command of Evidence","","passage:R002;arch:RW_COE_001;sim:rw_command_of_evidence_supporting_detail;fp:b5060eac9fba;surface_arch:SURF_RW_COE_001;surface_fp:2b5acbf70ed11d06;stem_sig:3339f3513fde;choice_sig:63eea95d2813;ans_sig:10053ffd644e;dist_sig:6b4a510c5486;profile:D2;evidence_role:finding_supports_claim"
"SAT_RW_16","rw_split_v9","RW16_FRONT","all","SAT_RW_16_M1_Q11","RW","1","base","11","Information and Ideas","Command of Evidence","RW_COE_003","Use textual or quantitative evidence","cause_effect","Medium","1","multiple_choice","Engineers evaluating filters for capturing microplastic fibers compared water flow through mesh cartridges over repeated use. All cartridges in the main trial had the same pore size, so differences in discharge could not be attributed to mesh openings alone. After each run, some cartridges were rinsed thoroughly, while others were returned to service with material still lodged among the fibers. Flow declined gradually in both groups, but the unrinsed cartridges lost capacity much faster. Microscopic images showed that small sediment particles accumulated around trapped fibers, forming dense clusters that covered portions of the mesh. The engineers proposed that this buildup, rather than the nominal pore size by itself, explains much of the decline in discharge during extended use. They noted that rinsing did not restore every cartridge to its initial rate, suggesting that some particles remained embedded. A follow-up test will compare cleaning methods that remove different amounts of retained material while leaving the mesh structure unchanged.","Which finding would most directly support the engineers’ proposal that accumulated material contributes to declining discharge?","New cartridges with the same pore size began the trial with very similar discharge rates before any fibers or sediment had accumulated.","A separate set of smaller-pore cartridges captured more fibers per liter than cartridges with larger pores during their first use.","Microscopic images showed some sediment around trapped fibers in both rinsed and unrinsed cartridges after repeated runs.","Among cartridges with the same pore size, those returned to service without thorough rinsing developed denser deposits and lost flow capacity faster than thoroughly rinsed cartridges.","D","4","The keyed finding varies retained buildup while holding pore size constant and links denser deposits to a faster loss of flow, directly supporting the proposed mechanism.","75","none","{}","","","","","","Command of Evidence","","passage:R005;arch:RW_COE_003;sim:rw_command_of_evidence_cause_effect;fp:442ec3e918a8;surface_arch:SURF_RW_COE_003;surface_fp:05d2f5a9032015a5;stem_sig:7de336d10d86;choice_sig:0552e708d887;ans_sig:fc05dc752cba;dist_sig:c78212b8047c;profile:D3;evidence_role:finding_supports_claim"
"SAT_RW_16","rw_split_v9","RW16_FRONT","all","SAT_RW_16_M1_Q12","RW","1","base","12","Information and Ideas","Inferences","RW_INF_002","Draw supported conclusions","cause_effect","Easy","1","multiple_choice","Agronomists investigating drought tolerance grew identical wheat seedlings in soils collected from fields with different management histories. Half of each soil sample was sterilized before planting, removing most living microbes while leaving its mineral composition largely unchanged. In unsterilized soil from long-term cover-cropped fields, seedlings maintained greener leaves and greater root mass during a ten-day dry period than seedlings grown in unsterilized soil from conventionally tilled fields. After sterilization, however, the difference between the two soil sources became much smaller. Adding a microbial wash from the cover-cropped soil to sterilized conventional soil restored part of the advantage. The researchers cautioned that the wash contained many organisms and did not identify which species mattered. Still, the pattern suggests that biological differences associated with soil history contributed to the seedlings' drought response, rather than the outcome being explained entirely by minerals or texture that remained after sterilization.","Which conclusion is most strongly supported by the results described in the text?","The mineral composition of cover-cropped soil changed completely when the soil was sterilized.","A single microbial species in the cover-cropped soil was responsible for the entire increase in drought tolerance.","Living components associated with the cover-cropped soil contributed to the seedlings’ drought advantage, although the experiment did not identify the responsible organisms.","Sterilized conventional soil produced greater root mass than every unsterilized soil treatment.","C","3","Sterilization reduced the difference between soils, and a microbial wash restored part of the advantage, supporting a biological contribution without identifying a specific organism.","75","none","{}","","","","","","Inferences","","passage:R007;arch:RW_INF_002;sim:rw_inferences_cause_effect;fp:43e5f52b692c;surface_arch:SURF_RW_INF_002;surface_fp:270e34903fd51e36;stem_sig:8c95726427d7;choice_sig:3873ebb8728e;ans_sig:7a254c86bfbb;dist_sig:2df8b0bb666b;profile:D1"
"SAT_RW_16","rw_split_v9","RW16_FRONT","all","SAT_RW_16_M1_Q13","RW","1","base","13","Information and Ideas","Inferences","RW_INF_010","Draw supported conclusions","evidence_based_inference","Medium","1","multiple_choice","Hydrologists monitoring a mountain watershed compared daily streamflow with measurements of snow cover and air temperature during three spring seasons. In the first two years, the largest rises in streamflow followed warm afternoons by roughly a day, consistent with meltwater moving downslope after temperatures increased. The third year behaved differently. A late storm added fresh snow, but several warm days produced only modest increases in the river. Field crews then found that dry soil in the lower basin was absorbing much of the early meltwater before it reached the channel. Once the soil became wetter, comparable warm days were followed by much larger streamflow pulses. The researchers concluded that temperature alone does not determine how quickly snowmelt appears in the river; the basin's capacity to store water can delay the response. This finding may help explain why equally warm periods can produce different runoff patterns at different points in the same season.","What can reasonably be inferred about the relationship between warm weather and streamflow in this watershed?","Fresh snowfall prevents meltwater from entering the river until air temperatures fall below freezing again.","Once soils become wetter, streamflow stops responding to changes in air temperature.","The amount of snow cover is irrelevant to spring streamflow whenever lower-basin soils are dry.","A warm period can produce a delayed or muted streamflow response when lower-basin soils still have substantial capacity to absorb meltwater.","D","4","In the third year, warm days produced only modest streamflow while dry soils absorbed meltwater; larger pulses followed after the soils became wetter.","75","none","{}","","","","","","Inferences","","passage:R011;arch:RW_INF_010;sim:rw_inferences_evidence_based_inference;fp:828b47e60952;surface_arch:SURF_RW_INF_010;surface_fp:8c215a8bcf5f56e0;stem_sig:3c02cb884424;choice_sig:6c5f6efdced8;ans_sig:ec8f169499ee;dist_sig:eef3595a7add;profile:D2"
"SAT_RW_16","rw_split_v9","RW16_FRONT","all","SAT_RW_16_M1_Q14","RW","1","base","14","Information and Ideas","Inferences","RW_INF_001","Draw supported conclusions","contrast","Medium","1","multiple_choice","Robotics engineers tested a soft gripper designed to pick up fruit whose surfaces varied in moisture and texture. The gripper used flexible fingers and pressure sensors that adjusted force whenever an object began to slip. In dry trials with firm apples, a fixed-force version and the sensor-guided version performed similarly. Differences widened when the team tested wet plums and peaches with uneven surfaces. The fixed-force gripper either dropped more fruit or squeezed hard enough to bruise it, whereas the sensor-guided gripper increased pressure briefly during slipping and relaxed once the object stabilized. The adaptive system did not complete each pick faster; in fact, some successful lifts took slightly longer because several adjustments occurred. The engineers therefore viewed the sensors as a way to manage unpredictable contact conditions rather than simply to speed up handling. They next plan to test whether the same control strategy works when fruit size changes rapidly within a single packing run.","Which inference about the sensor-guided gripper is best supported by the text?","Its main advantage is likely to appear when contact conditions vary unpredictably, rather than when objects provide consistently dry, firm surfaces.","Its better performance on wet fruit likely comes from maintaining a consistently higher gripping pressure throughout each lift.","The flexible fingers, rather than the pressure-sensing adjustments, appear to account for the performance difference on wet, uneven fruit.","Its reduced bruising likely results mainly from completing delicate-fruit lifts more slowly, regardless of how gripping pressure changes.","A","1","Performance was similar on dry apples but diverged on wet, uneven fruit, and the adaptive system sometimes took longer; the benefit is handling variability, not simply speed or maximum force.","75","none","{}","","","","","","Inferences","","passage:R043;arch:RW_INF_001;sim:rw_inferences_contrast;fp:778d9107ed1b;surface_arch:SURF_RW_INF_001;surface_fp:46e3fc18dd2d30b2;stem_sig:89ad2562c60c;choice_sig:d2fe05df77c9;ans_sig:2efcc121bf38;dist_sig:e09e16c6bb24;profile:D3"
"SAT_RW_16","rw_split_v9","RW16_FRONT","all","SAT_RW_16_M1_Q15","RW","1","base","15","Standard English Conventions","Boundaries","SEC.BND","Boundaries","Punctuating two independent clauses","Easy","1","multiple_choice","City ecologists mapped moss on shaded sidewalks in three neighborhoods after a week of summer rain ____ the densest patches appeared on stone surfaces that stayed damp longest after storms.","Which choice completes the text so that it conforms to the conventions of Standard English?",",",";",", however,","; because","B","2","The blank separates two complete, closely related independent clauses with no coordinating conjunction, so a semicolon is appropriate. A comma or comma plus a conjunctive adverb would create a comma splice, and “; because” would leave a dependent fragment after the semicolon.","45","none","{}","","","","","","Boundaries","","arch:SEC-BND-001;sim:SEC.BND:sentence_boundary_semicolon:A. minimal-context version;fp:dd556d031056;surface_arch:SEC-BND-001_surface;surface_fp:4cf17769d0647d3b;stem_sig:17002a8d8391;choice_sig:6d0f7e4a01ce;ans_sig:41b805ea7ac0;dist_sig:bb56d44ef2e2;profile:D1;sec;grammar;ctx:CTX-GRM-001;tier:SEC1;family:sentence_boundary_semicolon"
"SAT_RW_16","rw_split_v9","RW16_FRONT","all","SAT_RW_16_M1_Q16","RW","1","base","16","Standard English Conventions","Boundaries","SEC.BND","Boundaries","Introductory dependent clauses","Medium","1","multiple_choice","Although the museum's student guides had practiced the route several times before opening day ____ they paused at the new textile display, where a recently added case narrowed the aisle.","Which choice completes the sentence in accordance with the conventions of Standard English?",";",":",",",", and","C","3","The opening “Although” clause is dependent and must be followed by a comma before the independent clause begins. A semicolon or colon cannot separate that introductory dependent clause from its main clause, and adding “and” produces an ill-formed coordination.","45","none","{}","","","","","","Boundaries","","arch:SEC-BND-016;sim:SEC.BND:introductory_subordinate_clause:A. minimal-context version;fp:bd8226052172;surface_arch:SEC-BND-016_surface;surface_fp:f680be9c9fea024c;stem_sig:6a5274a7a77c;choice_sig:730ee6decbd9;ans_sig:d03502c43d74;dist_sig:9e8929db710e;profile:D2;sec;grammar;ctx:CTX-GRM-014;tier:SEC2;family:introductory_subordinate_clause"
"SAT_RW_16","rw_split_v9","RW16_FRONT","all","SAT_RW_16_M1_Q17","RW","1","base","17","Standard English Conventions","Boundaries","SEC.BND","Boundaries","Colon after a complete lead-in","Medium","1","multiple_choice","The greenhouse trial tracked the following three major sources of water loss ____ evaporation from exposed soil, transpiration through leaves, and leakage from the irrigation lines that crossed each plot.","Which choice completes the text so that it follows the conventions of Standard English?",",",":",";",", and","B","2","The words before the blank form a complete clause that explicitly introduces “the following three” items, so a colon correctly introduces the list. A comma or semicolon does not properly serve that function here, and “, and” cannot connect the complete lead-in to a list fragment.","45","none","{}","","","","","","Boundaries","","arch:SEC-BND-042;sim:SEC.BND:colon_after_independent_clause:B. internal punctuation nearby;fp:a059ee3c3d9c;surface_arch:SEC-BND-042_surface;surface_fp:93b2bd555b8064cf;stem_sig:0f8b4dcb6842;choice_sig:c8e4e0679182;ans_sig:e7ac0786668e;dist_sig:72993f0732dd;profile:D2;sec;grammar;ctx:CTX-GRM-019;tier:SEC2;family:colon_after_independent_clause"
"SAT_RW_16","rw_split_v9","RW16_FRONT","all","SAT_RW_16_M1_Q18","RW","1","base","18","Standard English Conventions","Boundaries","SEC.BND","Boundaries","Punctuating two independent clauses","Medium","1","multiple_choice","Although humidity sensors near the entrance fluctuated whenever the doors opened, the archive's central monitor, which sampled air from sealed storage rooms, stayed within its target range ____ the backup logger in the basement recorded the same stable pattern throughout the afternoon.","Which choice completes the text in a way that conforms to Standard English conventions?",";",",",", however,","; although","A","1","The material before the blank contains a complete main clause after the introductory “Although” clause, and the material after the blank is another independent clause. A semicolon correctly joins those two independent clauses. A comma or comma plus “however” creates a comma splice, while “; although” makes the material after the semicolon dependent.","45","none","{}","","","","","","Boundaries","","arch:SEC-BND-004;sim:SEC.BND:sentence_boundary_semicolon:D. academic register;fp:b88e3715da8b;surface_arch:SEC-BND-004_surface;surface_fp:4ae867c6df0e7f51;stem_sig:34582c89f8d0;choice_sig:7d8ff69f45cf;ans_sig:41b805ea7ac0;dist_sig:dd2263c3b506;profile:D3;sec;grammar;ctx:CTX-GRM-052;tier:SEC3;family:sentence_boundary_semicolon"
"SAT_RW_16","rw_split_v9","RW16_FRONT","all","SAT_RW_16_M1_Q19","RW","1","base","19","Standard English Conventions","Form, Structure, and Sense","SEC.FSS","Form, Structure, and Sense","Subject-verb agreement","Medium","1","multiple_choice","The arrangement of solar panels along the two curved roofs, despite the different angles of the supporting beams, ____ enough electricity to power the building's evening lights.","Which choice completes the text so that the sentence is grammatically correct?","create","have created","were creating","creates","D","4","The subject is the singular noun “arrangement”; the intervening phrase beginning with “of” does not change its number. Therefore the singular finite verb “creates” is required.","45","none","{}","","","","","","Form, Structure, and Sense","","arch:SEC-FSS-002;sim:SEC.FSS:subject_verb_agreement:B. intervening material;fp:0d9610c38d6a;surface_arch:SEC-FSS-002_surface;surface_fp:3682dc44c68485b5;stem_sig:4230ce1b2201;choice_sig:22b7f46da229;ans_sig:75dd3da2c26c;dist_sig:2998e237c053;profile:D2;sec;grammar;ctx:CTX-GRM-010;tier:SEC2;family:subject_verb_agreement"
"SAT_RW_16","rw_split_v9","RW16_FRONT","all","SAT_RW_16_M1_Q20","RW","1","base","20","Standard English Conventions","Form, Structure, and Sense","SEC.FSS","Form, Structure, and Sense","Logical verb tense","Medium","1","multiple_choice","Since the municipal archive began digitizing neighborhood maps in 2021, its imaging staff ____ more than 6,000 sheets, including fragile plans that can no longer be unfolded safely.","Which choice completes the sentence according to the conventions of Standard English?","scanned","has scanned","had scanned","scans","B","2","“Since ... began ... in 2021” establishes an action that started in the past and continues through the present, so the present perfect “has scanned” fits the time relationship. The simple past, past perfect, and simple present do not express that same continuing interval.","45","none","{}","","","","","","Form, Structure, and Sense","","arch:SEC-FSS-007;sim:SEC.FSS:verb_tense_sequence:B. intervening material;fp:afe03d01945c;surface_arch:SEC-FSS-007_surface;surface_fp:3d941b6f3f1544e0;stem_sig:15722b1d1131;choice_sig:e692bc00776f;ans_sig:cec692aaab28;dist_sig:5da1e174fab4;profile:D2;sec;grammar;ctx:CTX-GRM-006;tier:SEC2;family:verb_tense_sequence"
"SAT_RW_16","rw_split_v9","RW16_FRONT","all","SAT_RW_16_M1_Q21","RW","1","base","21","Standard English Conventions","Form, Structure, and Sense","SEC.FSS","Form, Structure, and Sense","Complete sentence structure","Medium","1","multiple_choice","Archivists are preparing a digital version of the document for a local transit-history exhibit. Although the route map, which had been copied twice before reaching the archive, contains several transcription errors, ____.","Which choice completes the text so that it conforms to standard written English?","because the accompanying ledger preserves the original street labels","the original street labels can still be reconstructed from the accompanying ledger","the accompanying ledger preserving the original street labels","and the original street labels are preserved in the accompanying ledger","B","2","The opening “Although” clause is dependent, so the sentence still needs an independent main clause. “The original street labels can still be reconstructed ...” supplies that clause. A second dependent clause, a participial phrase, or a coordinator attached to the dependent opening does not provide the required main-clause structure.","45","none","{}","","","","","","Form, Structure, and Sense","","arch:SEC-FSS-069;sim:SEC.FSS:sentence_completeness_fss:D. logic cue;fp:7528c2d89b17;surface_arch:SEC-FSS-069_surface;surface_fp:30fea862a35ebb8e;stem_sig:03356db3d466;choice_sig:6cac6987aab7;ans_sig:98a31324da37;dist_sig:27de11b492ba;profile:D3;sec;grammar;ctx:CTX-GRM-072;tier:SEC3;family:sentence_completeness_fss"
"SAT_RW_16","rw_split_v9","RW16_FRONT","all","SAT_RW_16_M1_Q22","RW","1","base","22","Expression of Ideas","Transitions","RW_TR_008","Select transition that logically connects ideas","contrast","Medium","1","multiple_choice","Archaeologists reviewing an early excavation catalog noticed a sharp decline in vessels labeled as imports after one layer of the site. ____ later conservation notes showed that the catalogers had changed their classification system at about the same point, sorting some vessels by painted style rather than clay source. The apparent decline may therefore reflect a recordkeeping change rather than a sudden interruption of trade.","Which choice most logically completes the text?","For instance,","Meanwhile,","As a result,","However,","D","4","The first sentence reports an apparent decline, whereas the next introduces documentation that complicates that pattern by revealing a classification change. A contrast transition therefore fits the blank.","60","none","{}","","","","","","Transitions","","passage:R088;arch:RW_TR_008;sim:rw_transitions_contrast;fp:008cf543a135;surface_arch:SURF_RW_TR_008;surface_fp:d227f377a60f9fc4;stem_sig:245163f9c662;choice_sig:fada8940c44f;ans_sig:f525be826182;dist_sig:b584b2c46cee;profile:D2"
"SAT_RW_16","rw_split_v9","RW16_FRONT","all","SAT_RW_16_M1_Q23","RW","1","base","23","Expression of Ideas","Transitions","RW_TR_009","Select transition that logically connects ideas","cause_effect","Medium","1","multiple_choice","A neighborhood rain garden initially overflowed during intense storms because water reached the basin faster than the compacted soil could absorb it. Crews deepened the basin, mixed compost into the soil, and widened the curb opening so runoff spread across a larger area. ____ monitoring during later storms showed fewer overflow events even when rainfall totals were similar.","Which transition most logically connects the redesign to the monitoring result?","Consequently,","By contrast,","As an illustration,","Even so,","A","1","The later reduction in overflow is presented as an outcome following the redesign, so a consequence transition is appropriate.","60","none","{}","","","","","","Transitions","","passage:R142;arch:RW_TR_009;sim:rw_transitions_cause_effect;fp:8659a2d0457a;surface_arch:SURF_RW_TR_009;surface_fp:d2e9da6423565c8a;stem_sig:aee6d1c1211a;choice_sig:119d20bce440;ans_sig:25837488c62c;dist_sig:65f37fee785a;profile:D2"
"SAT_RW_16","rw_split_v9","RW16_FRONT","all","SAT_RW_16_M1_Q24","RW","1","base","24","Expression of Ideas","Transitions","RW_TR_005","Select transition that logically connects ideas","evidence_based_inference","Medium","1","multiple_choice","Dense air filters can capture a high share of fine particles on each pass, but they may also restrict airflow through a portable cleaner. In a classroom trial, one cleaner had the more efficient filter, yet a second cleaner moved substantially more air and lowered the room's particle concentration faster. ____ single-pass filter efficiency did not, by itself, predict how quickly the entire room cleared.","Which choice provides the most logical transition at the blank?","Nevertheless,","For example,","Likewise,","Accordingly,","D","4","The final sentence draws a conclusion from the classroom comparison. “However” is tempting because the prior sentence contains a contrast, and “For example” fits the trial itself, but the blank introduces the inference drawn from that trial.","60","none","{}","","","","","","Transitions","","passage:R022;arch:RW_TR_005;sim:rw_transitions_evidence_based_inference;fp:b7f5d63c82bf;surface_arch:SURF_RW_TR_005;surface_fp:c68337c70db5dc89;stem_sig:475948fc4e5b;choice_sig:180ef16a5ed2;ans_sig:c237f267a210;dist_sig:8dea7aa8cabf;profile:D3"
"SAT_RW_16","rw_split_v9","RW16_FRONT","all","SAT_RW_16_M1_Q25","RW","1","base","25","Expression of Ideas","Rhetorical Synthesis","RW_RS_001","Use notes to achieve a writing goal","revision_goal","Medium","1","multiple_choice","A student wants to emphasize how the timing of tree shade affected late-afternoon heat while making an accurate comparison.

Notes:
- Maple Park and Cedar Park have similar dark paving around their play areas.
- Maple Park's mature trees shade the west edge of the play area from about 3:00 to 5:00 p.m.
- Cedar Park has a similar total amount of canopy, but most of its shade falls in the morning.
- During comparable July weather, surface temperatures from 3:00 to 5:00 p.m. averaged 4.1°C lower at Maple Park.
- The monitoring project did not measure nighttime temperatures.","Which choice most effectively uses the notes to accomplish the stated goal?","Maple Park and Cedar Park both have dark paving, and the monitoring project did not measure nighttime temperatures.","Maple Park’s mature trees shade the west edge from about 3:00 to 5:00 p.m., while Cedar Park also has a similar total amount of canopy.","Although the two parks had similar amounts of canopy, Maple Park’s afternoon shade fell where it was needed later in the day, and its play-area surface averaged 4.1°C cooler from 3:00 to 5:00 p.m.","The monitoring project compared two parks in July and found that Maple Park had mature trees and Cedar Park had morning shade.","C","3","The keyed choice directly compares the parks, connects shade timing to the targeted late-afternoon period, and includes the measured 4.1°C temperature difference.","60","none","{}","","","","","","Rhetorical Synthesis","","passage:R076;arch:RW_RS_001;sim:rw_rhetorical_synthesis_revision_goal;fp:fe405913fe98;surface_arch:SURF_RW_RS_001;surface_fp:02d2d3eff3ed5f2e;stem_sig:b11d58ee9dfa;choice_sig:eaf75add6617;ans_sig:b236183e816e;dist_sig:31fc2918df86;profile:D2;notes;goal:emphasize_effect_with_comparison"
"SAT_RW_16","rw_split_v9","RW16_FRONT","all","SAT_RW_16_M1_Q26","RW","1","base","26","Expression of Ideas","Rhetorical Synthesis","RW_RS_008","Use notes to achieve a writing goal","supporting_detail","Medium","1","multiple_choice","A student wants to introduce the significance of a study on digital textbook layout without overstating its findings.

Notes:
- Seventy-two students read the same history chapter on tablets.
- Half used a continuous-scroll layout; half used a paginated layout with visible section markers.
- Overall comprehension scores were similar between the groups.
- On questions requiring students to compare information from different sections, the paginated group answered 78% correctly and the scrolling group answered 61% correctly.
- The study tested one chapter and did not establish that one layout is better for every reading task.","Which choice best uses the notes to introduce the study’s significance without overstating what it establishes?","The study proves that paginated digital textbooks are better than continuous scrolling for every kind of reading because the paginated group scored 78% overall.","Seventy-two students read a history chapter on tablets, and half of them used a continuous-scroll layout while the other half used a paginated layout.","Although overall comprehension was similar, students using the paginated layout with visible section markers performed better on cross-section comparison questions (78% versus 61%), suggesting that this layout may help with that particular reading task.","Because the scrolling group answered 61% of comparison questions correctly, continuous scrolling prevents students from understanding information located in different sections.","C","3","The keyed choice highlights the task-specific performance difference while preserving the note that overall comprehension was similar and attributing the possible benefit only to the tested paginated, section-marked layout rather than making a universal claim.","60","none","{}","","","","","","Rhetorical Synthesis","","passage:R016;arch:RW_RS_008;sim:rw_rhetorical_synthesis_supporting_detail;fp:c62a690d28c1;surface_arch:SURF_RW_RS_008;surface_fp:0b0cb6255f08e56b;stem_sig:1b6c5b397bf4;choice_sig:6cc34e91cd6f;ans_sig:9321c9ebe875;dist_sig:56ba05e76ec5;profile:D2;notes;goal:introduce_significance"
"SAT_RW_16","rw_split_v9","RW16_FRONT","all","SAT_RW_16_M1_Q27","RW","1","base","27","Expression of Ideas","Rhetorical Synthesis","RW_RS_010","Use notes to achieve a writing goal","cause_effect","Medium","1","multiple_choice","A student wants to explain how a wayfinding redesign was connected to a change in public accessibility.

Notes:
- The Harbor Street transit center previously used small English-only directional signs.
- In June, the center installed larger bilingual English-Spanish signs with consistent route icons.
- Staffing levels at the information desk remained unchanged during the comparison period.
- Observers counted wrong turns at two major junctions before and after the new signs were installed.
- Wrong turns at those junctions fell by 31% after installation.","Which choice most effectively explains the connection between the sign redesign and the observed change in wayfinding?","After larger bilingual signs with consistent route icons were installed, wrong turns at two major junctions fell by 31% while information-desk staffing remained unchanged.","The Harbor Street transit center has an information desk, and observers counted wrong turns at two major junctions.","The new signs used English and Spanish, and the information desk continued to have staff during the comparison period.","Wrong turns fell by 31%, so the new signs must have eliminated every source of wayfinding difficulty at the transit center.","A","1","The keyed choice links the specific sign redesign to the measured decline in wrong turns and preserves the relevant comparison condition without claiming that the redesign solved every accessibility problem.","60","none","{}","","","","","","Rhetorical Synthesis","","passage:R148;arch:RW_RS_010;sim:rw_rhetorical_synthesis_cause_effect;fp:f8b936424a1e;surface_arch:SURF_RW_RS_010;surface_fp:5192a527665c9273;stem_sig:ddd6b42a3fd7;choice_sig:939746074d81;ans_sig:a32f4a80141f;dist_sig:265d2aaa589e;profile:D2;notes;goal:explain_connection"
"SAT_RW_16","RW_split_batch_v9","16_BACK","650-800","SAT_RW_16_M2_Q01","RW","2","hard","1","Craft and Structure","Words in Context","RW_WIC_001","Determine meaning or function of a word/phrase in context","coral restoration interpretation","Hard","1","multiple_choice","Marine biologists monitoring a restored reef found that juvenile corals attached readily to ceramic structures during the first wet season. By the next survey, however, survival differed sharply among sites: colonies on structures placed beside intact seagrass beds persisted, whereas many colonies on exposed sand flats were gone. Water temperature and salinity were similar across the sites, but wave energy was not measured continuously, and grazing fish were counted only twice. The team therefore described its explanation as tentative, noting that nearby seagrass might shelter young corals from sediment and currents without being the sole cause of their higher survival. A later survey found the same site pattern after a mild storm, strengthening the proposed connection, yet the researchers retained the qualification because the restoration design had not independently manipulated seagrass cover. They argued that future placements should test that factor rather than treat the present association as settled.","Which choice best describes the function of ""tentative"" in the passage?","It qualifies the seagrass explanation because the later mild storm made the repeated site pattern too different from the first survey to compare.","It qualifies the seagrass explanation because seagrass was not independently manipulated and other potentially relevant conditions were incompletely measured.","It qualifies the restoration recommendation by implying that ceramic structures should be placed only beside intact seagrass beds.","It qualifies the survival measurements by suggesting that the researchers may have miscounted colonies at the exposed sites.","B","2","“Tentative” marks a reservation, but the passage determines which reservation matters: seagrass was not manipulated and other factors were not fully measured. The repeated site pattern supports the explanation without making it conclusive.","75","none","{}","","","","","","Words in Context","","rw,module2,hard,arch:WIC_CLAIM_FUNCTION_01,sim:rw_wic_claim_function,fp:8942c192b822ebe7,passage:R003,source:synthetic_composed,wic,hard_vocab,vocab:119,tier:V3,target:tentative,family:claim_function"
"SAT_RW_16","RW_split_batch_v9","16_BACK","650-800","SAT_RW_16_M2_Q02","RW","2","hard","2","Craft and Structure","Words in Context","RW_WIC_001","Determine meaning or function of a word/phrase in context","commuter crowd distribution","Hard","1","multiple_choice","A transit agency tested platform signs that displayed not just the next train’s arrival time but also how crowded each car was expected to be. Across the system, passengers spread themselves more evenly along platforms after the signs were installed. The crowd-distribution effect was contingent on station layout and platform access, though. At stations with two narrow stairways, riders tended to remain near the exits even when the display showed emptier cars farther down the platform. At stations with broad central access, by contrast, crowding differences between cars shrank substantially. Interviews suggested that many riders understood the display in both settings; the constraint was the extra walking required in the narrow stations. Because the signs changed behavior under some physical conditions but not others, planners cautioned against projecting a systemwide average onto every station. They proposed pairing the displays with small circulation changes where platform access made redistribution difficult.","In the passage, what does ""contingent"" add to the discussion of the platform signs?","It makes the redistribution effect depend on whether riders correctly understood the crowding display in each station.","It makes the redistribution effect depend on how unevenly passengers had been distributed among train cars before the signs were installed.","It makes the redistribution effect depend on whether station access allowed riders to act on the information shown by the signs.","It makes the signs’ effectiveness depend on whether the agency pairs them with the circulation changes proposed for difficult stations.","C","3","All four choices describe a kind of dependence, so the surrounding evidence is decisive. The signs changed behavior most where broad access let riders move along the platform and had less effect where narrow stairways constrained that movement.","75","none","{}","","","","","","Words in Context","","rw,module2,hard,arch:WIC_PRECISION_EFFECT_01,sim:rw_wic_precision_effect,fp:019a56e86b194f2d,passage:R009,source:synthetic_composed,wic,hard_vocab,vocab:128,tier:V4,target:contingent,family:precision_effect"
"SAT_RW_16","RW_split_batch_v9","16_BACK","650-800","SAT_RW_16_M2_Q03","RW","2","hard","3","Craft and Structure","Words in Context","RW_WIC_001","Determine meaning or function of a word/phrase in context","electric bus energy forecasting","Hard","1","multiple_choice","When a city replaced several diesel buses with battery-electric models, planners initially estimated energy use from route length and scheduled travel time. Those estimates missed a recurring pattern: buses on the same route consumed more power on days when traffic forced frequent stopping near the central market. Engineers then compared vehicle logs with traffic-signal records and found that clusters of repeated acceleration coincided with the largest departures from the original forecast. Maintenance reports independently documented no corresponding rise in battery faults during those periods. Taken alongside the signal records, the maintenance reports therefore corroborate the interpretation drawn from the vehicle logs. That alignment mattered because fault-related losses would require a different maintenance response from traffic-related demand. Even so, the engineers did not treat the relationship as a complete explanation, since passenger loads and heating use also varied. The revised planning model now incorporates stop frequency while retaining separate adjustments for those other factors.","How does ""corroborate"" help establish the relationship between the maintenance reports and the vehicle-log analysis?","It presents the maintenance reports as confirming the vehicle logs’ estimate of exactly how much energy each repeated acceleration consumed.","It presents the maintenance reports as confirming that battery faults, rather than traffic conditions, produced the unexpected energy demand.","It presents the maintenance reports as confirming that passenger loads and heating use contributed little to the departures from the original forecast.","It presents the maintenance reports as independent evidence consistent with the interpretation that operating conditions, not a sudden rise in battery faults, drove the unexpected demand.","D","4","The passage distinguishes several ways one body of evidence could support another. The maintenance reports do not quantify each acceleration or eliminate other factors; their lack of a fault increase independently strengthens the operating-conditions interpretation.","75","none","{}","","","","","","Words in Context","","rw,module2,hard,arch:WIC_RELATION_FUNCTION_01,sim:rw_wic_relation_function,fp:b2888484c5a93da0,passage:R015,source:synthetic_composed,wic,hard_vocab,vocab:136,tier:V4,target:corroborate,family:relation_function"
"SAT_RW_16","RW_split_batch_v9","16_BACK","650-800","SAT_RW_16_M2_Q04","RW","2","hard","4","Craft and Structure","Words in Context","RW_WIC_001","Determine meaning or function of a word/phrase in context","marine noise ecological response","Hard","1","multiple_choice","Recordings from a coastal reserve showed that boat noise was loudest near a narrow channel used by tour vessels, but fish behavior did not change uniformly with sound level. One reef species spent less time feeding during the noisiest hours, while another shifted its feeding to crevices without reducing total feeding time. A third species showed little measurable change. Because the fish species’ behavioral responses diverged, the evidence for a single reserve-wide noise effect is equivocal. The recordings and observations support concern about some species, yet they do not establish that all reef fish respond in the same way. The researchers also noted that current speed varied with the tide and could alter where fish chose to feed. They recommended species-specific monitoring before managers set a uniform vessel limit. The report’s caution does not dismiss the noise measurements; rather, it reflects uncertainty about how broadly those measurements predict ecological consequences across the reserve.","Which choice best explains how ""equivocal"" shapes the report’s presentation of the habitat-wide claim?","It conveys uncertainty about whether the sound recordings were accurate enough to establish where boat noise was loudest.","It conveys uncertainty about whether the mixed behavioral responses justify a single reserve-wide conclusion about reef fish.","It conveys uncertainty about whether tidal currents, rather than vessel noise, caused the measured sound-level differences.","It conveys uncertainty about whether species-specific monitoring can produce information useful for management decisions.","B","2","Each option describes uncertainty, but the passage attaches the caution to the habitat-wide claim. The species respond differently, so the evidence does not justify treating the reserve as if reef fish shared one uniform response.","75","none","{}","","","","","","Words in Context","","rw,module2,hard,arch:WIC_TONAL_EFFECT_01,sim:rw_wic_tonal_effect,fp:9e5ee76c48e079fe,passage:R021,source:synthetic_composed,wic,hard_vocab,vocab:199,tier:V4,target:equivocal,family:tonal_effect"
"SAT_RW_16","RW_split_batch_v9","16_BACK","650-800","SAT_RW_16_M2_Q05","RW","2","hard","5","Craft and Structure","Text Structure and Purpose","RW_TSP_001","Analyze structure or purpose","bee navigation cue experiment","Hard","1","multiple_choice","Researchers studying bee navigation trained foragers to visit a feeder placed beyond a patterned screen at the edge of an orchard. During training, the screen’s stripes remained vertical and a faint citrus scent was released near the feeder. Most bees returned quickly after short trips away. <u>When the researchers rotated the screen ninety degrees but left the scent source unchanged, returning bees first searched along the screen’s former visual axis before moving toward the feeder.</u> On a different trial, removing the scent while leaving the original stripe orientation in place slowed arrival only slightly. The team did not claim that odor was irrelevant; several bees circled longer when the scent was absent. Still, the asymmetry between the two manipulations suggested that the visual pattern guided the bees’ initial orientation more strongly than the odor cue did. The researchers proposed testing the pattern under cloudy conditions, when other visual landmarks might be less reliable.","Which choice best describes the function of the underlined sentence in the passage as a whole?","It reports a manipulation whose outcome helps distinguish the relative influence of the visual and odor cues.","It establishes that the bees had learned to ignore the citrus scent before the researchers changed the screen.","It gives an example of the longer circling behavior that later led the researchers to treat odor as the dominant cue.","It introduces a limitation showing that the bees’ visual orientation could not be measured independently of cloud cover.","A","1","The underlined trial changes the visual cue while holding the odor cue constant. Its outcome is then compared with the odor-removal trial, allowing the passage to weigh the two cues’ roles.","75","none","{}","","","","","","Text Structure and Purpose","","rw,module2,hard,arch:RW_TSP_001,sim:rw_text_structure_and_purpose_purpose_sentence,fp:bb478e444dc5e953,passage:R027,source:synthetic_composed,underline:required"
"SAT_RW_16","RW_split_batch_v9","16_BACK","650-800","SAT_RW_16_M2_Q06","RW","2","hard","6","Craft and Structure","Text Structure and Purpose","RW_TSP_001","Analyze structure or purpose","museum label design and learning","Hard","1","multiple_choice","A museum tested two versions of labels beside a set of unfamiliar mechanical tools. One version gave each tool’s date, material, and function in three concise lines. The other opened with a short question—such as how a worker might grip an oddly shaped handle—before giving the same factual information. Visitors spent longer at displays with the question-first labels, but exit interviews revealed an important complication: many remembered the practical problem posed by the question while misremembering the tool’s date. Curators then revised several labels so that the opening question led directly to a historically specific detail rather than to a generic puzzle. In a second trial, dwell time remained high and date recall improved. The sequence of trials shows why the curators did not simply interpret longer viewing as better learning. Instead, they treated attention as useful only when the label’s opening prompt directed that attention toward information the exhibit was designed to teach.","Which choice best describes the overall structure of the passage?","It presents two label designs, argues that the more engaging design failed, and recommends returning to the simpler factual format.","It describes a memory problem caused by historical dates, then explains why curators replaced dates with practical questions.","It reports an initial attention advantage, introduces evidence that complicates its interpretation, and describes a revision that better aligns attention with the museum’s learning goal.","It contrasts visitor interviews with observational data in order to argue that neither method can reliably measure learning in museums.","C","3","The first trial shows greater dwell time but poorer date recall, complicating the apparent benefit. The revised labels retain attention while improving recall, so the passage moves from an initial result through a qualification to a targeted redesign.","75","none","{}","","","","","","Text Structure and Purpose","","rw,module2,hard,arch:RW_TSP_011,sim:rw_text_structure_and_purpose_contrast,fp:a390db1ccec60c13,passage:R033,source:synthetic_composed"
"SAT_RW_16","RW_split_batch_v9","16_BACK","650-800","SAT_RW_16_M2_Q07","RW","2","hard","7","Craft and Structure","Text Structure and Purpose","RW_TSP_001","Analyze structure or purpose","star cluster age estimation","Hard","1","multiple_choice","Astronomers often estimate the ages of star clusters by comparing the colors and brightnesses of their stars with theoretical models. For a compact cluster near a dusty region, however, two models produced noticeably different ages because they assumed different amounts of interstellar reddening. <u>The researchers therefore used spectra from several of the cluster’s hottest stars to estimate how much dust lay along the line of sight.</u> Applying that estimate brought the two age calculations much closer together, though a smaller discrepancy remained. The team then checked whether unresolved binary stars could account for the residual difference and found that including a modest binary fraction improved the fit. The analysis did not identify one model as universally superior. Instead, it showed that an apparent conflict between models could largely arise from an uncertain environmental input, with stellar multiplicity explaining part of what remained. The cluster’s age was reported as a range rather than a single value.","What is the primary function of the underlined sentence in the passage?","It identifies an additional measurement used to address a source of disagreement between the two age estimates.","It supplies evidence that the cluster’s hottest stars are younger than the remaining stars in the same cluster.","It explains why unresolved binary stars must be excluded before astronomers can estimate interstellar reddening.","It introduces an alternative age model that ultimately replaces both of the models discussed at the beginning.","A","1","The models disagree because they assume different reddening. The underlined sentence introduces spectra as an independent way to estimate that uncertain input, after which the age calculations converge.","75","none","{}","","","","","","Text Structure and Purpose","","rw,module2,hard,arch:RW_TSP_012,sim:rw_text_structure_and_purpose_cause_effect,fp:24a27cd9b4a3e179,passage:R045,source:synthetic_composed,underline:required"
"SAT_RW_16","RW_split_batch_v9","16_BACK","650-800","SAT_RW_16_M2_Q08","RW","2","hard","8","Craft and Structure","Cross-Text Connections","RW_CTC_001","Compare claims across paired texts","songbird tutoring and vocal development","Hard","1","multiple_choice","Text 1:
Young songbirds exposed to adult tutors often copy broad features of the tutors’ songs, but variation among juveniles remains substantial. In one aviary study, juveniles that heard the same tutor still developed different note sequences. This pattern suggests that exposure supplies a model without fixing every detail of the mature song. Researchers should therefore be cautious about treating similarity to a tutor as evidence of exact imitation.

Text 2:
Differences among juveniles do not make tutoring unimportant. In field recordings, young birds that had regular access to adults from their local population later produced song structures closer to local adults than did juveniles raised where adult song was scarce. Individual variation persisted, but it occurred within a recognizable local pattern. Tutor exposure may thus constrain the range of songs a juvenile develops even when learning does not yield a perfect copy.","Based on the texts, how would the author of Text 2 most likely respond to the caution expressed at the end of Text 1?","The caution is too narrow because field evidence shows that regular access to local adults produces exact copies of the adults’ song sequences despite juvenile variation.","The caution is reasonable, but variation among juveniles is compatible with tutoring still narrowing the range of songs they develop.","The caution should be strengthened because the persistence of individual variation indicates that tutoring has little effect on the range of songs juveniles develop.","The caution is reasonable, but the aviary variation demonstrates that adult models affect broad song features without constraining the range of possible juvenile songs.","B","2","Text 2 agrees that tutoring does not create perfect copies but argues that regular adult exposure still constrains development toward a local pattern. Choice B preserves both points; the other choices overstate exact copying or treat individual variation as evidence that tutoring imposes little or no constraint.","75","none","{}","","","","","","Cross-Text Connections","","rw,module2,hard,arch:RW_CTC_006,sim:rw_cross_text_connections_paired_text_relation,fp:2b7c79dfa40b4bd9,passage:R006,source:synthetic_composed"
"SAT_RW_16","RW_split_batch_v9","16_BACK","650-800","SAT_RW_16_M2_Q09","RW","2","hard","9","Information and Ideas","Central Ideas and Details","RW_CID_001","Identify main idea, key detail, or summary","algal blooms and lake conditions","Hard","1","multiple_choice","Ecologists monitoring a shallow lake tracked algae, nutrient concentrations, and water clarity through a summer of unusually uneven rainfall. After heavy storms, phosphorus levels rose rapidly, and algal abundance usually increased several days later. Yet the strongest bloom did not follow the largest phosphorus pulse. It occurred after a smaller storm during a warm, calm week when the water column remained stratified. During a later nutrient pulse, strong winds mixed the lake and the expected bloom was modest. The observations led the ecologists to reject a simple account in which storm-delivered phosphorus alone determined bloom size. Nutrient inputs clearly mattered, but their effects depended on physical conditions that influenced how long algae remained near the well-lit surface. The team therefore recommended monitoring temperature and wind alongside runoff chemistry. Such combined measurements, they argued, would better explain why storms of similar chemical composition sometimes produced very different ecological outcomes.","Which choice best states the central idea of the passage?","Wind-driven mixing affects water clarity mainly by preventing storm runoff from carrying phosphorus into the lake.","The strongest algal blooms occur after the largest nutrient pulses unless unusually high temperatures change phosphorus concentrations.","Because rainfall patterns were unusual, the researchers could not determine whether nutrient input had any relationship to algal abundance.","Nutrient inputs contribute to algal blooms, but physical conditions such as warmth, calm water, and mixing help determine how strongly those inputs affect bloom size.","D","4","The passage repeatedly links nutrients to algal growth but contrasts storms whose similar nutrient inputs produced different outcomes under different physical conditions. The central idea integrates both chemical and physical controls.","75","none","{}","","","","","","Central Ideas and Details","","rw,module2,hard,arch:RW_CID_001,sim:rw_central_ideas_and_details_main_claim,fp:8218d6fb278f20fe,passage:R014,source:synthetic_composed"
"SAT_RW_16","RW_split_batch_v9","16_BACK","650-800","SAT_RW_16_M2_Q10","RW","2","hard","10","Information and Ideas","Central Ideas and Details","RW_CID_001","Identify main idea, key detail, or summary","robotic gripper performance tradeoffs","Hard","1","multiple_choice","Engineers comparing robotic grippers tested a rigid two-finger design and a softer three-finger design on packages that varied in shape and surface texture. The rigid gripper completed slightly more lifts of smooth rectangular boxes within the time limit. On irregular containers, however, it dropped objects more often, especially when their centers of mass were off-center. The soft gripper was slower on average but adjusted to uneven shapes with fewer drops. When engineers increased the rigid gripper’s closing force, performance on irregular containers improved only modestly and damage to thin packages increased. The results complicated the idea that a single measure of speed could identify the better design. For a warehouse handling standardized cartons, the rigid model’s faster cycle could be valuable; for mixed packages, the soft model’s adaptability reduced handling failures. The team concluded that gripper choice should be tied to the distribution of object types rather than to one overall performance ranking.","Which choice most accurately describes the passage’s conclusion about the two gripper designs?","Their relative usefulness depends on the kinds of objects a warehouse handles, because speed and adaptability matter differently across package types.","The rigid gripper is preferable once its closing force is increased enough to reduce drops on irregular containers.","The soft gripper’s lower drop rate makes it the better choice for both standardized cartons and mixed-package warehouses.","Neither gripper can be evaluated until engineers develop a single performance measure that combines cycle time and package damage.","A","1","The rigid design is faster on standardized boxes, whereas the soft design handles irregular objects with fewer failures. The passage therefore rejects a universal ranking and ties selection to the warehouse’s object mix.","75","none","{}","","","","","","Central Ideas and Details","","rw,module2,hard,arch:RW_CID_003,sim:rw_central_ideas_and_details_contrast,fp:6e669613368007d7,passage:R018,source:synthetic_composed"
"SAT_RW_16","RW_split_batch_v9","16_BACK","650-800","SAT_RW_16_M2_Q11","RW","2","hard","11","Information and Ideas","Central Ideas and Details","RW_CID_001","Identify main idea, key detail, or summary","food labeling and shopping decisions","Hard","1","multiple_choice","A behavioral study examined how package labels influence shoppers choosing among unfamiliar snack products. Some packages displayed a prominent front label with one nutrient value; others displayed the same value in a smaller panel alongside several additional facts. Shoppers under time pressure selected the prominently labeled products more often, especially when the highlighted nutrient aligned with a stated shopping goal. Without time pressure, however, participants opened the full information panel more frequently and the advantage of the prominent label shrank. Follow-up questions showed that participants did not consistently believe the prominent products were healthier overall; many said the label simply made one comparison easier to perform quickly. The researchers therefore distinguished between a label changing what shoppers believe and a label changing which information they use first. Their findings suggest that prominence can steer attention and choice without necessarily producing a broad judgment about product quality.","Which detail from the passage most directly supports the researchers’ distinction between changing shoppers’ beliefs and changing the information they use first?","Participants under time pressure chose prominently labeled products more often when the highlighted nutrient matched a stated goal.","The same nutrient value appeared on both kinds of packages, although its location and prominence differed.","When participants had more time, they opened the full information panel more often and the prominent label’s advantage became smaller.","Participants often said the prominent label made one comparison easier without saying that the product was healthier overall.","D","4","The final interview finding separates ease of comparison from a broader health judgment. That distinction directly supports the researchers’ claim that prominence can alter information use without necessarily altering overall beliefs about quality.","75","none","{}","","","","","","Central Ideas and Details","","rw,module2,hard,arch:RW_CID_002,sim:rw_central_ideas_and_details_supporting_detail,fp:eb65bc85968fb9f1,passage:R019,source:synthetic_composed"
"SAT_RW_16","RW_split_batch_v9","16_BACK","650-800","SAT_RW_16_M2_Q12","RW","2","hard","12","Information and Ideas","Command of Evidence","RW_COE_001","Use textual or quantitative evidence","napping alertness versus memory","Hard","1","multiple_choice","One hypothesis about short early-afternoon naps is that they improve performance mainly by restoring alertness rather than by strengthening memory for material learned before the nap. Participants studied pairs of unrelated words in the morning and then either took a twenty-minute nap or spent the same period resting quietly while awake. Both groups completed a reaction-time task and a word-pair test afterward. The nap group responded faster on the reaction-time task, but the two groups recalled nearly the same proportion of word pairs. To separate sleep from simple quiet rest, the researcher also monitored eye closure and confirmed that participants in the waking group did not fall asleep. The researcher argued that the pattern is more consistent with a general alertness benefit than with enhanced consolidation of the studied pairs. A result supporting that interpretation would therefore need to distinguish improved speed or vigilance from improved retention of the morning material.","Which finding, if observed, would most directly support the researcher’s interpretation?","Both groups rated the morning word-pair task at about 7 on a 10-point difficulty scale before the break.","Within the nap group, participants who slept 18–20 minutes later recalled 74% of the pairs, compared with 69% among those who slept 10–12 minutes.","Reaction times improved by 18% in the nap group and 5% in the waking-rest group, while delayed word-pair recall was 71% and 70%, respectively.","Sleepiness ratings fell by 22% in the waking-rest group even though that group’s reaction times improved by only 3%.","C","3","The interpretation predicts a selective alertness benefit rather than improved retention. An 18% versus 5% reaction-time improvement paired with essentially identical delayed recall directly realizes that predicted pattern.","75","none","{}","","","","","","Command of Evidence","","rw,module2,hard,arch:RW_COE_001,sim:rw_command_of_evidence_supporting_detail,fp:5d7d4e894ddb8beb,passage:R029,source:synthetic_composed"
"SAT_RW_16","RW_split_batch_v9","16_BACK","650-800","SAT_RW_16_M2_Q13","RW","2","hard","13","Information and Ideas","Command of Evidence","RW_COE_001","Use textual or quantitative evidence","dialect diffusion through conversational contact","Hard","1","multiple_choice","Linguists studying a new pronunciation in a regional dialect proposed that the form spreads primarily through frequent conversational contact rather than through exposure to broadcast media. They surveyed speakers in four towns, recording both self-reported media use and the number of weekly conversations participants had with speakers from neighboring towns where the pronunciation was already common. The pronunciation appeared in all four communities, but prevalence varied substantially. Age was also related to use, so the researchers matched speakers within narrow age bands before comparing contact patterns. Their claim predicts that speakers with more cross-town conversational contact should use the pronunciation more often even when media exposure is similar. Because self-reported contact can be imprecise, the team also collected a month of voluntary phone-location data from a subset of participants to estimate cross-town visits. A strong supporting result would connect those independent contact measures to pronunciation use rather than merely to media consumption.","Which result would most directly support the linguists’ claim about how the pronunciation spreads?","Speakers reporting more than 14 hours of weekly regional media exposure recognized the pronunciation on 82% of listening trials, compared with 61% among lighter media users.","Speakers under age 30 used the pronunciation in 35% of recorded words, compared with 18% among older speakers across the four towns.","Frequent cross-town visitors reported 11.2 hours of weekly regional media use on average, compared with 8.7 hours among infrequent visitors.","Among age-matched speakers with similar media use, those with high conversational contact used the pronunciation in 47% of eligible words versus 19% for low-contact speakers, and phone-location data showed the same contact gradient.","D","4","The claim concerns conversational contact rather than media exposure. Choice D holds age and media use roughly constant, quantifies a large contact-related difference in pronunciation use, and adds an independent phone-location measure pointing in the same direction.","75","none","{}","","","","","","Command of Evidence","","rw,module2,hard,arch:RW_COE_011,sim:rw_command_of_evidence_evidence_based_inference,fp:2b2cec6eda52cbc8,passage:R035,source:synthetic_composed"
"SAT_RW_16","RW_split_batch_v9","16_BACK","650-800","SAT_RW_16_M2_Q14","RW","2","hard","14","Information and Ideas","Inferences","RW_INF_001","Draw supported conclusions","relational diagrams as memory cues","Hard","1","multiple_choice","Students learning unfamiliar biology terms were given short definitions followed by either a related diagram or an unrelated decorative image. On an immediate quiz, the diagram group outperformed the decorative-image group. A week later, however, the advantage was concentrated in terms whose diagrams showed relationships among parts; diagrams that merely pictured the named object offered little lasting benefit. In interviews, several students said that relational diagrams gave them a structure for reconstructing definitions they could not recall word for word. The researchers had expected any relevant image to provide an effective retrieval cue, but the delayed results suggested a narrower mechanism. Visual material seemed most useful when it encoded relationships that paralleled the information students later needed to recover. The findings therefore imply that the benefit of a study image depends less on its simple relevance to a term than on whether its organization supports the kind of memory reconstruction the task requires.","Which inference about the delayed quiz is best supported by the passage?","A relevant picture that lacks meaningful internal relationships may be less useful for later reconstruction than a diagram organized around relationships in the material.","Relational diagrams may improve later recall mainly because they are more relevant to the terms than decorative images are.","Simple object diagrams are likely to retain the same delayed advantage as relational diagrams because both kinds of images are relevant to the terms.","Relational diagrams may help chiefly by preserving the exact wording of definitions in a visual layout that students can reproduce later.","A","1","The delayed advantage was concentrated in diagrams that represented relationships, while simple object pictures offered little lasting benefit. That contrast supports Choice A; relevance alone, simple object depiction, and exact-wording recovery do not account for the reported pattern.","75","none","{}","","","","","","Inferences","","rw,module2,hard,arch:RW_INF_010,sim:rw_inferences_evidence_based_inference,fp:2939f1809d40fad8,passage:R037,source:synthetic_composed"
"SAT_RW_16","RW_split_batch_v9","16_BACK","650-800","SAT_RW_16_M2_Q15","RW","2","hard","15","Information and Ideas","Inferences","RW_INF_001","Draw supported conclusions","robotic gripper sensor fusion","Hard","1","multiple_choice","A manufacturer tested two control systems for robotic grippers assembling delicate laboratory kits. The force-only system adjusted grip pressure from sensor readings alone. The hybrid system combined force readings with a camera that estimated whether a component was slipping. Under bright, steady lighting, both systems broke few components and completed assemblies at similar rates. When shadows moved across the work surface, the hybrid system occasionally mistook changes in brightness for motion and reduced pressure unnecessarily, slowing assembly. Yet when components varied slightly in surface coating, the hybrid system detected genuine slips earlier and prevented more drops than the force-only system. Engineers therefore considered disabling the camera under unstable lighting rather than abandoning it altogether. The results suggest that the added visual channel is useful when it contributes information unavailable from force sensors, but it can become a liability when environmental variation makes the visual signal ambiguous.","What can most reasonably be inferred about the engineers’ proposed use of the camera system?","They expect the camera’s visual input to compensate for force sensing when lighting is unstable, making the camera especially useful under moving shadows.","They view the camera as conditionally valuable: it can add useful slip information, but its contribution should be limited when visual conditions make its signal unreliable.","They may restrict camera use to components already known to have variable surface coatings, because the camera’s benefit appeared when genuine slips supplied information the force sensors missed.","They regard the camera as worthwhile only when it increases assembly speed; preventing drops without a speed advantage would not justify its use.","B","2","The camera prevented drops when coating differences created real slips but generated false signals under moving shadows. The proposal to disable it under unstable lighting therefore treats the extra visual channel as conditionally useful, not as universally helpful, coating-specific, or valuable only for speed.","75","none","{}","","","","","","Inferences","","rw,module2,hard,arch:RW_INF_002,sim:rw_inferences_cause_effect,fp:92cbe84ca9fb257e,passage:R043,source:synthetic_composed"
"SAT_RW_16","RW_split_batch_v9","16_BACK","650-800","SAT_RW_16_M2_Q16","RW","2","hard","16","Standard English Conventions","Boundaries","SEC.BND","Boundaries","Restrictive modifiers without commas","Hard","1","multiple_choice","The conservation team compared several imaging methods, some designed for surface color and others for subsurface flaws. The methods _____ detected fractures too fine to appear in ordinary photographs were selected for the final survey.","Which choice completes the text so that it conforms to the conventions of Standard English?","that used polarized light, and",", which used polarized light, and","that used polarized light and",", using polarized light, and","C","3","The clause beginning with “that” identifies which methods were selected, so it is restrictive and is not set off by commas. The coordinated verbs “used” and “detected” also require no comma before “and.”","75","none","{}","","","","","","Boundaries","","rw,module2,hard,arch:SEC-BND-037,sim:SEC.BND:restrictive_no_comma:B. internal punctuation nearby,fp:bb3b8f168e859512,sec,grammar,ctx:CTX-GRM-006,tier:SEC3"
"SAT_RW_16","RW_split_batch_v9","16_BACK","650-800","SAT_RW_16_M2_Q17","RW","2","hard","17","Standard English Conventions","Boundaries","SEC.BND","Boundaries","Punctuation before trailing modifiers","Hard","1","multiple_choice","The model generated several estimates before the analysts tested its sensitivity to an unusually large observation. Of those estimates, the result _____ was used to update the forecast after the outlier was removed and the parameters were recalculated.","Which choice completes the text in accordance with the conventions of Standard English?",", which came from the final iteration,","from the final iteration that remained stable","—remaining stable in the final iteration—","; the final iteration remained stable and","B","2","The sentence refers to several estimates, so the modifier must identify which result was used. “from the final iteration that remained stable” supplies essential identifying information without setting it off as a nonessential interruption.","75","none","{}","","","","","","Boundaries","","rw,module2,hard,arch:SEC-BND-069,sim:SEC.BND:modifier_boundary_after_noun:D. academic register,fp:aca730f8d6a9e90d,sec,grammar,ctx:CTX-GRM-002,tier:SEC3"
"SAT_RW_16","RW_split_batch_v9","16_BACK","650-800","SAT_RW_16_M2_Q18","RW","2","hard","18","Standard English Conventions","Boundaries","SEC.BND","Boundaries","Emphatic interruptions with dashes","Hard","1","multiple_choice","After records from three buildings were reconciled, the archive released a revised catalog. The new catalog _____ allowed researchers to trace ownership changes that the older index had obscured.","Which choice completes the text so that the sentence follows Standard English conventions?","—it contains fewer entries than the old index, but its dates are newly standardized—","—despite having fewer entries than the old index, but with newly standardized dates—","; it contains fewer entries than the old index, but its dates are newly standardized;",": although it contains fewer entries than the old index, its dates are newly standardized:","A","1","The host sentence is “The new catalog allowed researchers…,” and the inserted contrast is a complete interruption. Paired dashes correctly enclose that interruption, and the comma correctly joins its two independent clauses with “but.” The second choice has the right outer dash shape but a faulty “despite … but” construction; the semicolon and colon choices improperly split the host subject from its verb.","75","none","{}","","","","","","Boundaries","","rw,module2,hard,arch:SEC-BND-050,sim:SEC.BND:dash_emphasis_interruption:E. expanded syntax,fp:04367de497622ad7,sec,grammar,ctx:CTX-GRM-004,tier:SEC4"
"SAT_RW_16","RW_split_batch_v9","16_BACK","650-800","SAT_RW_16_M2_Q19","RW","2","hard","19","Standard English Conventions","Form, Structure, and Sense","SEC.FSS","Form, Structure, and Sense","Subject-verb agreement","Hard","1","multiple_choice","In the final report, the series of temperature readings that were collected from sensors near the upper vents _____ a consistent drift after noon, unlike the readings from floor-level sensors.","Which choice completes the text while maintaining the conventions of Standard English?","show","have shown","were showing","shows","D","4","The subject is the singular noun “series,” not the intervening plural nouns “readings,” “sensors,” or “vents.” Therefore the singular present-tense verb “shows” agrees with the true subject.","75","none","{}","","","","","","Form, Structure, and Sense","","rw,module2,hard,arch:SEC-FSS-004,sim:SEC.FSS:subject_verb_agreement:D. logic cue,fp:28871b96735daec4,sec,grammar,ctx:CTX-GRM-010,tier:SEC3"
"SAT_RW_16","RW_split_batch_v9","16_BACK","650-800","SAT_RW_16_M2_Q20","RW","2","hard","20","Standard English Conventions","Form, Structure, and Sense","SEC.FSS","Form, Structure, and Sense","Parallel structure","Hard","1","multiple_choice","Before a pressure test begins, the laboratory protocol asks technicians to calibrate the primary gauge, to log the room temperature after the chamber is sealed, and _____ before shutdown.","Which choice completes the text so that it is consistent with Standard English conventions?","recording the final pressure","to record the final pressure","record the final pressure","that they record the final pressure","B","2","The three coordinated actions governed by “asks technicians” are expressed as infinitive phrases: “to calibrate,” “to log,” and “to record.” The other forms break that grammatical parallelism.","75","none","{}","","","","","","Form, Structure, and Sense","","rw,module2,hard,arch:SEC-FSS-034,sim:SEC.FSS:parallel_structure:D. logic cue,fp:bebcc316d32663f3,sec,grammar,ctx:CTX-GRM-012,tier:SEC3"
"SAT_RW_16","RW_split_batch_v9","16_BACK","650-800","SAT_RW_16_M2_Q21","RW","2","hard","21","Standard English Conventions","Form, Structure, and Sense","SEC.FSS","Form, Structure, and Sense","Logical verb tense","Hard","1","multiple_choice","In a 2024 catalog, curators summarized the navigation ledger’s display history. They noted that before it was removed for conservation in March 2024, the ledger _____ on public display continuously from 2018 until that removal.","Which choice completes the text in a way that conforms to Standard English conventions?","has remained","had remained","remains","will remain","B","2","The display began in 2018 and continued up to a specific past event, the March 2024 removal, which itself occurred before the curators’ report. The past perfect “had remained” correctly places the continuing display before that later past reference point.","75","none","{}","","","","","","Form, Structure, and Sense","","rw,module2,hard,arch:SEC-FSS-010,sim:SEC.FSS:verb_tense_sequence:E. expanded syntax,fp:1daeba562ab33c66,sec,grammar,ctx:CTX-GRM-007,tier:SEC4"
"SAT_RW_16","RW_split_batch_v9","16_BACK","650-800","SAT_RW_16_M2_Q22","RW","2","hard","22","Standard English Conventions","Form, Structure, and Sense","SEC.FSS","Form, Structure, and Sense","Pronoun-antecedent agreement","Hard","1","multiple_choice","The municipal archive, together with two satellite reading rooms that host rotating exhibitions, revised _____ lending policy after a committee reviewed requests for fragile maps and oversize plans.","Which choice completes the text so that it follows the conventions of Standard English?","their","our","your","its","D","4","The antecedent is the singular third-person noun “archive.” The intervening plural “reading rooms” belongs to a modifying phrase and does not change the number of the antecedent, so “its” is required.","75","none","{}","","","","","","Form, Structure, and Sense","","rw,module2,hard,arch:SEC-FSS-020,sim:SEC.FSS:pronoun_antecedent_agreement:E. expanded syntax,fp:311a27636d2a3950,sec,grammar,ctx:CTX-GRM-011,tier:SEC4"
"SAT_RW_16","RW_split_batch_v9","16_BACK","650-800","SAT_RW_16_M2_Q23","RW","2","hard","23","Expression of Ideas","Transitions","RW_TR_001","Select transition that logically connects ideas","urban canopy distribution analysis","Hard","1","multiple_choice","A citywide tree inventory reported that canopy cover had risen by about two percent. The figure was accurate, but it combined losses in older residential blocks with gains along the river corridor, so planners warned against treating the average as a uniform neighborhood trend. _____ canopy change was positive in four riverfront districts and negative in most blocks where mature street trees planted before 2000 had recently been removed.","Which choice most logically completes the text?","More precisely,","Nevertheless,","For one thing,","Consequently,","A","1","The final sentence refines the aggregate description by specifying how gains and losses were distributed. “More precisely,” captures that narrowing; the local contrast can tempt “Nevertheless,” and the district detail can resemble a particular case, but the sentence’s full role is to make the preceding qualification more exact.","75","none","{}","","","","","","Transitions","","rw,module2,hard,arch:RW_TR_001,sim:rw_transitions_logical_link,fp:93cd44557ae06398,passage:R004,source:synthetic_composed"
"SAT_RW_16","RW_split_batch_v9","16_BACK","650-800","SAT_RW_16_M2_Q24","RW","2","hard","24","Expression of Ideas","Transitions","RW_TR_001","Select transition that logically connects ideas","formal and casual usage pattern","Hard","1","multiple_choice","A new vowel pronunciation was common in casual market conversations among younger speakers, yet the same speakers used the older variant more often in formal interviews. Audio diaries recorded with friends again showed frequent use of the new vowel, while interviews conducted by local rather than outside researchers still favored the older one. _____ the evidence points to a style-dependent pattern: the innovation is well established in casual speech but is often suppressed in formal settings.","Which choice provides the most logical transition at the blank?","To illustrate,","Even so,","Meanwhile,","Taken together,","D","4","The final statement integrates several observations from casual speech, formal interviews, and audio diaries. “Taken together,” signals that synthesis; the contrast makes “Even so,” tempting locally, while the diary evidence can look illustrative when read in isolation.","75","none","{}","","","","","","Transitions","","rw,module2,hard,arch:RW_TR_008,sim:rw_transitions_contrast,fp:78623f96f9798044,passage:R010,source:synthetic_composed"
"SAT_RW_16","RW_split_batch_v9","16_BACK","650-800","SAT_RW_16_M2_Q25","RW","2","hard","25","Expression of Ideas","Transitions","RW_TR_001","Select transition that logically connects ideas","digital and paper reading navigation","Hard","1","multiple_choice","Readers using an e-reader searched their own annotations faster, whereas readers using paper located widely separated source passages more quickly. The researchers proposed that interface features, rather than medium alone, explained much of the difference; specifically, they predicted that stronger spatial navigation cues could improve digital source finding without sacrificing searchable notes. _____ when page thumbnails were added to the e-reader in a follow-up trial, source-location speed rose while annotation search remained fast.","Which choice best completes the text while preserving its logical progression?","For instance,","Nevertheless,","Consistent with this prediction,","Meanwhile,","C","3","The follow-up result matches the immediately stated prediction about adding spatial cues while preserving note search. “Consistent with this prediction,” therefore identifies the evidence-to-prediction relation more exactly than the locally tempting example, contrast, or temporal alternatives.","75","none","{}","","","","","","Transitions","","rw,module2,hard,arch:RW_TR_009,sim:rw_transitions_cause_effect,fp:cc160c411f79fdac,passage:R016,source:synthetic_composed"
"SAT_RW_16","RW_split_batch_v9","16_BACK","650-800","SAT_RW_16_M2_Q26","RW","2","hard","26","Expression of Ideas","Rhetorical Synthesis","RW_RS_001","Use notes to achieve a writing goal","classroom air filter implementation","Hard","1","multiple_choice","A student wants to emphasize why the effectiveness of a classroom air-quality program depended on how the equipment was used.

- Portable filters reduced fine-particle concentrations by 42% on average when operated at full speed with windows closed.
- On mild days, teachers sometimes opened windows to reduce carbon dioxide buildup.
- During nearby wildfire smoke, open windows increased outdoor particles entering classrooms.
- In two classrooms, teachers lowered filter fan speed because of noise; those rooms showed smaller particle reductions than full-speed rooms.","Which choice most effectively uses the notes to accomplish the student’s goal?","Portable filters reduced fine particles by 42% on average at full speed, and teachers sometimes opened windows on mild days.","Opening windows could lower carbon dioxide buildup, whereas nearby wildfire smoke increased the amount of outdoor particles entering classrooms.","The program’s results depended on operating conditions: full-speed, closed-window use produced larger particle reductions, while open windows during smoke events and reduced fan speeds could limit those gains.","Teachers in two classrooms lowered the filters’ fan speed because of noise, and those classrooms showed smaller particle reductions than classrooms using full speed.","C","3","The goal is to emphasize dependence on implementation conditions. Choice C integrates the full-speed benefit with two conditions that reduced effectiveness, directly showing why equipment use mattered.","75","none","{}","","","","","","Rhetorical Synthesis","","rw,module2,hard,arch:RW_RS_001,sim:rw_rhetorical_synthesis_revision_goal,fp:0c1e643551b40dd9,passage:R022,source:synthetic_composed"
"SAT_RW_16","RW_split_batch_v9","16_BACK","650-800","SAT_RW_16_M2_Q27","RW","2","hard","27","Expression of Ideas","Rhetorical Synthesis","RW_RS_001","Use notes to achieve a writing goal","coral settlement tiles over time","Hard","1","multiple_choice","A student wants to explain how the apparent advantage of grooved coral-settlement tiles changed over time.

- One month after deployment, 68% of grooved tiles had coral larvae attached, compared with 51% of smooth tiles.
- A strong storm crossed the restoration site before the six-month survey.
- At six months, surviving colonies remained on 44% of grooved tiles and 43% of smooth tiles.
- Divers observed that the grooves had trapped more storm-driven sediment.
- The research team concluded that the grooves’ early settlement advantage did not persist through the later survey.","Which choice best uses the notes to fulfill the student’s purpose?","Grooved tiles initially attracted larvae more often than smooth tiles, but after a storm the six-month survival rates were nearly identical, so the early advantage had largely disappeared.","At the six-month survey, 44% of grooved tiles and 43% of smooth tiles retained surviving colonies, and divers found more sediment in the grooves.","Because grooved tiles had a 68% early attachment rate, the research team regarded them as the more successful restoration design despite the later storm.","A storm crossed the restoration site between the one-month and six-month surveys, when divers compared grooved and smooth settlement tiles.","A","1","Choice A directly compares the early and later measurements and explains the change: a sizable early attachment advantage for grooved tiles was no longer present at six months.","75","none","{}","","","","","","Rhetorical Synthesis","","rw,module2,hard,arch:RW_RS_008,sim:rw_rhetorical_synthesis_supporting_detail,fp:4d139120bf10b733,passage:R028,source:synthetic_composed"
"SAT_Math_16","16","math_v6_16","full_range","MATH16-M1-Q01","MATH","1","base","1","Algebra","Linear Equations","ALG_LE_001","Solve a one-variable linear equation with constants on both sides","Solve a one-variable linear equation with constants on both sides","easy","1","multiple_choice","","What is the solution to the equation 4x - 9 = 23?","6","8","7","9","B","2","Add 9 to both sides to get 4x = 32. Dividing by 4 gives x = 8.","60","none","{}","","","","","","solve a one-variable linear equation with constants on both sides","","math,domain:Algebra,skill:ALG_LE_001,arch:MATH_ARCH_001_LINEAR_EQUATION_ONE_VARIABLE,sim:SIM_LINEAR_EQUATIONS_AND_INEQUALITIES,fp:256bbcf2,tier:E1"
"SAT_Math_16","16","math_v6_16","full_range","MATH16-M1-Q02","MATH","1","base","2","Geometry and Trigonometry","Triangles","GEO_TRI_001","Use angle relationships with parallel lines and transversal","Use angle relationships with parallel lines and transversal","easy","1","multiple_choice","","Two parallel lines are cut by a transversal. One of the acute angles formed is 62°. What is the measure, in degrees, of an acute angle formed at the other intersection?","28","62","118","124","B","2","Corresponding acute angles formed by a transversal crossing parallel lines are congruent, so the measure is 62°.","60","none","{}","","","","","","use angle relationships with parallel lines and transversal","","math,domain:Geometry and Trigonometry,skill:GEO_TRI_001,arch:MATH_ARCH_084_ANGLE_PAIRS_PARALLEL_LINES,sim:SIM_PARALLEL_LINES_ANGLES,fp:dce98bc7,tier:E1"
"SAT_Math_16","16","math_v6_16","full_range","MATH16-M1-Q03","MATH","1","base","3","Advanced Math","Nonlinear Functions","ADV_NF_002","Evaluate a function at a given input","Evaluate a function at a given input","easy","1","multiple_choice","","If f(x) = 3x^2 - 2x + 1, what is f(4)?","33","45","41","57","C","3","Substitute 4 for x: f(4)=3(4^2)-2(4)+1=48-8+1=41.","75","none","{}","","","","","","evaluate a function at a given input","","math,domain:Advanced Math,skill:ADV_NF_002,arch:MATH_ARCH_063_FUNCTION_EVALUATE,sim:SIM_FUNCTION_NOTATION_AND_VALUES,fp:8e55dc4d,tier:M1"
"SAT_Math_16","16","math_v6_16","full_range","MATH16-M1-Q04","MATH","1","base","4","Algebra","Linear Equations","ALG_LE_006","Solve a one-variable linear inequality, including sign reversal","Solve a one-variable linear inequality, including sign reversal","easy","1","multiple_choice","","Which inequality represents the solution set of -3x + 5 < 20?","x < -5","x > 5","x > -5","x < 5","C","3","Subtract 5 to get -3x < 15. Dividing by -3 reverses the inequality, so x > -5.","75","none","{}","","","","","","solve a one-variable linear inequality, including sign reversal","","math,domain:Algebra,skill:ALG_LE_006,arch:MATH_ARCH_023_INEQUALITY_ONE_VARIABLE,sim:SIM_LINEAR_EQUATIONS_AND_INEQUALITIES,fp:5d07b01f,tier:E1"
"SAT_Math_16","16","math_v6_16","full_range","MATH16-M1-Q05","MATH","1","base","5","Algebra","Linear Functions","ALG_LF_002","Build a linear equation from a starting amount and constant rate","Build a linear equation from a starting amount and constant rate","easy","1","multiple_choice","","A water tank contains 45 gallons of water. Water is added at a constant rate of 6 gallons per minute. Which equation gives the number of gallons W in the tank after t minutes?","W = 45 + 6t","W = 6 + 45t","W = 45t + 6t","W = 45 - 6t","A","1","The starting amount is 45 gallons and 6 gallons are added each minute, so W = 45 + 6t.","75","none","{}","","","","","","build a linear equation from a starting amount and constant rate","","math,domain:Algebra,skill:ALG_LF_002,arch:MATH_ARCH_005_LINEAR_MODEL_BUILD_FROM_CONTEXT,sim:SIM_LINEAR_FUNCTIONS_AND_GRAPHS,fp:0299285c,tier:M1"
"SAT_Math_16","16","math_v6_16","full_range","MATH16-M1-Q06","MATH","1","base","6","Problem-Solving and Data Analysis","Ratios Rates and Proportions","PSD_RRP_001","Convert part-to-part ratio into part-to-whole fraction","Convert part-to-part ratio into part-to-whole fraction","medium","1","student_response","","In a box, the ratio of red marbles to blue marbles is 3 to 5. What fraction of the marbles in the box are red?","","","","","","","There are 3 red parts and 5 blue parts, for 8 total parts. The red fraction is 3/8.","75","none","{}","","","fraction","3/8","0","convert part-to-part ratio into part-to-whole fraction","","math,domain:Problem-Solving and Data Analysis,skill:PSD_RRP_001,arch:MATH_ARCH_032_RATIO_PART_TO_WHOLE,sim:SIM_RATIOS_RATES_PROPORTIONS,fp:e633a62e,tier:M1"
"SAT_Math_16","16","math_v6_16","full_range","MATH16-M1-Q07","MATH","1","base","7","Advanced Math","Equivalent Expressions","ADV_EE_001","Simplify expression using exponent rules","Simplify expression using exponent rules","medium","1","student_response","","What is the value of (2^7)/(2^3)?","","","","","","","Use exponent rules: 2^7/2^3 = 2^(7-3) = 2^4 = 16.","60","none","{}","","","integer","16","0","simplify expression using exponent rules","","math,domain:Advanced Math,skill:ADV_EE_001,arch:MATH_ARCH_067_EXPONENT_RULES_SIMPLIFY,sim:SIM_EXPONENT_RADICALS,fp:a14038d5,tier:M1"
"SAT_Math_16","16","math_v6_16","full_range","MATH16-M1-Q08","MATH","1","base","8","Algebra","Linear Functions","ALG_LF_005","Find or interpret the y-intercept of a graphed line","Find or interpret the y-intercept of a graphed line","medium","1","student_response","","The graph of the line shown has equation y = 2x + 4. What is the y-intercept of the line?","","","","","","","The y-intercept is the value of y when x=0. From y=2(0)+4, the y-intercept is 4.","80","function_graph","{""diagram_type"":""line"",""render_mode"":""exact_to_scale"",""not_to_scale"":false,""x_min"":-2,""x_max"":4,""y_min"":0,""y_max"":10,""x_label"":""x"",""y_label"":""y"",""grid"":true,""equation"":""y=2x+4"",""points"":[[0,4],[2,8]],""connect_points"":true,""target"":""y-intercept""}","","","integer","4","0","find or interpret the y-intercept of a graphed line","","math,domain:Algebra,skill:ALG_LF_005,arch:MATH_ARCH_008_LINEAR_GRAPH_Y_INTERCEPT,sim:SIM_LINEAR_FUNCTIONS_AND_GRAPHS,fp:05fa3442,tier:M1"
"SAT_Math_16","16","math_v6_16","full_range","MATH16-M1-Q09","MATH","1","base","9","Algebra","Linear Equations","ALG_LE_002","Clear denominators to solve a linear equation with fractional coefficients","Clear denominators to solve a linear equation with fractional coefficients","medium","1","multiple_choice","","What is the solution to (x/4) + 3 = 8?","20","5","11","44","A","1","Subtract 3 from both sides to get x/4=5. Multiplying by 4 gives x=20.","75","none","{}","","","","","","clear denominators to solve a linear equation with fractional coefficients","","math,domain:Algebra,skill:ALG_LE_002,arch:MATH_ARCH_002_LINEAR_EQUATION_FRACTIONS,sim:SIM_LINEAR_EQUATIONS_AND_INEQUALITIES,fp:bcc2bf55,tier:M1"
"SAT_Math_16","16","math_v6_16","full_range","MATH16-M1-Q10","MATH","1","base","10","Advanced Math","Equivalent Expressions","ADV_EE_002","Simplify radicals and rational exponents","Simplify radicals and rational exponents","medium","1","multiple_choice","","Which expression is equivalent to √50?","25√2","10√5","2√5","5√2","D","4","Since 50=25·2, √50=√25·√2=5√2.","75","none","{}","","","","","","simplify radicals and rational exponents","","math,domain:Advanced Math,skill:ADV_EE_002,arch:MATH_ARCH_068_RADICAL_SIMPLIFY,sim:SIM_EXPONENT_RADICALS,fp:be89d9e1,tier:M1"
"SAT_Math_16","16","math_v6_16","full_range","MATH16-M1-Q11","MATH","1","base","11","Geometry and Trigonometry","Trigonometry","GEO_TRIG_003","Use complementary angle trig relationships","Use complementary angle trig relationships","medium","1","multiple_choice","","In a right triangle, angle A and angle B are complementary. If sin A = 0.6, what is cos B?","0.4","0.6","0.8","1.2","B","2","For complementary acute angles A and B, sin A = cos B. Therefore cos B = 0.6.","75","none","{}","","","","","","use complementary angle trig relationships","","math,domain:Geometry and Trigonometry,skill:GEO_TRIG_003,arch:MATH_ARCH_097_TRIG_COMPLEMENTARY,sim:SIM_TRIGONOMETRY_RELATIONSHIPS,fp:abc3bed9,tier:M1"
"SAT_Math_16","16","math_v6_16","full_range","MATH16-M1-Q12","MATH","1","base","12","Problem-Solving and Data Analysis","Probability","PSD_PROB_001","Compute probability from a two-way table with correct denominator","Compute probability from a two-way table with correct denominator","medium","1","multiple_choice","","The table summarizes bicycle ownership for 60 students. If one student is selected at random from all 60 students, what is the probability that the student owns a bicycle?","2/3","1/3","3/5","11/15","A","1","There are 40 students who own a bicycle out of 60 students total, so the probability is 40/60 = 2/3.","90","table","{}","| Group | Owns a bicycle | Does not own a bicycle | Total |\n|---|---:|---:|---:|\n| Seniors | 18 | 12 | 30 |\n| Juniors | 22 | 8 | 30 |\n| Total | 40 | 20 | 60 |","","","","","compute probability from a two-way table with correct denominator","","math,domain:Problem-Solving and Data Analysis,skill:PSD_PROB_001,arch:MATH_ARCH_049_TWO_WAY_TABLE_PROBABILITY,sim:SIM_PROBABILITY_TABLES,fp:f6f705a3,tier:M2"
"SAT_Math_16","16","math_v6_16","full_range","MATH16-M1-Q13","MATH","1","base","13","Algebra","Linear Equations","ALG_LE_004","Rearrange a formula to isolate a variable","Rearrange a formula to isolate a variable","medium","1","multiple_choice","","The formula C = (5/9)(F - 32) converts a temperature of F degrees Fahrenheit to C degrees Celsius. Which equation gives F in terms of C?","F = (5/9)C + 32","F = (9/5)(C + 32)","F = (9/5)C + 32","F = (5/9)(C - 32)","C","3","Multiply both sides by 9/5 to get (9/5)C = F - 32. Add 32 to get F = (9/5)C + 32.","90","none","{}","","","","","","rearrange a formula to isolate a variable","","math,domain:Algebra,skill:ALG_LE_004,arch:MATH_ARCH_013_FORMULA_REARRANGE_SINGLE_VARIABLE,sim:SIM_LINEAR_EQUATIONS_AND_INEQUALITIES,fp:bf4241f1,tier:M1"
"SAT_Math_16","16","math_v6_16","full_range","MATH16-M1-Q14","MATH","1","base","14","Advanced Math","Equivalent Expressions","ADV_EE_003","Expand polynomial products","Expand polynomial products","medium_hard","1","multiple_choice","","Which expression is equivalent to (x + 4)(x - 7)?","x^2 + 3x - 28","x^2 - 11x - 28","x^2 - 3x + 28","x^2 - 3x - 28","D","4","Multiply: x^2 - 7x + 4x - 28 = x^2 - 3x - 28.","75","none","{}","","","","","","expand polynomial products","","math,domain:Advanced Math,skill:ADV_EE_003,arch:MATH_ARCH_070_POLYNOMIAL_EXPAND,sim:SIM_POLYNOMIAL_RATIONAL_EXPRESSIONS,fp:ca1c3733,tier:M1"
"SAT_Math_16","16","math_v6_16","full_range","MATH16-M1-Q15","MATH","1","base","15","Algebra","Systems of Equations","ALG_SYS_002","Solve a 2x2 linear system by elimination","Solve a 2x2 linear system by elimination","medium_hard","1","student_response","","For the system of equations 2x + y = 17 and x - y = 1, what is the value of x?","","","","","","","Adding the equations gives 3x = 18, so x = 6.","90","none","{}","","","integer","6","0","solve a 2x2 linear system by elimination","","math,domain:Algebra,skill:ALG_SYS_002,arch:MATH_ARCH_016_SYSTEM_SOLVE_ELIMINATION,sim:SIM_LINEAR_SYSTEMS,fp:a88e12e1,tier:M2"
"SAT_Math_16","16","math_v6_16","full_range","MATH16-M1-Q16","MATH","1","base","16","Problem-Solving and Data Analysis","Ratios Rates and Proportions","PSD_RRP_003","Solve a direct proportion from two equivalent ratios","Solve a direct proportion from two equivalent ratios","medium_hard","1","multiple_choice","","A recipe uses 7 cups of flour for every 12 cups of oats. At the same ratio, how many cups of flour are needed for 60 cups of oats?","28","35","42","48","B","2","Set up 7/12 = x/60. Then x = 60·7/12 = 35.","90","none","{}","","","","","","solve a direct proportion from two equivalent ratios","","math,domain:Problem-Solving and Data Analysis,skill:PSD_RRP_003,arch:MATH_ARCH_034_PROPORTION_DIRECT,sim:SIM_RATIOS_RATES_PROPORTIONS,fp:6c393ead,tier:M2"
"SAT_Math_16","16","math_v6_16","full_range","MATH16-M1-Q17","MATH","1","base","17","Advanced Math","Equivalent Expressions","ADV_EE_004","Factor polynomial expression","Factor polynomial expression","medium_hard","1","multiple_choice","","Which expression is equivalent to x^2 + 7x + 12?","(x + 2)(x + 6)","(x - 3)(x - 4)","(x + 3)(x + 4)","(x + 1)(x + 12)","C","3","The numbers 3 and 4 multiply to 12 and add to 7, so x^2+7x+12=(x+3)(x+4).","80","none","{}","","","","","","factor polynomial expression","","math,domain:Advanced Math,skill:ADV_EE_004,arch:MATH_ARCH_071_POLYNOMIAL_FACTOR,sim:SIM_POLYNOMIAL_RATIONAL_EXPRESSIONS,fp:6da62b35,tier:M2"
"SAT_Math_16","16","math_v6_16","full_range","MATH16-M1-Q18","MATH","1","base","18","Algebra","Systems of Equations","ALG_SYS_005","Model counts and totals with a two-variable system","Model counts and totals with a two-variable system","medium_hard","1","student_response","","A school sold 80 tickets to a play. Adult tickets cost $12 each and student tickets cost $7 each. The total revenue was $760. How many adult tickets were sold?","","","","","","","Let a be adult tickets and s be student tickets. Then a+s=80 and 12a+7s=760. Substituting s=80-a gives 12a+7(80-a)=760, so 5a=200 and a=40.","120","none","{}","","","integer","40","0","model counts and totals with a two-variable system","","math,domain:Algebra,skill:ALG_SYS_005,arch:MATH_ARCH_019_SYSTEM_CONTEXT_COUNT_WEIGHT,sim:SIM_LINEAR_SYSTEMS,fp:afe195f8,tier:M2"
"SAT_Math_16","16","math_v6_16","full_range","MATH16-M1-Q19","MATH","1","base","19","Geometry and Trigonometry","Volume","GEO_VOL_001","Compute volume of prism, cylinder, cone, sphere, or composite solid","Compute volume of prism, cylinder, cone, sphere, or composite solid","hard","1","student_response","","A rectangular prism has length 8, width 5, and height 3. What is its volume?","","","","","","","The volume of a rectangular prism is length times width times height: 8·5·3 = 120.","75","none","{}","","","integer","120","0","compute volume of prism, cylinder, cone, sphere, or composite solid","","math,domain:Geometry and Trigonometry,skill:GEO_VOL_001,arch:MATH_ARCH_099_SOLID_VOLUME,sim:SIM_SOLID_MEASUREMENT,fp:f9d4b167,tier:E1"
"SAT_Math_16","16","math_v6_16","full_range","MATH16-M1-Q20","MATH","1","base","20","Advanced Math","Nonlinear Functions","ADV_NF_009","Solve quadratic equation by factoring","Solve quadratic equation by factoring","hard","1","student_response","","One solution to x^2 - 9x + 20 = 0 is 4. What is the other solution?","","","","","","","Factor the quadratic: x^2 - 9x + 20 = (x - 4)(x - 5). The other solution is 5.","90","none","{}","","","integer","5","0","solve quadratic equation by factoring","","math,domain:Advanced Math,skill:ADV_NF_009,arch:MATH_ARCH_075_QUADRATIC_SOLVE_FACTOR,sim:SIM_QUADRATIC_SOLVING,fp:f4dfc08c,tier:M2"
"SAT_Math_16","16","math_v6_16","full_range","MATH16-M1-Q21","MATH","1","base","21","Advanced Math","Nonlinear Functions","ADV_NF_004","Evaluate nested or composed functions","Evaluate nested or composed functions","hard","1","multiple_choice","","Let f(x)=2x-3 and g(x)=x^2+1. What is f(g(4))?","31","24","30","65","A","1","First find g(4)=4^2+1=17. Then f(g(4))=f(17)=2(17)-3=31.","100","none","{}","","","","","","evaluate nested or composed functions","","math,domain:Advanced Math,skill:ADV_NF_004,arch:MATH_ARCH_065_FUNCTION_COMPOSITION,sim:SIM_FUNCTION_NOTATION_AND_VALUES,fp:fd1ab351,tier:H2"
"SAT_Math_16","16","math_v6_16","full_range","MATH16-M1-Q22","MATH","1","base","22","Problem-Solving and Data Analysis","Percentages","PSD_PCT_002","Compute percent increase or decrease","Compute percent increase or decrease","hard","1","student_response","","A store increased the price of a jacket from $80 to $92. What was the percent increase?","","","","","","","The increase is 92-80=12. The percent increase is 12/80 = 0.15, or 15.","90","none","{}","","","integer","15","0","compute percent increase or decrease","","math,domain:Problem-Solving and Data Analysis,skill:PSD_PCT_002,arch:MATH_ARCH_043_PERCENT_CHANGE,sim:SIM_PERCENT_RELATIONSHIPS,fp:ade29588,tier:M2"
"SAT_Math_16","16","math_v6_16","full_range","MATH16-M2-Q01","MATH","2","hard","1","Algebra","Systems of Equations","ALG_SYS_004","Combine equations to solve directly for x+y or a linear combination","Combine equations to solve directly for x+y or a linear combination","medium_hard","1","multiple_choice","","If 3x + 2y = 19 and 2x + 3y = 21, what is the value of x + y?","7","9","8","10","C","3","Add the equations: 5x+5y=40. Dividing by 5 gives x+y=8.","90","none","{}","","","","","","combine equations to solve directly for x+y or a linear combination","","math,domain:Algebra,skill:ALG_SYS_004,arch:MATH_ARCH_018_SYSTEM_SUM_DIRECT,sim:SIM_LINEAR_SYSTEMS,fp:979e9a27,tier:H2"
"SAT_Math_16","16","math_v6_16","full_range","MATH16-M2-Q02","MATH","2","hard","2","Problem-Solving and Data Analysis","Percentages","PSD_PCT_003","Compute net effect of successive percent changes","Compute net effect of successive percent changes","medium_hard","1","multiple_choice","","A quantity is increased by 20% and then decreased by 25%. The final quantity is what percent of the original quantity?","95%","100%","90%","105%","C","3","Multiplying by 1.20 and then by 0.75 gives 1.20·0.75=0.90, so the final quantity is 90% of the original.","100","none","{}","","","","","","compute net effect of successive percent changes","","math,domain:Problem-Solving and Data Analysis,skill:PSD_PCT_003,arch:MATH_ARCH_044_SUCCESSIVE_PERCENT_CHANGE,sim:SIM_PERCENT_RELATIONSHIPS,fp:8cd73fc1,tier:H2"
"SAT_Math_16","16","math_v6_16","full_range","MATH16-M2-Q03","MATH","2","hard","3","Geometry and Trigonometry","Triangles","GEO_TRI_004","Use 30-60-90 or 45-45-90 triangle ratios","Use 30-60-90 or 45-45-90 triangle ratios","medium_hard","1","multiple_choice","","In right triangle ABC shown, angle B is a right angle, angle A measures 30°, and BC = 8. What is the length of hypotenuse AC?","16","8√3","24","32","A","1","In a 30-60-90 triangle, the side opposite the 30° angle is half the hypotenuse. Since BC = 8 is opposite angle A, AC = 2·8 = 16.","100","right_triangle","{""diagram_type"":""right_triangle"",""render_mode"":""near_to_scale"",""not_to_scale"":true,""vertices"":[""A"",""B"",""C""],""right_angle_at"":""B"",""side_labels"":{""BC"":""8"",""AC"":""x""},""angle_labels"":{""A"":""30\u00b0""},""target"":""AC""}","","","","","","use 30-60-90 or 45-45-90 triangle ratios","","math,domain:Geometry and Trigonometry,skill:GEO_TRI_004,arch:MATH_ARCH_087_SPECIAL_RIGHT_TRIANGLES,sim:SIM_SPECIAL_RIGHT_TRIANGLES,fp:7511fdc6,tier:H3"
"SAT_Math_16","16","math_v6_16","full_range","MATH16-M2-Q04","MATH","2","hard","4","Advanced Math","Nonlinear Functions","ADV_NF_011","Complete the square to find vertex or solve","Complete the square to find vertex or solve","medium_hard","1","multiple_choice","","The quadratic expression x^2 - 10x + 13 can be written as (x - h)^2 + k. What is the value of h + k?","-12","3","7","-7","D","4","Complete the square: x^2-10x+13=(x-5)^2-25+13=(x-5)^2-12. Thus h=5 and k=-12, so h+k=-7.","110","none","{}","","","","","","complete the square to find vertex or solve","","math,domain:Advanced Math,skill:ADV_NF_011,arch:MATH_ARCH_077_QUADRATIC_COMPLETE_SQUARE,sim:SIM_QUADRATIC_FEATURES,fp:cf5e2182,tier:H3"
"SAT_Math_16","16","math_v6_16","full_range","MATH16-M2-Q05","MATH","2","hard","5","Algebra","Systems of Equations","ALG_SYS_006","Find parameter value that makes two linear equations parallel","Find parameter value that makes two linear equations parallel","hard","1","multiple_choice","","For what value of k does the system 4x + 6y = 10 and 2x + ky = 7 have no solution?","2","6","3","12","C","3","For no solution, the lines must be parallel with different constants. The second equation multiplied by 2 is 4x+2ky=14. Matching coefficients of x and y gives 2k=6, so k=3; the constants 10 and 14 differ.","120","none","{}","","","","","","find parameter value that makes two linear equations parallel","","math,domain:Algebra,skill:ALG_SYS_006,arch:MATH_ARCH_020_SYSTEM_NO_SOLUTION_PARAMETER,sim:SIM_LINEAR_SYSTEMS,fp:a13ae887,tier:H3"
"SAT_Math_16","16","math_v6_16","full_range","MATH16-M2-Q06","MATH","2","hard","6","Advanced Math","Nonlinear Functions","ADV_NF_006","Solve radical equation and check extraneous solution","Solve radical equation and check extraneous solution","hard","1","multiple_choice","","What is the solution to √(x + 5) = x - 1?","-1","4","1","6","B","2","Square both sides: x+5=(x-1)^2=x^2-2x+1, so x^2-3x-4=0 and x=4 or x=-1. Checking in the original equation, x=4 works and x=-1 does not because x-1 is negative.","130","none","{}","","","","","","solve radical equation and check extraneous solution","","math,domain:Advanced Math,skill:ADV_NF_006,arch:MATH_ARCH_069_RADICAL_EQUATION_EXTRANEOUS,sim:SIM_EXPONENT_RADICALS,fp:4dd616c4,tier:H3"
"SAT_Math_16","16","math_v6_16","full_range","MATH16-M2-Q07","MATH","2","hard","7","Problem-Solving and Data Analysis","Ratios Rates and Proportions","PSD_RRP_010","Solve weighted average mixture with two components","Solve weighted average mixture with two components","hard","1","multiple_choice","","A 10-liter solution is 30% acid. How many liters of a 60% acid solution must be added to make a solution that is 40% acid?","3","5","4","6","B","2","The initial acid amount is 0.30(10)=3 liters. If x liters of 60% solution are added, then (3+0.60x)/(10+x)=0.40. Solving gives 3+0.60x=4+0.40x, so 0.20x=1 and x=5.","130","none","{}","","","","","","solve weighted average mixture with two components","","math,domain:Problem-Solving and Data Analysis,skill:PSD_RRP_010,arch:MATH_ARCH_047_WEIGHTED_AVERAGE_MIXTURE,sim:SIM_WEIGHTED_AVERAGE_MIXTURE,fp:0b51a7a5,tier:H2"
"SAT_Math_16","16","math_v6_16","full_range","MATH16-M2-Q08","MATH","2","hard","8","Algebra","Systems of Equations","ALG_SYS_007","Find parameter value that makes two equations equivalent","Find parameter value that makes two equations equivalent","hard","1","multiple_choice","","For what values of a and b will the system ax + 6y = b and 2x + 3y = 5 have infinitely many solutions?","a = 4 and b = 10","a = 1 and b = 5","a = 4 and b = 5","a = 2 and b = 10","A","1","For infinitely many solutions, the first equation must be a constant multiple of the second. Multiplying 2x+3y=5 by 2 gives 4x+6y=10, so a=4 and b=10.","120","none","{}","","","","","","find parameter value that makes two equations equivalent","","math,domain:Algebra,skill:ALG_SYS_007,arch:MATH_ARCH_021_SYSTEM_INFINITE_SOLUTIONS_PARAMETER,sim:SIM_LINEAR_SYSTEMS,fp:b7122428,tier:H3"
"SAT_Math_16","16","math_v6_16","full_range","MATH16-M2-Q09","MATH","2","hard","9","Advanced Math","Nonlinear Functions","ADV_NF_007","Solve rational equation and reject excluded values","Solve rational equation and reject excluded values","hard","1","multiple_choice","","What is the solution to 3/(x - 2) + 1 = 5, with x ≠ 2?","2","3","7/4","11/4","D","4","Subtract 1 to get 3/(x-2)=4. Then 3=4x-8, so 4x=11 and x=11/4. This value is not excluded.","120","none","{}","","","","","","solve rational equation and reject excluded values","","math,domain:Advanced Math,skill:ADV_NF_007,arch:MATH_ARCH_073_RATIONAL_EQUATION_SOLVE,sim:SIM_RATIONAL_EQUATIONS,fp:3046657f,tier:H3"
"SAT_Math_16","16","math_v6_16","full_range","MATH16-M2-Q10","MATH","2","hard","10","Problem-Solving and Data Analysis","Probability","PSD_PROB_002","Compute conditional probability from a table subset","Compute conditional probability from a table subset","hard","1","multiple_choice","","The table summarizes 80 students by grade and whether they play an instrument. Given that a selected student is in 10th grade, what is the probability that the student plays an instrument?","3/10","4/5","4/7","3/5","D","4","The condition limits the sample space to the 40 tenth-grade students. Of these, 24 play an instrument, so the probability is 24/40 = 3/5.","120","table","{}","| Grade | Plays an instrument | Does not play an instrument | Total |\n|---|---:|---:|---:|\n| 10th | 24 | 16 | 40 |\n| 11th | 18 | 22 | 40 |\n| Total | 42 | 38 | 80 |","","","","","compute conditional probability from a table subset","","math,domain:Problem-Solving and Data Analysis,skill:PSD_PROB_002,arch:MATH_ARCH_050_CONDITIONAL_PROBABILITY_TABLE,sim:SIM_PROBABILITY_TABLES,fp:e1255682,tier:H3"
"SAT_Math_16","16","math_v6_16","full_range","MATH16-M2-Q11","MATH","2","hard","11","Geometry and Trigonometry","Trigonometry","GEO_TRIG_004","Use benchmark unit-circle values","Use benchmark unit-circle values","hard","1","multiple_choice","","If θ is an angle in standard position and θ = 5π/6 radians, what is cos θ?","√3/2","-1/2","-√3/2","1/2","C","3","The angle 5π/6 is in Quadrant II with reference angle π/6. Cosine is negative in Quadrant II, so cos(5π/6) = -√3/2.","100","none","{}","","","","","","use benchmark unit-circle values","","math,domain:Geometry and Trigonometry,skill:GEO_TRIG_004,arch:MATH_ARCH_098_UNIT_CIRCLE_BENCHMARK,sim:SIM_TRIGONOMETRY_RELATIONSHIPS,fp:0fc161b7,tier:H3"
"SAT_Math_16","16","math_v6_16","full_range","MATH16-M2-Q12","MATH","2","hard","12","Algebra","Systems of Equations","ALG_SYS_010","Translate multi-constraint budget/resource situation into inequalities","Translate multi-constraint budget/resource situation into inequalities","advanced","1","multiple_choice","","A club buys notebooks for $3 each and folders for $2 each. The club needs at least 40 items total and can spend no more than $100. If n is the number of notebooks and f is the number of folders, which system represents the constraints?","n + f ≤ 40 and 3n + 2f ≤ 100","n + f ≥ 40 and 3n + 2f ≤ 100","n + f ≥ 40 and 2n + 3f ≤ 100","n + f ≤ 100 and 3n + 2f ≥ 40","B","2","At least 40 items gives n+f≥40. Spending no more than $100 gives 3n+2f≤100.","110","none","{}","","","","","","translate multi-constraint budget/resource situation into inequalities","","math,domain:Algebra,skill:ALG_SYS_010,arch:MATH_ARCH_030_BUDGET_SYSTEM_INEQUALITIES,sim:SIM_LINEAR_SYSTEMS,fp:9699140a,tier:H2"
"SAT_Math_16","16","math_v6_16","full_range","MATH16-M2-Q13","MATH","2","hard","13","Advanced Math","Nonlinear Functions","ADV_NF_008","Model exponential growth or decay","Model exponential growth or decay","advanced","1","multiple_choice","","A population of bacteria starts at 800 and doubles every 3 hours. Which expression gives the population after t hours?","800(2)^(3t)","800(2)^(t/3)","800(3)^(t/2)","2(800)^(t/3)","B","2","Doubling every 3 hours means the number of doubling periods in t hours is t/3. The model is 800(2)^(t/3).","110","none","{}","","","","","","model exponential growth or decay","","math,domain:Advanced Math,skill:ADV_NF_008,arch:MATH_ARCH_074_EXPONENTIAL_GROWTH_DECAY,sim:SIM_EXPONENTIAL_MODELS,fp:186d9ba1,tier:H3"
"SAT_Math_16","16","math_v6_16","full_range","MATH16-M2-Q14","MATH","2","hard","14","Algebra","Linear Equations","ALG_LE_005","Solve a literal equation with parameters in terms of other variables","Solve a literal equation with parameters in terms of other variables","advanced","1","multiple_choice","","If a(x - b) = c(x + d), where a ≠ c, which expression is equivalent to x?","(ab - cd)/(a - c)","(c + d)/(a - b)","(ab + cd)/(a + c)","(ab + cd)/(a - c)","D","4","Expand to get ax-ab=cx+cd. Then ax-cx=ab+cd, so x(a-c)=ab+cd and x=(ab+cd)/(a-c).","130","none","{}","","","","","","solve a literal equation with parameters in terms of other variables","","math,domain:Algebra,skill:ALG_LE_005,arch:MATH_ARCH_014_LITERAL_EQUATION_PARAMETER,sim:SIM_LINEAR_EQUATIONS_AND_INEQUALITIES,fp:15033212,tier:H3"
"SAT_Math_16","16","math_v6_16","full_range","MATH16-M2-Q15","MATH","2","hard","15","Advanced Math","Nonlinear Functions","ADV_NF_010","Use quadratic formula to solve or analyze roots","Use quadratic formula to solve or analyze roots","advanced","1","multiple_choice","","The equation x^2 - 6x + k = 0 has exactly one real solution. What is the value of k?","-9","6","12","9","D","4","A quadratic has exactly one real solution when its discriminant is 0. Here (-6)^2-4(1)k=36-4k=0, so k=9.","120","none","{}","","","","","","use quadratic formula to solve or analyze roots","","math,domain:Advanced Math,skill:ADV_NF_010,arch:MATH_ARCH_076_QUADRATIC_SOLVE_FORMULA,sim:SIM_QUADRATIC_SOLVING,fp:afa79c44,tier:H3"
"SAT_Math_16","16","math_v6_16","full_range","MATH16-M2-Q16","MATH","2","hard","16","Advanced Math","Nonlinear Functions","ADV_NF_012","Interpret vertex form of a quadratic function","Interpret vertex form of a quadratic function","advanced","1","multiple_choice","","The function h is defined by h(x)= -2(x - 3)^2 + 18. What is the maximum value of h?","18","3","-2","20","A","1","The function is in vertex form. Since the coefficient of the squared term is negative, the vertex is the maximum point, and its y-value is 18.","110","none","{}","","","","","","interpret vertex form of a quadratic function","","math,domain:Advanced Math,skill:ADV_NF_012,arch:MATH_ARCH_078_QUADRATIC_VERTEX_FORM,sim:SIM_QUADRATIC_FEATURES,fp:58db6a53,tier:H3"
"SAT_Math_16","16","math_v6_16","full_range","MATH16-M2-Q17","MATH","2","hard","17","Geometry and Trigonometry","Area","GEO_AREA_001","Compute surface area of prism/cylinder or composite solid","Compute surface area of prism/cylinder or composite solid","advanced","1","multiple_choice","","A closed rectangular box has length 10, width 6, and height 4. What is its surface area?","248","120","188","240","A","1","Surface area is 2(lw+lh+wh)=2(10·6+10·4+6·4)=2(60+40+24)=248.","110","none","{}","","","","","","compute surface area of prism/cylinder or composite solid","","math,domain:Geometry and Trigonometry,skill:GEO_AREA_001,arch:MATH_ARCH_100_SOLID_SURFACE_AREA,sim:SIM_SOLID_MEASUREMENT,fp:d858b591,tier:H3"
"SAT_Math_16","16","math_v6_16","full_range","MATH16-M2-Q18","MATH","2","hard","18","Algebra","Systems of Equations","ALG_SYS_008","Find maximum possible coordinate from two linear inequalities","Find maximum possible coordinate from two linear inequalities","advanced","1","student_response","","A pair (x, y) satisfies x + y ≤ 14, x ≥ 0, y ≥ 0, and y ≥ 2x. What is the greatest possible value of x?","","","","","","","Since y must be at least 2x, the largest x occurs when y=2x and x+y=14. Then x+2x=14, so 3x=14 and x=14/3.","130","none","{}","","","fraction","14/3","0","find maximum possible coordinate from two linear inequalities","","math,domain:Algebra,skill:ALG_SYS_008,arch:MATH_ARCH_027_SYSTEM_INEQUALITIES_MAX_COORDINATE,sim:SIM_LINEAR_SYSTEMS,fp:de6481e2,tier:H2"
"SAT_Math_16","16","math_v6_16","full_range","MATH16-M2-Q19","MATH","2","hard","19","Advanced Math","Nonlinear Functions","ADV_NF_014","Use discriminant to determine number/type of solutions","Use discriminant to determine number/type of solutions","advanced","1","student_response","","For the equation 2x^2 + 5x + c = 0, the discriminant is 1. What is the value of c?","","","","","","","The discriminant is b^2-4ac. Here 5^2-4(2)c=1, so 25-8c=1. Thus 8c=24 and c=3.","120","none","{}","","","integer","3","0","use discriminant to determine number/type of solutions","","math,domain:Advanced Math,skill:ADV_NF_014,arch:MATH_ARCH_080_QUADRATIC_DISCRIMINANT,sim:SIM_QUADRATIC_SOLVING,fp:72a2f3a9,tier:H3"
"SAT_Math_16","16","math_v6_16","full_range","MATH16-M2-Q20","MATH","2","hard","20","Algebra","Linear Equations","ALG_LE_011","Solve inequality with discrete rounding or ceiling/floor interpretation","Solve inequality with discrete rounding or ceiling/floor interpretation","advanced","1","multiple_choice","","A shuttle can carry at most 14 passengers per trip. What is the least number of trips needed to carry 95 passengers?","6","8","14","7","D","4","Six trips can carry 6·14=84 passengers, which is not enough. Seven trips can carry 98 passengers, so the least number is 7.","100","none","{}","","","","","","solve inequality with discrete rounding or ceiling/floor interpretation","","math,domain:Algebra,skill:ALG_LE_011,arch:MATH_ARCH_031_INTEGER_ROUNDING_INEQUALITY,sim:SIM_LINEAR_EQUATIONS_AND_INEQUALITIES,fp:0fac06b8,tier:H2"
"SAT_Math_16","16","math_v6_16","full_range","MATH16-M2-Q21","MATH","2","hard","21","Geometry and Trigonometry","Triangles","GEO_TRI_006","Use similar triangles and scale factors","Use similar triangles and scale factors","advanced","1","multiple_choice","","Triangles ABC and DEF shown are similar, with A corresponding to D, B corresponding to E, and C corresponding to F. If AB = 6, DE = 10, and DF = 25, what is the length of AC?","12","15","18","30","B","2","Corresponding side lengths have the same scale factor. Since DE/AB = 10/6 = 5/3, DF/AC = 5/3. Thus 25/AC = 5/3, so AC = 15.","140","triangle","{""diagram_type"":""similar_triangles"",""render_mode"":""near_to_scale"",""not_to_scale"":true,""triangles"":[{""triangle_id"":""ABC"",""vertices"":[""A"",""B"",""C""],""side_labels"":{""AB"":""6"",""AC"":""x""},""angle_labels"":{}},{""triangle_id"":""DEF"",""vertices"":[""D"",""E"",""F""],""side_labels"":{""DE"":""10"",""DF"":""25""},""angle_labels"":{}}],""correspondence"":{""A"":""D"",""B"":""E"",""C"":""F""},""target"":""AC""}","","","","","","use similar triangles and scale factors","","math,domain:Geometry and Trigonometry,skill:GEO_TRI_006,arch:MATH_ARCH_089_SIMILAR_TRIANGLES_SCALE,sim:SIM_SIMILAR_TRIANGLES,fp:9a461d4a,tier:H3"
"SAT_Math_16","16","math_v6_16","full_range","MATH16-M2-Q22","MATH","2","hard","22","Advanced Math","Nonlinear Functions","ADV_NF_001","Determine parameters for a line and parabola system with two real solutions","Determine parameters for a line and parabola system with two real solutions","advanced","1","multiple_choice","","For which value of k does the line y = kx + 1 intersect the parabola y = x^2 - 3x + 5 at exactly one point?","0","3","5","1","D","4","Set the equations equal: x^2 - 3x + 5 = kx + 1, so x^2 -(k+3)x + 4 = 0. Exactly one intersection means the discriminant is 0: (k+3)^2 - 16 = 0. Thus k+3 = 4 or k+3 = -4, giving k=1 or k=-7. Of the choices, only 1 works.","150","none","{}","","","","","","determine parameters for a line and parabola system with two real solutions","","math,domain:Advanced Math,skill:ADV_NF_001,arch:MATH_ARCH_022_SYSTEM_QUADRATIC_LINE_TWO_SOLUTIONS,sim:SIM_QUADRATIC_SOLVING,fp:d44563cd,tier:H3"