"test_id","exam_version","generation_batch_id","target_score_band","question_id","section","module","route","question_number","content_domain","skill_group","skill_code","skill_label","question_topic","difficulty","scoring_weight","question_type","passage","question","choice_a","choice_b","choice_c","choice_d","correct_answer","correct_choice_index","explanation","time_estimate_sec","visual_type","visual_json","table_markdown","equation_latex","student_response_type","correct_numeric_answer","answer_tolerance","primary_skill","secondary_skill","tags"
"SAT_RW_45","RW.45","45","650-800","RW45_M1_Q01","RW","1","base","1","Craft and Structure","Words in Context","RW_WIC_001","Determine meaning or function of a word/phrase in context","context-specific meaning","Easy","1","multiple_choice","To keep an invasive reed from overtaking a restored marsh, ecologists tested two strategies. One crew removed every visible shoot at the start of summer; another cut only the tallest shoots but returned monthly. By autumn, the one-time removal plots had filled in again, whereas the repeatedly cut plots contained far fewer new stems. The researchers concluded that repeated disturbance can check the reed's expansion even when the underground roots remain. They cautioned, however, that the strategy would need to continue for several years before native sedges could reclaim the open space.","Which choice best states the meaning of “check” as used in the text?","inspect","record","calculate","restrain","D","4","Here, “check” means to restrain or limit the reed’s expansion. The other choices name common senses of the word that do not fit the ecological context.","60","none","{}","","","","","","Words in Context","","rw,passage:R003,arch:RW_WIC_001,sim:rw_words_in_context_cause_effect,fp:8c7c25ad75ca,surf:SURF_RW_WIC_001,wic,hard_vocab,vocab:HV_007,tier:V3,target:check,wic_arch:WIC_DIRECT_MEANING_01,family:direct_meaning"
"SAT_RW_45","RW.45","45","650-800","RW45_M1_Q02","RW","1","base","2","Craft and Structure","Words in Context","RW_WIC_002","Determine meaning or function of a word/phrase in context","word’s role in a claim","Easy","1","multiple_choice","Architect Lina Bo Bardi designed the São Paulo Museum of Art so that its main gallery would hover above an open plaza. The building's dramatic span is often described as monumental, but the plaza below was intended for ordinary public life: markets, demonstrations, and informal gatherings. Calling the gallery “monumental,” then, does not imply that the museum turns away from daily activity. Instead, the word marks a contrast between the building's imposing form and the flexible, civic space that the form protects beneath it.","Which choice best describes the function of “monumental” in the passage?","It suggests that the museum was built chiefly to commemorate a historical event.","It emphasizes the gallery’s imposing scale so that the plaza’s everyday uses stand out by contrast.","It indicates that the plaza is too formal for markets and demonstrations.","It proves that the gallery’s engineering was more important than its public purpose.","B","2","The word highlights the gallery’s imposing scale, which sharpens the contrast with the plaza’s ordinary civic uses. The other choices assign claims that the passage does not make.","60","none","{}","","","","","","Words in Context","","rw,passage:R009,arch:RW_WIC_002,sim:rw_words_in_context_purpose_sentence,fp:cf39128a81e2,surf:SURF_RW_WIC_002,wic,hard_vocab,vocab:HV_117,tier:V3,target:monumental,wic_arch:WIC_RELATION_FUNCTION_01,family:relation_function"
"SAT_RW_45","RW.45","45","650-800","RW45_M1_Q03","RW","1","base","3","Craft and Structure","Words in Context","RW_WIC_003","Determine meaning or function of a word/phrase in context","context-specific meaning","Easy","1","multiple_choice","A translator preparing a new edition of a nineteenth-century travel diary faced a recurring problem: the writer used the verb “render” in several different ways. In descriptions of storms, the wind rendered roads impassable; in discussions of painting, an artist rendered distant hills in pale blue. The translator retained the same English verb in both places because the surrounding clauses make the intended sense clear. In the storm passage, “render” describes a change in condition, not an act of drawing or presenting an image.","As used in the storm passage, “render” most nearly means","portray","deliver","make","translate","C","3","In the storm passage, the wind causes the roads to become impassable, so “render” means “make.” The other choices fit other senses of the verb but not this sentence.","60","none","{}","","","","","","Words in Context","","rw,passage:E001,arch:RW_WIC_003,sim:rw_words_in_context_word_function,fp:939fa76a8c30,surf:SURF_RW_WIC_003,wic,hard_vocab,vocab:HV_002,tier:V3,target:render,wic_arch:WIC_DIRECT_MEANING_01,family:direct_meaning"
"SAT_RW_45","RW.45","45","650-800","RW45_M1_Q04","RW","1","base","4","Craft and Structure","Text Structure and Purpose","RW_TSP_001","Analyze structure or purpose","organization of an argument","Easy","1","multiple_choice","For decades, biologists assumed that the silverleaf nightjar avoided bright moonlight because it made the bird more visible to predators. Yet audio recorders placed across a savanna detected more nightjar calls on bright nights than on dark ones. Follow-up observations showed that flying insects were also more abundant during moonlit hours, especially after warm days. The researchers therefore proposed that the birds accept greater exposure when brighter conditions improve their chances of finding prey. The new account does not deny that moonlight can increase risk; it suggests that food availability can sometimes outweigh that cost.","Which choice best describes the overall structure of the text?","It presents a long-standing explanation, introduces evidence that complicates it, and offers a revised explanation.","It lists several unrelated observations before identifying the oldest one.","It describes a research method and then argues that the method should be abandoned.","It compares two bird species and concludes that they respond identically to moonlight.","A","1","The text begins with an established explanation, reports observations inconsistent with it, and then proposes a more qualified account. The distractors misstate the sequence and subject.","75","none","{}","","","","","","Text Structure and Purpose","","rw,passage:E006,arch:RW_TSP_001,sim:rw_text_structure_and_purpose_purpose_sentence,fp:80ec5f700984,surf:SURF_RW_TSP_001"
"SAT_RW_45","RW.45","45","650-800","RW45_M1_Q05","RW","1","base","5","Craft and Structure","Text Structure and Purpose","RW_TSP_002","Analyze structure or purpose","function of an example","Easy","1","multiple_choice","In a review of a new translation of the epic Sundiata, a critic notes that the translator often preserves repeated phrases from the oral-performance tradition. To illustrate the effect, the critic quotes three lines in which the hero's name begins successive clauses. On the page, the repetition may look excessive, the critic observes, but when spoken aloud it creates rhythm and gives listeners time to anticipate the next action. The example supports the review's broader claim that features seeming redundant in print can be essential to the pacing of an orally rooted work.","What is the main purpose of the quoted example described in the text?","To prove that the new translation is shorter than all earlier versions","To show that the epic’s hero appears in every scene of the work","To argue that oral performances should never be published in written form","To demonstrate how repetition can contribute to rhythm and pacing in an oral tradition","D","4","The example illustrates the critic’s claim that repetition, though visually redundant, performs an important rhythmic function when spoken. The other choices go beyond or contradict the text.","75","none","{}","","","","","","Text Structure and Purpose","","rw,passage:R015,arch:RW_TSP_002,sim:rw_text_structure_and_purpose_word_function,fp:6e86d39c53ae,surf:SURF_RW_TSP_002"
"SAT_RW_45","RW.45","45","650-800","RW45_M1_Q06","RW","1","base","6","Craft and Structure","Text Structure and Purpose","RW_TSP_003","Analyze structure or purpose","function of a concluding qualification","Medium","1","multiple_choice","A community archive in coastal Maine began digitizing handwritten ship logs so that researchers could search them remotely. Volunteers initially typed every entry into a database, but inconsistent spellings made the search results unreliable. The archive then added scanned images beside the transcriptions and invited users to flag doubtful readings. Within a year, hundreds of entries had been corrected. The project still cannot make every faded word legible, but it now allows uncertainty to remain visible rather than hiding it behind a seemingly definitive transcription.","Which choice best describes the function of the final sentence?","It introduces a new digitization project unrelated to the one described earlier.","It claims that scanned images are always easier to read than handwritten originals.","It qualifies the project’s success by emphasizing that the revised system manages uncertainty rather than eliminating it.","It explains why the archive stopped allowing users to suggest corrections.","C","3","The final sentence limits the claim of success: the system does not solve every reading problem, but it represents doubt honestly. The distractors introduce unsupported claims.","75","none","{}","","","","","","Text Structure and Purpose","","rw,passage:R021,arch:RW_TSP_003,sim:rw_text_structure_and_purpose_revision_goal,fp:e2160d233d50,surf:SURF_RW_TSP_003"
"SAT_RW_45","RW.45","45","650-800","RW45_M1_Q07","RW","1","base","7","Craft and Structure","Cross-Text Connections","RW_CTC_001","Compare claims across paired texts","agreement with qualification","Medium","1","multiple_choice","Text 1: Urban forester Marisol Vega argues that planting many tree species along city streets can make the canopy more resilient. A pest that attacks one species is less likely to damage all the trees at once, and varied flowering times can provide food for insects across a longer season. Diversity, Vega says, is therefore a form of ecological insurance. She points to districts where mixed plantings retained shade after a beetle outbreak killed most trees of one commonly planted species.

Text 2: Municipal arborist Kenji Ito agrees that reliance on a single species can be risky. He notes, however, that highly varied plantings can complicate pruning schedules, replacement-part inventories, and staff training. Ito recommends increasing diversity gradually while tracking which species thrive under local soil and traffic conditions. A planting plan, in his view, succeeds only if crews can care for the trees over decades.","Based on the texts, how would Ito most likely respond to Vega’s claim that species diversity provides ecological insurance?","He would agree with the claim but argue that cities should pursue diversity in a way that accounts for maintenance capacity.","He would reject the claim because pests never affect more than one tree species.","He would agree only if cities replace all existing trees at the same time.","He would argue that flowering times matter more than pest resistance in every city.","A","1","Ito accepts Vega’s basic ecological reasoning but adds a practical qualification about implementation and maintenance. The other responses conflict with Text 2.","75","none","{}","","","","","","Cross-Text Connections","","rw,passage:R006,arch:RW_CTC_001,sim:rw_cross_text_connections_word_function,fp:07514792a864,surf:SURF_RW_CTC_001"
"SAT_RW_45","RW.45","45","650-800","RW45_M1_Q08","RW","1","base","8","Information and Ideas","Central Ideas and Details","RW_CID_001","Identify main idea, key detail, or summary","central claim","Medium","1","multiple_choice","Museum labels often identify an object's maker, date, and material, but curator Amina Okafor found that visitors also wanted to know how an object had been used. In a gallery of household ceramics, her team replaced several technical labels with short accounts drawn from owners' letters and inventories. Visitors spent more time at those cases and were more likely to discuss the objects with companions. Okafor does not argue that technical information should disappear. Rather, she proposes pairing it with evidence of everyday use so that visitors can connect an artifact's physical features with the lives organized around it.","Which choice best states the central idea of the text?","Museums should remove dates and materials from all labels because visitors dislike technical information.","Household ceramics are more historically valuable than objects made for ceremonial purposes.","Visitors usually prefer reading private letters to looking at objects in museum cases.","Museum labels can engage visitors more effectively when technical facts are combined with evidence about an object’s everyday use.","D","4","The passage argues for combining technical description with evidence of use, not replacing one with the other. The other choices overstate or distort the findings.","75","none","{}","","","","","","Central Ideas and Details","","rw,passage:R001,arch:RW_CID_001,sim:rw_central_ideas_and_details_main_claim,fp:2013ac911a3b,surf:SURF_RW_CID_001"
"SAT_RW_45","RW.45","45","650-800","RW45_M1_Q09","RW","1","base","9","Information and Ideas","Central Ideas and Details","RW_CID_002","Identify main idea, key detail, or summary","supporting detail","Medium","1","multiple_choice","When composer Florence Price prepared her Symphony No. 3, she drew on both European symphonic conventions and musical forms associated with Black American traditions. The work includes a scherzo, a movement type common in European concert music, but its rhythmic drive evokes the juba dance. Price did not simply place the traditions side by side: she used their interaction to shape the movement's momentum. This combination challenges descriptions of her music as divided between “classical” and “vernacular” elements, because the categories operate together within the same musical argument.","Which detail from the text best illustrates the interaction of musical traditions in Price’s symphony?","The scherzo follows a European movement type while drawing rhythmic energy from the juba dance.","The symphony is numbered third in Price’s catalog.","The work was prepared by a composer named Florence Price.","Some descriptions divide music into classical and vernacular categories.","A","1","The scherzo’s form and rhythm come from different traditions and function together, directly illustrating the passage’s point. The other details do not show such interaction.","75","none","{}","","","","","","Central Ideas and Details","","rw,passage:R002,arch:RW_CID_002,sim:rw_central_ideas_and_details_supporting_detail,fp:710f18da28ad,surf:SURF_RW_CID_002"
"SAT_RW_45","RW.45","45","650-800","RW45_M1_Q10","RW","1","base","10","Information and Ideas","Command of Evidence","RW_COE_001","Use textual or quantitative evidence","evidence strengthening a causal claim","Medium","1","multiple_choice","Botanist Elena Ruiz proposed that a desert shrub's pale leaf hairs reduce heat stress by reflecting sunlight. She compared ordinary shrubs with plants whose leaf hairs had been gently flattened using a clear, breathable coating. The coating itself did not block pores, and both groups received the same amount of water. On cloudless afternoons, coated leaves became warmer and lost water faster than untreated leaves. Ruiz concluded that the hairs contribute to cooling rather than merely protecting the leaf from windblown sand.","Which finding, if true, would most directly strengthen Ruiz’s conclusion?","Shrubs with pale hairs are common in several deserts on different continents.","Removing the reflective hairs increases leaf temperature even when airflow and water availability are held constant.","The clear coating takes less time to apply to small leaves than to large leaves.","Windblown sand can scratch both coated and untreated leaves during storms.","B","2","The proposed finding isolates the presence of reflective hairs and links their removal to higher temperature, directly supporting the cooling explanation. The other findings do not test that mechanism.","75","none","{}","","","","","","Command of Evidence","","rw,passage:R005,arch:RW_COE_001,sim:rw_command_of_evidence_supporting_detail,fp:5cd7f5422c81,surf:SURF_RW_COE_001"
"SAT_RW_45","RW.45","45","650-800","RW45_M1_Q11","RW","1","base","11","Information and Ideas","Command of Evidence","RW_COE_002","Use textual or quantitative evidence","quantitative evidence interpretation","Medium","1","multiple_choice","A library tested whether adding brief topic descriptions to workshop announcements would affect registration. For four workshops, the library posted the original title for one week and then posted the same title with a one-sentence description for another week. Staff kept the posting locations and registration links unchanged. They predicted that descriptions would especially help workshops whose titles did not clearly indicate the content. Because the workshops differed in subject and baseline popularity, the staff focused on the size of the change for each workshop rather than comparing raw totals alone.","Which choice best uses the data in the table to support the staff’s prediction?","Every workshop received exactly twice as many registrations after a description was added.","Descriptions produced the largest registration increases for “Hidden Layers” and “Signals at Night,” the two least self-explanatory titles.","“Budget Basics” had the fewest total registrations across both weeks.","The description reduced registrations for “Repairing Family Photos.”","B","2","The two ambiguous titles show the largest gains: 9 to 24 and 11 to 27. The other statements are contradicted by the table.","75","table","{}","| Workshop title | Registrations: title only | Registrations: title + description |
|---|---:|---:|
| Budget Basics | 31 | 36 |
| Hidden Layers | 9 | 24 |
| Repairing Family Photos | 22 | 29 |
| Signals at Night | 11 | 27 |","","","","","Command of Evidence","","rw,passage:R008,arch:RW_COE_002,sim:rw_command_of_evidence_contrast,fp:dc3a3f28b6f3,surf:SURF_RW_COE_002"
"SAT_RW_45","RW.45","45","650-800","RW45_M1_Q12","RW","1","base","12","Information and Ideas","Inferences","RW_INF_001","Draw supported conclusions","inference from behavioral evidence","Medium","1","multiple_choice","To study how bumblebees navigate cluttered spaces, researchers built tunnels containing vertical rods. Some tunnels presented rods at regular intervals, while others used irregular spacing. Bees flew more slowly through both kinds of tunnels than through an empty tunnel, but they collided less often in the irregular arrangement. Video showed that in irregular tunnels, bees made small side-to-side adjustments earlier in each flight. The researchers noted that regular patterns may encourage a bee to repeat one steering rhythm even when the next gap requires a different movement.","Which choice most logically follows from the text?","Bees are unable to fly through spaces containing regularly spaced objects.","The fastest flight path is always the one with the fewest collisions.","Vertical rods affect bees only when the rods are arranged irregularly.","Irregular spacing may prompt bees to evaluate each gap individually rather than rely on a repeated steering pattern.","D","4","The earlier adjustments and lower collision rate in irregular tunnels support the inference that bees respond to each gap rather than repeat one rhythm. The other choices are too absolute or contradicted.","75","none","{}","","","","","","Inferences","","rw,passage:R007,arch:RW_INF_001,sim:rw_inferences_contrast,fp:4d198f7afb87,surf:SURF_RW_INF_001"
"SAT_RW_45","RW.45","45","650-800","RW45_M1_Q13","RW","1","base","13","Information and Ideas","Inferences","RW_INF_002","Draw supported conclusions","inference about a policy limitation","Medium","1","multiple_choice","A city offered free bus passes to residents of two neighborhoods, but pass use differed sharply. In the first neighborhood, most homes were within a five-minute walk of a frequent bus line. In the second, buses arrived just once each hour, and the nearest stops were farther from many homes. Surveys showed similar interest in public transit in both places. Although the program removed the cost of riding, the second neighborhood's residents used the passes much less often.","Which conclusion is best supported by the text?","Residents of the second neighborhood were less interested in public transit before the program began.","Reducing fares may not substantially increase ridership when service is infrequent or difficult to reach.","Free passes cause bus lines to reduce the frequency of their service.","Walking distance has no relationship to whether residents use public transit.","B","2","Because interest was similar but access and frequency differed, the passage supports the conclusion that cost alone does not determine use. The distractors contradict the evidence.","75","none","{}","","","","","","Inferences","","rw,passage:R011,arch:RW_INF_002,sim:rw_inferences_cause_effect,fp:5e85a5ea0857,surf:SURF_RW_INF_002"
"SAT_RW_45","RW.45","45","650-800","RW45_M1_Q14","RW","1","base","14","Information and Ideas","Inferences","RW_INF_003","Draw supported conclusions","literary character inference","Medium","1","multiple_choice","Mara had promised to deliver the repaired clock before noon, yet she paused outside the shop with the wrapped parcel under her arm. Through the window she could see the owner rearranging an empty shelf, glancing at the door each time a cart rattled past. Mara checked the knot in the string, though it had not loosened. The clock worked perfectly; that was not the trouble. Inside the parcel, beneath the clock, lay a note she had rewritten three times and still did not know how to sign.","What can reasonably be inferred about Mara?","She doubts that the repaired clock keeps accurate time.","She is delaying because delivering the clock will also require her to confront a difficult personal message.","She plans to sell the clock to a different shop owner.","She has forgotten where the shop is located.","B","2","The clock is working, but Mara focuses on the repeatedly rewritten note, indicating that the message—not the repair—is causing her hesitation. The other inferences lack support.","75","none","{}","","","","","","Inferences","","rw,passage:E002,arch:RW_INF_003,sim:rw_inferences_purpose_sentence,fp:a74e7df3b783,surf:SURF_RW_INF_003"
"SAT_RW_45","RW.45","45","650-800","RW45_M1_Q15","RW","1","base","15","Standard English Conventions","Boundaries","SEC.BND","Boundaries","independent-clause boundary","Medium","1","multiple_choice","At dawn, technicians labeled each bag and checked the portable scales. The field team completed its survey before the first heavy rain ____ the soil samples remained dry enough for accurate weighing.","Which choice completes the text so that it conforms to the conventions of Standard English?",";",",",":","and","A","1","A semicolon correctly joins the two closely related independent clauses. A comma would create a comma splice, a colon is not introducing an explanation or list, and “and” would require a preceding comma.","45","none","{}","","","","","","Boundaries","","rw,sec,grammar,arch:SEC-BND-001,sim:SEC.BND:sentence_boundary_semicolon:A. minimal-context version,fp:72c5477d3e49,ctx:CTX-GRM-001,tier:SEC1"
"SAT_RW_45","RW.45","45","650-800","RW45_M1_Q16","RW","1","base","16","Standard English Conventions","Boundaries","SEC.BND","Boundaries","introductory phrase punctuation","Medium","1","multiple_choice","The two maps were drawn a decade apart and used different coastal symbols. After comparing the two surviving maps ____ the historian identified a harbor that had disappeared from later charts.","Which choice completes the text so that it conforms to the conventions of Standard English?",";",":","—",",","D","4","An introductory prepositional phrase is followed by a comma. A semicolon cannot separate a phrase from the main clause, and neither a colon nor a dash is justified at this boundary.","45","none","{}","","","","","","Boundaries","","rw,sec,grammar,arch:SEC-BND-021,sim:SEC.BND:introductory_phrase_comma:A. minimal-context version,fp:3b1f2fcf8504,ctx:CTX-GRM-005,tier:SEC2"
"SAT_RW_45","RW.45","45","650-800","RW45_M1_Q17","RW","1","base","17","Standard English Conventions","Boundaries","SEC.BND","Boundaries","nonessential appositive","Medium","1","multiple_choice","The annual conference session focused on new methods for tracing shoreline change. Dr. Leena Patel ____ presented the new analysis at the coastal geology conference.","Which choice completes the text so that it conforms to the conventions of Standard English?","a specialist in sediment transport,",", a specialist in sediment transport",", a specialist in sediment transport,","; a specialist in sediment transport;","C","3","The description “a specialist in sediment transport” is a nonessential appositive and must be enclosed by commas. The other choices omit a needed comma or use semicolons incorrectly.","45","none","{}","","","","","","Boundaries","","rw,sec,grammar,arch:SEC-BND-027,sim:SEC.BND:nonessential_appositive:B. internal punctuation nearby,fp:a7a5f868664c,ctx:CTX-GRM-007,tier:SEC2"
"SAT_RW_45","RW.45","45","650-800","RW45_M1_Q18","RW","1","base","18","Standard English Conventions","Boundaries","SEC.BND","Boundaries","conjunctive-adverb boundary","Medium","1","multiple_choice","Engineers tested the humidity sensor inside a chamber with tightly controlled temperature. The sensor had been calibrated twice ____ nevertheless, its readings drifted whenever the chamber became humid.","Which choice completes the text so that it conforms to the conventions of Standard English?",",",";",".",":","B","2","A semicolon must precede the conjunctive adverb “nevertheless” when it links two independent clauses. A comma creates a splice, a period would require “Nevertheless” to be capitalized, and a colon does not express the relationship.","45","none","{}","","","","","","Boundaries","","rw,sec,grammar,arch:SEC-BND-051,sim:SEC.BND:conjunctive_adverb_boundary:A. minimal-context version,fp:988123145909,ctx:CTX-GRM-012,tier:SEC3"
"SAT_RW_45","RW.45","45","650-800","RW45_M1_Q19","RW","1","base","19","Standard English Conventions","Form, Structure, and Sense","SEC.FSS","Form, Structure, and Sense","subject-verb agreement","Medium","1","multiple_choice","The oral-history project includes residents from several generations and occupations. A series of interviews with longtime residents ____ how the neighborhood market changed after the rail station opened.","Which choice completes the text so that it conforms to the conventions of Standard English?","show","have shown","showing","shows","D","4","The singular head noun “series” requires the singular verb “shows.” “Show” and “have shown” disagree with the subject, and “showing” cannot serve as the sentence’s finite verb.","45","none","{}","","","","","","Form, Structure, and Sense","","rw,sec,grammar,arch:SEC-FSS-002,sim:SEC.FSS:subject_verb_agreement:B. intervening material,fp:c0d3acf52ff4,ctx:CTX-GRM-010,tier:SEC2"
"SAT_RW_45","RW.45","45","650-800","RW45_M1_Q20","RW","1","base","20","Standard English Conventions","Form, Structure, and Sense","SEC.FSS","Form, Structure, and Sense","logical verb tense","Medium","1","multiple_choice","Club members used the same telescope and calibration procedure throughout the season. Last spring, the astronomy club ____ the brightness of the variable star on twenty clear nights and compared the measurements with older records.","Which choice completes the text so that it conforms to the conventions of Standard English?","records","will record","has recorded","recorded","D","4","The past-time cue “Last spring” calls for the simple past verb “recorded.” The present, future, and present-perfect forms do not fit the completed past action.","45","none","{}","","","","","","Form, Structure, and Sense","","rw,sec,grammar,arch:SEC-FSS-006,sim:SEC.FSS:verb_tense_sequence:A. single-trap version,fp:f709484b8208,ctx:CTX-GRM-006,tier:SEC2"
"SAT_RW_45","RW.45","45","650-800","RW45_M1_Q21","RW","1","base","21","Standard English Conventions","Form, Structure, and Sense","SEC.FSS","Form, Structure, and Sense","parallel structure","Medium","1","multiple_choice","The selection committee evaluates both artistic merit and potential community impact. The fellowship requires applicants to submit a work sample, to provide two references, and ____ how the proposed project would serve local residents.","Which choice completes the text so that it conforms to the conventions of Standard English?","an explanation of","to explain","explaining","they explain","B","2","The infinitive “to explain” is parallel with “to submit” and “to provide.” The other choices break the grammatical pattern of the three coordinated requirements.","45","none","{}","","","","","","Form, Structure, and Sense","","rw,sec,grammar,arch:SEC-FSS-034,sim:SEC.FSS:parallel_structure:D. logic cue,fp:86adf1dec1d6,ctx:CTX-GRM-018,tier:SEC3"
"SAT_RW_45","RW.45","45","650-800","RW45_M1_Q22","RW","1","base","22","Expression of Ideas","Transitions","RW_TR_001","Select transition that logically connects ideas","conclusion transition","Medium","1","multiple_choice","Early maps of the river show a broad bend beside the old courthouse. Modern satellite images reveal that the channel now runs nearly straight through the same area. ____ the river’s course has changed substantially since the maps were drawn.","Which transition most logically completes the text?","Thus,","For example,","Meanwhile,","Nevertheless,","A","1","“Thus” logically introduces the conclusion drawn from the contrast between the early maps and modern images. The other transitions signal illustration, simultaneity, or concession instead.","60","none","{}","","","","","","Transitions","","rw,passage:R004,arch:RW_TR_001,sim:rw_transitions_logical_link,fp:9950a8d370a1,surf:SURF_RW_TR_001"
"SAT_RW_45","RW.45","45","650-800","RW45_M1_Q23","RW","1","base","23","Expression of Ideas","Transitions","RW_TR_002","Select transition that logically connects ideas","cause-and-effect transition","Medium","1","multiple_choice","The ceramic tiles were fired at a lower temperature than the artist intended. Their surfaces remained slightly porous. ____ several tiles absorbed moisture and cracked during the first winter outdoors.","Which choice best signals the result described in the final sentence?","Consequently,","Likewise,","In particular,","Even so,","A","1","“Consequently” shows that the cracking resulted from the tiles’ porosity. The other choices indicate similarity, specification, or contrast rather than cause and effect.","60","none","{}","","","","","","Transitions","","rw,passage:R010,arch:RW_TR_002,sim:rw_transitions_punctuation_boundary,fp:c83ea9524d2f,surf:SURF_RW_TR_002"
"SAT_RW_45","RW.45","45","650-800","RW45_M1_Q24","RW","1","base","24","Expression of Ideas","Transitions","RW_TR_003","Select transition that logically connects ideas","sequence transition","Medium","1","multiple_choice","The engineering students first tested the bridge model with evenly distributed weights. ____ they moved the same total weight toward one end to see how an unbalanced load would affect the structure.","Which choice most logically marks the sequence of events?","Instead,","Next,","Admittedly,","For instance,","B","2","“Next” marks the second step in a sequence of tests. The other choices indicate replacement, concession, or example rather than chronological progression.","60","none","{}","","","","","","Transitions","","rw,passage:E004,arch:RW_TR_003,sim:rw_transitions_verb_pronoun_agreement,fp:c1585e8be7c8,surf:SURF_RW_TR_003"
"SAT_RW_45","RW.45","45","650-800","RW45_M1_Q25","RW","1","base","25","Expression of Ideas","Rhetorical Synthesis","RW_RS_001","Use notes to achieve a writing goal","synthesize dual effects","Medium","1","multiple_choice","A student took the following notes: Biologist Wangari Maathai founded Kenya’s Green Belt Movement in 1977; the movement organized women to plant trees; tree planting addressed soil erosion and fuelwood shortages; participants also gained income and civic experience.","Which choice most effectively uses the notes to emphasize both an environmental and a social effect of the Green Belt Movement?","By organizing women to plant trees, the Green Belt Movement reduced environmental pressures such as soil erosion while also providing participants with income and civic experience.","Founded in 1977 by Wangari Maathai, the Green Belt Movement planted trees in Kenya.","Soil erosion and fuelwood shortages were among the environmental problems present in Kenya.","Participants in the Green Belt Movement gained civic experience, although the movement’s tree planting had no environmental purpose.","A","1","The correct choice accurately connects an environmental effect with social benefits. The other choices mention only one side of the goal or misstate the notes.","65","none","{}","","","","","","Rhetorical Synthesis","","rw,passage:E009,arch:RW_RS_001,sim:rw_rhetorical_synthesis_revision_goal,fp:768f9eb1770c,surf:SURF_RW_RS_001"
"SAT_RW_45","RW.45","45","650-800","RW45_M1_Q26","RW","1","base","26","Expression of Ideas","Rhetorical Synthesis","RW_RS_002","Use notes to achieve a writing goal","audience-focused introduction","Medium","1","multiple_choice","A student took the following notes: The axolotl is a salamander native to lakes near Mexico City; unlike most salamanders, it usually retains juvenile aquatic features as an adult; it can regenerate damaged limbs and portions of some organs; scientists study its regeneration to better understand tissue repair.","Which choice most effectively uses the notes to introduce the axolotl to an audience interested in biomedical research?","Because the axolotl can regrow limbs and portions of some organs, researchers study this aquatic salamander for clues about tissue repair.","The axolotl is native to lakes near Mexico City and usually keeps juvenile aquatic features as an adult.","Many salamanders change form as they mature, but the axolotl is associated with lakes near Mexico City.","Scientists interested in tissue repair study many organisms, and the axolotl is a salamander.","A","1","The correct choice selects the regeneration detail and directly links it to biomedical research. The distractors focus on less relevant facts or make the research connection vague.","65","none","{}","","","","","","Rhetorical Synthesis","","rw,passage:R016,arch:RW_RS_002,sim:rw_rhetorical_synthesis_logical_link,fp:5b94eef160bc,surf:SURF_RW_RS_002"
"SAT_RW_45","RW.45","45","650-800","RW45_M1_Q27","RW","1","base","27","Expression of Ideas","Rhetorical Synthesis","RW_RS_003","Use notes to achieve a writing goal","connect technique and effect","Medium","1","multiple_choice","A student took the following notes: Poet Gwendolyn Brooks published A Street in Bronzeville in 1945; the collection portrays everyday life in a Chicago neighborhood; Brooks often uses compressed language and shifts in voice; these techniques allow individual speakers to suggest broader community tensions.","Which choice most effectively uses the notes to explain how Brooks’s technique contributes to the collection’s portrayal of community life?","A Street in Bronzeville was published in 1945 and portrays a neighborhood in Chicago.","Brooks’s collection contains individual speakers, and some poetry collections use compressed language.","In A Street in Bronzeville, Brooks uses compressed language and shifting voices so that individual speakers reveal tensions extending across the wider community.","Community tensions disappeared when Brooks shifted from one speaker to another in the collection.","C","3","The correct choice links the named techniques to the broader portrayal of community tensions. The other choices omit that relationship or contradict the notes.","65","none","{}","","","","","","Rhetorical Synthesis","","rw,passage:R022,arch:RW_RS_003,sim:rw_rhetorical_synthesis_punctuation_boundary,fp:2355dd3fe1ef,surf:SURF_RW_RS_003"
"SAT_RW_45","RW.45","45","650-800","RW45_M2_Q01","RW","2","hard","1","Craft and Structure","Words in Context","RW_WIC_004","Determine meaning or function of a word/phrase in context","claim qualification","Hard","1","multiple_choice","A study of rooftop gardens found that plots with deeper soil retained more rainwater than plots with shallow soil. Yet the deeper plots also contained different plant species and received more shade from nearby structures. The researchers therefore qualify their conclusion: soil depth probably contributed to water retention, but the study cannot establish how much of the difference it caused. The verb “qualify” is important because it prevents a correlation observed in the plots from being presented as a precise causal estimate.","Why does the author use “qualify” when describing the researchers’ conclusion?","To suggest that the researchers verified every condition needed for the gardens to retain water","To imply that the researchers replaced their original data with a more convincing set of measurements","To indicate that the researchers limit the strength of their causal claim because other variables may have contributed","To show that the researchers consider soil depth unrelated to water retention","C","3","The word signals that the conclusion is deliberately limited: soil depth is a likely contributor, but confounding variables prevent a precise causal claim. The other choices reverse or exaggerate the passage.","60","none","{}","","","","","","Words in Context","","rw,passage:E003,arch:RW_WIC_004,sim:rw_words_in_context_revision_goal,fp:eacbf2c7112b,surf:SURF_RW_WIC_004,wic,hard_vocab,vocab:HV_121,tier:V4,target:qualify,wic_arch:WIC_CLAIM_FUNCTION_01,family:claim_function"
"SAT_RW_45","RW.45","45","650-800","RW45_M2_Q02","RW","2","hard","2","Craft and Structure","Words in Context","RW_WIC_005","Determine meaning or function of a word/phrase in context","condition defining a forecast","Hard","1","multiple_choice","An economic model predicts that remote work will reduce traffic in a metropolitan region, but the prediction is contingent on companies maintaining flexible schedules rather than requiring all employees to commute on the same days. If most offices choose identical in-person days, congestion may simply shift within the week. By calling the prediction “contingent,” the analyst connects its validity to a specific behavioral condition; the term does more than express general uncertainty about the future.","Which choice best describes how “contingent” functions in the passage?","It makes the forecast conditional on how companies distribute their in-person workdays.","It dismisses the forecast as impossible to evaluate with any evidence.","It identifies remote workers as a separate group excluded from the model.","It presents reduced traffic as inevitable regardless of company policy.","A","1","The word links the forecast to a stated condition: companies must maintain genuinely flexible schedules. The distractors either make the forecast unconditional or misdescribe the term’s role.","60","none","{}","","","","","","Words in Context","","rw,passage:E008,arch:RW_WIC_005,sim:rw_words_in_context_logical_link,fp:b71fa24e3c13,surf:SURF_RW_WIC_005,wic,hard_vocab,vocab:HV_128,tier:V4,target:contingent,wic_arch:WIC_RELATION_FUNCTION_01,family:relation_function"
"SAT_RW_45","RW.45","45","650-800","RW45_M2_Q03","RW","2","hard","3","Craft and Structure","Words in Context","RW_WIC_006","Determine meaning or function of a word/phrase in context","moderating evidentiary force","Hard","1","multiple_choice","Researchers comparing pottery from two ancient settlements found similar mineral traces in vessels from both sites. That match could indicate trade, but local clays have not yet been sampled extensively. The authors use the missing samples to temper an otherwise striking interpretation: the vessels may have traveled between settlements, or the potters may simply have worked with geologically similar materials. In this context, “temper” adjusts the force of the trade hypothesis without discarding it. It therefore preserves the evidentiary value of the mineral match while acknowledging an unresolved alternative.","What does the use of “temper” indicate about the trade hypothesis?","The mineral match conclusively disproves the hypothesis and requires a new chronology.","The missing clay samples are irrelevant because pottery always moves through trade.","The mineral match supports the hypothesis, but the unsampled local clays reduce how confidently it can be accepted.","The authors intend to strengthen the hypothesis by excluding all alternative explanations.","C","3","“Temper” signals moderated confidence: the evidence is suggestive, but an untested local explanation remains. The other choices treat the hypothesis as either disproved or certain.","60","none","{}","","","","","","Words in Context","","rw,passage:R027,arch:RW_WIC_006,sim:rw_words_in_context_punctuation_boundary,fp:98f003a51325,surf:SURF_RW_WIC_006,wic,hard_vocab,vocab:HV_123,tier:V4,target:temper,wic_arch:WIC_PRECISION_EFFECT_01,family:precision_effect"
"SAT_RW_45","RW.45","45","650-800","RW45_M2_Q04","RW","2","hard","4","Craft and Structure","Words in Context","RW_WIC_007","Determine meaning or function of a word/phrase in context","tonal effect of uncertainty","Hard","1","multiple_choice","In the recovered correspondence, the mayor appears to endorse the canal proposal in one letter but objects to its cost in another written only two days later. Because neither letter identifies the intended audience, historian Priya Nair calls the mayor’s position equivocal. The adjective directs attention not simply to disagreement between documents but to the impossibility of deciding whether the mayor changed views, tailored each message strategically, or held both concerns at once. Nair accordingly resists turning the surviving record into a definite account of the mayor’s intentions.","How does the word “equivocal” help shape the historian’s account?","It accuses the mayor of making a mathematical error in the canal budget.","It keeps several interpretations open because the surviving letters do not reveal a single, stable position.","It treats the two letters as equivalent in wording and intended audience.","It confirms that the mayor secretly opposed every version of the canal proposal.","B","2","The adjective marks the evidence as genuinely ambiguous and preserves several possible explanations. The other choices impose meanings the passage does not support.","60","none","{}","","","","","","Words in Context","","rw,passage:R033,arch:RW_WIC_007,sim:rw_words_in_context_verb_pronoun_agreement,fp:f05661bfce73,surf:SURF_RW_WIC_007,wic,hard_vocab,vocab:HV_199,tier:V4,target:equivocal,wic_arch:WIC_TONAL_EFFECT_01,family:tonal_effect"
"SAT_RW_45","RW.45","45","650-800","RW45_M2_Q05","RW","2","hard","5","Craft and Structure","Text Structure and Purpose","RW_TSP_004","Analyze structure or purpose","methodological problem and reframing","Hard","1","multiple_choice","Marine ecologists often estimate reef fish abundance by counting individuals along fixed underwater paths. Such surveys are efficient, but fish may avoid divers or move between paths, producing unstable counts. A team in Belize paired diver surveys with recordings from stationary cameras. The two methods yielded similar totals for slow-moving species but sharply different totals for wary, fast-swimming fish. Rather than treating one method as universally superior, the team proposes using the disagreement itself as diagnostic evidence: species-level gaps between methods can reveal which behaviors are distorting a survey.","Which choice best describes the text’s structure?","It rejects all visual surveys before presenting an unrelated account of fish behavior.","It lists two methods, proves that they always produce identical results, and recommends using only the cheaper one.","It describes a conservation problem and then traces the history of reef management in Belize.","It identifies a limitation in a common method, reports a comparison with another method, and explains how discrepancies can become informative.","D","4","The passage moves from a methodological limitation to a comparison and then reframes disagreement between methods as useful evidence. The other choices misstate the findings or topic.","75","none","{}","","","","","","Text Structure and Purpose","","rw,passage:R039,arch:RW_TSP_004,sim:rw_text_structure_and_purpose_logical_link,fp:80299da305af,surf:SURF_RW_TSP_004"
"SAT_RW_45","RW.45","45","650-800","RW45_M2_Q06","RW","2","hard","6","Craft and Structure","Text Structure and Purpose","RW_TSP_005","Analyze structure or purpose","function of a concession","Hard","1","multiple_choice","Some scholars argue that the spread of cheap paper was the primary cause of increased letter writing in eighteenth-century port cities. Historian Sofia Mendes concedes that lower material costs mattered, but she notes that literacy classes, expanding postal routes, and new commercial partnerships developed during the same period. Her point is not that paper prices were irrelevant. By granting that part of the earlier account before widening the set of causes, Mendes shows why a single-factor explanation cannot capture the full change in correspondence.","What is the main function of the sentence “Her point is not that paper prices were irrelevant”?","It prevents the discussion of additional causes from being mistaken for a complete rejection of the paper-cost explanation.","It introduces evidence that paper became more expensive during the period.","It claims that literacy classes had no effect on correspondence.","It concludes that historians should study only commercial partnerships.","A","1","The sentence clarifies the scope of Mendes’s disagreement: she qualifies, rather than dismisses, the earlier explanation. The distractors contradict the passage.","75","none","{}","","","","","","Text Structure and Purpose","","rw,passage:R045,arch:RW_TSP_005,sim:rw_text_structure_and_purpose_punctuation_boundary,fp:01ee2581091b,surf:SURF_RW_TSP_005"
"SAT_RW_45","RW.45","45","650-800","RW45_M2_Q07","RW","2","hard","7","Craft and Structure","Text Structure and Purpose","RW_TSP_006","Analyze structure or purpose","literary motif and realization","Hard","1","multiple_choice","At the edge of the station platform, Inez watched a porter chalk destinations onto a board. Each name vanished beneath the next sweep of his cloth, yet the waiting passengers kept consulting the board as though permanence could be coaxed from it. When her own train was announced, Inez did not move. Only after the porter wrote the next city over hers did she lift her suitcase, suddenly aware that staying still was also a choice with a departure time.","Which choice best describes the function of the erased destinations in the text?","They develop a motif of transience that leads Inez to recognize the consequences of delaying her decision.","They establish that the porter is careless and frequently writes incorrect city names.","They provide a detailed explanation of how train schedules are calculated.","They show that Inez has forgotten which city she intends to visit.","A","1","The repeatedly erased names symbolize passing opportunities, and their disappearance prompts Inez’s realization that inaction also has consequences. The other choices focus on unsupported literal explanations.","75","none","{}","","","","","","Text Structure and Purpose","","rw,passage:R051,arch:RW_TSP_006,sim:rw_text_structure_and_purpose_verb_pronoun_agreement,fp:844c2ce585c9,surf:SURF_RW_TSP_006"
"SAT_RW_45","RW.45","45","650-800","RW45_M2_Q08","RW","2","hard","8","Craft and Structure","Cross-Text Connections","RW_CTC_002","Compare claims across paired texts","cross-text qualification","Hard","1","multiple_choice","Text 1: Digitizing fragile manuscripts allows readers far from an archive to inspect high-resolution images without handling the originals. Searchable descriptions can also connect documents that were cataloged separately, revealing patterns that would be difficult to notice in a single reading room. For many projects, wider access is not merely convenient; it changes the questions scholars can ask. A researcher can, for example, compare references across thousands of pages before deciding which originals require closer study.

Text 2: Digital collections widen access, but their apparent completeness can be misleading. Search results depend on catalog descriptions, which often preserve earlier archivists’ assumptions about whose names and activities deserved mention. Researchers should examine how an interface ranks and labels material, not treat the first results as a neutral map of the archive. Materials lacking detailed descriptions may remain difficult to discover even after they have been scanned.","How would the author of Text 2 most likely respond to Text 1’s claim that digitization changes the questions scholars can ask?","The author would disagree because digital images cannot be examined outside an archive.","The author would agree but add that cataloging and interface choices also shape which new questions seem available.","The author would agree that search results provide a complete and neutral view of every collection.","The author would argue that fragile manuscripts should be handled more often after digitization.","B","2","Text 2 accepts the access benefit but warns that metadata and interfaces structure discovery. It would therefore qualify, not reject, Text 1’s claim.","75","none","{}","","","","","","Cross-Text Connections","","rw,passage:R012,arch:RW_CTC_002,sim:rw_cross_text_connections_revision_goal,fp:af14f99bf0cf,surf:SURF_RW_CTC_002"
"SAT_RW_45","RW.45","45","650-800","RW45_M2_Q09","RW","2","hard","9","Information and Ideas","Central Ideas and Details","RW_CID_003","Identify main idea, key detail, or summary","conditional central claim","Hard","1","multiple_choice","Agronomists testing microbial coatings on drought-stressed wheat seeds found that treated plants developed longer roots than untreated plants during the first three weeks. The advantage disappeared, however, when both groups were later watered generously, and treated plants produced no more grain by harvest. The coating may therefore help seedlings establish themselves under an early water shortage without increasing final yield under favorable later conditions. The researchers argue that the treatment’s value should be judged in relation to when drought occurs, not by assuming that a stronger start will automatically persist through the season.","Which choice best summarizes the researchers’ conclusion?","The coating permanently increases wheat yield regardless of when water becomes available.","Untreated wheat cannot recover after receiving water later in the season.","A microbial seed coating may improve early root growth during drought, but its lasting agricultural value depends on later growing conditions.","Root length during the first three weeks always predicts grain production at harvest.","C","3","The passage presents an early benefit that disappears under later favorable conditions, so the treatment’s value is conditional. The other choices turn a qualified result into an absolute one.","75","none","{}","","","","","","Central Ideas and Details","","rw,passage:E005,arch:RW_CID_003,sim:rw_central_ideas_and_details_contrast,fp:73f74e909ae9,surf:SURF_RW_CID_003"
"SAT_RW_45","RW.45","45","650-800","RW45_M2_Q10","RW","2","hard","10","Information and Ideas","Central Ideas and Details","RW_CID_004","Identify main idea, key detail, or summary","summary of a preservation decision","Hard","1","multiple_choice","When conservators examined a seventeenth-century landscape, infrared imaging revealed a small bridge beneath the painted riverbank. The bridge was not merely abandoned in an early sketch: layers of pigment showed that the artist painted it fully and later covered it. Removing the upper paint would expose the bridge but destroy the final riverbank. The conservators therefore documented the hidden feature digitally while leaving the visible surface intact. Their decision treats the covered bridge as evidence of the artist’s process, not as a mistake that restoration should reverse.","Which choice best captures the central idea of the text?","Conservators removed the final riverbank so museum visitors could see the original bridge.","Infrared imaging proved that the artist never completed the bridge.","Restoration should always return a painting to its earliest detectable version.","Conservators preserved the painting’s final state while using imaging to record an earlier artistic decision hidden beneath it.","D","4","The conservators balanced evidence about the artist’s process with respect for the completed visible work. The distractors contradict that decision or overgeneralize.","75","none","{}","","","","","","Central Ideas and Details","","rw,passage:E007,arch:RW_CID_004,sim:rw_central_ideas_and_details_cause_effect,fp:2bdd8151b989,surf:SURF_RW_CID_004"
"SAT_RW_45","RW.45","45","650-800","RW45_M2_Q11","RW","2","hard","11","Information and Ideas","Central Ideas and Details","RW_CID_005","Identify main idea, key detail, or summary","literary central idea","Hard","1","multiple_choice","Jonas had spent the morning rehearsing the speech he would give when the committee rejected his proposal. He had prepared calm objections, a sharper reply, and finally a dignified silence. Instead, the chair read the proposal twice and asked when the project could begin. Jonas thanked her, gathered his papers, and walked into the hallway, where he discovered that relief could feel oddly like losing one's place in a play. The conflict he had anticipated had organized his courage; without it, he had to imagine success as something more demanding than victory in an argument.","Which choice best expresses the main idea of the passage?","Jonas is disappointed that the committee refuses to read his proposal carefully.","Jonas finds unexpected approval disorienting because he had prepared himself for opposition rather than for carrying out his plan.","Jonas prefers public speaking to working on long-term projects.","The chair approves the proposal only after Jonas delivers an angry speech.","B","2","The passage centers on Jonas’s disorientation when expected resistance does not occur and success creates a new responsibility. The other choices contradict the events.","75","none","{}","","","","","","Central Ideas and Details","","rw,passage:E010,arch:RW_CID_005,sim:rw_central_ideas_and_details_purpose_sentence,fp:57c6d828010b,surf:SURF_RW_CID_005"
"SAT_RW_45","RW.45","45","650-800","RW45_M2_Q12","RW","2","hard","12","Information and Ideas","Command of Evidence","RW_COE_003","Use textual or quantitative evidence","quantitative trend with exception","Hard","1","multiple_choice","An ecologist investigated whether restoring native flowering plants would increase visits by solitary bees. Four vacant lots were monitored for one week before planting and again one year after planting. The ecologist predicted that lots with larger increases in native flower cover would generally show larger increases in bee visits, while recognizing that the relationship might not be perfectly proportional. Monitoring occurred during comparable weather and at the same hours each day, reducing two obvious sources of variation. The table reports flower cover and the number of bee visits observed during each monitoring week.","Which choice best describes how the data bear on the ecologist’s prediction?","The data refute the prediction because every lot lost bee visits after restoration.","The data prove that flower cover is the only factor affecting bee visits because all changes were identical.","The data show no relationship at all between changes in flower cover and changes in bee visits.","The data generally support the prediction: lots with greater gains in flower cover tended to gain more bee visits, though Lot C shows that the pattern is not perfectly proportional.","D","4","Lots B and D have the largest increases in both flower cover and visits, while Lot A has smaller increases; Lot C is an exception to a perfectly proportional pattern. Thus the prediction is broadly, not absolutely, supported.","75","table","{}","| Lot | Native flower cover before | Native flower cover after | Bee visits before | Bee visits after |
|---|---:|---:|---:|---:|
| A | 12% | 28% | 18 | 31 |
| B | 9% | 47% | 16 | 52 |
| C | 18% | 39% | 24 | 40 |
| D | 7% | 51% | 14 | 55 |","","","","","Command of Evidence","","rw,passage:R014,arch:RW_COE_003,sim:rw_command_of_evidence_cause_effect,fp:07547ead31fe,surf:SURF_RW_COE_003"
"SAT_RW_45","RW.45","45","650-800","RW45_M2_Q13","RW","2","hard","13","Information and Ideas","Command of Evidence","RW_COE_004","Use textual or quantitative evidence","corroborating textual evidence","Hard","1","multiple_choice","Linguist Noor Haddad argues that a set of medieval market records was copied by at least two scribes rather than one. Most entries use the same abbreviations, but a cluster of pages spells common measures differently and forms the letter g with a distinctive open loop. Ink analysis alone cannot settle the question because both sets of pages use pigments prepared from similar materials. Haddad treats the combination of spelling and handwriting differences as stronger evidence than either feature considered by itself.","Which additional finding would most directly strengthen Haddad’s argument?","The records mention several products that were sold in other medieval markets.","Both kinds of ink contain iron compounds common in the period.","Some entries include prices that changed from one month to the next.","The pages with the unusual spellings consistently contain the open-loop g, while that pairing never appears elsewhere in the records.","D","4","A consistent pairing of two independent features in one page cluster would support the presence of a distinct scribal hand. The other findings do not distinguish scribes.","75","none","{}","","","","","","Command of Evidence","","rw,passage:R017,arch:RW_COE_004,sim:rw_command_of_evidence_purpose_sentence,fp:f157d1ecad0c,surf:SURF_RW_COE_004"
"SAT_RW_45","RW.45","45","650-800","RW45_M2_Q14","RW","2","hard","14","Information and Ideas","Inferences","RW_INF_004","Draw supported conclusions","lagged ecological response","Hard","1","multiple_choice","On a volcanic island, a ground-nesting seabird declined after invasive rats arrived. Conservationists removed the rats from half the nesting area but left the other half unchanged for comparison. Chick survival rose quickly in the rat-free area, yet the number of breeding pairs increased only gradually over six years. Many young seabirds do not return to breed until several years after hatching, and adults often reuse established nesting sites. The researchers therefore expected recovery in breeding numbers to lag behind improvements in chick survival.","Which inference is best supported by the text?","Rat removal has no effect unless adult birds immediately move to new nesting sites.","The number of breeding pairs should rise before chick survival changes.","Removing rats can improve reproduction before population counts fully reflect that improvement.","Young seabirds usually begin breeding in the same year they hatch.","C","3","The life-history delay explains why chick survival improves first and breeding-pair counts respond later. The other choices reverse or contradict the stated pattern.","75","none","{}","","","","","","Inferences","","rw,passage:R013,arch:RW_INF_004,sim:rw_inferences_word_function,fp:475bfeae4768,surf:SURF_RW_INF_004"
"SAT_RW_45","RW.45","45","650-800","RW45_M2_Q15","RW","2","hard","15","Information and Ideas","Inferences","RW_INF_005","Draw supported conclusions","qualified historical inference","Hard","1","multiple_choice","In letters written during the planning of a public library, architect Celia Romero repeatedly requested broad windows for the reading room. She also warned that direct afternoon sun would fade books and overheat tables near the west wall. The completed building used tall north-facing windows and a shaded west facade. No surviving letter states that Romero designed this exact arrangement, but the solution addresses both priorities she discussed: abundant daylight and protection from intense sun.","Which conclusion is most reasonable based on the text?","Romero opposed the use of natural light in public reading rooms.","The window arrangement is consistent with Romero’s documented concerns even though the surviving evidence does not prove she devised the final solution.","The west facade was left unshaded despite Romero’s warnings.","The letters prove that Romero personally selected every feature of the completed library.","B","2","The design matches Romero’s expressed priorities, but the absence of direct documentation requires a qualified inference. The other choices contradict the evidence or claim certainty.","75","none","{}","","","","","","Inferences","","rw,passage:R019,arch:RW_INF_005,sim:rw_inferences_revision_goal,fp:dd31098f2938,surf:SURF_RW_INF_005"
"SAT_RW_45","RW.45","45","650-800","RW45_M2_Q16","RW","2","hard","16","Standard English Conventions","Boundaries","SEC.BND","Boundaries","coordination of contrasting clauses","Hard","1","multiple_choice","Researchers sliced each core into equal sections before inspecting the layers. The sediment cores appeared nearly identical in color and texture ____ chemical analysis revealed sharply different concentrations of volcanic ash.","Which choice completes the text so that it conforms to the conventions of Standard English?","; but","but,",", but",",","C","3","A comma plus the coordinating conjunction “but” correctly joins the two independent clauses and signals contrast. “; but” is unnecessary, “but,” misplaces the comma, and a comma alone creates a splice.","45","none","{}","","","","","","Boundaries","","rw,sec,grammar,arch:SEC-BND-012,sim:SEC.BND:coordination_comma_fanboys:B. internal punctuation nearby,fp:d1a2b0a96e9c,ctx:CTX-GRM-011,tier:SEC2"
"SAT_RW_45","RW.45","45","650-800","RW45_M2_Q17","RW","2","hard","17","Standard English Conventions","Boundaries","SEC.BND","Boundaries","nonrestrictive relative clause","Hard","1","multiple_choice","The meteorite is one of the most intensively studied specimens in the collection. The Murchison specimen ____ contains mineral grains older than the solar system.","Which choice completes the text so that it conforms to the conventions of Standard English?","which was collected in Australia in 1969",", that was collected in Australia in 1969,",", which was collected in Australia in 1969,","; which was collected in Australia in 1969;","C","3","The clause gives nonessential information about a specific specimen, so it should begin with “which” and be enclosed by commas. The other choices omit commas, use restrictive “that,” or misuse semicolons.","45","none","{}","","","","","","Boundaries","","rw,sec,grammar,arch:SEC-BND-031,sim:SEC.BND:nonrestrictive_relative_clause:A. minimal-context version,fp:52878861b974,ctx:CTX-GRM-003,tier:SEC3"
"SAT_RW_45","RW.45","45","650-800","RW45_M2_Q18","RW","2","hard","18","Standard English Conventions","Boundaries","SEC.BND","Boundaries","colon introducing a list","Hard","1","multiple_choice","Because storms could disrupt electronic equipment, the team planned for multiple failures. After months of planning, the expedition carried three independent navigation backups ____ a waterproof paper map, a magnetic compass, and a satellite beacon.","Which choice completes the text so that it conforms to the conventions of Standard English?",",",":",";","— and","B","2","A colon correctly follows the independent clause and introduces the explanatory list. A comma or semicolon cannot perform that function here, and “— and” creates an ungrammatical connection.","45","none","{}","","","","","","Boundaries","","rw,sec,grammar,arch:SEC-BND-045,sim:SEC.BND:colon_after_independent_clause:E. expanded syntax,fp:68b4790ee48e,ctx:CTX-GRM-008,tier:SEC4"
"SAT_RW_45","RW.45","45","650-800","RW45_M2_Q19","RW","2","hard","19","Standard English Conventions","Form, Structure, and Sense","SEC.FSS","Form, Structure, and Sense","pronoun case","Hard","1","multiple_choice","Maya and I had cataloged the textile before the conservation treatment began. After the workshop, the curator, who had supervised our earlier work, invited Maya and ____ to examine the newly stabilized textile under low light.","Which choice completes the text so that it conforms to the conventions of Standard English?","I","myself","mine","me","D","4","The pronoun is an object of “invited,” so the objective form “me” is required. “I” is subjective, “myself” lacks the needed reflexive antecedent, and “mine” is possessive.","45","none","{}","","","","","","Form, Structure, and Sense","","rw,sec,grammar,arch:SEC-FSS-024,sim:SEC.FSS:pronoun_case:D. logic cue,fp:a44332b9f873,ctx:CTX-GRM-002,tier:SEC3"
"SAT_RW_45","RW.45","45","650-800","RW45_M2_Q20","RW","2","hard","20","Standard English Conventions","Form, Structure, and Sense","SEC.FSS","Form, Structure, and Sense","logical modifier placement","Hard","1","multiple_choice","The harbor authority needed a forecast that local pilots could apply reliably and directly. Using a model that accounts for seasonal winds and harbor depth, ____.","Which choice completes the text so that it conforms to the conventions of Standard English?","two months were identified as least risky for docking","the team identified two months when docking would be least risky","the harbor’s safest docking months became apparent","seasonal winds were compared with the harbor’s depth by the team","B","2","The introductory modifier “Using a model...” must logically modify the people doing the using, so “the team” must be the subject. The other choices create dangling modifiers.","45","none","{}","","","","","","Form, Structure, and Sense","","rw,sec,grammar,arch:SEC-FSS-028,sim:SEC.FSS:modifier_placement:C. academic register,fp:5b422f6eeaf6,ctx:CTX-GRM-004,tier:SEC3"
"SAT_RW_45","RW.45","45","650-800","RW45_M2_Q21","RW","2","hard","21","Standard English Conventions","Form, Structure, and Sense","SEC.FSS","Form, Structure, and Sense","logical comparison","Hard","1","multiple_choice","Both alloys were manufactured in the same facility from carefully measured ingredients. After identical heat treatment, the tensile strength of alloy A was substantially greater than ____.","Which choice completes the text so that it conforms to the conventions of Standard English?","alloy B","the treatment of alloy B","that of alloy B","alloy B was","C","3","The sentence must compare one tensile strength with another, so “that of alloy B” provides a logically parallel comparison. The other choices compare unlike things or create faulty syntax.","45","none","{}","","","","","","Form, Structure, and Sense","","rw,sec,grammar,arch:SEC-FSS-040,sim:SEC.FSS:comparison_logic:E. expanded syntax,fp:502fa60e2545,ctx:CTX-GRM-020,tier:SEC4"
"SAT_RW_45","RW.45","45","650-800","RW45_M2_Q22","RW","2","hard","22","Standard English Conventions","Form, Structure, and Sense","SEC.FSS","Form, Structure, and Sense","relative pronoun case","Hard","1","multiple_choice","The appointment followed an international search conducted by a twelve-member committee. The researcher ____ the committee selected after reviewing more than sixty applications will lead the multilingual survey team.","Which choice completes the text so that it conforms to the conventions of Standard English?","who","whose","whom","which","C","3","Within the relative clause, the committee selected the researcher, so the pronoun functions as the object and “whom” is correct. “Who” is subjective, “whose” is possessive, and “which” is not used for a person here.","45","none","{}","","","","","","Form, Structure, and Sense","","rw,sec,grammar,arch:SEC-FSS-060,sim:SEC.FSS:relative_pronoun_choice:E. expanded syntax,fp:2bf437da150c,ctx:CTX-GRM-023,tier:SEC4"
"SAT_RW_45","RW.45","45","650-800","RW45_M2_Q23","RW","2","hard","23","Expression of Ideas","Transitions","RW_TR_004","Select transition that logically connects ideas","concessive transition","Hard","1","multiple_choice","Many deep-sea organisms depend on particles that sink from sunlit surface waters. The rate of sinking is slow, and much of the material is consumed before reaching the seafloor. ____ brief pulses of dense, mineral-coated particles can deliver a disproportionate share of the annual food supply to deep communities.","Which choice best signals the contrast in the text?","Despite this,","Accordingly,","To illustrate,","In parallel,","A","1","“Despite this” introduces a result that contrasts with the expectation created by slow sinking and heavy consumption. The other choices indicate consequence, illustration, or similarity.","60","none","{}","","","","","","Transitions","","rw,passage:R028,arch:RW_TR_004,sim:rw_transitions_paired_text_relation,fp:97f399d64c66,surf:SURF_RW_TR_004"
"SAT_RW_45","RW.45","45","650-800","RW45_M2_Q24","RW","2","hard","24","Expression of Ideas","Transitions","RW_TR_005","Select transition that logically connects ideas","restatement transition","Hard","1","multiple_choice","The manuscript’s marginal notes do not simply summarize the main text. Several notes challenge its dates, and others supply examples from a different region. ____ the annotator acts less like a copyist than like a second author engaged in an argument.","Which choice best introduces the restatement that follows?","In other words,","At the same time,","For this reason alone,","Previously,","A","1","“In other words” restates the significance of the preceding details in a more general claim. The other transitions signal simultaneity, an overly narrow cause, or earlier time.","60","none","{}","","","","","","Transitions","","rw,passage:R034,arch:RW_TR_005,sim:rw_transitions_evidence_based_inference,fp:a5b17a048908,surf:SURF_RW_TR_005"
"SAT_RW_45","RW.45","45","650-800","RW45_M2_Q25","RW","2","hard","25","Expression of Ideas","Transitions","RW_TR_006","Select transition that logically connects ideas","long-term outcome transition","Hard","1","multiple_choice","Adding shade cloth reduced midday leaf temperatures during the first week of the experiment. By the fourth week, unshaded plants had developed smaller, more vertical leaves that also stayed relatively cool. ____ the immediate treatment effect weakened as the plants’ own structural responses emerged.","Which choice most logically introduces the text’s eventual outcome?","Specifically,","On the contrary,","Similarly,","Ultimately,","D","4","“Ultimately” signals the later outcome after the plants adapted. The other choices would introduce a specific example, a direct contradiction, or a similarity rather than a culminating result.","60","none","{}","","","","","","Transitions","","rw,passage:R040,arch:RW_TR_006,sim:rw_transitions_main_claim,fp:d769daae6e7c,surf:SURF_RW_TR_006"
"SAT_RW_45","RW.45","45","650-800","RW45_M2_Q26","RW","2","hard","26","Expression of Ideas","Rhetorical Synthesis","RW_RS_004","Use notes to achieve a writing goal","synthesize process and public benefit","Hard","1","multiple_choice","A student took the following notes: Buses on the route often bunch together downtown; the pilot assigns dispatchers to adjust departure times; drivers receive live updates; riders can see corrected arrival estimates.","Which choice most effectively uses the notes to explain how the pilot addresses bunching while also helping riders?","The pilot gives riders corrected arrival estimates for a route on which buses sometimes travel downtown.","Drivers receive live updates, but dispatchers do not change departure times when buses bunch together.","Because buses bunch downtown, the pilot replaces dispatchers with riders who estimate arrival times.","To reduce downtown bunching, dispatchers adjust bus departure times and send live updates to drivers, while corrected arrival estimates keep riders informed.","D","4","The correct choice accurately combines the operational response—adjusted departures and driver updates—with the rider-facing information. The other choices omit or distort key notes.","65","none","{}","","","","","","Rhetorical Synthesis","","rw,passage:R046,arch:RW_RS_004,sim:rw_rhetorical_synthesis_verb_pronoun_agreement,fp:86ecc776c799,surf:SURF_RW_RS_004"
"SAT_RW_45","RW.45","45","650-800","RW45_M2_Q27","RW","2","hard","27","Expression of Ideas","Rhetorical Synthesis","RW_RS_005","Use notes to achieve a writing goal","report result with methodological limitation","Hard","1","multiple_choice","A student took the following notes: Researchers measured air temperature at street level in six neighborhoods; they also mapped tree-canopy cover from aerial images; neighborhoods with more canopy were generally cooler in the afternoon; the association was weaker on unusually windy days; the study did not manipulate tree cover.","Which choice most effectively uses the notes to present the study’s result with an appropriate limitation?","Tree canopy unquestionably caused lower afternoon temperatures in every neighborhood and under all weather conditions.","Researchers manipulated tree cover in six neighborhoods and found that wind had no relationship to temperature.","Neighborhoods with more tree-canopy cover were generally cooler in the afternoon, although the observational study cannot by itself prove that canopy caused the difference.","The study mapped tree canopy from aerial images but reached no conclusion about neighborhood temperatures.","C","3","The correct choice reports the observed association and accurately limits the causal claim. The distractors overstate, contradict, or omit the result.","65","none","{}","","","","","","Rhetorical Synthesis","","rw,passage:R052,arch:RW_RS_005,sim:rw_rhetorical_synthesis_paired_text_relation,fp:1497ef6f2f29,surf:SURF_RW_RS_005"
"SAT_MATH_45","V6","math45","400-800","MATH45_M1_Q01","MATH","1","base","1","Algebra","Linear Equations","ALG_LE_001","Solve a one-variable linear equation with constants on both sides","Solve a one-variable linear equation with constants on both sides","easy","1","multiple_choice","","What is the solution to 7x - 9 = 4x + 12?","1","-7","7","3","C","3","Subtract 4x from both sides and add 9: 3x = 21, so x = 7.","60","none","{}","","","","","","solve a one-variable linear equation with constants on both sides","","math,domain:Algebra,skill:ALG_LE_001,arch:MATH_ARCH_001_LINEAR_EQUATION_ONE_VARIABLE,sim:SIM_LINEAR_EQUATIONS_AND_INEQUALITIES,fp:dda10080,tier:E1"
"SAT_MATH_45","V6","math45","400-800","MATH45_M1_Q02","MATH","1","base","2","Algebra","Linear Equations","ALG_LE_006","Solve a one-variable linear inequality, including sign reversal","Solve a one-variable linear inequality, including sign reversal","easy","1","multiple_choice","","Which inequality is equivalent to -3(2x - 5) > 27?","x > -2","x < -2","x < 2","x > 2","B","2","Expanding gives -6x + 15 > 27, so -6x > 12. Dividing by -6 reverses the inequality: x < -2.","70","none","{}","","","","","","solve a one-variable linear inequality, including sign reversal","","math,domain:Algebra,skill:ALG_LE_006,arch:MATH_ARCH_023_INEQUALITY_ONE_VARIABLE,sim:SIM_LINEAR_EQUATIONS_AND_INEQUALITIES,fp:86a6c27a,tier:E1"
"SAT_MATH_45","V6","math45","400-800","MATH45_M1_Q03","MATH","1","base","3","Algebra","Linear Functions","ALG_LF_001","Interpret slope and intercept in a real-world linear model","Interpret slope and intercept in a real-world linear model","easy","1","multiple_choice","","A water tank contains 180 gallons and is drained at a constant rate of 12 gallons per minute. In the model V(t)=180-12t, what does 12 represent?","The number of gallons remaining after 12 minutes","The initial number of gallons in the tank","The number of minutes until the tank is empty","The number of gallons drained each minute","D","4","The coefficient of t is -12, so the volume decreases by 12 gallons for each minute.","60","none","{}","","","","","","interpret slope and intercept in a real-world linear model","","math,domain:Algebra,skill:ALG_LF_001,arch:MATH_ARCH_004_LINEAR_MODEL_INITIAL_RATE,sim:SIM_LINEAR_FUNCTIONS_AND_GRAPHS,fp:8d59a70b,tier:M1"
"SAT_MATH_45","V6","math45","400-800","MATH45_M1_Q04","MATH","1","base","4","Algebra","Linear Functions","ALG_LF_002","Build a linear equation from a starting amount and constant rate","Build a linear equation from a starting amount and constant rate","easy","1","multiple_choice","","A bike-rental shop charges a fixed fee of $9 plus $6 per hour. Which equation gives the total cost C, in dollars, for h hours?","C = 9h + 6","C = 6(h + 9)","C = 6h + 9","C = 9(h + 6)","C","3","The fixed fee is the constant term 9, and the hourly charge is 6h, so C=6h+9.","60","none","{}","","","","","","build a linear equation from a starting amount and constant rate","","math,domain:Algebra,skill:ALG_LF_002,arch:MATH_ARCH_005_LINEAR_MODEL_BUILD_FROM_CONTEXT,sim:SIM_LINEAR_FUNCTIONS_AND_GRAPHS,fp:39a04f62,tier:M1"
"SAT_MATH_45","V6","math45","400-800","MATH45_M1_Q05","MATH","1","base","5","Algebra","Linear Functions","ALG_LF_004","Find slope from two coordinate points","Find slope from two coordinate points","easy","1","multiple_choice","","A line passes through (2, 5) and (8, 17). What is its slope?","2","1","3","6","A","1","The slope is (17-5)/(8-2)=12/6=2.","60","none","{}","","","","","","find slope from two coordinate points","","math,domain:Algebra,skill:ALG_LF_004,arch:MATH_ARCH_007_LINEAR_GRAPH_SLOPE_FROM_POINTS,sim:SIM_LINEAR_FUNCTIONS_AND_GRAPHS,fp:ad077b90,tier:M1"
"SAT_MATH_45","V6","math45","400-800","MATH45_M1_Q06","MATH","1","base","6","Algebra","Linear Equations","ALG_LE_002","Clear denominators to solve a linear equation with fractional coefficients","Clear denominators to solve a linear equation with fractional coefficients","medium","1","multiple_choice","","What is the solution to (x - 2)/3 + (x + 1)/2 = 6?","37/5","7","5","8","A","1","Multiply by 6: 2(x-2)+3(x+1)=36. Thus 5x-1=36, so x=37/5.","90","none","{}","","","","","","clear denominators to solve a linear equation with fractional coefficients","","math,domain:Algebra,skill:ALG_LE_002,arch:MATH_ARCH_002_LINEAR_EQUATION_FRACTIONS,sim:SIM_LINEAR_EQUATIONS_AND_INEQUALITIES,fp:1b6caca8,tier:M1"
"SAT_MATH_45","V6","math45","400-800","MATH45_M1_Q07","MATH","1","base","7","Algebra","Linear Functions","ALG_LF_007","Identify a point satisfying a line through the origin or given equation","Identify a point satisfying a line through the origin or given equation","medium","1","multiple_choice","","Which point lies on the line y = -2x + 7?","(1, 3)","(3, 1)","(2, 5)","(4, 1)","B","2","For x=3, y=-2(3)+7=1, so (3,1) lies on the line.","65","none","{}","","","","","","identify a point satisfying a line through the origin or given equation","","math,domain:Algebra,skill:ALG_LF_007,arch:MATH_ARCH_010_LINEAR_GRAPH_POINT_ON_LINE,sim:SIM_LINEAR_FUNCTIONS_AND_GRAPHS,fp:2af922e1,tier:M1"
"SAT_MATH_45","V6","math45","400-800","MATH45_M1_Q08","MATH","1","base","8","Algebra","Systems of Equations","ALG_SYS_001","Determine which ordered pair solves a system of linear equations","Determine which ordered pair solves a system of linear equations","medium","1","multiple_choice","","Which ordered pair is the solution to the system x + y = 9 and 2x - y = 6?","(4, 5)","(3, 6)","(5, 4)","(6, 3)","C","3","Adding the equations gives 3x=15, so x=5. Then y=4.","80","none","{}","","","","","","determine which ordered pair solves a system of linear equations","","math,domain:Algebra,skill:ALG_SYS_001,arch:MATH_ARCH_015_SYSTEM_SOLUTION_ORDERED_PAIR,sim:SIM_LINEAR_SYSTEMS,fp:2e56caeb,tier:M1"
"SAT_MATH_45","V6","math45","400-800","MATH45_M1_Q09","MATH","1","base","9","Advanced Math","Nonlinear Functions","ADV_NF_002","Evaluate a function at a given input","Evaluate a function at a given input","easy","1","multiple_choice","","If f(x)=x^2-3x+4, what is f(-2)?","2","6","18","14","D","4","f(-2)=(-2)^2-3(-2)+4=4+6+4=14.","55","none","{}","","","","","","evaluate a function at a given input","","math,domain:Advanced Math,skill:ADV_NF_002,arch:MATH_ARCH_063_FUNCTION_EVALUATE,sim:SIM_FUNCTION_NOTATION_AND_VALUES,fp:fb55296b,tier:M1"
"SAT_MATH_45","V6","math45","400-800","MATH45_M1_Q10","MATH","1","base","10","Advanced Math","Equivalent Expressions","ADV_EE_001","Simplify expression using exponent rules","Simplify expression using exponent rules","medium","1","student_response","","For x ≠ 0, the expression (x^7)(x^3)/x^5 is equal to x^n. What is n?","","","","","","","Add exponents when multiplying and subtract when dividing: n=7+3-5=5.","60","none","{}","","","integer","5","0","simplify expression using exponent rules","","math,domain:Advanced Math,skill:ADV_EE_001,arch:MATH_ARCH_067_EXPONENT_RULES_SIMPLIFY,sim:SIM_EXPONENT_RADICALS,fp:15957f3b,tier:M1"
"SAT_MATH_45","V6","math45","400-800","MATH45_M1_Q11","MATH","1","base","11","Advanced Math","Equivalent Expressions","ADV_EE_002","Simplify radicals and rational exponents","Simplify radicals and rational exponents","medium","1","multiple_choice","","Which expression is equivalent to √72?","8√2","6√2","12√2","3√2","B","2","Since 72=36·2, √72=6√2. Also 3√8=6√2, so that would duplicate; replace it with 3√2.","65","none","{}","","","","","","simplify radicals and rational exponents","","math,domain:Advanced Math,skill:ADV_EE_002,arch:MATH_ARCH_068_RADICAL_SIMPLIFY,sim:SIM_EXPONENT_RADICALS,fp:102c51ec,tier:M1"
"SAT_MATH_45","V6","math45","400-800","MATH45_M1_Q12","MATH","1","base","12","Advanced Math","Equivalent Expressions","ADV_EE_003","Expand polynomial products","Expand polynomial products","medium","1","multiple_choice","","Which expression is equivalent to (2x - 3)(x + 5)?","2x^2 + 13x - 15","2x^2 - 7x - 15","2x^2 + 7x + 15","2x^2 + 7x - 15","D","4","Distribute: 2x^2+10x-3x-15=2x^2+7x-15.","70","none","{}","","","","","","expand polynomial products","","math,domain:Advanced Math,skill:ADV_EE_003,arch:MATH_ARCH_070_POLYNOMIAL_EXPAND,sim:SIM_POLYNOMIAL_RATIONAL_EXPRESSIONS,fp:c0038cdf,tier:M1"
"SAT_MATH_45","V6","math45","400-800","MATH45_M1_Q13","MATH","1","base","13","Advanced Math","Equivalent Expressions","ADV_EE_004","Factor polynomial expression","Factor polynomial expression","medium","1","multiple_choice","","Which expression is a factorization of 6x^2 + x - 2?","(3x - 2)(2x + 1)","(6x - 1)(x + 2)","(3x + 2)(2x - 1)","(3x + 1)(2x - 2)","C","3","Expanding (3x+2)(2x-1) gives 6x^2+x-2.","80","none","{}","","","","","","factor polynomial expression","","math,domain:Advanced Math,skill:ADV_EE_004,arch:MATH_ARCH_071_POLYNOMIAL_FACTOR,sim:SIM_POLYNOMIAL_RATIONAL_EXPRESSIONS,fp:c84f7eeb,tier:M2"
"SAT_MATH_45","V6","math45","400-800","MATH45_M1_Q14","MATH","1","base","14","Advanced Math","Equivalent Expressions","ADV_EE_006","Evaluate powers of i","Evaluate powers of i","medium","1","multiple_choice","","What is the value of i^27, where i^2=-1?","-i","i","1","-1","A","1","Powers of i repeat every 4. Since 27 leaves remainder 3, i^27=i^3=-i.","60","none","{}","","","","","","evaluate powers of i","","math,domain:Advanced Math,skill:ADV_EE_006,arch:MATH_ARCH_081_COMPLEX_POWERS_I,sim:SIM_COMPLEX_NUMBERS,fp:89ba8fe8,tier:M1"
"SAT_MATH_45","V6","math45","400-800","MATH45_M1_Q15","MATH","1","base","15","Advanced Math","Equivalent Expressions","ADV_EE_007","Add, subtract, or multiply complex numbers","Add, subtract, or multiply complex numbers","medium","1","multiple_choice","","What is (3 - 2i)(1 + 4i)?","11 + 10i","-5 + 10i","11 - 10i","-5 - 10i","A","1","Multiply: 3+12i-2i-8i^2=3+10i+8=11+10i.","75","none","{}","","","","","","add, subtract, or multiply complex numbers","","math,domain:Advanced Math,skill:ADV_EE_007,arch:MATH_ARCH_082_COMPLEX_ARITHMETIC,sim:SIM_COMPLEX_NUMBERS,fp:4bf551ed,tier:M1"
"SAT_MATH_45","V6","math45","400-800","MATH45_M1_Q16","MATH","1","base","16","Problem-Solving and Data Analysis","Ratios Rates and Proportions","PSD_RRP_007","Convert units using one conversion factor","Convert units using one conversion factor","medium","1","multiple_choice","","A trail is 3.5 kilometers long. Using 1 kilometer = 1,000 meters, how many meters long is the trail?","35","350","3500","35000","C","3","Multiply 3.5 by 1,000 to get 3,500 meters.","55","none","{}","","","","","","convert units using one conversion factor","","math,domain:Problem-Solving and Data Analysis,skill:PSD_RRP_007,arch:MATH_ARCH_038_UNIT_CONVERSION_SINGLE,sim:SIM_RATIOS_RATES_PROPORTIONS,fp:36b056d3,tier:M1"
"SAT_MATH_45","V6","math45","400-800","MATH45_M1_Q17","MATH","1","base","17","Problem-Solving and Data Analysis","Percentages","PSD_PCT_001","Compute a percent of a whole or identify percent from part/whole","Compute a percent of a whole or identify percent from part/whole","medium","1","multiple_choice","","A class has 32 students, and 12.5% are absent. How many students are absent?","4","2","6","8","A","1","12.5%=1/8, and 32÷8=4.","65","none","{}","","","","","","compute a percent of a whole or identify percent from part/whole","","math,domain:Problem-Solving and Data Analysis,skill:PSD_PCT_001,arch:MATH_ARCH_042_PERCENT_OF_WHOLE,sim:SIM_PERCENT_RELATIONSHIPS,fp:23c901ac,tier:M1"
"SAT_MATH_45","V6","math45","400-800","MATH45_M1_Q18","MATH","1","base","18","Problem-Solving and Data Analysis","Probability","PSD_PROB_001","Compute probability from a two-way table with correct denominator","Compute probability from a two-way table with correct denominator","medium","1","multiple_choice","","A student is selected at random from the group shown. What is the probability that the student is in grade 10 and uses the bus?","3/5","12/35","24/40","3/10","B","2","There are 24 grade 10 students who use the bus out of 70 students total, so the probability is 24/70=12/35.","85","table","{}","|        | Uses bus | Does not use bus | Total |\n|---|---:|---:|---:|\n| Grade 9 | 18 | 12 | 30 |\n| Grade 10 | 24 | 16 | 40 |\n| Total | 42 | 28 | 70 |","","","","","compute probability from a two-way table with correct denominator","","math,domain:Problem-Solving and Data Analysis,skill:PSD_PROB_001,arch:MATH_ARCH_049_TWO_WAY_TABLE_PROBABILITY,sim:SIM_PROBABILITY_TABLES,fp:8ee7838a,tier:M2"
"SAT_MATH_45","V6","math45","400-800","MATH45_M1_Q19","MATH","1","base","19","Problem-Solving and Data Analysis","Statistics","PSD_STAT_003","Find change in mean after adding data values","Find change in mean after adding data values","medium","1","multiple_choice","","A runner's mean distance over 6 training days is 14 kilometers. After a seventh training day, the mean becomes 15 kilometers. How many kilometers did the runner travel on the seventh day?","15","20","21","29","C","3","The first 6 days total 6·14=84 kilometers. The 7-day total is 7·15=105 kilometers, so the seventh-day distance is 105-84=21 kilometers.","80","none","{}","","","","","","find change in mean after adding data values","","math,domain:Problem-Solving and Data Analysis,skill:PSD_STAT_003,arch:MATH_ARCH_053_MEAN_CHANGE_ADDED_VALUES,sim:SIM_STATISTICS_CENTER_SPREAD,fp:f5847b79,tier:M1"
"SAT_MATH_45","V6","math45","400-800","MATH45_M1_Q20","MATH","1","base","20","Geometry and Trigonometry","Triangles","GEO_TRI_001","Use angle relationships with parallel lines and transversal","Use angle relationships with parallel lines and transversal","medium","1","multiple_choice","","Two parallel lines are cut by a transversal. One acute angle measures 68°. What is the measure of each obtuse angle formed?","68","22","292","112","D","4","Adjacent angles are supplementary, so each obtuse angle measures 180-68=112 degrees.","70","none","{}","","","","","","use angle relationships with parallel lines and transversal","","math,domain:Geometry and Trigonometry,skill:GEO_TRI_001,arch:MATH_ARCH_084_ANGLE_PAIRS_PARALLEL_LINES,sim:SIM_PARALLEL_LINES_ANGLES,fp:81c6c354,tier:E1"
"SAT_MATH_45","V6","math45","400-800","MATH45_M1_Q21","MATH","1","base","21","Geometry and Trigonometry","Triangles","GEO_TRI_002","Find angle measures using triangle angle sum and exterior angle","Find angle measures using triangle angle sum and exterior angle","medium","1","multiple_choice","","In triangle ABC, angle A measures 48° and angle B measures 67°. What is the measure of angle C?","65","55","75","115","A","1","The angles of a triangle sum to 180°, so angle C=180-48-67=65°.","70","triangle","{""diagram_type"":""triangle"",""render_mode"":""near_to_scale"",""not_to_scale"":true,""vertices"":[""A"",""B"",""C""],""angle_labels"":{""A"":""48°"",""B"":""67°"",""C"":""x°""},""target"":""angle C""}","","","","","","find angle measures using triangle angle sum and exterior angle","","math,domain:Geometry and Trigonometry,skill:GEO_TRI_002,arch:MATH_ARCH_085_TRIANGLE_ANGLE_SUM,sim:SIM_TRIANGLE_ANGLE_RELATIONSHIPS,fp:5049f39b,tier:M1"
"SAT_MATH_45","V6","math45","400-800","MATH45_M1_Q22","MATH","1","base","22","Geometry and Trigonometry","Trigonometry","GEO_TRIG_003","Use complementary angle trig relationships","Use complementary angle trig relationships","hard","1","multiple_choice","","Angles θ and φ are complementary acute angles. Which expression is equal to sin θ?","cos φ","sin φ","tan φ","1/cos φ","A","1","For complementary angles, sin θ=cos(90°-θ). Since φ=90°-θ, sin θ=cos φ.","80","none","{}","","","","","","use complementary angle trig relationships","","math,domain:Geometry and Trigonometry,skill:GEO_TRIG_003,arch:MATH_ARCH_097_TRIG_COMPLEMENTARY,sim:SIM_TRIGONOMETRY_RELATIONSHIPS,fp:a0fd0638,tier:M1"
"SAT_MATH_45","V6","math45","400-800","MATH45_M2_Q01","MATH","2","hard","1","Algebra","Linear Functions","ALG_LF_003","Solve for input when a linear model reaches a target value","Solve for input when a linear model reaches a target value","medium","1","multiple_choice","","A laboratory sample cools according to T(t)=92-3.5t, where T is in degrees Celsius and t is in minutes. After how many minutes will the sample reach 50°C?","10","14","16","12","D","4","Set 92-3.5t=50. Then 3.5t=42, so t=12.","75","none","{}","","","","","","solve for input when a linear model reaches a target value","","math,domain:Algebra,skill:ALG_LF_003,arch:MATH_ARCH_006_LINEAR_MODEL_SOLVE_TARGET,sim:SIM_LINEAR_FUNCTIONS_AND_GRAPHS,fp:04452e2b,tier:M2"
"SAT_MATH_45","V6","math45","400-800","MATH45_M2_Q02","MATH","2","hard","2","Algebra","Linear Functions","ALG_LF_006","Write the equation of a line through two points","Write the equation of a line through two points","hard","1","multiple_choice","","Which equation represents the line through (-3, 8) and (5, -4)?","y = -2x/3 + 6","y = -3x/2 + 7/2","y = 3x/2 + 25/2","y = -3x/2 - 7/2","B","2","The slope is (-4-8)/(5-(-3))=-12/8=-3/2. Using (5,-4), b=-4+15/2=7/2.","95","none","{}","","","","","","write the equation of a line through two points","","math,domain:Algebra,skill:ALG_LF_006,arch:MATH_ARCH_009_LINEAR_GRAPH_EQUATION_FROM_POINTS,sim:SIM_LINEAR_FUNCTIONS_AND_GRAPHS,fp:30c35c97,tier:M2"
"SAT_MATH_45","V6","math45","400-800","MATH45_M2_Q03","MATH","2","hard","3","Algebra","Systems of Equations","ALG_SYS_004","Combine equations to solve directly for x+y or a linear combination","Combine equations to solve directly for x+y or a linear combination","hard","1","multiple_choice","","The system 4x+7y=31 and 7x+4y=35 has solution (x,y). What is x+y?","4","8","6","11","C","3","Adding the equations gives 11x+11y=66, so x+y=6.","75","none","{}","","","","","","combine equations to solve directly for x+y or a linear combination","","math,domain:Algebra,skill:ALG_SYS_004,arch:MATH_ARCH_018_SYSTEM_SUM_DIRECT,sim:SIM_LINEAR_SYSTEMS,fp:7adf6aa7,tier:H2"
"SAT_MATH_45","V6","math45","400-800","MATH45_M2_Q04","MATH","2","hard","4","Algebra","Systems of Equations","ALG_SYS_010","Translate multi-constraint budget/resource situation into inequalities","Translate multi-constraint budget/resource situation into inequalities","hard","1","multiple_choice","","A club buys x adult tickets and y student tickets. Adult tickets cost $18, student tickets cost $11, at least 20 tickets are needed, and the budget is at most $290. Which system models the constraints?","x+y ≥ 20, 18x+11y ≤ 290, x≥0, y≥0","x+y ≤ 20, 18x+11y ≥ 290, x≥0, y≥0","x+y ≥ 20, 11x+18y ≤ 290, x≥0, y≥0","x+y ≤ 20, 18x+11y ≤ 290, x≥0, y≥0","A","1","At least 20 gives x+y≥20. The budget cap gives 18x+11y≤290, with nonnegative ticket counts.","90","none","{}","","","","","","translate multi-constraint budget/resource situation into inequalities","","math,domain:Algebra,skill:ALG_SYS_010,arch:MATH_ARCH_030_BUDGET_SYSTEM_INEQUALITIES,sim:SIM_LINEAR_SYSTEMS,fp:4e40848a,tier:H2"
"SAT_MATH_45","V6","math45","400-800","MATH45_M2_Q05","MATH","2","hard","5","Algebra","Systems of Equations","ALG_SYS_006","Find parameter value that makes two linear equations parallel","Find parameter value that makes two linear equations parallel","hard","1","multiple_choice","","For what value of k does the system kx-6y=8 and 6x-9y=15 have no solution?","3","6","4","8","C","3","For parallel lines, the x- and y-coefficient ratios must match: k/6=(-6)/(-9)=2/3, so k=4. The constant ratio 8/15 is different, so the lines are distinct and the system has no solution.","100","none","{}","","","","","","find parameter value that makes two linear equations parallel","","math,domain:Algebra,skill:ALG_SYS_006,arch:MATH_ARCH_020_SYSTEM_NO_SOLUTION_PARAMETER,sim:SIM_LINEAR_SYSTEMS,fp:bcb58426,tier:H3"
"SAT_MATH_45","V6","math45","400-800","MATH45_M2_Q06","MATH","2","hard","6","Algebra","Systems of Equations","ALG_SYS_007","Find parameter value that makes two equations equivalent","Find parameter value that makes two equations equivalent","hard","1","multiple_choice","","For what value of k do the equations 3x+ky=12 and 9x-6y=36 represent the same line?","2","-6","6","-2","D","4","Multiplying the first equation by 3 must produce the second. Thus 3k=-6, so k=-2.","90","none","{}","","","","","","find parameter value that makes two equations equivalent","","math,domain:Algebra,skill:ALG_SYS_007,arch:MATH_ARCH_021_SYSTEM_INFINITE_SOLUTIONS_PARAMETER,sim:SIM_LINEAR_SYSTEMS,fp:8a27c814,tier:H3"
"SAT_MATH_45","V6","math45","400-800","MATH45_M2_Q07","MATH","2","hard","7","Algebra","Linear Equations","ALG_LE_005","Solve a literal equation with parameters in terms of other variables","Solve a literal equation with parameters in terms of other variables","hard","1","multiple_choice","","The equation P = 2a + 2b + c(a-b) is solved for a. Which expression equals a?","(P-2b-bc)/(2+c)","(P+2b+bc)/(2-c)","(P-2b+bc)/(2+c)","(P-2b+bc)/(2-c)","C","3","Group the a-terms: P=a(2+c)+b(2-c). Therefore a=[P-b(2-c)]/(2+c)=(P-2b+bc)/(2+c).","120","none","{}","","","","","","solve a literal equation with parameters in terms of other variables","","math,domain:Algebra,skill:ALG_LE_005,arch:MATH_ARCH_014_LITERAL_EQUATION_PARAMETER,sim:SIM_LINEAR_EQUATIONS_AND_INEQUALITIES,fp:cd1f6eee,tier:H3"
"SAT_MATH_45","V6","math45","400-800","MATH45_M2_Q08","MATH","2","hard","8","Advanced Math","Nonlinear Functions","ADV_NF_004","Evaluate nested or composed functions","Evaluate nested or composed functions","hard","1","multiple_choice","","Let f(x)=2x^2-1 and g(x)=x-3. What is f(g(4))+g(f(2))?","3","7","5","9","C","3","g(4)=1, so f(g(4))=f(1)=1. Also f(2)=7, so g(f(2))=g(7)=4. The sum is 5.","95","none","{}","","","","","","evaluate nested or composed functions","","math,domain:Advanced Math,skill:ADV_NF_004,arch:MATH_ARCH_065_FUNCTION_COMPOSITION,sim:SIM_FUNCTION_NOTATION_AND_VALUES,fp:dfd67ddf,tier:H2"
"SAT_MATH_45","V6","math45","400-800","MATH45_M2_Q09","MATH","2","hard","9","Advanced Math","Nonlinear Functions","ADV_NF_001","Determine parameters for a line and parabola system with two real solutions","Determine parameters for a line and parabola system with two real solutions","hard","1","multiple_choice","","For which value of k does the line y=k intersect the parabola y=x^2-6x+11 at two distinct points?","0","4","1","2","B","2","Set x^2-6x+11=k. The discriminant is 36-4(11-k)=4k-8. Two intersections require 4k-8>0, so k>2. Only 4 satisfies this.","100","none","{}","","","","","","determine parameters for a line and parabola system with two real solutions","","math,domain:Advanced Math,skill:ADV_NF_001,arch:MATH_ARCH_022_SYSTEM_QUADRATIC_LINE_TWO_SOLUTIONS,sim:SIM_QUADRATIC_SOLVING,fp:7abf214f,tier:H3"
"SAT_MATH_45","V6","math45","400-800","MATH45_M2_Q10","MATH","2","hard","10","Advanced Math","Nonlinear Functions","ADV_NF_006","Solve radical equation and check extraneous solution","Solve radical equation and check extraneous solution","hard","1","multiple_choice","","What is the solution to √(2x+3)=x?","-1","3","1","9","B","2","Squaring gives x^2-2x-3=0, so x=3 or -1. Checking the original equation, x=-1 gives 1=-1 and is extraneous; x=3 works.","110","none","{}","","","","","","solve radical equation and check extraneous solution","","math,domain:Advanced Math,skill:ADV_NF_006,arch:MATH_ARCH_069_RADICAL_EQUATION_EXTRANEOUS,sim:SIM_EXPONENT_RADICALS,fp:ebd028d0,tier:H3"
"SAT_MATH_45","V6","math45","400-800","MATH45_M2_Q11","MATH","2","hard","11","Advanced Math","Nonlinear Functions","ADV_NF_007","Solve rational equation and reject excluded values","Solve rational equation and reject excluded values","hard","1","multiple_choice","","What is the solution to 3/(x-2) + 1 = 5/(x-2)?","0","2","7","4","D","4","Because x≠2, multiply by x-2: 3+(x-2)=5. Thus x=4, which is allowed.","100","none","{}","","","","","","solve rational equation and reject excluded values","","math,domain:Advanced Math,skill:ADV_NF_007,arch:MATH_ARCH_073_RATIONAL_EQUATION_SOLVE,sim:SIM_RATIONAL_EQUATIONS,fp:14b6e4df,tier:H3"
"SAT_MATH_45","V6","math45","400-800","MATH45_M2_Q12","MATH","2","hard","12","Advanced Math","Nonlinear Functions","ADV_NF_008","Model exponential growth or decay","Model exponential growth or decay","hard","1","multiple_choice","","A culture starts with 800 cells. It grows by 25% every 3 hours. Which expression gives the number of cells after t hours?","800(1.25)^(t/3)","800(1.25)^(3t)","800(0.75)^(t/3)","800+1.25(t/3)","A","1","Each 3-hour interval multiplies the population by 1.25. There are t/3 such intervals, giving 800(1.25)^(t/3).","110","none","{}","","","","","","model exponential growth or decay","","math,domain:Advanced Math,skill:ADV_NF_008,arch:MATH_ARCH_074_EXPONENTIAL_GROWTH_DECAY,sim:SIM_EXPONENTIAL_MODELS,fp:de4b6830,tier:H3"
"SAT_MATH_45","V6","math45","400-800","MATH45_M2_Q13","MATH","2","hard","13","Advanced Math","Nonlinear Functions","ADV_NF_011","Complete the square to find vertex or solve","Complete the square to find vertex or solve","hard","1","multiple_choice","","The function f(x)=2x^2-16x+35 can be written as 2(x-h)^2+k. What is h+k?","7","3","9","11","A","1","Complete the square: f(x)=2(x^2-8x)+35=2[(x-4)^2-16]+35=2(x-4)^2+3. Thus h+k=4+3=7.","110","none","{}","","","","","","complete the square to find vertex or solve","","math,domain:Advanced Math,skill:ADV_NF_011,arch:MATH_ARCH_077_QUADRATIC_COMPLETE_SQUARE,sim:SIM_QUADRATIC_FEATURES,fp:f193be33,tier:H3"
"SAT_MATH_45","V6","math45","400-800","MATH45_M2_Q14","MATH","2","hard","14","Advanced Math","Nonlinear Functions","ADV_NF_012","Interpret vertex form of a quadratic function","Interpret vertex form of a quadratic function","hard","1","multiple_choice","","For f(x)=-3(x-2)^2+12, which statement is true?","The minimum value of f is 12 at x=2","The maximum value of f is 2 at x=12","The zeros of f are x=2 and x=12","The maximum value of f is 12 at x=2","D","4","The coefficient of the squared term is negative, so the parabola opens downward. Its vertex is (2,12), making 12 the maximum value.","90","none","{}","","","","","","interpret vertex form of a quadratic function","","math,domain:Advanced Math,skill:ADV_NF_012,arch:MATH_ARCH_078_QUADRATIC_VERTEX_FORM,sim:SIM_QUADRATIC_FEATURES,fp:058d1e15,tier:H3"
"SAT_MATH_45","V6","math45","400-800","MATH45_M2_Q15","MATH","2","hard","15","Advanced Math","Nonlinear Functions","ADV_NF_014","Use discriminant to determine number/type of solutions","Use discriminant to determine number/type of solutions","hard","1","student_response","","The equation x^2+(m-1)x+9=0 has exactly one real solution. If m>1, what is m?","","","","","","","Exactly one real solution requires discriminant 0: (m-1)^2-36=0. Thus m-1=±6. Since m>1, m=7.","115","none","{}","","","integer","7","0","use discriminant to determine number/type of solutions","","math,domain:Advanced Math,skill:ADV_NF_014,arch:MATH_ARCH_080_QUADRATIC_DISCRIMINANT,sim:SIM_QUADRATIC_SOLVING,fp:5e3a7196,tier:H3"
"SAT_MATH_45","V6","math45","400-800","MATH45_M2_Q16","MATH","2","hard","16","Problem-Solving and Data Analysis","Ratios Rates and Proportions","PSD_RRP_008","Convert units through multiple conversion factors","Convert units through multiple conversion factors","hard","1","multiple_choice","","A machine moves material at 2.4 meters per second. What is this rate in kilometers per hour?","0.864","8.64","6.67","8640","B","2","Multiply by 3,600 seconds per hour and divide by 1,000 meters per kilometer: 2.4·3600/1000=8.64 km/h.","100","none","{}","","","","","","convert units through multiple conversion factors","","math,domain:Problem-Solving and Data Analysis,skill:PSD_RRP_008,arch:MATH_ARCH_039_UNIT_CONVERSION_CHAIN,sim:SIM_RATIOS_RATES_PROPORTIONS,fp:03f9baf8,tier:H2"
"SAT_MATH_45","V6","math45","400-800","MATH45_M2_Q17","MATH","2","hard","17","Problem-Solving and Data Analysis","Probability","PSD_PROB_002","Compute conditional probability from a table subset","Compute conditional probability from a table subset","hard","1","multiple_choice","","A participant is selected at random from those who completed the program. What is the probability that the participant was in the online program?","27/71","3/4","9/16","54/142","C","3","Condition on completion: 96 participants completed the program, and 54 of them were online. The probability is 54/96=9/16.","105","table","{}","| Program | Completed | Not completed | Total |\n|---|---:|---:|---:|\n| Online | 54 | 18 | 72 |\n| In person | 42 | 28 | 70 |\n| Total | 96 | 46 | 142 |","","","","","compute conditional probability from a table subset","","math,domain:Problem-Solving and Data Analysis,skill:PSD_PROB_002,arch:MATH_ARCH_050_CONDITIONAL_PROBABILITY_TABLE,sim:SIM_PROBABILITY_TABLES,fp:b0009666,tier:H3"
"SAT_MATH_45","V6","math45","400-800","MATH45_M2_Q18","MATH","2","hard","18","Problem-Solving and Data Analysis","Data Interpretation","PSD_DATA_004","Interpret slope or intercept of regression line in context","Interpret slope or intercept of regression line in context","hard","1","multiple_choice","","A regression line modeling a plant's height y, in centimeters, after x days is y=1.8x+6.4. Which interpretation of 1.8 is correct?","The predicted initial height is 1.8 centimeters","The plant reaches 1.8 centimeters after 6.4 days","The predicted height increases by 6.4 centimeters each day","The predicted height increases by 1.8 centimeters for each additional day","D","4","The slope is 1.8, so the model predicts an increase of 1.8 centimeters per additional day.","85","none","{}","","","","","","interpret slope or intercept of regression line in context","","math,domain:Problem-Solving and Data Analysis,skill:PSD_DATA_004,arch:MATH_ARCH_062_SCATTERPLOT_SLOPE_INTERCEPT_CONTEXT,sim:SIM_DATA_GRAPH_INTERPRETATION,fp:01dfcf91,tier:H3"
"SAT_MATH_45","V6","math45","400-800","MATH45_M2_Q19","MATH","2","hard","19","Geometry and Trigonometry","Triangles","GEO_TRI_004","Use 30-60-90 or 45-45-90 triangle ratios","Use 30-60-90 or 45-45-90 triangle ratios","hard","1","multiple_choice","","Right triangle ABC has a right angle at C, AC=6, and BC=6√3. What is the length of hypotenuse AB?","6","9","18","12","D","4","The legs are in the ratio 1:√3, so this is a 30-60-90 triangle with short leg 6. The hypotenuse is 12.","100","right_triangle","{""diagram_type"":""right_triangle"",""render_mode"":""near_to_scale"",""not_to_scale"":true,""vertices"":[""A"",""B"",""C""],""right_angle_at"":""C"",""side_labels"":{""AC"":""6"",""BC"":""6√3"",""AB"":""x""},""target"":""AB""}","","","","","","use 30-60-90 or 45-45-90 triangle ratios","","math,domain:Geometry and Trigonometry,skill:GEO_TRI_004,arch:MATH_ARCH_087_SPECIAL_RIGHT_TRIANGLES,sim:SIM_SPECIAL_RIGHT_TRIANGLES,fp:5e48f165,tier:H3"
"SAT_MATH_45","V6","math45","400-800","MATH45_M2_Q20","MATH","2","hard","20","Geometry and Trigonometry","Triangles","GEO_TRI_006","Use similar triangles and scale factors","Use similar triangles and scale factors","hard","1","multiple_choice","","Triangles ABC and DEF are similar with A corresponding to D, B to E, and C to F. If AB=8, BC=12, and DE=14, what is EF?","18","21","24","28","B","2","The scale factor from ABC to DEF is 14/8=7/4. Therefore EF=12·7/4=21.","110","triangle","{""diagram_type"":""similar_triangles"",""render_mode"":""near_to_scale"",""not_to_scale"":true,""triangles"":[{""triangle_id"":""ABC"",""vertices"":[""A"",""B"",""C""],""side_labels"":{""AB"":""8"",""BC"":""12"",""AC"":""10""},""angle_labels"":{}},{""triangle_id"":""DEF"",""vertices"":[""D"",""E"",""F""],""side_labels"":{""DE"":""14"",""EF"":""x"",""DF"":""17.5""},""angle_labels"":{}}],""correspondence"":{""A"":""D"",""B"":""E"",""C"":""F""},""target"":""EF""}","","","","","","use similar triangles and scale factors","","math,domain:Geometry and Trigonometry,skill:GEO_TRI_006,arch:MATH_ARCH_089_SIMILAR_TRIANGLES_SCALE,sim:SIM_SIMILAR_TRIANGLES,fp:0b9bc026,tier:H3"
"SAT_MATH_45","V6","math45","400-800","MATH45_M2_Q21","MATH","2","hard","21","Geometry and Trigonometry","Trigonometry","GEO_TRIG_004","Use benchmark unit-circle values","Use benchmark unit-circle values","hard","1","multiple_choice","","An angle θ in standard position has terminal point (-√3/2, 1/2) on the unit circle. What is θ in radians for 0≤θ<2π?","π/6","5π/6","2π/3","7π/6","B","2","The point is in quadrant II with reference angle π/6, so θ=π-π/6=5π/6.","105","none","{}","","","","","","use benchmark unit-circle values","","math,domain:Geometry and Trigonometry,skill:GEO_TRIG_004,arch:MATH_ARCH_098_UNIT_CIRCLE_BENCHMARK,sim:SIM_TRIGONOMETRY_RELATIONSHIPS,fp:72380138,tier:H3"
"SAT_MATH_45","V6","math45","400-800","MATH45_M2_Q22","MATH","2","hard","22","Geometry and Trigonometry","Area","GEO_AREA_001","Compute surface area of prism/cylinder or composite solid","Compute surface area of prism/cylinder or composite solid","hard","1","multiple_choice","","A closed cylinder has radius 3 cm and height 8 cm. A second closed cylinder has twice the radius and half the height. What is the ratio of the second cylinder's surface area to the first cylinder's surface area?","20/11","2","16/11","4","A","1","The first area is 2π(3)^2+2π(3)(8)=66π. The second has r=6 and h=4, so its area is 2π(6)^2+2π(6)(4)=120π. The ratio is 120/66=20/11.","125","none","{}","","","","","","compute surface area of prism/cylinder or composite solid","","math,domain:Geometry and Trigonometry,skill:GEO_AREA_001,arch:MATH_ARCH_100_SOLID_SURFACE_AREA,sim:SIM_SOLID_MEASUREMENT,fp:f4c8c6c0,tier:H3"
