"test_id","exam_version","generation_batch_id","target_score_band","question_id","section","module","route","question_number","content_domain","skill_group","skill_code","skill_label","question_topic","difficulty","scoring_weight","question_type","passage","question","choice_a","choice_b","choice_c","choice_d","correct_answer","correct_choice_index","explanation","time_estimate_sec","visual_type","visual_json","table_markdown","equation_latex","student_response_type","correct_numeric_answer","answer_tolerance","primary_skill","secondary_skill","tags"
"SAT_RW_12","RW_SPLIT_V9","12_FRONT","mixed","RW12_M1_Q01","RW","1","base","1","Craft and Structure","Words in Context","RW_WIC_005","Determine meaning or function of a word/phrase in context","contextual_meaning","Easy","1","multiple_choice","Jonas, an apprentice bookbinder, had been sent to deliver a repaired atlas to a customer who was entertaining guests in a bright front parlor. Rather than interrupt the conversation, he waited in the dim hall beside a folding screen painted with cranes. A narrow gap between the curtain and the window frame seemed to afford him a view of the table, where the atlas lay beside several newly printed maps. From the guests’ remarks, Jonas realized that the customer was comparing his careful handwork with cheaper machine binding. He could not hear every sentence, but he saw the customer turn the atlas slowly, press its spine flat, and then pass it to the others. When the servant finally invited Jonas inside, he entered less anxiously than before. The glimpse had not told him what the customer would decide, yet it had given him enough information to understand what was being examined.","As used in the text, “afford” is closest in meaning to which choice?","concealed","purchased","postponed","provided","D","4","In context, “afford” describes what the narrow gap could give Jonas: a view of the table. “Provided” fits that use. The other choices describe hiding, buying, or delaying, none of which matches what the gap did.","75","none","{}","","","","","","Words in Context","","rw,front,module1,passage:E003,arch:RW_WIC_005,sim:rw_words_in_context_logical_link,surface:SURF_RW_WIC_005,difficulty_profile:D1,wic,hard_vocab,wic_arch:WIC_DIRECT_MEANING_01,wic_family:direct_meaning,vocab:HV_009,tier:V3,target:afford,fp:96ed980eae1f,sfp:a4bfebf4bd29,choice_sig:d828e35d29"
"SAT_RW_12","RW_SPLIT_V9","12_FRONT","mixed","RW12_M1_Q02","RW","1","base","2","Craft and Structure","Words in Context","RW_WIC_003","Determine meaning or function of a word/phrase in context","tonal_effect","Medium","1","multiple_choice","Mara had expected the afternoon walk beside the river to be easy. Her aunt, however, carried a small portrait wrapped in cloth and asked questions about a family name that Mara had heard only in passing. At first Mara answered quickly, eager to show that the questions did not trouble her. Then her aunt unfolded the portrait and pointed to a date written faintly along the frame. Mara recognized it as the year her mother had left the town. She studied the water before giving her aunt a measured reply about the portrait, saying she remembered the name but not the story attached to it. Her aunt did not press her. Instead, she rewrapped the portrait and began speaking about the weathered houses across the river. Mara understood that the conversation had changed without ending. By the time they reached the bridge, she was no longer pretending indifference, but neither had she offered more than she was ready to explain.","In context, what role does “measured” play in the description of Mara’s reply?","It presents her response as uncertain because she has forgotten the family name entirely.","It makes her response seem unexpectedly cheerful despite the seriousness of the conversation.","It presents her response as formal mainly because she wants to end the conversation with her aunt.","It presents her response as deliberately restrained even though the portrait has made the subject personally significant.","D","4","Mara recognizes the date and is affected by it, but she answers only as far as she is ready to go. Calling the reply “measured” characterizes that controlled restraint. The other choices misstate her knowledge, mood, or purpose.","75","none","{}","","","","","","Words in Context","","rw,front,module1,passage:E008,arch:RW_WIC_003,sim:rw_words_in_context_word_function,surface:SURF_RW_WIC_003,difficulty_profile:D2,wic,hard_vocab,wic_arch:WIC_TONAL_EFFECT_01,wic_family:tonal_effect,vocab:HV_108,tier:V3,target:measured,fp:15309d91b425,sfp:09799683dff7,choice_sig:6147992b62"
"SAT_RW_12","RW_SPLIT_V9","12_FRONT","mixed","RW12_M1_Q03","RW","1","base","3","Craft and Structure","Words in Context","RW_WIC_009","Determine meaning or function of a word/phrase in context","claim_scope","Hard","1","multiple_choice","A transit agency tested new platform signs at six commuter-rail stations where riders often formed dense clusters near the stairways. The signs displayed not only train destinations but also arrows showing which sections of the platform had more open space. At three large downtown stations, passengers spread out more evenly during the evening rush, and boarding delays fell slightly. At two quieter stations, rider distribution changed little because crowding was uncommon to begin with. At the sixth station, construction barriers limited where passengers could stand, so the signs had almost no effect. Surveys also showed that regular commuters noticed the arrows more often than occasional riders did. The agency therefore described the signs as a qualified success after reviewing the station-by-station results. The trial suggested that the signs can help when crowding leaves riders several usable places to wait, but physical constraints and low passenger volume can substantially reduce their practical value.","In context, what does “qualified” contribute to the passage’s claim about the platform signs?","It limits the recommendation by tying the signs’ usefulness to particular station conditions.","It narrows the agency’s judgment mainly to regular commuters because they noticed the arrows more often than occasional riders.","It treats the construction barriers as evidence that the signs work best when passengers have fewer places to stand.","It extends the downtown improvements into a recommendation for low-volume stations where crowding was uncommon.","A","1","The results vary with station conditions: crowded downtown stations improved, quiet stations changed little, and construction barriers prevented redistribution. “Qualified” therefore limits the success claim. Choice B focuses too narrowly on rider familiarity, choice C reverses the barrier result, and choice D ignores the quiet-station limitation.","75","none","{}","","","","","","Words in Context","","rw,front,module1,passage:R009,arch:RW_WIC_009,sim:rw_words_in_context_evidence_based_inference,surface:SURF_RW_WIC_009,difficulty_profile:D3,wic,hard_vocab,wic_arch:WIC_CLAIM_FUNCTION_01,wic_family:claim_function,vocab:HV_113,tier:V3,target:qualified,fp:e91f6fc32657,sfp:2a7868ce5358,choice_sig:b1f3e4fbd6"
"SAT_RW_12","RW_SPLIT_V9","12_FRONT","mixed","RW12_M1_Q04","RW","1","base","4","Craft and Structure","Text Structure and Purpose","RW_TSP_011","Analyze structure or purpose","contrast_structure","Easy","1","multiple_choice","After twelve years away, Celia returned to the market arcade where she had once helped her uncle sell ribbons and buttons. She remembered the place as noisy and cramped, with fruit sellers calling across the central aisle and fabric hanging so low that customers brushed it with their shoulders. The arcade she entered was quieter. Several stalls had become cafés, and glass signs now marked spaces that Celia remembered as open counters. Still, she felt certain she could find her uncle’s former stall without looking at the numbers. Halfway down the aisle, she stopped beside a florist’s bucket containing a single wilted anemone. The flower recalled one her uncle used to keep in a chipped cup, yet the stall behind it was two doors farther than Celia expected. She continued walking more slowly. Each familiar detail now seemed to confirm not the accuracy of her memory but how much memory had rearranged the place.","Which choice best describes the overall structure of the text?","It lists changes in the market arcade and then argues that the changes have made the arcade less useful to shoppers.","It recounts Celia’s memories of working for her uncle and then explains why she chose not to visit his former stall.","It begins with Celia’s confidence in her memory and then uses discrepancies in the arcade to undermine that confidence.","It contrasts Celia’s dislike of the renovated arcade with her uncle’s preference for the arcade as it once was.","C","3","Celia initially trusts her memory enough to navigate without stall numbers. As mismatches accumulate, especially around the florist’s stall, she realizes that her memory has rearranged the place. The other choices add judgments or events the passage does not make.","75","none","{}","","","","","","Text Structure and Purpose","","rw,front,module1,passage:E016,arch:RW_TSP_011,sim:rw_text_structure_and_purpose_contrast,surface:SURF_RW_TSP_011,difficulty_profile:D1,fp:503b731a2268,sfp:09f18e021ea9,choice_sig:328f2084dd"
"SAT_RW_12","RW_SPLIT_V9","12_FRONT","mixed","RW12_M1_Q05","RW","1","base","5","Craft and Structure","Text Structure and Purpose","RW_TSP_012","Analyze structure or purpose","cause_effect_comparison","Medium","1","multiple_choice","Biologists studying how honeybees adjust familiar travel routes trained two groups to visit feeders beside a line of hedges. One group encountered the same feeder position for ten days; the other encountered small shifts in feeder position every second day. Tiny tags allowed the biologists to reconstruct each bee’s path from the hive. During training, both groups reached the feeders with similar efficiency, so repeated route changes did not appear to improve ordinary travel. The researchers then moved every feeder to the opposite side of a hedge. <u>When the researchers shifted the feeders, bees from the flexible group altered their first turns within two trips, while bees from the habitual group continued along the old route for nearly a day.</u> By the following morning, most bees in both groups had found the new location. The difference was therefore temporary, but it showed that varied recent experience affected how quickly bees abandoned a route that had stopped working.","What function does the underlined portion serve in the text’s discussion of the bee routes?","It shows that the flexible-route bees had already become more efficient than the habitual-route bees during the training period.","It suggests that both groups responded to the feeder move by relying on the same hedge landmarks but at different speeds.","It presents the groups’ different initial responses as a lasting separation in their ability to locate the moved feeders.","It provides the key comparison showing that varied recent experience changed how quickly bees abandoned an outdated route.","D","4","The underlined sentence supplies the decisive post-move comparison: bees with varied recent routes abandon the old turn sooner. Choice A conflicts with the earlier finding that training efficiency was similar; choice B invents a shared landmark mechanism; choice C overlooks the later statement that the difference was temporary.","75","none","{}","","","","","","Text Structure and Purpose","","rw,front,module1,passage:R027,arch:RW_TSP_012,sim:rw_text_structure_and_purpose_cause_effect,surface:SURF_RW_TSP_012,difficulty_profile:D2,fp:dd2736afc9a4,sfp:0fefd3caae91,choice_sig:eec2eac64b"
"SAT_RW_12","RW_SPLIT_V9","12_FRONT","mixed","RW12_M1_Q06","RW","1","base","6","Craft and Structure","Text Structure and Purpose","RW_TSP_001","Analyze structure or purpose","sentence_purpose","Hard","1","multiple_choice","Captain Vale had gone to the milliner’s back room intending to settle a small debt for his sister, and he expected the errand to last only minutes. Ives found the receipt at once, yet she left it unsigned on the table and asked whether Vale still kept the brass compass he had carried at sea. He said that he did. <u>Rather than returning to the receipt, Ives described a winter crossing during which Vale’s late brother had secretly paid for medicine for her family.</u> Vale, who had known nothing of the payment, stopped counting the coins in his hand. The debt before him suddenly seemed less like a simple account between customers and shopkeeper. Ives eventually signed the receipt and accepted the exact amount owed, but Vale departed with the compass in his pocket and the sense that the object now belonged to a story larger than the voyages he had associated with it.","Why does the text include the underlined portion?","It shifts the encounter from a routine financial matter to a personal history that changes how Vale understands the debt.","It introduces an earlier favor that gives Ives a reason to waive the current debt rather than accept Vale’s payment.","It connects the compass to the brother’s payment by establishing that the brother carried it during the winter crossing.","It reveals that Vale already knew of his brother’s aid but had avoided mentioning it while settling the account.","A","1","The underlined portion introduces the brother’s hidden generosity, changing the significance of an otherwise routine debt. Choice B is tempting because the favor complicates the exchange, but Ives still accepts the exact payment. Choice C invents a connection between the compass and the brother’s crossing, and choice D conflicts with Vale’s surprise.","75","none","{}","","","","","","Text Structure and Purpose","","rw,front,module1,passage:E021,arch:RW_TSP_001,sim:rw_text_structure_and_purpose_purpose_sentence,surface:SURF_RW_TSP_001,difficulty_profile:D3,fp:64254ab166ce,sfp:4656faf13888,choice_sig:f8c63947c3"
"SAT_RW_12","RW_SPLIT_V9","12_FRONT","mixed","RW12_M1_Q07","RW","1","base","7","Craft and Structure","Cross-Text Connections","RW_CTC_006","Compare claims across paired texts","paired_text_qualification","Hard","1","multiple_choice","Text 1:
Soft robotic grippers can handle ripe fruit with less bruising than rigid metal fingers because their flexible surfaces spread contact force over a larger area. That advantage, however, often comes with slower handling: the gripper must deform around each object before lifting it securely. In packing lines where fruit condition matters more than maximum throughput, the slower cycle may be an acceptable cost.

Text 2:
Cycle time is not determined by gripper softness alone. In trials with a flexible gripper, engineers used pressure sensors to detect when the fingers had formed a stable hold and allowed the robot to lift immediately at that point instead of waiting for a fixed delay. The change shortened average handling time without increasing bruising. Highly irregular fruit still required slower motions, but adaptive control reduced the speed penalty for many items.","Based on the texts, how would the author of Text 2 most likely respond to the claim in Text 1 that softer grippers often require slower handling?","The claim identifies a real speed cost, but Text 2 indicates that sensor-guided control can remove that cost for every item the gripper handles.","The claim is accurate mainly for irregular fruit, because Text 2 implies that flexible grippers handle regular fruit as quickly as rigid grippers do even without adaptive control.","The claim identifies a real tendency, but adaptive control can reduce the delay by ending the gripping phase as soon as a stable hold is detected.","The claim correctly links softness with slower cycles, but Text 2 suggests that reducing bruising requires keeping the fixed delay rather than responding to sensor feedback.","C","3","Text 2 accepts the speed penalty as real but shows that pressure-sensor feedback can shorten it for many items, which precisely qualifies Text 1. Choice A overstates the result as universal, choice B attributes the improvement to fruit shape rather than adaptive control, and choice D reverses Text 2’s account of what the feedback accomplishes.","75","none","{}","","","","","","Cross-Text Connections","","rw,front,module1,passage:R018,arch:RW_CTC_006,sim:rw_cross_text_connections_paired_text_relation,surface:SURF_RW_CTC_006,difficulty_profile:D3,fp:1e011030f019,sfp:a24c4def1749,choice_sig:d9bde52d4a"
"SAT_RW_12","RW_SPLIT_V9","12_FRONT","mixed","RW12_M1_Q08","RW","1","base","8","Information and Ideas","Central Ideas and Details","RW_CID_001","Identify main idea, key detail, or summary","main_claim","Easy","1","multiple_choice","Before sunrise, Elian’s music teacher arrived at the small inn where his student was staying during a regional competition. She carried an unsigned note that had been slipped beneath the rehearsal-room door the night before. The note praised Elian’s performance but advised him to replace the final movement of his program with a safer piece. His teacher expected him to be angry. Instead, Elian read the note twice, folded it carefully, and asked whether the difficult movement had sounded uncertain in rehearsal. She answered that one passage had, but that the rest had been secure. Elian then placed the note beside his breakfast plate and said he would keep the original program. He did not dismiss the criticism; before leaving for the hall, he spent twenty minutes practicing the troublesome passage at half speed. His teacher realized that the anonymous advice had changed his preparation without changing the artistic decision he had already made.","Which choice best states the main idea of the text?","Elian follows anonymous advice because he doubts his teacher’s assessment of his rehearsal.","Elian’s teacher wants him to choose a safer program so that he will perform more confidently.","Anonymous criticism causes Elian to replace the final movement but leaves his practice routine unchanged.","Elian keeps his artistic decision while using the criticism to identify a part of his performance that deserves more work.","D","4","Elian decides to keep the original program but practices the troublesome passage after considering the anonymous criticism. The correct choice captures both parts of that response; the other choices misstate his decision or his teacher’s role.","75","none","{}","","","","","","Central Ideas and Details","","rw,front,module1,passage:E005,arch:RW_CID_001,sim:rw_central_ideas_and_details_main_claim,surface:SURF_RW_CID_001,difficulty_profile:D1,fp:b52b72663e97,sfp:ac8098752d5d,choice_sig:4b34db29e0"
"SAT_RW_12","RW_SPLIT_V9","12_FRONT","mixed","RW12_M1_Q09","RW","1","base","9","Information and Ideas","Central Ideas and Details","RW_CID_002","Identify main idea, key detail, or summary","supporting_detail","Medium","1","multiple_choice","Researchers studying song learning in young sparrows played recordings of adult songs from speakers placed around large outdoor enclosures. Some juveniles heard a single adult song repeated from one fixed speaker. Others heard the same song from several locations, while a third group heard several different adult songs. After six weeks, the researchers compared the juveniles’ songs with the recordings. Birds exposed to several song models produced the greatest variety of syllables, but their copies of any one model were relatively imprecise. Birds that heard one model from multiple locations copied that song about as accurately as birds that heard it from one location. However, the multiple-location birds began singing the full sequence several days earlier on average. The researchers concluded that hearing a familiar model from changing positions may accelerate when juveniles assemble a complete song, whereas exposure to multiple models mainly expands the range of elements they attempt to reproduce.","According to the text, what was distinctive about the birds that heard one song model from multiple locations?","They copied the song less accurately than birds that heard several different song models.","They began producing the complete song earlier while achieving about the same copying accuracy as birds hearing the model from one location.","They produced a greater variety of syllables than birds exposed to several different adult songs.","They required more time to assemble a complete song because the source of the model kept changing.","B","2","The multiple-location birds copied the single song about as accurately as the fixed-location group but began singing the full sequence several days earlier. Greater syllable variety belonged to the multiple-model group.","75","none","{}","","","","","","Central Ideas and Details","","rw,front,module1,passage:R006,arch:RW_CID_002,sim:rw_central_ideas_and_details_supporting_detail,surface:SURF_RW_CID_002,difficulty_profile:D2,fp:ee415674a2a1,sfp:843a7aecf310,choice_sig:a9cdcb0a23"
"SAT_RW_12","RW_SPLIT_V9","12_FRONT","mixed","RW12_M1_Q10","RW","1","base","10","Information and Ideas","Command of Evidence","RW_COE_001","Use textual or quantitative evidence","evidence_for_causal_claim","Medium","1","multiple_choice","In a chain of shallow ponds, dense summer algal mats often develop near the surface. Environmental scientists proposed that the mats contribute to sharp drops in dissolved oxygen before dawn because algae and other organisms continue respiring at night even after photosynthesis stops. The scientists placed oxygen and temperature sensors at matched locations in ponds with sparse, moderate, and dense algal cover. They also installed shade cloth over small sections of several ponds. The cloth lowered daytime water temperature without directly removing algae, allowing the scientists to separate the effects of heat from the effects of algal density. Their claim predicts that oxygen loss overnight should track the amount of algae even when daytime temperatures are similar. It also predicts that simply cooling a dense patch during the day should not eliminate the nighttime decline if respiration within that patch is a major cause. The team plans to compare each sensor’s late-afternoon and predawn readings.","Which finding would most directly support the scientists’ claim about the cause of the predawn oxygen declines?","Ponds with dense algae are, on average, slightly warmer at midday than ponds with sparse algae.","At locations with similar evening temperatures, dense-algae patches lose substantially more dissolved oxygen overnight than sparse-algae patches do.","Shaded sections receive less sunlight during the day than unshaded sections in the same pond.","The deepest ponds contain more total water than the shallowest ponds, regardless of algal cover.","B","2","The claim attributes the nighttime decline to respiration associated with dense algal mats rather than to daytime heat alone. A larger overnight oxygen loss in dense and sparse patches held at similar temperatures directly isolates algal density as the relevant difference.","75","none","{}","","","","","","Command of Evidence","","rw,front,module1,passage:R014,arch:RW_COE_001,sim:rw_command_of_evidence_supporting_detail,surface:SURF_RW_COE_001,difficulty_profile:D2,fp:7f78aefd7c12,sfp:810a81a45504,choice_sig:e3722533e3"
"SAT_RW_12","RW_SPLIT_V9","12_FRONT","mixed","RW12_M1_Q11","RW","1","base","11","Information and Ideas","Command of Evidence","RW_COE_011","Use textual or quantitative evidence","evidence_for_tradeoff","Medium","1","multiple_choice","A mountain town is considering filters that trap microplastic fibers before stormwater enters a nearby stream. Engineers tested three mesh sizes in identical drainage channels. Coarser mesh allowed water to pass rapidly but captured fewer of the smallest fibers. Very fine mesh trapped more fibers during short trials, yet it also collected leaves and sediment, which could reduce flow during heavy rain. The engineers therefore argued that filter performance should be judged as a tradeoff between particle capture and drainage capacity rather than by capture rate alone. To evaluate that claim, they planned longer tests using repeated artificial storms and realistic mixtures of fibers, leaves, and grit. One useful result would need to show both how much plastic each mesh retained and how the same mesh affected water movement as debris accumulated. Measurements of manufacturing cost or installation time might matter to a later policy decision, but they would not directly test the engineers’ stated performance tradeoff.","Which finding, if true, would most directly support the engineers’ conclusion about filter performance?","Fine mesh costs more to manufacture than coarse mesh, although both can be installed in the same drainage channel.","After one artificial storm, all three meshes retain some fibers, and technicians can remove collected debris by hand.","Across repeated storms, fine mesh captures substantially more fibers than coarse mesh but its flow rate declines more sharply as leaves and sediment accumulate.","Residents say that protecting the stream is important, but many also want the filters to be easy for town workers to inspect.","C","3","The engineers’ conclusion is explicitly a tradeoff between particle capture and drainage capacity. The keyed finding measures both sides under repeated debris exposure: fine mesh captures more fibers but loses more flow. The other findings concern cost, maintenance feasibility, or public preferences rather than the stated performance tradeoff.","75","none","{}","","","","","","Command of Evidence","","rw,front,module1,passage:R005,arch:RW_COE_011,sim:rw_command_of_evidence_evidence_based_inference,surface:SURF_RW_COE_011,difficulty_profile:D2,fp:64b7fdbf12ef,sfp:6026d07fe6f7,choice_sig:7e68e71537"
"SAT_RW_12","RW_SPLIT_V9","12_FRONT","mixed","RW12_M1_Q12","RW","1","base","12","Information and Ideas","Inferences","RW_INF_010","Draw supported conclusions","evidence_based_inference","Easy","1","multiple_choice","When Tomas entered the parlor, he expected Mrs. Alder to demand an apology for the argument he had left unfinished the previous week. She did not mention it. Instead, she placed a damp library book on the table between them and asked whether he recognized the penciled initials inside the cover. Tomas did: they belonged to his younger sister, who had claimed that the book was lost. Mrs. Alder explained that she had found it beneath the open window after the night’s rain. Tomas looked toward the hallway, where his sister was waiting, and then offered to pay for the damage himself. Mrs. Alder closed the book and said the library could repair it. Before leaving, Tomas asked for a sheet of paper and wrote a note to his sister. He had arrived prepared to defend his own conduct, but the ruined book redirected his attention toward protecting someone who had not yet been asked to account for hers.","Which choice is most strongly supported by the text?","Tomas believes Mrs. Alder deliberately damaged the library book to force him to apologize.","Tomas plans to tell Mrs. Alder that his sister should pay the entire repair cost herself.","Tomas becomes more concerned with shielding his sister from consequences than with defending himself over the earlier argument.","Tomas had already known that his sister left the book beneath the open window before he entered the parlor.","C","3","Tomas arrives expecting to address his own argument, but once he recognizes his sister’s initials, he offers to pay for the damage and writes to her. Those actions support the inference that his attention shifts toward protecting her.","75","none","{}","","","","","","Inferences","","rw,front,module1,passage:E017,arch:RW_INF_010,sim:rw_inferences_evidence_based_inference,surface:SURF_RW_INF_010,difficulty_profile:D1,fp:7803758811e7,sfp:dcdf3fd58342,choice_sig:07d1ed1ee7"
"SAT_RW_12","RW_SPLIT_V9","12_FRONT","mixed","RW12_M1_Q13","RW","1","base","13","Information and Ideas","Inferences","RW_INF_002","Draw supported conclusions","exchange_inference","Medium","1","multiple_choice","Archaeologists comparing pottery from three ancient coastal settlements expected vessels at each site to have been made mainly from local clay. Chemical analysis complicated that picture. At the northern settlement, most cooking jars matched nearby clay beds, but many painted serving bowls contained minerals characteristic of a river valley forty kilometers inland. At the river settlement, several storage jars showed the opposite pattern: their clay matched coastal sources near the northern site. Decorative styles did not line up neatly with clay origin. Some inland-clay bowls used coastal motifs, while locally made vessels sometimes copied designs common upriver. The researchers cautioned that finished pots could have been traded, so the chemical matches do not identify who moved the material. Still, the crisscrossing pattern indicates that objects, clay, or both crossed the boundary between communities. Production and exchange were therefore more interconnected than a simple model of isolated local workshops would suggest.","Which choice most logically follows from the researchers’ findings?","The settlements participated in exchange across community boundaries, although the evidence alone cannot determine whether people moved raw clay, finished pots, or both.","Painted serving bowls were produced exclusively at the river settlement and then traded to every coastal community.","Decorative style is a reliable indicator of where a vessel’s clay originated, even when chemical evidence points elsewhere.","Most cooking jars at the northern settlement were imported because their clay differed from nearby sources.","A","1","Chemical matches run in both directions across the settlements, while styles do not map neatly onto clay origin. This supports exchange or movement across community boundaries but does not show whether clay or finished vessels moved. The other choices contradict specific details.","75","none","{}","","","","","","Inferences","","rw,front,module1,passage:R013,arch:RW_INF_002,sim:rw_inferences_cause_effect,surface:SURF_RW_INF_002,difficulty_profile:D2,fp:1048f8b6bc39,sfp:eeebd536e2a6,choice_sig:f1c2817220"
"SAT_RW_12","RW_SPLIT_V9","12_FRONT","mixed","RW12_M1_Q14","RW","1","base","14","Information and Ideas","Inferences","RW_INF_001","Draw supported conclusions","qualified_seasonal_inference","Hard","1","multiple_choice","Hydrologists monitoring a glacier-fed valley measured river flow, snow depth, and air temperature over six melt seasons. Early in summer, years with deep winter snow produced the highest river levels, even when glacier-surface melting was modest. By late August, however, seasonal snow had largely disappeared from the lower slopes. River flow then tracked glacier melt more closely, especially during warm weeks. One unusually cool August complicated the pattern: glacier melt fell sharply, but river flow remained moderate for several days because rain had saturated the valley’s soils. The hydrologists therefore warned against treating any single flow measurement as a direct measure of glacier loss. The data instead show that the river’s dominant water source changes during the season and that rainfall can briefly obscure the late-summer connection between glacier melt and streamflow. Long-term estimates of glacier contribution should therefore separate seasonal timing from short-lived weather effects rather than relying on annual peak flow alone.","Which inference is best supported by the text?","Early-summer flow provides the clearest signal of glacier melt because that is when the river reaches its highest levels.","Late-summer flow can reflect glacier melt more directly than early-summer flow does, but rainfall can temporarily weaken that relationship.","The late-summer link between glacier melt and river flow is strong enough that short rain events can be ignored in seasonal estimates.","Moderate river flow during the unusually cool August indicates that glacier melting remained high even when measured surface melt declined.","B","2","After seasonal snow disappears, late-summer flow tracks glacier melt more closely, but the cool August shows that rain-saturated soils can temporarily sustain flow. Choice A confuses high early flow with glacier contribution, choice C ignores the rainfall qualification, and choice D misreads the moderate flow as evidence of continued high melt.","75","none","{}","","","","","","Inferences","","rw,front,module1,passage:R011,arch:RW_INF_001,sim:rw_inferences_contrast,surface:SURF_RW_INF_001,difficulty_profile:D3,fp:a6d9c3af5097,sfp:471591a416f7,choice_sig:ea90ba0f52"
"SAT_RW_12","RW_SPLIT_V9","12_FRONT","mixed","RW12_M1_Q15","RW","1","base","15","Standard English Conventions","Boundaries","SEC.BND","Boundaries","Colon after a complete lead-in","Easy","1","multiple_choice","The team used the same checklist at every reef patch. For the reef survey, the divers needed to record exactly three indicators before leaving the site____ sea urchin density, kelp cover, and juvenile-fish counts.","Which choice completes the text so that it conforms to the conventions of Standard English?",";",", and",":",", because","C","3","A colon follows the complete lead-in “the divers needed to record exactly three indicators before leaving the site” and introduces the three-item list. A semicolon cannot introduce this noun list, “and” creates faulty coordination, and “because” creates an incomplete dependent construction.","55","none","{}","","","","","","Boundaries","","rw,front,module1,sec,grammar,arch:SEC-BND-041,sim:SEC.BND:colon_after_independent_clause:A. minimal-context version,ctx:CTX-GRM-013,tier:SEC1,grammar_family:colon_after_independent_clause,surface:SURF_SEC-BND-041,difficulty_profile:D1,fp:cdec6978257e,sfp:ab1f87b424ae,choice_sig:1e68442469"
"SAT_RW_12","RW_SPLIT_V9","12_FRONT","mixed","RW12_M1_Q16","RW","1","base","16","Standard English Conventions","Boundaries","SEC.BND","Boundaries","Introductory dependent clauses","Medium","1","multiple_choice","Her notes also included the angle of each launch. While Mira repeated each paper-airplane launch, noting distance and sideways drift____ her classmate reset the tape marker at the far end of the gym.","Which choice completes the text so that it conforms to the conventions of Standard English?",";",",",":",".","B","2","The clause beginning with “While” is dependent, so it must be followed by a comma before the independent main clause “her classmate reset the tape marker.” A semicolon, colon, or period cannot separate the dependent introductory clause from the main clause.","55","none","{}","","","","","","Boundaries","","rw,front,module1,sec,grammar,arch:SEC-BND-017,sim:SEC.BND:introductory_subordinate_clause:B. internal punctuation nearby,ctx:CTX-GRM-003,tier:SEC2,grammar_family:introductory_subordinate_clause,surface:SURF_SEC-BND-017,difficulty_profile:D2,fp:facc6dbab026,sfp:3bc40b70c684,choice_sig:21e4a46430"
"SAT_RW_12","RW_SPLIT_V9","12_FRONT","mixed","RW12_M1_Q17","RW","1","base","17","Standard English Conventions","Boundaries","SEC.BND","Boundaries","Nonessential appositive information","Medium","1","multiple_choice","A linguist recorded honorific phrases during morning sales. The linguist’s recordings were added to the Harbor Speech Archive____ before the collection was opened to teachers comparing formal and casual address.","Which choice completes the text so that it conforms to the conventions of Standard English?","; a project begun by neighborhood teachers in 2018,"," a project begun by neighborhood teachers in 2018",", a project begun by neighborhood teachers in 2018;",", a project begun by neighborhood teachers in 2018,","D","4","“A project begun by neighborhood teachers in 2018” is a nonessential appositive renaming the Harbor Speech Archive, so matching commas must set it off. The semicolon choices incorrectly break the sentence, and omitting the commas fails to mark the nonessential appositive.","55","none","{}","","","","","","Boundaries","","rw,front,module1,sec,grammar,arch:SEC-BND-027,sim:SEC.BND:nonessential_appositive:B. internal punctuation nearby,ctx:CTX-GRM-007,tier:SEC2,grammar_family:nonessential_appositive,surface:SURF_SEC-BND-027,difficulty_profile:D2,fp:640bebc7b17f,sfp:8c48ab335479,choice_sig:37ef565a97"
"SAT_RW_12","RW_SPLIT_V9","12_FRONT","mixed","RW12_M1_Q18","RW","1","base","18","Standard English Conventions","Boundaries","SEC.BND","Boundaries","Introductory modifying phrases","Hard","1","multiple_choice","Under bright window light, after recalibrating the cart’s two downward-facing sensors and repeating the baseline run____ the robotics club recorded a much larger drift from the tape path.","Which choice completes the text so that it conforms to the conventions of Standard English?",",",";",":",".","A","1","The words before the blank form an introductory modifying phrase, not an independent clause. A comma therefore separates that opener from the main clause beginning “the robotics club recorded.” A semicolon, colon, or period would incorrectly treat the introductory phrase as a complete clause or sentence.","55","none","{}","","","","","","Boundaries","","rw,front,module1,sec,grammar,arch:SEC-BND-024,sim:SEC.BND:introductory_phrase_comma:D. academic register,ctx:CTX-GRM-055,tier:SEC3,grammar_family:introductory_phrase_comma,surface:SURF_SEC-BND-024,difficulty_profile:D3,fp:38e6cd0639e2,sfp:9800ab43b563,choice_sig:d5e44bbac9"
"SAT_RW_12","RW_SPLIT_V9","12_FRONT","mixed","RW12_M1_Q19","RW","1","base","19","Standard English Conventions","Form, Structure, and Sense","SEC.FSS","Form, Structure, and Sense","Subject-verb agreement","Medium","1","multiple_choice","The wave sensor and the backup transmitter, together with a small processor inside the prototype buoy, ____ enough power that engineers install a fresh battery before every long offshore test.","Which choice completes the text so that it conforms to the conventions of Standard English?","require","requires","has required","requiring","A","1","The compound subject “the wave sensor and the backup transmitter” is plural; the intervening phrase about the processor does not change that. Therefore the plural finite verb “require” is correct. “Requires” and “has required” are singular, while “requiring” does not supply the needed finite predicate.","55","none","{}","","","","","","Form, Structure, and Sense","","rw,front,module1,sec,grammar,arch:SEC-FSS-002,sim:SEC.FSS:subject_verb_agreement:B. intervening material,ctx:CTX-GRM-038,tier:SEC2,grammar_family:subject_verb_agreement,surface:SURF_SEC-FSS-002,difficulty_profile:D2,fp:1cbf4dd467cb,sfp:9b777272d4e7,choice_sig:77aa1742de"
"SAT_RW_12","RW_SPLIT_V9","12_FRONT","mixed","RW12_M1_Q20","RW","1","base","20","Standard English Conventions","Form, Structure, and Sense","SEC.FSS","Form, Structure, and Sense","Parallel structure","Medium","1","multiple_choice","The town council compared the revised shelter with the original model. The bus-shelter redesign not only reduced afternoon glare for waiting riders but also ____ airflow by opening the upper side panels.","Which choice completes the text so that it conforms to the conventions of Standard English?","improving","improved","to improve","an improvement in","B","2","The correlative structure pairs “not only reduced” with “but also improved,” two parallel past-tense verb phrases. “Improving,” “to improve,” and “an improvement in” break the grammatical parallelism established by “reduced.”","55","none","{}","","","","","","Form, Structure, and Sense","","rw,front,module1,sec,grammar,arch:SEC-FSS-032,sim:SEC.FSS:parallel_structure:B. intervening material,ctx:CTX-GRM-006,tier:SEC2,grammar_family:parallel_structure,surface:SURF_SEC-FSS-032,difficulty_profile:D2,fp:81ee24a28f00,sfp:e41a253dc2f4,choice_sig:51bcf2b332"
"SAT_RW_12","RW_SPLIT_V9","12_FRONT","mixed","RW12_M1_Q21","RW","1","base","21","Standard English Conventions","Form, Structure, and Sense","SEC.FSS","Form, Structure, and Sense","Dangling modifiers and logical subjects","Hard","1","multiple_choice","Students installed a small solar panel on the workshop roof and added a programmable controller for its display. Designed to reduce wasted electricity during demonstrations, ____.","Which choice completes the text so that it conforms to the conventions of Standard English?","the students monitored the controller during each demonstration.","surplus power was recorded by a monitor beside the panel.","the controller shuts off the display whenever no one is using it.","the workshop’s energy readings became easier for students to compare.","C","3","The introductory modifier “Designed to reduce wasted electricity during demonstrations” must be followed by the thing that was designed for that purpose. “The controller” is that logical subject. The other choices make students, surplus power, or energy readings appear to have been designed to reduce electricity use.","55","none","{}","","","","","","Form, Structure, and Sense","","rw,front,module1,sec,grammar,arch:SEC-FSS-062,sim:SEC.FSS:logical_subject_after_modifier:B. intervening material,ctx:CTX-GRM-075,tier:SEC3,grammar_family:logical_subject_after_modifier,surface:SURF_SEC-FSS-062,difficulty_profile:D3,fp:2fc803d05dc9,sfp:6c48f9d66d5a,choice_sig:18a4727e6b"
"SAT_RW_12","RW_SPLIT_V9","12_FRONT","mixed","RW12_M1_Q22","RW","1","base","22","Expression of Ideas","Transitions","RW_TR_001","Select transition that logically connects ideas","example_relation","Medium","1","multiple_choice","A high school shifted first period thirty minutes later for a two-week pilot. Students reported sleeping about twenty minutes longer on school nights, but the schedule also changed how they arrived in the morning. ____ the number of students marked tardy during first period fell from an average of 18 per day before the pilot to 11 per day during it.","Which transition most logically connects the ideas in the text?","Similarly,","Instead,","For example,","In addition,","C","3","The final sentence gives a specific illustration of another morning behavior that changed during the pilot: tardiness fell. “For example,” fits that role. The other choices signal similarity, replacement, or simple addition rather than illustration.","60","none","{}","","","","","","Transitions","","rw,front,module1,passage:R004,arch:RW_TR_001,sim:rw_transitions_logical_link,surface:SURF_RW_TR_001,difficulty_profile:D2,fp:b59877f89521,sfp:c77de968eacd,choice_sig:1704b34eba"
"SAT_RW_12","RW_SPLIT_V9","12_FRONT","mixed","RW12_M1_Q23","RW","1","base","23","Expression of Ideas","Transitions","RW_TR_008","Select transition that logically connects ideas","contrast_relation","Medium","1","multiple_choice","A linguist tracked two pronunciations of the same vowel in recordings made across a region over forty years. The older pronunciation remained common in towns connected mainly by local radio and newspapers. ____ the newer pronunciation spread fastest in towns where younger speakers regularly interacted online with people from several neighboring areas.","Which choice best completes the text so that the ideas are logically connected?","Moreover,","By contrast,","For instance,","Accordingly,","B","2","The final sentence contrasts towns where the older pronunciation stayed common with towns where the newer pronunciation spread fastest. “By contrast,” accurately marks that opposition. The other choices signal addition, example, or consequence.","60","none","{}","","","","","","Transitions","","rw,front,module1,passage:R010,arch:RW_TR_008,sim:rw_transitions_contrast,surface:SURF_RW_TR_008,difficulty_profile:D2,fp:908901b1ab5c,sfp:7e31ac7ad7c0,choice_sig:693a0f6c0a"
"SAT_RW_12","RW_SPLIT_V9","12_FRONT","mixed","RW12_M1_Q24","RW","1","base","24","Expression of Ideas","Transitions","RW_TR_009","Select transition that logically connects ideas","consequence_relation","Medium","1","multiple_choice","Researchers asked college students to read the same long essay either in print or on a tablet. Tablet readers initially had more difficulty locating passages they had seen earlier. The researchers then added a persistent section map to the digital version, allowing readers to see where each paragraph fell within the whole essay. ____ the gap in passage-location accuracy between tablet and print readers became much smaller.","Which choice most logically completes the text?","Consequently,","At the same time,","Specifically,","Nevertheless,","A","1","Adding the persistent section map is followed by a smaller accuracy gap, so the last sentence presents a result of the design change. “Consequently,” marks that result. The other options indicate simultaneity, specification, or concession.","60","none","{}","","","","","","Transitions","","rw,front,module1,passage:R016,arch:RW_TR_009,sim:rw_transitions_cause_effect,surface:SURF_RW_TR_009,difficulty_profile:D2,fp:a518e55cf1dd,sfp:03b695411e8c,choice_sig:050354ab50"
"SAT_RW_12","RW_SPLIT_V9","12_FRONT","mixed","RW12_M1_Q25","RW","1","base","25","Expression of Ideas","Rhetorical Synthesis","RW_RS_001","Use notes to achieve a writing goal","maintenance_evidence","Medium","1","multiple_choice","A student is writing about a pilot project that installed air filters in three island schools. The student wants to emphasize evidence that maintenance affects how well the filters perform.

- All three schools received the same filter model.
- Filters were inspected after eight weeks.
- Units with clean intake screens maintained nearly their initial airflow.
- Units whose intake screens were clogged with dust had substantially lower airflow.
- Replacing the clogged screens restored most of the lost airflow.","Which choice best uses the notes to emphasize the evidence requested by the student?","All three schools received the same filter model, and the filters were inspected after eight weeks of use.","The pilot installed identical filters in three island schools, where dust accumulated on some intake screens.","After eight weeks, technicians replaced clogged intake screens in some units before returning those filters to regular service.","After eight weeks, filters with clean intake screens retained nearly their initial airflow, whereas clogged screens had much lower airflow until the screens were replaced.","D","4","The goal is to emphasize evidence that maintenance affects performance. Choice D directly compares clean and clogged screens and notes that replacement restored airflow. The other choices use accurate notes but provide setup, incomplete evidence, or only the post-maintenance result without the full comparison.","75","none","{}","","","","","","Rhetorical Synthesis","","rw,front,module1,passage:R022,arch:RW_RS_001,sim:rw_rhetorical_synthesis_revision_goal,surface:SURF_RW_RS_001,difficulty_profile:D2,fp:e9c4535f802c,sfp:eb558fe805f6,choice_sig:724b6bf52c"
"SAT_RW_12","RW_SPLIT_V9","12_FRONT","mixed","RW12_M1_Q26","RW","1","base","26","Expression of Ideas","Rhetorical Synthesis","RW_RS_010","Use notes to achieve a writing goal","recovery_sequence","Medium","1","multiple_choice","A student is writing about a coral-restoration project after a severe storm. The student wants to summarize the sequence of recovery documented by the project team.

- Divers attached nursery-grown coral fragments to damaged reef patches in May.
- By August, most attached fragments had survived.
- Fish counts near the restored patches began rising in September.
- By the following March, fish counts were close to their pre-storm levels.
- Unrestored comparison patches showed little change in coral cover during the same period.","Which choice best uses the notes to present the requested summary?","Unrestored comparison patches showed little change in coral cover, while divers attached nursery-grown fragments to damaged patches in May.","Most attached coral fragments survived through August, and the project also monitored fish near both restored and unrestored patches.","Fish counts near restored patches were close to pre-storm levels by the following March, several months after the storm.","Divers attached coral fragments in May; most survived through August, fish counts began rising in September, and by the following March those counts were near pre-storm levels.","D","4","The goal is to summarize the sequence of recovery. Choice D preserves the chronological progression from attachment to survival to rising fish counts to near pre-storm levels. The other choices omit important stages or do not present the recovery as a sequence.","75","none","{}","","","","","","Rhetorical Synthesis","","rw,front,module1,passage:R028,arch:RW_RS_010,sim:rw_rhetorical_synthesis_cause_effect,surface:SURF_RW_RS_010,difficulty_profile:D2,fp:ab6fb7612b37,sfp:3a64e5e472ed,choice_sig:1cfffe8793"
"SAT_RW_12","RW_SPLIT_V9","12_FRONT","mixed","RW12_M1_Q27","RW","1","base","27","Expression of Ideas","Rhetorical Synthesis","RW_RS_009","Use notes to achieve a writing goal","tradeoff_comparison","Medium","1","multiple_choice","A student is writing about two strategies tested for reducing crowding at a commuter station. The student wants to compare the strategies while emphasizing a tradeoff between crowd reduction and passenger convenience.

- Strategy A closed one central staircase during the evening rush and directed riders to two side staircases.
- Strategy A reduced crowd density near the platform entrance by 28%.
- Riders using Strategy A walked about 70 meters farther on average.
- Strategy B used floor markings to distribute waiting passengers along the platform.
- Strategy B reduced crowd density by 17%.
- Strategy B did not meaningfully change average walking distance.","Which choice best uses the notes to make the requested comparison?","Strategy A reduced crowd density by 28%, compared with 17% for Strategy B, so Strategy A was the more effective strategy overall.","Strategy A reduced crowding more than Strategy B did but required riders to walk about 70 meters farther, whereas Strategy B produced a smaller crowd reduction without meaningfully increasing walking distance.","Strategy B used floor markings to distribute waiting passengers along the platform, while Strategy A closed the central staircase and directed riders to side staircases.","Both strategies reduced crowd density at the station, and Strategy A changed the route riders used during the evening rush.","B","2","The goal requires both comparison and tradeoff. Choice B accurately pairs Strategy A’s larger crowd reduction with its added walking burden and Strategy B’s smaller reduction with little change in walking distance. The other choices omit the convenience tradeoff, describe procedures, or overstate a single measure as overall effectiveness.","75","none","{}","","","","","","Rhetorical Synthesis","","rw,front,module1,passage:R034,arch:RW_RS_009,sim:rw_rhetorical_synthesis_contrast,surface:SURF_RW_RS_009,difficulty_profile:D2,fp:d3ad599e40f2,sfp:a7e2740d9201,choice_sig:cc68b64a0a"
"SAT_RW_12","rw_split_v9","12_back","650-800","SAT_RW_12_M2_Q01","RW","2","hard","1","Craft and Structure","Words in Context","RW_WIC_003","Determine meaning or function of a word/phrase in context","word_function","Hard","1","multiple_choice","Marine ecologist Lina Cho examined restored oyster reefs in an estuary where summer heat often lowers dissolved oxygen. Reefs built with taller limestone structures attracted more oysters than low-profile reefs during the first year, and sensors showed slightly faster water movement around the taller structures. By the third summer, however, a heat wave reduced oyster survival at both kinds of sites. The taller reefs still retained more adult oysters, but the difference between designs narrowed sharply during the warmest weeks. Cho argues that structural relief can improve everyday growing conditions without shielding oysters from severe regional stress. In her discussion of oyster recovery, she says the heat-wave results should temper expectations that taller limestone structures can secure long-term estuary recovery by themselves. She therefore recommends pairing habitat construction with watershed measures that reduce nutrient runoff, which can worsen oxygen loss during hot weather. The results favor the taller design, but only within a broader strategy for estuary resilience.","Which choice best explains how “temper” shapes the presentation of the reef-design findings?","It casts the taller reefs’ early survival advantage as too uncertain to inform restoration decisions.","It recasts the heat-wave decline as evidence that structural relief is useful chiefly during severe regional stress.","It shifts emphasis from the taller reefs’ performance to nutrient runoff as the factor measured by the experiment.","It makes the recommendation more cautious by acknowledging that a real design benefit has limits under severe regional stress.","D","4","The passage preserves the observed advantage of taller structures while stressing that the advantage narrowed during the heat wave and cannot secure recovery by itself. The phrasing therefore adds caution without erasing the design benefit.","75","none","{}","","","","","","Words in Context","word_function","rw;passage:R003;arch:RW_WIC_003;sim:rw_words_in_context_word_function;fp:ba9987eada14;surf:SURF_RW_WIC_003;wic;hard_vocab;wicarch:WIC_TONAL_EFFECT_01;vocab:HV_123;tier:V4;target:temper"
"SAT_RW_12","rw_split_v9","12_back","650-800","SAT_RW_12_M2_Q02","RW","2","hard","2","Craft and Structure","Words in Context","RW_WIC_010","Determine meaning or function of a word/phrase in context","main_claim","Hard","1","multiple_choice","A team studying urban bird behavior placed small audio recorders along streets that differed in traffic noise and tree cover. At dawn, robins on louder streets began singing earlier and used slightly higher minimum frequencies than robins in quieter parks. Those patterns fit the idea that birds adjust songs to avoid acoustic masking. Yet the same birds did not shift every feature of their songs: phrase length and repetition rate varied more strongly with local tree density than with noise. Moreover, individuals recorded on both weekdays and low-traffic Sundays changed frequency less than expected when traffic briefly declined. The researchers therefore qualify the claim that city noise directly determines robin song. Their evidence instead points to a mixture of short-term adjustment, stable individual tendencies, and habitat structure. The distinction matters because a simple noise-only explanation would predict coordinated changes across several song features whenever traffic conditions change, a pattern the recordings did not consistently show.","Why does the author use “qualify” when presenting the researchers’ claim?","To dismiss the apparent connection between traffic noise and song frequency as a recording artifact.","To narrow a plausible noise-based explanation because several observations point to additional influences.","To rank stable individual tendencies above habitat structure as the dominant influence on song.","To delay interpreting the recordings until birds have been monitored across more seasons.","B","2","The passage presents evidence consistent with noise adjustment but also notes unchanged song features, tree-density effects, and weak Sunday shifts. The claim is narrowed to accommodate this mixed evidence rather than discarded or postponed.","75","none","{}","","","","","","Words in Context","main_claim","rw;passage:R081;arch:RW_WIC_010;sim:rw_words_in_context_main_claim;fp:e254b4e29dc3;surf:SURF_RW_WIC_010;wic;hard_vocab;wicarch:WIC_CLAIM_FUNCTION_01;vocab:HV_121;tier:V4;target:qualify"
"SAT_RW_12","rw_split_v9","12_back","650-800","SAT_RW_12_M2_Q03","RW","2","hard","3","Craft and Structure","Words in Context","RW_WIC_005","Determine meaning or function of a word/phrase in context","logical_link","Hard","1","multiple_choice","Archaeologists comparing cooking vessels from three settlements in a mountain valley found that pots made from the same clay source often had different wall thicknesses and firing temperatures. At first, the variation seemed to track distance from the clay deposit: the most distant settlement used thinner vessels, which would have reduced transport weight. Microscopic wear, however, revealed another pattern. Households that repeatedly heated grain porridge favored thicker pots regardless of distance, while households that prepared quick-boiling broths used thinner ones even near the clay source. The researchers suggest that cooking practice may mediate the relationship between clay transport costs and vessel form. Distance still mattered because transporting heavy clay or finished pots imposed costs, but those costs did not translate mechanically into a single design. Instead, daily food preparation altered which tradeoffs mattered most to potters and users. The study therefore treats geography as one influence whose effects are filtered through household routines rather than expressed uniformly across the valley.","Which choice best explains the role of “mediate” in connecting the evidence to the researchers’ claim?","It indicates that household cooking routines replace transport costs as an explanation for vessel design.","It presents cooking routines as an outcome created by differences in vessel thickness.","It identifies cooking practice as a factor that helps determine how geographic costs are expressed in vessel form.","It treats cooking practice and transport distance as separate influences whose effects can simply be added together.","C","3","The evidence shows that distance mattered, but similar distances produced different vessel forms depending on food preparation. Cooking practice therefore helps shape how geographic pressure translates into design rather than replacing or merely adding to it.","75","none","{}","","","","","","Words in Context","logical_link","rw;passage:R063;arch:RW_WIC_005;sim:rw_words_in_context_logical_link;fp:d91bdccc5804;surf:SURF_RW_WIC_005;wic;hard_vocab;wicarch:WIC_RELATION_FUNCTION_01;vocab:HV_124;tier:V4;target:mediate"
"SAT_RW_12","rw_split_v9","12_back","650-800","SAT_RW_12_M2_Q04","RW","2","hard","4","Craft and Structure","Words in Context","RW_WIC_012","Determine meaning or function of a word/phrase in context","contrast","Hard","1","multiple_choice","Behavioral scientist Anika Rao studied descriptive food labels in university cafeterias, where dishes were sometimes presented with geographic or sensory phrases rather than plain names. Earlier studies had reported higher first-time selection rates for richly described dishes, encouraging claims that wording can reshape diners’ preferences. Rao tracked purchases for six weeks and found that the effect was concentrated among unfamiliar dishes during customers’ first few visits. Once diners had tasted a dish, repeat purchases were predicted more strongly by their earlier ratings than by the label still displayed. Familiar staples showed little response to description style from the beginning. Rao argues that these patterns circumscribe what label experiments can establish. Evocative wording may influence initial attention and trial, but it does not necessarily produce a durable change in preference. The distinction matters because a short experiment that records only first purchases can make a temporary shift in curiosity look like a stable change in what people actually want to eat.","Which choice best explains what “circumscribe” adds to Rao’s conclusion?","It confines Rao’s conclusion to unfamiliar dishes but treats the distinction between initial and repeat purchases as unimportant.","It treats repeat-purchase behavior as a more informative measure than first purchases while leaving the scope of the label claim unchanged.","It narrows the study to unfamiliar dishes because familiar foods provide no useful evidence about descriptive wording.","It sets limits on the broad inference that descriptive labels can durably reshape diners’ preferences.","D","4","Rao distinguishes initial trial from durable preference and notes the weak response of familiar foods. The phrasing limits the larger claim that descriptive labels reshape preferences, rather than merely changing which purchase measure deserves attention.","75","none","{}","","","","","","Words in Context","contrast","rw;passage:R069;arch:RW_WIC_012;sim:rw_words_in_context_contrast;fp:d8a142788e74;surf:SURF_RW_WIC_012;wic;hard_vocab;wicarch:WIC_PRECISION_EFFECT_01;vocab:HV_169;tier:V4;target:circumscribe"
"SAT_RW_12","rw_split_v9","12_back","650-800","SAT_RW_12_M2_Q05","RW","2","hard","5","Craft and Structure","Text Structure and Purpose","RW_TSP_001","Analyze structure or purpose","purpose_sentence","Hard","1","multiple_choice","For decades, botanists treated the pale undersides of silverleaf shrubs as a passive consequence of wax deposited on their leaves. Recent imaging complicates that account. The reflective surface is produced not only by wax but also by tiny air spaces beneath the outermost cells, structures that scatter incoming light before it reaches heat-sensitive tissue. <u>When researchers gently filled those air spaces with a transparent oil, the leaves absorbed more near-infrared energy even though the wax layer remained intact.</u> Field measurements then showed that shrubs with the most reflective undersides maintained slightly cooler leaf temperatures during dry afternoon winds. The cooling difference disappeared on overcast days, when incoming radiation was weak. Together, the findings suggest that the pale surface functions as a dynamic optical feature whose benefit depends on environmental conditions. Wax still contributes to water retention, but reflectivity cannot be explained as merely a by-product of that protective coating.","Which choice best describes the function of the underlined portion in the text?","It establishes that wax contributes little to the leaves’ ability to retain water.","It accounts for why the cooling difference between shrubs disappeared under overcast conditions.","It shows that shrubs with reflective leaves are more common in dry habitats than shrubs without them.","It describes an intervention that isolates the contribution of internal air spaces while leaving the wax layer in place.","D","4","Filling the air spaces while leaving wax intact changes one proposed optical mechanism at a time. The resulting increase in absorbed near-infrared energy supports a causal role for the air spaces rather than merely reporting a field association.","75","none","{}","","","","","","Text Structure and Purpose","purpose_sentence","rw;passage:R051;arch:RW_TSP_001;sim:rw_text_structure_and_purpose_purpose_sentence;fp:8d732c3b9741;surf:SURF_RW_TSP_001"
"SAT_RW_12","rw_split_v9","12_back","650-800","SAT_RW_12_M2_Q06","RW","2","hard","6","Craft and Structure","Text Structure and Purpose","RW_TSP_011","Analyze structure or purpose","contrast","Hard","1","multiple_choice","When geographer Noor Ibrahim compared nineteenth-century fire-insurance maps with present-day street plans, several narrow lanes seemed to have vanished during later redevelopment. Municipal records appeared to confirm that interpretation: the lanes were omitted from official maps after 1924. Ibrahim then examined property deeds and delivery logs, which continued to mention some of the same lane names for another three decades. Aerial photographs clarified the discrepancy. Several routes survived as privately maintained passages behind new commercial buildings, but mapmakers no longer represented them as public streets. Ibrahim uses this case to caution against treating disappearance from an official map as proof of physical removal. Cartographic categories can change while paths remain in use, especially when access shifts from public to semi-private. At the same time, the photographs show that two other lanes were indeed built over. The record therefore supports neither complete continuity nor wholesale erasure; each route requires evidence beyond the map legend itself.","Which choice best describes the overall structure of the text?","It argues that official maps are generally unreliable and then recommends replacing them with property records.","It introduces an apparent disappearance seen in one source, brings in other evidence that complicates that reading, and ends with a qualified methodological conclusion.","It contrasts public and private streets and then traces a legal dispute over who was responsible for maintaining each kind.","It identifies the causes of redevelopment and then evaluates a proposal for changing municipal map symbols.","B","2","The maps first suggest that lanes vanished. Deeds, logs, and aerial photographs then show that some routes persisted while others were built over, leading to the qualified conclusion that map omission alone cannot establish physical removal.","75","none","{}","","","","","","Text Structure and Purpose","contrast","rw;passage:R141;arch:RW_TSP_011;sim:rw_text_structure_and_purpose_contrast;fp:c4d9a19ffd1d;surf:SURF_RW_TSP_011"
"SAT_RW_12","rw_split_v9","12_back","650-800","SAT_RW_12_M2_Q07","RW","2","hard","7","Craft and Structure","Text Structure and Purpose","RW_TSP_012","Analyze structure or purpose","cause_effect","Hard","1","multiple_choice","Conservators long attributed the brown cast of several sixteenth-century blue textiles to fading of the original dye. Chemist Aiko Mensah tested fibers from protected seams, exposed folds, and later repairs. The protected fibers were darker than exposed ones, as expected if light had caused some fading, but spectroscopy also revealed a yellow degradation product in fibers from both locations. That compound forms when an iron-based mordant reacts slowly with humidity. <u>Mensah therefore reconstructed the dye on new wool twice: once with the historical mordant and once with a modern inert substitute.</u> After accelerated aging, only the historically mordanted samples developed the characteristic brown cast. Light exposure still reduced color intensity in both sets, so fading contributed to the textiles' appearance. The reconstruction, however, showed that fading alone could not account for the hue shift. What viewers now see is the combined result of lost blue intensity and a chemically produced yellow component.","Which choice best describes the function of the underlined sentence in the text?","It introduces a controlled reconstruction that allows the effects of historical mordant chemistry to be distinguished from changes associated with fading.","It supplies a modern baseline used to estimate how much color the sampled protected seams retained.","It explains why the yellow degradation product was concentrated in fibers that received prolonged light exposure.","It establishes that an inert modern mordant reproduces the historical dyeing process more faithfully than the original mordant does.","A","1","The reconstruction holds the dye and wool constant while changing the mordant. That comparison lets the later aging results test whether mordant chemistry contributes to the brown cast in addition to light-related fading.","75","none","{}","","","","","","Text Structure and Purpose","cause_effect","rw;passage:R033;arch:RW_TSP_012;sim:rw_text_structure_and_purpose_cause_effect;fp:126e7d330301;surf:SURF_RW_TSP_012"
"SAT_RW_12","rw_split_v9","12_back","650-800","SAT_RW_12_M2_Q08","RW","2","hard","8","Craft and Structure","Cross-Text Connections","RW_CTC_006","Compare claims across paired texts","paired_text_relation","Hard","1","multiple_choice","Text 1:
Economist Rina Patel argues that free public-transit days are useful mainly as short trials. When fares disappear for a day or weekend, agencies can observe latent demand from riders who normally avoid transit because of cost. Patel cautions that crowding during the trial may exaggerate the demand a permanent fare reduction would produce, since novelty also attracts occasional riders. She therefore treats such events as diagnostic, not predictive.

Text 2:
Planner Tomas Reed agrees that temporary fare removal reveals who is sensitive to price, but he emphasizes what it cannot show. A lasting zero-fare policy changes household routines gradually: commuters may relocate errands, employers may adjust parking benefits, and agencies may redesign service after ridership shifts. Reed argues that these adaptations are precisely what a brief trial misses, so long-run policy should be evaluated with evidence from places where fare changes have persisted.","Based on the texts, how would Reed most likely respond to Patel’s view of temporary fare-free trials?","He would accept that trials reveal price sensitivity but argue that novelty makes their ridership levels a better estimate of long-run demand than Patel allows.","He would agree that trials can reveal price sensitivity while arguing that they miss behavioral and institutional adaptations that emerge under a lasting policy.","He would agree that trials become reliable predictors of permanent ridership once agencies control for crowding during the event.","He would argue that changes in household routines, rather than sensitivity to fares, account for the ridership observed during temporary trials.","B","2","Reed explicitly agrees that temporary fare removal reveals price sensitivity. His qualification is that durable policy produces gradual adaptations in routines, benefits, and service design that a short event cannot capture.","75","none","{}","","","","","","Cross-Text Connections","paired_text_relation","rw;passage:R084;arch:RW_CTC_006;sim:rw_cross_text_connections_paired_text_relation;fp:ab762598f475;surf:SURF_RW_CTC_006"
"SAT_RW_12","rw_split_v9","12_back","650-800","SAT_RW_12_M2_Q09","RW","2","hard","9","Information and Ideas","Central Ideas and Details","RW_CID_001","Identify main idea, key detail, or summary","main_claim","Hard","1","multiple_choice","In coastal marshes, dense stands of cordgrass can slow currents enough for suspended sediment to settle, gradually raising the marsh surface. Ecologists have therefore proposed planting cordgrass as a way to help low-lying marshes keep pace with sea-level rise. A three-year experiment in tidal basins found that planted plots did trap more mineral sediment than bare plots during ordinary tides. During unusually high storm tides, however, the tallest stands bent flat and captured little additional sediment; some also accumulated wrack that smothered new shoots the following spring. Shorter, mixed-age stands recovered more quickly and resumed trapping sediment within weeks. The researchers conclude that vegetation can contribute to elevation gain, but its effect depends on stem structure, disturbance intensity, and recovery after storms. Planting schemes that maximize stem density at the outset may therefore be less resilient than designs that preserve variation in plant height and age, even if the latter trap slightly less sediment under calm conditions.","Which choice best states the main idea of the text?","Tall, dense cordgrass stands are most useful because storm tides increase their advantage over mixed-age stands.","Vegetation can aid marsh elevation gain, but planting design should account for how stand structure affects performance and recovery under different disturbances.","Mixed-age cordgrass stands are preferable because they trap more sediment than dense stands during calm tides.","Wrack accumulation is the principal reason coastal marshes fail to keep pace with rising sea level.","B","2","The study finds a real sediment-trapping benefit from vegetation but also shows that storms, bending, wrack, and recovery alter that benefit. The passage therefore favors a resilient planting strategy rather than maximizing initial density alone.","75","none","{}","","","","","","Central Ideas and Details","main_claim","rw;passage:R024;arch:RW_CID_001;sim:rw_central_ideas_and_details_main_claim;fp:fe85623a3289;surf:SURF_RW_CID_001"
"SAT_RW_12","rw_split_v9","12_back","650-800","SAT_RW_12_M2_Q10","RW","2","hard","10","Information and Ideas","Central Ideas and Details","RW_CID_002","Identify main idea, key detail, or summary","supporting_detail","Hard","1","multiple_choice","Behavioral ecologists study how bees learn efficient routes among flowers by arranging artificial feeders in fixed locations. In one experiment, bumblebees first visited six feeders whose sugar rewards were equal. Over several days, most bees shortened their routes and began visiting the feeders in a stable sequence. The researchers then doubled the reward at one feeder but moved it every hour. Bees initially detoured toward the richer feeder, yet many later returned to sequences that included less rewarding but stationary sites. When the moving feeder remained in one place for an entire day, it was gradually incorporated into stable routes. These patterns suggest that route choice does not simply maximize immediate sugar intake. Reliable spatial information also has value: a moderately rewarding location that can be predicted may fit an efficient sequence better than a richer location whose position keeps changing. The study thus links foraging efficiency to a balance between reward size and the cost of updating spatial memory.","According to the text, why did many bees return to routes containing stationary feeders after initially detouring toward the richer moving feeder?","The bees had already learned stable routes before reward differences were introduced, so the earlier sequence remained available as a familiar option.","When the richer feeder later stayed in one place for a full day, bees gradually incorporated it into stable routes, showing that routes could be updated.","The initial detours toward the richer feeder show that reward size still influenced the bees even though it did not fully determine later route choice.","The predictability of stationary locations could preserve route efficiency enough to offset their smaller rewards.","D","4","The passage argues that reliable spatial information has value because a predictable location can fit an efficient learned sequence. The other choices describe true features of the experiment but do not identify the reason the stationary sites could remain attractive despite smaller rewards.","75","none","{}","","","","","","Central Ideas and Details","supporting_detail","rw;passage:R002;arch:RW_CID_002;sim:rw_central_ideas_and_details_supporting_detail;fp:c739a01ad03b;surf:SURF_RW_CID_002"
"SAT_RW_12","rw_split_v9","12_back","650-800","SAT_RW_12_M2_Q11","RW","2","hard","11","Information and Ideas","Central Ideas and Details","RW_CID_008","Identify main idea, key detail, or summary","logical_link","Hard","1","multiple_choice","A study of handwritten music books from eighteenth-century port towns found that melodies traveled through more than one social network. Scholars matched distinctive copying errors across 86 notebooks. Some error clusters followed family lines: siblings or cousins copied from one another even after moving to different neighborhoods. Other clusters appeared among unrelated dockworkers whose notebooks contain the same unusual ornament marks but different family repertoires. Printed song sheets explain part of the overlap, yet several shared errors do not appear in any known printed edition. The researchers argue that household transmission and workplace exchange operated simultaneously. Family ties preserved certain pieces for decades, while occupational contacts moved fragments of repertoire across households that otherwise had little documented connection. This mixed pattern also explains why two notebooks from the same street can differ sharply while books owned by people living far apart sometimes share rare variants. Geographic proximity mattered, but it was not the only route through which musical material circulated.","Which choice best describes the researchers’ interpretation of the shared copying errors?","They are best explained by printed song sheets, with family and workplace exchange accounting for secondary variation.","They show that living near one another predicted shared repertoire more strongly than either family or occupation did.","They indicate that both kinship and occupational contacts transmitted musical material, helping explain patterns that geographic proximity by itself does not.","They suggest that workplace exchange gradually displaced household transmission as notebook owners moved between neighborhoods.","C","3","Some error clusters follow family lines, while others connect unrelated dockworkers. Because rare shared variants can occur across distance and neighbors can differ, the researchers infer multiple simultaneous social routes rather than a single geographic or printed pathway.","75","none","{}","","","","","","Central Ideas and Details","logical_link","rw;passage:R060;arch:RW_CID_008;sim:rw_central_ideas_and_details_logical_link;fp:8d155fdbfd43;surf:SURF_RW_CID_008"
"SAT_RW_12","rw_split_v9","12_back","650-800","SAT_RW_12_M2_Q12","RW","2","hard","12","Information and Ideas","Command of Evidence","RW_COE_001","Use textual or quantitative evidence","supporting_detail","Hard","1","multiple_choice","Restoration crews sometimes plant fast-growing shrubs along exposed streams to cool water for temperature-sensitive fish. Ecologist Priya Sen noted that dense early plantings could also reduce the sunlight reaching shallow riffles, where algae support aquatic insects eaten by juvenile fish. Her team established matched stream sections with sparse, moderate, or dense shrub cover and monitored temperature, algal biomass, insect emergence, and juvenile fish growth for two summers. By midsummer, all planted sections were cooler than unplanted controls, but the dense sections received much less midday light. Sen hypothesized that moderate cover could provide a better near-term balance than maximum cover: enough shade to reduce heat stress without sharply reducing the food base. She emphasized that mature streamside forests may function differently once channels widen or leaves create seasonal light patterns. The experiment was designed to test the first few years after planting, when managers can still adjust shrub density relatively easily.","Which finding, if true, would most directly support Sen’s hypothesis about moderate shrub cover?","Moderate-cover sections were much cooler than unplanted controls and had insect emergence close to sparse-cover sections, while dense sections gained little additional cooling but had substantially lower insect emergence.","Dense-cover sections had the lowest midday water temperatures and received the least sunlight of any planted sections.","Juvenile fish grew faster in moderate-cover sections than in sparse-cover sections, but the study did not measure temperature or insect emergence in those two conditions.","Unplanted controls had more algae than planted sections and were warmer than every planted treatment during midsummer.","A","1","Sen’s hypothesis predicts a tradeoff: moderate cover should capture much of the cooling benefit without the food-base reduction associated with dense shade. Choice A directly provides evidence for both sides of that prediction.","75","none","{}","","","","","","Command of Evidence","supporting_detail","rw;passage:R026;arch:RW_COE_001;sim:rw_command_of_evidence_supporting_detail;fp:7483b854c2fa;surf:SURF_RW_COE_001"
"SAT_RW_12","rw_split_v9","12_back","650-800","SAT_RW_12_M2_Q13","RW","2","hard","13","Information and Ideas","Command of Evidence","RW_COE_011","Use textual or quantitative evidence","evidence_based_inference","Hard","1","multiple_choice","Museum designers often worry that adding a second language to exhibit labels will make panels visually crowded and discourage reading. Designer Mateo Ruiz proposed that layout, rather than bilingual text itself, may drive much of this effect. His team created four versions of the same natural-history labels: monolingual compact, monolingual spacious, bilingual compact, and bilingual spacious. Visitors were randomly assigned to one version and later answered questions about the exhibit. Eye-tracking recorded how long they examined headings, diagrams, and body text. Ruiz predicted that bilingual labels would not reduce comprehension when the two languages were clearly separated and adequate white space was preserved. He also expected compact layouts to increase skipping regardless of language count. Because the wording and diagrams were held constant across versions, differences between the compact and spacious conditions could be attributed more confidently to layout. The team treated reading time as secondary evidence, since longer viewing could reflect either interest or difficulty.","Which finding, if true, would most directly support Ruiz’s prediction?","Visitors assigned to bilingual compact labels spent more time looking at headings than visitors assigned to monolingual compact labels, but the groups answered comprehension questions similarly.","Monolingual spacious labels produced higher comprehension than bilingual spacious labels even though the two layouts used the same amount of white space.","Bilingual spacious and monolingual spacious labels produced similar comprehension and skipping rates, while both compact versions led visitors to skip body text more often.","Bilingual labels increased total viewing time in both spacing conditions, but viewing time was not associated with comprehension scores.","C","3","Ruiz predicts that clear separation and adequate white space should prevent a bilingual penalty and that compactness should increase skipping regardless of language count. Choice C matches both predictions directly.","75","none","{}","","","","","","Command of Evidence","evidence_based_inference","rw;passage:R008;arch:RW_COE_011;sim:rw_command_of_evidence_evidence_based_inference;fp:59a25f178db9;surf:SURF_RW_COE_011"
"SAT_RW_12","rw_split_v9","12_back","650-800","SAT_RW_12_M2_Q14","RW","2","hard","14","Information and Ideas","Inferences","RW_INF_010","Draw supported conclusions","evidence_based_inference","Hard","1","multiple_choice","Paleoclimatologists often use layers of mineral deposits in caves to reconstruct past rainfall. In a limestone cave on an island, however, researcher Hana Okafor found that one chemical ratio usually associated with dryness rose during years when nearby tree-ring records indicated wetter conditions. She suspected that the cave's thin soil cover was altering the signal. During wet winters, water moved rapidly through cracks and reached the cave with little contact with soil; during drier winters, slower seepage remained in the soil longer before entering the rock. Laboratory measurements showed that longer soil contact changed the water's mineral balance in the same direction as the supposedly “dry” cave signal. Okafor therefore cautions against applying a standard interpretation without tracing how water travels through a particular cave system. The deposit still records climate-related changes, but the direction of the chemical response depends on local hydrology. Independent records are especially useful for identifying sites where the usual relationship has been reversed.","Which inference about comparing cave records is best supported by the text?","Thin soil cover is sufficient to reverse the chemical signal at a cave whenever wet-season water moves rapidly through fractures.","A chemical ratio can be compared directly across caves once rainfall totals are normalized, even if water takes different subsurface paths at the sites.","Independent climate records are useful chiefly for estimating rainfall amount after a cave’s local hydrology has already been established.","Without site-specific calibration, the same chemical ratio could be interpreted differently in caves with different water pathways.","D","4","Okafor’s cave reverses the usual relationship because local water routing changes soil-contact time, and the passage warns against transferring a standard interpretation across sites. Choice D preserves that site dependence without generalizing the reversal to every cave.","75","none","{}","","","","","","Inferences","evidence_based_inference","rw;passage:R011;arch:RW_INF_010;sim:rw_inferences_evidence_based_inference;fp:4076258142a2;surf:SURF_RW_INF_010"
"SAT_RW_12","rw_split_v9","12_back","650-800","SAT_RW_12_M2_Q15","RW","2","hard","15","Information and Ideas","Inferences","RW_INF_002","Draw supported conclusions","cause_effect","Hard","1","multiple_choice","When a city introduced reusable produce crates at its wholesale market, officials expected damaged fruit to decline because the rigid crates could be stacked without crushing lower layers. Records from the first season showed fewer compression bruises, but total spoilage changed little. Inspectors noticed that vendors kept the reusable crates in circulation longer than the old cardboard boxes and often rinsed them only at the end of the day. Microbial samples from crate corners increased as the season progressed, especially during warm weeks. After the market added midday washing stations and a faster crate-return schedule, both surface contamination and spoilage fell, while compression damage remained low. The pattern suggests that the new containers solved one handling problem but altered another part of the distribution system. Their benefit depended on cleaning and turnaround practices that had not mattered as much for disposable boxes. Evaluating the crates only by their resistance to crushing would therefore miss an important operational consequence of reuse.","Which inference is best supported by the text?","Reusable crates reduced compression damage only after the market installed midday washing stations.","The market’s first-season spoilage was driven mainly by warm weather rather than by crate handling practices.","A packaging change can shift where losses occur, so cleaning and turnaround procedures may determine whether a technical advantage yields an overall benefit.","Disposable cardboard boxes would have produced lower spoilage than reusable crates after the faster return schedule was introduced.","C","3","The reusable crates reduced crushing immediately but introduced contamination risks linked to reuse. Once cleaning and return practices changed, spoilage fell while compression remained low, supporting the inference that surrounding procedures determine whether the design’s advantage becomes a net gain.","75","none","{}","","","","","","Inferences","cause_effect","rw;passage:R019;arch:RW_INF_002;sim:rw_inferences_cause_effect;fp:3335e565a70f;surf:SURF_RW_INF_002"
"SAT_RW_12","rw_split_v9","12_back","650-800","SAT_RW_12_M2_Q16","RW","2","hard","16","Standard English Conventions","Boundaries","SEC.BND","Boundaries","Introductory dependent clauses","Hard","1","multiple_choice","Although Mira found that the narrow-wing design flew farthest whenever the gym doors were closed, a pattern that disappeared when crosscurrents entered from the stairwell ____ she repeated the trial after classes to separate the effects of wing shape and airflow.","Which choice completes the text so that it conforms to the conventions of Standard English?","; however, ",", ",", and "," because ","B","2","Despite the embedded “whenever” clause and the intervening appositive, the sentence begins with an “although” dependent clause. Choice B supplies the comma that lets the following independent clause complete it; the other boundaries do not create a standard dependent-to-main-clause structure.","60","none","{}","","","","","","Boundaries","introductory_subordinate_clause","rw;sec;grammar;arch:SEC-BND-019;ctx:CTX-GRM-003;tier:SEC3;sim:SEC.BND:introductory_subordinate_clause:D. academic register;fp:ea37158bc5eb;family:introductory_subordinate_clause"
"SAT_RW_12","rw_split_v9","12_back","650-800","SAT_RW_12_M2_Q17","RW","2","hard","17","Standard English Conventions","Boundaries","SEC.BND","Boundaries","Punctuation before trailing modifiers","Hard","1","multiple_choice","The riverbank sensors, which had been recalibrated after an unusually dry spring, recorded a brief temperature spike ____ prompting the field team to inspect whether exposed cables, rather than river water, had warmed in direct sun.","Which choice completes the text so that it conforms to the conventions of Standard English?",": ",", ","; ","and ","B","2","The participial phrase beginning with “prompting” supplements the completed clause by stating what the temperature spike led the team to do. A comma correctly marks that modifier boundary; the other choices create a faulty clause relationship or nonparallel coordination.","60","none","{}","","","","","","Boundaries","modifier_boundary_after_noun","rw;sec;grammar;arch:SEC-BND-069;ctx:CTX-GRM-008;tier:SEC3;sim:SEC.BND:modifier_boundary_after_noun:D. academic register;fp:242835f29a87;family:modifier_boundary_after_noun"
"SAT_RW_12","rw_split_v9","12_back","650-800","SAT_RW_12_M2_Q18","RW","2","hard","18","Standard English Conventions","Boundaries","SEC.BND","Boundaries","Restrictive modifiers without commas","Hard","1","multiple_choice","Of the twenty-four rowers in the trial, only eight received the cooling protocol. The athletes ____ reported lower fatigue at the next morning's practice, whereas the other sixteen showed little change.","Which choice completes the text so that it conforms to the conventions of Standard English?","who, after the second trial, received the cooling protocol",", who received the cooling protocol after the second trial,","having received the cooling protocol after the second trial,",", having received the cooling protocol after the second trial,","A","1","The first sentence establishes that only a subset of the athletes received the protocol, so the following modifier must identify that subset. Choice A keeps the modifier restrictive while correctly punctuating the internal introductory phrase; the comma-set alternatives would present protocol receipt as supplementary information about the athletes generally.","60","none","{}","","","","","","Boundaries","restrictive_no_comma","rw;sec;grammar;arch:SEC-BND-040;ctx:CTX-GRM-011;tier:SEC4;sim:SEC.BND:restrictive_no_comma:E. expanded syntax;fp:3d28c5a9a91a;family:restrictive_no_comma"
"SAT_RW_12","rw_split_v9","12_back","650-800","SAT_RW_12_M2_Q19","RW","2","hard","19","Standard English Conventions","Form, Structure, and Sense","SEC.FSS","Form, Structure, and Sense","Subject-verb agreement","Hard","1","multiple_choice","The proportion of grain samples from the bakery's oldest storage bins that display the founder's milling pattern, despite variations documented in two later inventories, ____ remarkably stable since the archive was reorganized.","Which choice completes the text so that it conforms to the conventions of Standard English?","have remained","remain","has remained","were remaining","C","3","The true subject is the singular noun “proportion”; the plural nouns inside the intervening material do not control agreement. The time phrase beginning with “since” also calls for the present perfect here, so “has remained” satisfies both number and time.","60","none","{}","","","","","","Form, Structure, and Sense","subject_verb_agreement","rw;sec;grammar;arch:SEC-FSS-004;ctx:CTX-GRM-004;tier:SEC3;sim:SEC.FSS:subject_verb_agreement:D. logic cue;fp:6c1a7f650c24;family:subject_verb_agreement"
"SAT_RW_12","rw_split_v9","12_back","650-800","SAT_RW_12_M2_Q20","RW","2","hard","20","Standard English Conventions","Form, Structure, and Sense","SEC.FSS","Form, Structure, and Sense","Finite and nonfinite verb forms","Hard","1","multiple_choice","The researchers expected the revised memory task, after participants had practiced the timing sequence, ____ delayed recall more precisely and to reduce random guessing during the final block.","Which choice completes the text so that it conforms to the conventions of Standard English?","to measure","would measure","measuring","measured","A","1","The construction is “expected [object] to measure ... and to reduce ...”. The two infinitive phrases are coordinated after the object “task,” so “to measure” fits the larger complement structure and preserves parallelism.","60","none","{}","","","","","","Form, Structure, and Sense","verb_form_nonfinite","rw;sec;grammar;arch:SEC-FSS-014;ctx:CTX-GRM-020;tier:SEC3;sim:SEC.FSS:verb_form_nonfinite:D. logic cue;fp:ca4b1fd20c52;family:verb_form_nonfinite"
"SAT_RW_12","rw_split_v9","12_back","650-800","SAT_RW_12_M2_Q21","RW","2","hard","21","Standard English Conventions","Form, Structure, and Sense","SEC.FSS","Form, Structure, and Sense","Parallel structure","Hard","1","multiple_choice","To prepare the theater company's digital archive for researchers, volunteers were responsible for verifying each scan against the original letter, documenting which handwritten dates remained uncertain after review, and ____ brief contextual notes without altering the source text.","Which choice completes the text so that it conforms to the conventions of Standard English?","to add","added","the addition of","adding","D","4","The outer list names three responsibilities with coordinated gerunds: “verifying,” “documenting,” and “adding.” The embedded clause inside the second item does not change that larger parallel structure, so choice D is required.","60","none","{}","","","","","","Form, Structure, and Sense","parallel_structure","rw;sec;grammar;arch:SEC-FSS-035;ctx:CTX-GRM-012;tier:SEC4;sim:SEC.FSS:parallel_structure:E. expanded syntax;fp:078ab457b8e8;family:parallel_structure"
"SAT_RW_12","rw_split_v9","12_back","650-800","SAT_RW_12_M2_Q22","RW","2","hard","22","Standard English Conventions","Form, Structure, and Sense","SEC.FSS","Form, Structure, and Sense","Logical verb tense","Hard","1","multiple_choice","Although the archive issued a revised field guide in 2012, recordings added afterward continued to reveal new honorific patterns. Over the period in which those later recordings have accumulated, the linguist ____ the transcription key several times.","Which choice completes the text so that it conforms to the conventions of Standard English?","has revised","had revised","revised","would revise","A","1","The relevant period extends from the past into the present, a relationship established by the clause stating that the later recordings “have accumulated.” The present perfect “has revised” matches that continuing interval; the past forms would close the revisions within an earlier past frame.","60","none","{}","","","","","","Form, Structure, and Sense","verb_tense_sequence","rw;sec;grammar;arch:SEC-FSS-010;ctx:CTX-GRM-007;tier:SEC4;sim:SEC.FSS:verb_tense_sequence:E. expanded syntax;fp:b6c964948683;family:verb_tense_sequence"
"SAT_RW_12","rw_split_v9","12_back","650-800","SAT_RW_12_M2_Q23","RW","2","hard","23","Expression of Ideas","Transitions","RW_TR_006","Select transition that logically connects ideas","main_claim","Hard","1","multiple_choice","Ecologists surveying artificial ponds found that aquatic insects colonized sites containing both native and ornamental plants. Plant origin alone did not explain abundance; stem density and emergent leaf area were stronger predictors. Dragonflies favored open water beside tall stems, while small beetles clustered within dense floating leaves. ____ habitat structure influenced insect groups in different ways rather than producing one uniform effect.","Which choice most logically completes the discussion?","For instance,","Overall,","As a consequence,","Likewise,","B","2","The final sentence synthesizes the preceding results about dragonflies, beetles, and plant structure into a general statement. “Overall,” signals that summary; the sentence is not another example, a simple consequence, or a similarity claim.","60","none","{}","","","","","","Transitions","main_claim","rw;passage:R082;arch:RW_TR_006;sim:rw_transitions_main_claim;fp:c21aeea61f00;surf:SURF_RW_TR_006"
"SAT_RW_12","rw_split_v9","12_back","650-800","SAT_RW_12_M2_Q24","RW","2","hard","24","Expression of Ideas","Transitions","RW_TR_008","Select transition that logically connects ideas","contrast","Hard","1","multiple_choice","An archive's optical-character-recognition system transcribed typed pages with high accuracy, and adding a larger language model improved names in standard forms. Handwritten marginal notes remained error-prone, especially when ink crossed printed lines. A pilot index built from automatic output therefore retrieved many typed references correctly. ____ archivists found that the same index often missed names appearing only in margins, so manual review remained important for collections rich in annotations.","Which choice most logically completes the paragraph?","For example,","Accordingly,","At the same time,","Furthermore,","C","3","The paragraph has just established a real success of the automatic index, then introduces a concurrent limitation involving marginal notes. “At the same time,” preserves both findings and marks the shift from success to constraint without reducing the second finding to an example or consequence.","60","none","{}","","","","","","Transitions","contrast","rw;passage:R016;arch:RW_TR_008;sim:rw_transitions_contrast;fp:12c51bed34b6;surf:SURF_RW_TR_008"
"SAT_RW_12","rw_split_v9","12_back","650-800","SAT_RW_12_M2_Q25","RW","2","hard","25","Expression of Ideas","Transitions","RW_TR_007","Select transition that logically connects ideas","supporting_detail","Hard","1","multiple_choice","Economists studying food-rescue apps found that average discount size did not predict repeat use across cities. Repeat use was higher where pickup windows overlapped commuters' routes, and interviews suggested that convenience mattered. Some users also said they valued trying unfamiliar restaurants, a motive unrelated to travel time. ____ one city increased repeat orders after moving pickups from late evening to the 5–7 p.m. commute period without changing discounts.","Which choice most logically completes the text?","To illustrate,","Consequently,","Moreover,","Conversely,","A","1","The final city-level case illustrates the earlier claim that convenience, specifically alignment with commuter routes, can matter even when discounts stay unchanged. “For example,” correctly introduces that concrete instance.","60","none","{}","","","","","","Transitions","supporting_detail","rw;passage:R094;arch:RW_TR_007;sim:rw_transitions_supporting_detail;fp:f9173688ed04;surf:SURF_RW_TR_007"
"SAT_RW_12","rw_split_v9","12_back","650-800","SAT_RW_12_M2_Q26","RW","2","hard","26","Expression of Ideas","Rhetorical Synthesis","RW_RS_009","Use notes to achieve a writing goal","contrast","Hard","1","multiple_choice","While researching heat-reduction designs for bus stops, a student has taken the following notes:

- Engineers tested solid and perforated overhead canopies at six exposed bus stops.
- At midday, solid canopies lowered bench-surface temperature by an average of 12°C.
- Perforated canopies lowered bench-surface temperature by an average of 9°C.
- Perforated canopies admitted substantially more daylight to the seating area than solid canopies.
- Riders in surveys valued both cooler seating and adequate daylight.","The student wants to emphasize a design tradeoff between cooling and daylight. Which choice most effectively uses relevant information from the notes to accomplish this goal?","Engineers tested two canopy designs at six exposed bus stops and surveyed riders about their preferences.","Riders valued cooler seating, and solid canopies lowered bench-surface temperatures by an average of 12°C at midday.","Perforated canopies admitted more daylight than solid canopies and lowered bench-surface temperatures by an average of 9°C.","Solid canopies provided greater cooling, whereas perforated canopies preserved more daylight, highlighting a tradeoff between the two rider-valued features.","D","4","Choice D directly compares the two designs on both dimensions named in the goal: solid canopies cooled more, while perforated canopies admitted more daylight. The other choices present accurate details but do not fully articulate the tradeoff.","75","none","{}","","","","","","Rhetorical Synthesis","contrast","rw;passage:R076;arch:RW_RS_009;sim:rw_rhetorical_synthesis_contrast;fp:e21a88a3e246;surf:SURF_RW_RS_009"
"SAT_RW_12","rw_split_v9","12_back","650-800","SAT_RW_12_M2_Q27","RW","2","hard","27","Expression of Ideas","Rhetorical Synthesis","RW_RS_001","Use notes to achieve a writing goal","revision_goal","Hard","1","multiple_choice","While researching a digital music-archive project, a student has taken the following notes:

- Composer Eliza Grant's 1912 orchestral scores survive in manuscripts whose original ink has faded.
- Later conductors added pencil dynamics and rehearsal marks to many pages.
- Multispectral scans can distinguish the faded ink from the later pencil marks.
- The archive creates one digital layer reconstructing Grant's notation and another layer preserving later annotations.
- Scholars can display either layer separately or view both together.","The student wants to explain how the archive preserves later historical additions without confusing them with Grant’s original notation. Which choice most effectively uses relevant information from the notes to accomplish this goal?","By separating reconstructed original notation from later pencil marks into distinct digital layers that can also be viewed together, the archive preserves both while keeping their historical roles distinguishable.","Multispectral scanning helps recover Grant’s faded ink, allowing scholars to read portions of the 1912 scores that are difficult to see on the manuscripts.","Later conductors added dynamics and rehearsal marks to Grant’s manuscripts, creating evidence of how the scores were used after 1912.","Scholars can view several kinds of marks in the digital archive, which uses multispectral scans to make faded writing easier to examine.","A","1","Choice A uses the layer structure to address both parts of the goal: later annotations remain available, and they are kept distinct from the reconstructed 1912 notation. The other choices mention accurate project features but omit that separation.","75","none","{}","","","","","","Rhetorical Synthesis","revision_goal","rw;passage:R058;arch:RW_RS_001;sim:rw_rhetorical_synthesis_revision_goal;fp:95e0335a2ee9;surf:SURF_RW_RS_001"
"SAT_Math_questions.12",".12","math_v6_batch_12","400-800","MATH12_M1_Q01","MATH","1","base","1","Algebra","Linear Equations","ALG_LE_001","Solve a one-variable linear equation with constants on both sides","Solve a one-variable linear equation with constants on both sides","E1","1","multiple_choice","","If 3x + 5 = 20, what is the value of x?","4","6","15","5","D","4","Subtract 5 from both sides to get 3x = 15. Dividing by 3 gives x = 5.","60","none","{}","","","","","","solve a one-variable linear equation with constants on both sides","","math,domain:Algebra,skill:ALG_LE_001,arch:MATH_ARCH_001_LINEAR_EQUATION_ONE_VARIABLE,sim:SIM_LINEAR_EQUATIONS_AND_INEQUALITIES,fp:ff86d228,tier:E1"
"SAT_Math_questions.12",".12","math_v6_batch_12","400-800","MATH12_M1_Q02","MATH","1","base","2","Geometry and Trigonometry","Triangles","GEO_TRI_001","Use angle relationships with parallel lines and transversal","Use angle relationships with parallel lines and transversal","E1","1","multiple_choice","","Two parallel lines are cut by a transversal. If one interior angle measures 122°, what is the measure, in degrees, of the same-side interior angle paired with it?","122","58","68","48","B","2","Same-side interior angles formed by parallel lines are supplementary, so the measure is 180 - 122 = 58.","70","none","{}","","","","","","use angle relationships with parallel lines and transversal","","math,domain:Geometry and Trigonometry,skill:GEO_TRI_001,arch:MATH_ARCH_084_ANGLE_PAIRS_PARALLEL_LINES,sim:SIM_PARALLEL_LINES_ANGLES,fp:61b8f324,tier:E1"
"SAT_Math_questions.12",".12","math_v6_batch_12","400-800","MATH12_M1_Q03","MATH","1","base","3","Advanced Math","Nonlinear Functions","ADV_NF_002","Evaluate a function at a given input","Evaluate a function at a given input","M1","1","multiple_choice","","The function f is defined by f(x) = 2x^2 - 3. What is f(4)?","29","13","19","35","A","1","Substitute 4 for x: f(4) = 2(4^2) - 3 = 32 - 3 = 29.","60","none","{}","","","","","","evaluate a function at a given input","","math,domain:Advanced Math,skill:ADV_NF_002,arch:MATH_ARCH_063_FUNCTION_EVALUATE,sim:SIM_FUNCTION_NOTATION_AND_VALUES,fp:f3845279,tier:M1"
"SAT_Math_questions.12",".12","math_v6_batch_12","400-800","MATH12_M1_Q04","MATH","1","base","4","Problem-Solving and Data Analysis","Ratios Rates and Proportions","PSD_RRP_007","Convert units using one conversion factor","Convert units using one conversion factor","M1","1","multiple_choice","","A ribbon is 3.5 meters long. How many centimeters long is the ribbon?","35","3,500","0.35","350","D","4","Since 1 meter is 100 centimeters, 3.5 meters is 3.5 × 100 = 350 centimeters.","60","none","{}","","","","","","convert units using one conversion factor","","math,domain:Problem-Solving and Data Analysis,skill:PSD_RRP_007,arch:MATH_ARCH_038_UNIT_CONVERSION_SINGLE,sim:SIM_RATIOS_RATES_PROPORTIONS,fp:0a4aec80,tier:M1"
"SAT_Math_questions.12",".12","math_v6_batch_12","400-800","MATH12_M1_Q05","MATH","1","base","5","Algebra","Linear Equations","ALG_LE_006","Solve a one-variable linear inequality, including sign reversal","Solve a one-variable linear inequality, including sign reversal","E1","1","multiple_choice","","Which inequality represents all values of x that satisfy 2x - 7 < 9?","x < 1","x < 8","x > 8","x > 1","B","2","Add 7 to both sides to get 2x < 16, then divide by 2. Thus x < 8.","70","none","{}","","","","","","solve a one-variable linear inequality, including sign reversal","","math,domain:Algebra,skill:ALG_LE_006,arch:MATH_ARCH_023_INEQUALITY_ONE_VARIABLE,sim:SIM_LINEAR_EQUATIONS_AND_INEQUALITIES,fp:2a23c0ff,tier:E1"
"SAT_Math_questions.12",".12","math_v6_batch_12","400-800","MATH12_M1_Q06","MATH","1","base","6","Advanced Math","Equivalent Expressions","ADV_EE_001","Simplify expression using exponent rules","Simplify expression using exponent rules","M1","1","student_response","","For x ≠ 0, the expression (x^5 · x^2)/x^3 is equivalent to x^n. What is the value of n?","","","","","","","The numerator is x^(5+2) = x^7. Dividing by x^3 gives x^(7-3) = x^4, so n = 4.","80","none","{}","","","integer","4","0","simplify expression using exponent rules","","math,domain:Advanced Math,skill:ADV_EE_001,arch:MATH_ARCH_067_EXPONENT_RULES_SIMPLIFY,sim:SIM_EXPONENT_RADICALS,fp:ec62be7d,tier:M1"
"SAT_Math_questions.12",".12","math_v6_batch_12","400-800","MATH12_M1_Q07","MATH","1","base","7","Algebra","Linear Functions","ALG_LF_001","Interpret slope and intercept in a real-world linear model","Interpret slope and intercept in a real-world linear model","M1","1","multiple_choice","","A savings account contains $40 at the start of a plan and increases by $15 each week. In the linear model A = 40 + 15w, what does 15 represent?","The amount, in dollars, added each week","The initial amount in dollars","The total amount after 15 weeks","The number of weeks in the plan","A","1","In A = 40 + 15w, the coefficient of w is the constant rate of change. The account increases by $15 each week.","80","none","{}","","","","","","interpret slope and intercept in a real-world linear model","","math,domain:Algebra,skill:ALG_LF_001,arch:MATH_ARCH_004_LINEAR_MODEL_INITIAL_RATE,sim:SIM_LINEAR_FUNCTIONS_AND_GRAPHS,fp:a48de3a9,tier:M1"
"SAT_Math_questions.12",".12","math_v6_batch_12","400-800","MATH12_M1_Q08","MATH","1","base","8","Problem-Solving and Data Analysis","Ratios Rates and Proportions","PSD_RRP_001","Convert part-to-part ratio into part-to-whole fraction","Convert part-to-part ratio into part-to-whole fraction","M1","1","student_response","","In a box, the ratio of red markers to blue markers is 3 to 5. What fraction of the markers in the box are red?","","","","","","","There are 3 red parts and 5 blue parts, for 8 total parts. The red fraction is 3/8.","75","none","{}","","","fraction","3/8","0","convert part-to-part ratio into part-to-whole fraction","","math,domain:Problem-Solving and Data Analysis,skill:PSD_RRP_001,arch:MATH_ARCH_032_RATIO_PART_TO_WHOLE,sim:SIM_RATIOS_RATES_PROPORTIONS,fp:10982a56,tier:M1"
"SAT_Math_questions.12",".12","math_v6_batch_12","400-800","MATH12_M1_Q09","MATH","1","base","9","Advanced Math","Equivalent Expressions","ADV_EE_003","Expand polynomial products","Expand polynomial products","M1","1","multiple_choice","","Which expression is equivalent to (x + 4)(x - 7)?","x^2 + 3x - 28","x^2 - 3x - 28","x^2 - 11x - 28","x^2 - 3x + 28","B","2","Multiplying gives x^2 - 7x + 4x - 28 = x^2 - 3x - 28.","80","none","{}","","","","","","expand polynomial products","","math,domain:Advanced Math,skill:ADV_EE_003,arch:MATH_ARCH_070_POLYNOMIAL_EXPAND,sim:SIM_POLYNOMIAL_RATIONAL_EXPRESSIONS,fp:8c1a3661,tier:M1"
"SAT_Math_questions.12",".12","math_v6_batch_12","400-800","MATH12_M1_Q10","MATH","1","base","10","Algebra","Linear Functions","ALG_LF_004","Find slope from two coordinate points","Find slope from two coordinate points","M1","1","multiple_choice","","What is the slope of the line that passes through the points (2, 5) and (6, 17)?","2","3","4","12","B","2","The slope is (17 - 5)/(6 - 2) = 12/4 = 3.","80","none","{}","","","","","","find slope from two coordinate points","","math,domain:Algebra,skill:ALG_LF_004,arch:MATH_ARCH_007_LINEAR_GRAPH_SLOPE_FROM_POINTS,sim:SIM_LINEAR_FUNCTIONS_AND_GRAPHS,fp:e1e7de9e,tier:M1"
"SAT_Math_questions.12",".12","math_v6_batch_12","400-800","MATH12_M1_Q11","MATH","1","base","11","Geometry and Trigonometry","Triangles","GEO_TRI_002","Find angle measures using triangle angle sum and exterior angle","Find angle measures using triangle angle sum and exterior angle","M1","1","multiple_choice","","In triangle ABC, angle A measures 52° and angle B measures 73°. What is the value of x, the measure in degrees of angle C?","45","65","55","125","C","3","The angles of a triangle sum to 180°. Therefore x = 180 - 52 - 73 = 55.","90","triangle","{""diagram_type"":""triangle"",""render_mode"":""near_to_scale"",""not_to_scale"":true,""vertices"":[""A"",""B"",""C""],""angle_labels"":{""A"":""52\u00b0"",""B"":""73\u00b0"",""C"":""x\u00b0""},""target"":""angle C""}","","","","","","find angle measures using triangle angle sum and exterior angle","","math,domain:Geometry and Trigonometry,skill:GEO_TRI_002,arch:MATH_ARCH_085_TRIANGLE_ANGLE_SUM,sim:SIM_TRIANGLE_ANGLE_RELATIONSHIPS,fp:a5e7037e,tier:M1"
"SAT_Math_questions.12",".12","math_v6_batch_12","400-800","MATH12_M1_Q12","MATH","1","base","12","Advanced Math","Equivalent Expressions","ADV_EE_002","Simplify radicals and rational exponents","Simplify radicals and rational exponents","M1","1","multiple_choice","","Which expression is equivalent to sqrt(72)?","6sqrt(2)","3sqrt(8)","8sqrt(3)","36sqrt(2)","A","1","Since 72 = 36 × 2, sqrt(72) = sqrt(36)sqrt(2) = 6sqrt(2).","80","none","{}","","","","","","simplify radicals and rational exponents","","math,domain:Advanced Math,skill:ADV_EE_002,arch:MATH_ARCH_068_RADICAL_SIMPLIFY,sim:SIM_EXPONENT_RADICALS,fp:5b06de77,tier:M1"
"SAT_Math_questions.12",".12","math_v6_batch_12","400-800","MATH12_M1_Q13","MATH","1","base","13","Algebra","Systems of Equations","ALG_SYS_001","Determine which ordered pair solves a system of linear equations","Determine which ordered pair solves a system of linear equations","M1","1","multiple_choice","","Which ordered pair (x, y) is the solution to the system y = 2x + 1 and x + y = 10?","(7, 3)","(3, 7)","(4, 6)","(2, 8)","B","2","Substitute y = 2x + 1 into x + y = 10: x + 2x + 1 = 10, so 3x = 9 and x = 3. Then y = 7.","95","none","{}","","","","","","determine which ordered pair solves a system of linear equations","","math,domain:Algebra,skill:ALG_SYS_001,arch:MATH_ARCH_015_SYSTEM_SOLUTION_ORDERED_PAIR,sim:SIM_LINEAR_SYSTEMS,fp:a5ebef65,tier:M1"
"SAT_Math_questions.12",".12","math_v6_batch_12","400-800","MATH12_M1_Q14","MATH","1","base","14","Problem-Solving and Data Analysis","Probability","PSD_PROB_001","Compute probability from a two-way table with correct denominator","Compute probability from a two-way table with correct denominator","M2","1","multiple_choice","","The table shows how 80 students get to school. If one student is chosen at random from all 80 students, what is the probability that the student is a senior who walks?","9/16","1/2","9/40","7/40","C","3","The number of seniors who walk is 18, and there are 80 students total. The probability is 18/80 = 9/40.","100","table","{}","| Grade | Walk | Bus | Total |\n|---|---:|---:|---:|\n| Junior | 22 | 26 | 48 |\n| Senior | 18 | 14 | 32 |\n| Total | 40 | 40 | 80 |","","","","","compute probability from a two-way table with correct denominator","","math,domain:Problem-Solving and Data Analysis,skill:PSD_PROB_001,arch:MATH_ARCH_049_TWO_WAY_TABLE_PROBABILITY,sim:SIM_PROBABILITY_TABLES,fp:fc2a8d85,tier:M2"
"SAT_Math_questions.12",".12","math_v6_batch_12","400-800","MATH12_M1_Q15","MATH","1","base","15","Algebra","Linear Functions","ALG_LF_003","Solve for input when a linear model reaches a target value","Solve for input when a linear model reaches a target value","M2","1","multiple_choice","","A printer has already printed 125 pages and prints 18 more pages each minute. After how many minutes will the printer have printed 341 pages in all?","10","13","12","18","C","3","Set 125 + 18m = 341. Then 18m = 216, so m = 12.","90","none","{}","","","","","","solve for input when a linear model reaches a target value","","math,domain:Algebra,skill:ALG_LF_003,arch:MATH_ARCH_006_LINEAR_MODEL_SOLVE_TARGET,sim:SIM_LINEAR_FUNCTIONS_AND_GRAPHS,fp:b447636d,tier:M2"
"SAT_Math_questions.12",".12","math_v6_batch_12","400-800","MATH12_M1_Q16","MATH","1","base","16","Advanced Math","Equivalent Expressions","ADV_EE_004","Factor polynomial expression","Factor polynomial expression","M2","1","multiple_choice","","Which expression is a factorization of x^2 + 5x - 24?","(x + 8)(x - 3)","(x - 8)(x + 3)","(x + 6)(x - 4)","(x - 8)(x - 3)","A","1","The two numbers that multiply to -24 and add to 5 are 8 and -3, so the factorization is (x + 8)(x - 3).","90","none","{}","","","","","","factor polynomial expression","","math,domain:Advanced Math,skill:ADV_EE_004,arch:MATH_ARCH_071_POLYNOMIAL_FACTOR,sim:SIM_POLYNOMIAL_RATIONAL_EXPRESSIONS,fp:44c224e9,tier:M2"
"SAT_Math_questions.12",".12","math_v6_batch_12","400-800","MATH12_M1_Q17","MATH","1","base","17","Algebra","Systems of Equations","ALG_SYS_002","Solve a 2x2 linear system by elimination","Solve a 2x2 linear system by elimination","M2","1","student_response","","For the system 4x + 2y = 30 and x - y = 3, what is the value of x + y?","","","","","","","From x - y = 3, x = y + 3. Substitute into 4x + 2y = 30 to get 4(y + 3) + 2y = 30, so 6y = 18 and y = 3. Then x = 6, so x + y = 9.","105","none","{}","","","integer","9","0","solve a 2x2 linear system by elimination","","math,domain:Algebra,skill:ALG_SYS_002,arch:MATH_ARCH_016_SYSTEM_SOLVE_ELIMINATION,sim:SIM_LINEAR_SYSTEMS,fp:97e134e6,tier:M2"
"SAT_Math_questions.12",".12","math_v6_batch_12","400-800","MATH12_M1_Q18","MATH","1","base","18","Advanced Math","Nonlinear Functions","ADV_NF_009","Solve quadratic equation by factoring","Solve quadratic equation by factoring","M2","1","student_response","","The equation x^2 - 9x + 20 = 0 has two solutions. What is the smaller solution?","","","","","","","Factor the quadratic: x^2 - 9x + 20 = (x - 4)(x - 5). The solutions are 4 and 5, so the smaller solution is 4.","90","none","{}","","","integer","4","0","solve quadratic equation by factoring","","math,domain:Advanced Math,skill:ADV_NF_009,arch:MATH_ARCH_075_QUADRATIC_SOLVE_FACTOR,sim:SIM_QUADRATIC_SOLVING,fp:ed1c630e,tier:M2"
"SAT_Math_questions.12",".12","math_v6_batch_12","400-800","MATH12_M1_Q19","MATH","1","base","19","Problem-Solving and Data Analysis","Percentages","PSD_PCT_002","Compute percent increase or decrease","Compute percent increase or decrease","M2","1","student_response","","A jacket originally priced at $250 is discounted to $210. What is the percent decrease in the price?","","","","","","","The decrease is 250 - 210 = 40 dollars. The percent decrease is 40/250 × 100 = 16.","100","none","{}","","","integer","16","0","compute percent increase or decrease","","math,domain:Problem-Solving and Data Analysis,skill:PSD_PCT_002,arch:MATH_ARCH_043_PERCENT_CHANGE,sim:SIM_PERCENT_RELATIONSHIPS,fp:743e4a60,tier:M2"
"SAT_Math_questions.12",".12","math_v6_batch_12","400-800","MATH12_M1_Q20","MATH","1","base","20","Algebra","Systems of Equations","ALG_SYS_004","Combine equations to solve directly for x+y or a linear combination","Combine equations to solve directly for x+y or a linear combination","H2","1","multiple_choice","","If x + y = 5 and 2x - y = 4, what is the value of 4x + 3y?","14","20","27","18","D","4","Adding the equations gives 3x = 9, so x = 3. Then y = 2. Therefore 4x + 3y = 12 + 6 = 18.","105","none","{}","","","","","","combine equations to solve directly for x+y or a linear combination","","math,domain:Algebra,skill:ALG_SYS_004,arch:MATH_ARCH_018_SYSTEM_SUM_DIRECT,sim:SIM_LINEAR_SYSTEMS,fp:2eb802bd,tier:H2"
"SAT_Math_questions.12",".12","math_v6_batch_12","400-800","MATH12_M1_Q21","MATH","1","base","21","Advanced Math","Nonlinear Functions","ADV_NF_004","Evaluate nested or composed functions","Evaluate nested or composed functions","H2","1","multiple_choice","","Functions f and g are defined by f(x) = x^2 + 1 and g(x) = 3x - 2. What is f(g(2))?","17","10","13","37","A","1","First find g(2) = 3(2) - 2 = 4. Then f(g(2)) = f(4) = 4^2 + 1 = 17.","95","none","{}","","","","","","evaluate nested or composed functions","","math,domain:Advanced Math,skill:ADV_NF_004,arch:MATH_ARCH_065_FUNCTION_COMPOSITION,sim:SIM_FUNCTION_NOTATION_AND_VALUES,fp:bf36076f,tier:H2"
"SAT_Math_questions.12",".12","math_v6_batch_12","400-800","MATH12_M1_Q22","MATH","1","base","22","Geometry and Trigonometry","Triangles","GEO_TRI_003","Use Pythagorean theorem in right triangle","Use Pythagorean theorem in right triangle","M1","1","multiple_choice","","A right triangle has legs of lengths 9 and 12. What is the length of its hypotenuse?","15","21","sqrt(63)","13","A","1","By the Pythagorean theorem, the hypotenuse c satisfies c^2 = 9^2 + 12^2 = 81 + 144 = 225, so c = 15.","90","none","{}","","","","","","use Pythagorean theorem in right triangle","","math,domain:Geometry and Trigonometry,skill:GEO_TRI_003,arch:MATH_ARCH_086_PYTHAGOREAN_THEOREM,sim:SIM_RIGHT_TRIANGLE_PYTHAGOREAN,fp:4b57dc08,tier:M1"
"SAT_Math_questions.12",".12","math_v6_batch_12","400-800","MATH12_M2_Q01","MATH","2","hard","1","Algebra","Equivalent Expressions","ALG_EE_001","Select an equivalent linear expression after distribution and combining terms","Select an equivalent linear expression after distribution and combining terms","M2","1","student_response","","The expression 4(3x - 5) - 2(5x + 1) is equivalent to ax + b. What is the value of a?","","","","","","","Distribute to get 12x - 20 - 10x - 2 = 2x - 22. Thus a = 2.","95","none","{}","","","integer","2","0","select an equivalent linear expression after distribution and combining terms","","math,domain:Algebra,skill:ALG_EE_001,arch:MATH_ARCH_003_LINEAR_EXPRESSION_EQUIVALENT,sim:SIM_LINEAR_EQUIVALENT_EXPRESSIONS,fp:cd5a05cf,tier:M2"
"SAT_Math_questions.12",".12","math_v6_batch_12","400-800","MATH12_M2_Q02","MATH","2","hard","2","Advanced Math","Nonlinear Functions","ADV_NF_005","Read function value or input from graph","Read function value or input from graph","M2","1","multiple_choice","","The graph of y = f(x) contains the plotted points shown. What is the value of f(3)?","3","7","9","6","D","4","The point with x-coordinate 3 has y-coordinate 6, so f(3) = 6.","90","function_graph","{""diagram_type"":""function_value_lookup"",""render_mode"":""exact_to_scale"",""x_min"":0,""x_max"":5,""y_min"":0,""y_max"":10,""x_label"":""x"",""y_label"":""f(x)"",""grid"":true,""points"":[[0,2],[1,4],[2,7],[3,6],[4,9]],""points_only"":true,""connect_points"":false,""target"":""f(3)""}","","","","","","read function value or input from graph","","math,domain:Advanced Math,skill:ADV_NF_005,arch:MATH_ARCH_066_FUNCTION_GRAPH_VALUE,sim:SIM_FUNCTION_NOTATION_AND_VALUES,fp:93dc31a6,tier:M2"
"SAT_Math_questions.12",".12","math_v6_batch_12","400-800","MATH12_M2_Q03","MATH","2","hard","3","Problem-Solving and Data Analysis","Ratios Rates and Proportions","PSD_RRP_002","Use a ratio of ingredients to find amount in a mixture","Use a ratio of ingredients to find amount in a mixture","M2","1","multiple_choice","","A drink mix uses concentrate and water in a ratio of 2 to 5. If 63 cups of drink are made using this ratio, how many cups of concentrate are used?","14","18","21","45","B","2","There are 2 + 5 = 7 equal parts. Each part is 63/7 = 9 cups, so the concentrate amount is 2 × 9 = 18 cups.","95","none","{}","","","","","","use a ratio of ingredients to find amount in a mixture","","math,domain:Problem-Solving and Data Analysis,skill:PSD_RRP_002,arch:MATH_ARCH_033_RATIO_MIXTURE_UNITS,sim:SIM_RATIOS_RATES_PROPORTIONS,fp:b2bccd77,tier:M2"
"SAT_Math_questions.12",".12","math_v6_batch_12","400-800","MATH12_M2_Q04","MATH","2","hard","4","Advanced Math","Nonlinear Functions","ADV_NF_015","Find imaginary solutions of a quadratic equation","Find imaginary solutions of a quadratic equation","H2","1","student_response","","The solutions to x^2 + 10x + 34 = 0 are -5 + bi and -5 - bi, where b is positive. What is the value of b?","","","","","","","Using the quadratic formula gives x = (-10 ± sqrt(100 - 136))/2 = (-10 ± sqrt(-36))/2 = -5 ± 3i. Thus b = 3.","110","none","{}","","","integer","3","0","find imaginary solutions of a quadratic equation","","math,domain:Advanced Math,skill:ADV_NF_015,arch:MATH_ARCH_083_COMPLEX_QUADRATIC_ROOTS,sim:SIM_QUADRATIC_SOLVING,fp:9cf2e06f,tier:H2"
"SAT_Math_questions.12",".12","math_v6_batch_12","400-800","MATH12_M2_Q05","MATH","2","hard","5","Algebra","Linear Functions","ALG_LF_006","Write the equation of a line through two points","Write the equation of a line through two points","M2","1","multiple_choice","","Which equation represents the line that passes through (-2, 5) and (4, -7)?","y = 2x + 1","y = -2x - 1","y = -3x - 1","y = -2x + 1","D","4","The slope is (-7 - 5)/(4 - (-2)) = -12/6 = -2. Using 5 = -2(-2) + b gives b = 1, so y = -2x + 1.","105","none","{}","","","","","","write the equation of a line through two points","","math,domain:Algebra,skill:ALG_LF_006,arch:MATH_ARCH_009_LINEAR_GRAPH_EQUATION_FROM_POINTS,sim:SIM_LINEAR_FUNCTIONS_AND_GRAPHS,fp:4d052d36,tier:M2"
"SAT_Math_questions.12",".12","math_v6_batch_12","400-800","MATH12_M2_Q06","MATH","2","hard","6","Advanced Math","Nonlinear Functions","ADV_NF_007","Solve rational equation and reject excluded values","Solve rational equation and reject excluded values","H3","1","multiple_choice","","What value of x satisfies 3/(x - 1) + 2 = 5?","1","4","0","2","D","4","Subtract 2 to get 3/(x - 1) = 3. Thus x - 1 = 1, so x = 2. The value x = 1 is not allowed because it makes the denominator zero.","95","none","{}","","","","","","solve rational equation and reject excluded values","","math,domain:Advanced Math,skill:ADV_NF_007,arch:MATH_ARCH_073_RATIONAL_EQUATION_SOLVE,sim:SIM_RATIONAL_EQUATIONS,fp:eb33bef9,tier:H3"
"SAT_Math_questions.12",".12","math_v6_batch_12","400-800","MATH12_M2_Q07","MATH","2","hard","7","Algebra","Linear Equations","ALG_LE_007","Find greatest or least expression value from a linear inequality","Find greatest or least expression value from a linear inequality","M2","1","student_response","","What is the greatest integer value of x that satisfies 5x + 8 <= 43?","","","","","","","Subtract 8 to get 5x <= 35. Dividing by 5 gives x <= 7, so the greatest integer value is 7.","85","none","{}","","","integer","7","0","find greatest or least expression value from a linear inequality","","math,domain:Algebra,skill:ALG_LE_007,arch:MATH_ARCH_024_INEQUALITY_GREATEST_LEAST_VALUE,sim:SIM_LINEAR_EQUATIONS_AND_INEQUALITIES,fp:dd8cc416,tier:M2"
"SAT_Math_questions.12",".12","math_v6_batch_12","400-800","MATH12_M2_Q08","MATH","2","hard","8","Advanced Math","Nonlinear Functions","ADV_NF_008","Model exponential growth or decay","Model exponential growth or decay","H3","1","multiple_choice","","A population of 1,200 increases by 8% each year. To the nearest whole number, what will the population be after 2 years?","1,296","1,392","1,400","1,408","C","3","After 2 years, the population is 1200(1.08)^2 = 1399.68, which rounds to 1,400.","100","none","{}","","","","","","model exponential growth or decay","","math,domain:Advanced Math,skill:ADV_NF_008,arch:MATH_ARCH_074_EXPONENTIAL_GROWTH_DECAY,sim:SIM_EXPONENTIAL_MODELS,fp:f18bf848,tier:H3"
"SAT_Math_questions.12",".12","math_v6_batch_12","400-800","MATH12_M2_Q09","MATH","2","hard","9","Problem-Solving and Data Analysis","Percentages","PSD_PCT_003","Compute net effect of successive percent changes","Compute net effect of successive percent changes","H2","1","multiple_choice","","A $200 item is increased in price by 10% and then the new price is decreased by 10%. What is the final price?","$200","$180","$198","$220","C","3","After the 10% increase, the price is 200(1.10) = 220. After the 10% decrease, the price is 220(0.90) = 198 dollars.","100","none","{}","","","","","","compute net effect of successive percent changes","","math,domain:Problem-Solving and Data Analysis,skill:PSD_PCT_003,arch:MATH_ARCH_044_SUCCESSIVE_PERCENT_CHANGE,sim:SIM_PERCENT_RELATIONSHIPS,fp:3472bc08,tier:H2"
"SAT_Math_questions.12",".12","math_v6_batch_12","400-800","MATH12_M2_Q10","MATH","2","hard","10","Geometry and Trigonometry","Circles","GEO_CIRC_001","Use circle area and circumference formulas","Use circle area and circumference formulas","M1","1","student_response","","A circle has circumference 18π. Its area is kπ. What is the value of k?","","","","","","","The circumference is 2πr = 18π, so r = 9. The area is πr^2 = 81π, so k = 81.","95","none","{}","","","integer","81","0","use circle area and circumference formulas","","math,domain:Geometry and Trigonometry,skill:GEO_CIRC_001,arch:MATH_ARCH_091_CIRCLE_AREA_CIRCUMFERENCE,sim:SIM_CIRCLE_MEASUREMENTS,fp:562ab6d6,tier:M1"
"SAT_Math_questions.12",".12","math_v6_batch_12","400-800","MATH12_M2_Q11","MATH","2","hard","11","Algebra","Systems of Equations","ALG_SYS_003","Solve a 2x2 linear system by substitution","Solve a 2x2 linear system by substitution","M2","1","multiple_choice","","For the system x + 2y = 11 and 3x - y = 5, what is the value of x - y?","1","7","-7","-1","D","4","From x + 2y = 11, x = 11 - 2y. Substitute into 3x - y = 5 to get 3(11 - 2y) - y = 5, so 33 - 7y = 5 and y = 4. Then x = 3, so x - y = -1.","110","none","{}","","","","","","solve a 2x2 linear system by substitution","","math,domain:Algebra,skill:ALG_SYS_003,arch:MATH_ARCH_017_SYSTEM_SOLVE_SUBSTITUTION,sim:SIM_LINEAR_SYSTEMS,fp:9fea193b,tier:M2"
"SAT_Math_questions.12",".12","math_v6_batch_12","400-800","MATH12_M2_Q12","MATH","2","hard","12","Advanced Math","Nonlinear Functions","ADV_NF_011","Complete the square to find vertex or solve","Complete the square to find vertex or solve","H3","1","multiple_choice","","Which expression is equivalent to x^2 - 10x + 13?","(x - 5)^2 - 12","(x - 5)^2 + 13","(x + 5)^2 - 12","(x - 10)^2 - 87","A","1","Complete the square: x^2 - 10x + 13 = (x^2 - 10x + 25) - 25 + 13 = (x - 5)^2 - 12.","110","none","{}","","","","","","complete the square to find vertex or solve","","math,domain:Advanced Math,skill:ADV_NF_011,arch:MATH_ARCH_077_QUADRATIC_COMPLETE_SQUARE,sim:SIM_QUADRATIC_FEATURES,fp:d50ff8d4,tier:H3"
"SAT_Math_questions.12",".12","math_v6_batch_12","400-800","MATH12_M2_Q13","MATH","2","hard","13","Algebra","Systems of Equations","ALG_SYS_009","Identify quadrants containing solutions to a system of inequalities","Identify quadrants containing solutions to a system of inequalities","H2","1","multiple_choice","","Which ordered pair satisfies both inequalities y <= 2x + 1 and y >= -x + 4?","(0, 2)","(1, 1)","(2, 5)","(3, 9)","C","3","For (2, 5), 5 <= 2(2) + 1 = 5 and 5 >= -2 + 4 = 2, so it satisfies both inequalities. Each other option fails at least one inequality.","115","none","{}","","","","","","identify quadrants containing solutions to a system of inequalities","","math,domain:Algebra,skill:ALG_SYS_009,arch:MATH_ARCH_028_SYSTEM_INEQUALITIES_REGION_QUADRANTS,sim:SIM_LINEAR_SYSTEMS,fp:e0d36d5f,tier:H2"
"SAT_Math_questions.12",".12","math_v6_batch_12","400-800","MATH12_M2_Q14","MATH","2","hard","14","Advanced Math","Nonlinear Functions","ADV_NF_010","Use quadratic formula to solve or analyze roots","Use quadratic formula to solve or analyze roots","H3","1","multiple_choice","","The equation x^2 - 6x - 7 = 0 has two real solutions. What is the greater solution?","-1","1","7","6","C","3","Factor the equation as (x - 7)(x + 1) = 0. The solutions are 7 and -1, so the greater solution is 7.","100","none","{}","","","","","","use quadratic formula to solve or analyze roots","","math,domain:Advanced Math,skill:ADV_NF_010,arch:MATH_ARCH_076_QUADRATIC_SOLVE_FORMULA,sim:SIM_QUADRATIC_SOLVING,fp:2922e5ca,tier:H3"
"SAT_Math_questions.12",".12","math_v6_batch_12","400-800","MATH12_M2_Q15","MATH","2","hard","15","Geometry and Trigonometry","Triangles","GEO_TRI_006","Use similar triangles and scale factors","Use similar triangles and scale factors","H3","1","multiple_choice","","Triangles ABC and DEF are similar with A corresponding to D, B to E, and C to F. If AB = 6, BC = 8, and DE = 15, what is EF?","17","20","22.5","12","B","2","Corresponding sides have the same scale factor. Since DE/AB = 15/6 = 2.5, EF = 2.5 × BC = 2.5 × 8 = 20.","120","triangle","{""diagram_type"":""similar_triangles"",""render_mode"":""near_to_scale"",""not_to_scale"":true,""triangles"":[{""triangle_id"":""ABC"",""vertices"":[""A"",""B"",""C""],""side_labels"":{""AB"":""6"",""BC"":""8""},""angle_labels"":{}},{""triangle_id"":""DEF"",""vertices"":[""D"",""E"",""F""],""side_labels"":{""DE"":""15"",""EF"":""x""},""angle_labels"":{}}],""correspondence"":{""A"":""D"",""B"":""E"",""C"":""F""},""target"":""EF""}","","","","","","use similar triangles and scale factors","","math,domain:Geometry and Trigonometry,skill:GEO_TRI_006,arch:MATH_ARCH_089_SIMILAR_TRIANGLES_SCALE,sim:SIM_SIMILAR_TRIANGLES,fp:8aab874f,tier:H3"
"SAT_Math_questions.12",".12","math_v6_batch_12","400-800","MATH12_M2_Q16","MATH","2","hard","16","Problem-Solving and Data Analysis","Probability","PSD_PROB_002","Compute conditional probability from a table subset","Compute conditional probability from a table subset","H3","1","multiple_choice","","The table shows club choices for 90 students. If a student who chose theater is selected at random, what is the probability that the student is in grade 10?","14/90","2/5","7/45","3/5","B","2","Among the students who chose theater, there are 35 students total and 14 are in grade 10. The conditional probability is 14/35 = 2/5.","115","table","{}","| Grade | Theater | Music | Total |\n|---|---:|---:|---:|\n| 9 | 12 | 18 | 30 |\n| 10 | 14 | 21 | 35 |\n| 11 | 9 | 16 | 25 |\n| Total | 35 | 55 | 90 |","","","","","compute conditional probability from a table subset","","math,domain:Problem-Solving and Data Analysis,skill:PSD_PROB_002,arch:MATH_ARCH_050_CONDITIONAL_PROBABILITY_TABLE,sim:SIM_PROBABILITY_TABLES,fp:4863c19f,tier:H3"
"SAT_Math_questions.12",".12","math_v6_batch_12","400-800","MATH12_M2_Q17","MATH","2","hard","17","Algebra","Systems of Equations","ALG_SYS_006","Find parameter value that makes two linear equations parallel","Find parameter value that makes two linear equations parallel","H3","1","multiple_choice","","For what value of k does the equation 4x + 7 = kx + 10 have no solution?","4","3","7","10","A","1","For a linear equation to have no solution, the x-coefficients must be equal while the constants differ. When k = 4, the equation becomes 4x + 7 = 4x + 10, which is impossible.","110","none","{}","","","","","","find parameter value that makes two linear equations parallel","","math,domain:Algebra,skill:ALG_SYS_006,arch:MATH_ARCH_020_SYSTEM_NO_SOLUTION_PARAMETER,sim:SIM_LINEAR_SYSTEMS,fp:d46bde62,tier:H3"
"SAT_Math_questions.12",".12","math_v6_batch_12","400-800","MATH12_M2_Q18","MATH","2","hard","18","Advanced Math","Nonlinear Functions","ADV_NF_006","Solve radical equation and check extraneous solution","Solve radical equation and check extraneous solution","H3","1","multiple_choice","","What is the solution to sqrt(x + 5) = x - 1?","4","-1","1","5","A","1","Squaring gives x + 5 = (x - 1)^2 = x^2 - 2x + 1, so x^2 - 3x - 4 = 0. The candidates are x = 4 and x = -1. Checking the original equation, only x = 4 works.","120","none","{}","","","","","","solve radical equation and check extraneous solution","","math,domain:Advanced Math,skill:ADV_NF_006,arch:MATH_ARCH_069_RADICAL_EQUATION_EXTRANEOUS,sim:SIM_EXPONENT_RADICALS,fp:311df5dc,tier:H3"
"SAT_Math_questions.12",".12","math_v6_batch_12","400-800","MATH12_M2_Q19","MATH","2","hard","19","Geometry and Trigonometry","Trigonometry","GEO_TRIG_004","Use benchmark unit-circle values","Use benchmark unit-circle values","H3","1","multiple_choice","","If θ is in quadrant II and sin θ = 1/2, what is the value of cos θ?","sqrt(3)/2","-1/2","1/2","-sqrt(3)/2","D","4","An angle with sin θ = 1/2 has a reference angle of 30°. In quadrant II, cosine is negative, so cos θ = -sqrt(3)/2.","105","none","{}","","","","","","use benchmark unit-circle values","","math,domain:Geometry and Trigonometry,skill:GEO_TRIG_004,arch:MATH_ARCH_098_UNIT_CIRCLE_BENCHMARK,sim:SIM_TRIGONOMETRY_RELATIONSHIPS,fp:8722f990,tier:H3"
"SAT_Math_questions.12",".12","math_v6_batch_12","400-800","MATH12_M2_Q20","MATH","2","hard","20","Advanced Math","Nonlinear Functions","ADV_NF_014","Use discriminant to determine number/type of solutions","Use discriminant to determine number/type of solutions","H3","1","student_response","","For what value of c does the equation x^2 - 8x + c = 0 have exactly one real solution?","","","","","","","A quadratic has exactly one real solution when its discriminant is 0. Here b^2 - 4ac = (-8)^2 - 4(1)c = 64 - 4c. Setting 64 - 4c = 0 gives c = 16.","115","none","{}","","","integer","16","0","use discriminant to determine number/type of solutions","","math,domain:Advanced Math,skill:ADV_NF_014,arch:MATH_ARCH_080_QUADRATIC_DISCRIMINANT,sim:SIM_QUADRATIC_SOLVING,fp:8dd7d947,tier:H3"
"SAT_Math_questions.12",".12","math_v6_batch_12","400-800","MATH12_M2_Q21","MATH","2","hard","21","Algebra","Systems of Equations","ALG_SYS_007","Find parameter value that makes two equations equivalent","Find parameter value that makes two equations equivalent","H3","1","multiple_choice","","For what value of a does the equation a(2x - 3) = 6x - 9 have infinitely many solutions?","2","6","3","9","C","3","Expand the left side to get 2ax - 3a. For the equation to be an identity, 2a = 6 and -3a = -9. Both conditions give a = 3.","115","none","{}","","","","","","find parameter value that makes two equations equivalent","","math,domain:Algebra,skill:ALG_SYS_007,arch:MATH_ARCH_021_SYSTEM_INFINITE_SOLUTIONS_PARAMETER,sim:SIM_LINEAR_SYSTEMS,fp:738e7eec,tier:H3"
"SAT_Math_questions.12",".12","math_v6_batch_12","400-800","MATH12_M2_Q22","MATH","2","hard","22","Geometry and Trigonometry","Area","GEO_AREA_001","Compute surface area of prism/cylinder or composite solid","Compute surface area of prism/cylinder or composite solid","H3","1","multiple_choice","","A closed right circular cylinder has volume 72π cubic units and height 8 units. What is its surface area, in square units?","48π","66π","84π","144π","B","2","The volume is πr^2h, so πr^2(8) = 72π and r^2 = 9. Thus r = 3. The surface area is 2πr^2 + 2πrh = 2π(9) + 2π(3)(8) = 18π + 48π = 66π.","130","none","{}","","","","","","compute surface area of prism/cylinder or composite solid","","math,domain:Geometry and Trigonometry,skill:GEO_AREA_001,arch:MATH_ARCH_100_SOLID_SURFACE_AREA,sim:SIM_SOLID_MEASUREMENT,fp:8c1b4055,tier:H3"