"test_id","exam_version","generation_batch_id","target_score_band","question_id","section","module","route","question_number","content_domain","skill_group","skill_code","skill_label","question_topic","difficulty","scoring_weight","question_type","passage","question","choice_a","choice_b","choice_c","choice_d","correct_answer","correct_choice_index","explanation","time_estimate_sec","visual_type","visual_json","table_markdown","equation_latex","student_response_type","correct_numeric_answer","answer_tolerance","primary_skill","secondary_skill","tags"
"SAT_RW_19","rw_split_v9","19-front","mixed","RW19-F-01","RW","1","base","1","Craft and Structure","Words in Context","RW_WIC_005","Determine meaning or function of a word/phrase in context","direct_meaning","Easy","1","multiple_choice","A city museum tested two versions of labels for a gallery of household tools. One version gave dates, materials, and makers; the other added a brief question asking visitors to notice how each object had been repaired. Observers recorded how long visitors stayed at displays and later asked volunteers what they remembered. The question-based labels increased average viewing time by about twelve seconds, but the memory difference between the two groups was modest. Visitors in both groups accurately recalled the tools’ original uses, while those who saw the questions were somewhat more likely to mention signs of repair. Curators therefore decided not to replace every label at once. Instead, they planned a smaller trial in galleries where close visual comparison mattered most. The staff viewed the extra engagement as promising, but the narrow memory gain made a broad redesign difficult to justify without further evidence.","As used in the text, “modest” most nearly means","unassuming","limited","temporary","uncertain","B","2","The passage says the question-based labels increased viewing time but produced only a narrow difference in memory: both groups remembered original uses, and the question group was only somewhat more likely to mention repairs. Thus “modest” describes a limited gain. “Unassuming” is another sense of modest but does not fit a measured difference; “temporary” and “uncertain” are not supported by the results.","75","none","{}","","","","","","Words in Context","","passage:R033;arch:RW_WIC_005;wic_arch:WIC_DIRECT_MEANING_01;family:direct_meaning;sim:rw_words_in_context_logical_link;surface_arch:SURF_RW_WIC_005;target:modest;fp:74c71017c19e"
"SAT_RW_19","rw_split_v9","19-front","mixed","RW19-F-02","RW","1","base","2","Craft and Structure","Words in Context","RW_WIC_004","Determine meaning or function of a word/phrase in context","relation_function","Medium","1","multiple_choice","Mara arrived early to return a borrowed atlas to the reading room. The librarian, Mr. Vale, was speaking easily with two patrons, yet he lowered his voice when Mara placed the book on the desk. She noticed a folded note protruding from its back cover and reached toward it, but he moved the atlas beneath a ledger before continuing the conversation. A moment later, he laughed at a harmless joke and invited the patrons to examine a new map display. Still, Vale kept one hand resting on the ledger, as if casual talk required an anchor. Mara did not ask about the note. She thanked him, stepped toward the door, and heard his chair scrape only after she had turned away. Outside, she realized that his cheerful manner had not eased her curiosity; it had sharpened it by making his small acts of caution stand out.","Which choice best describes the function of “Still” in the text?","It indicates that Mara now finds Mr. Vale’s cheerful behavior reassuring after noticing the note.","It introduces the reason Mr. Vale is able to resume an ordinary conversation with the patrons.","It marks a contrast between Mr. Vale’s outwardly relaxed behavior and his continuing physical caution.","It signals that the conversation has shifted from the borrowed atlas to the new map display.","C","3","Immediately before “Still,” Mr. Vale laughs and invites the patrons to a display, actions that make him appear relaxed. The next clause says he continues to keep a hand on the ledger, a cautious gesture. “Still” therefore marks a contrast between those two behaviors. The other choices either reverse Mara’s reaction, invent a causal link, or describe a topic shift rather than the word’s logical role.","75","none","{}","","","","","","Words in Context","","passage:E126;arch:RW_WIC_004;wic_arch:WIC_RELATION_FUNCTION_01;family:relation_function;sim:rw_words_in_context_revision_goal;surface_arch:SURF_RW_WIC_004;target:still;fp:0cb71cebece0"
"SAT_RW_19","rw_split_v9","19-front","mixed","RW19-F-03","RW","1","base","3","Craft and Structure","Words in Context","RW_WIC_011","Determine meaning or function of a word/phrase in context","tonal_effect","Hard","1","multiple_choice","At supper, Lena described the town committee’s plan to restore the old footbridge. Her brother Tomas, who usually objected to spending public money on anything ornamental, listened without interrupting. When Lena mentioned that volunteers had offered to repair the railings, Tomas set down his cup and said, “That is efficient.” His voice was so carefully neutral that their mother looked at him twice. Later, as rain tapped the kitchen window, he asked whether the committee had chosen a paint color and then pretended to study the newspaper before Lena could answer. She replied that the bridge would remain unpainted. Tomas nodded, almost approvingly, and returned to the same paragraph he had been holding open for several minutes. The restraint in his comments did not conceal indifference so much as an unwillingness to display enthusiasm. By the end of the meal, Lena suspected that his objections had softened before he was ready to admit it.","What effect does the word “carefully” have in the description of Tomas’s voice?","It makes Tomas’s remark sound openly mocking toward the committee’s proposal.","It portrays Tomas as hesitant because he has not understood what Lena has explained.","It presents his response as ordinary politeness unrelated to his earlier objections to the bridge.","It suggests that his neutral delivery is deliberate, hinting that he is restraining a more favorable reaction.","D","4","Tomas usually objects to such spending, yet he listens, asks follow-up questions, and appears almost approving. Describing his voice as “carefully” neutral makes the neutrality seem managed rather than spontaneous, which supports the idea that he is holding back enthusiasm. The other choices misidentify the tone, attribute confusion not shown in the scene, or ignore the connection to his earlier objections.","75","none","{}","","","","","","Words in Context","","passage:E143;arch:RW_WIC_011;wic_arch:WIC_TONAL_EFFECT_01;family:tonal_effect;sim:rw_words_in_context_supporting_detail;surface_arch:SURF_RW_WIC_011;target:carefully;fp:de65b5951733"
"SAT_RW_19","rw_split_v9","19-front","mixed","RW19-F-04","RW","1","base","4","Craft and Structure","Text Structure and Purpose","RW_TSP_001","Analyze structure or purpose","purpose_sentence","Easy","1","multiple_choice","Nadia had been told that the east garden was neglected, so she expected little when she found the narrow gate behind the greenhouse. Inside, however, the paths were swept, bean poles stood in orderly rows, and small clay markers named herbs she had never seen. She called for the gardener but received no answer. Near the wall, a watering can rested beside a patch of dark soil. <u>Nadia lifted the can, tested its weight, and set it back exactly where she had found it.</u> Only then did she notice a pair of muddy gloves on the bench and footprints leading toward a second gate. Instead of following them, she sat beneath the pear tree and waited. When the gardener finally appeared, carrying a basket of cut stems, Nadia did not ask why the garden had been hidden. She asked whether there was work she could do. The gardener smiled and handed her a coil of twine.","Which choice best describes the function of the underlined sentence in the text?","It establishes that Nadia doubts the watering can can be used and wants to test it before doing any work.","It shows Nadia taking care not to disturb an unfamiliar, orderly place, preparing for her decision to wait rather than follow the footprints.","It suggests that Nadia is more interested in the garden’s tools than in the plants and paths she has just observed.","It explains why the gardener later gives Nadia twine instead of asking her to use the watering can.","B","2","The underlined action is deliberate and reversible: Nadia lifts the can, tests its weight, and returns it exactly where it was. That restraint fits her later choice to wait rather than pursue the footprints and shows respect for a place whose routines she does not yet understand. The other choices focus on isolated details or invent causal relationships the text does not establish.","75","none","{}","","","","","","Text Structure and Purpose","","passage:E046;arch:RW_TSP_001;sim:rw_text_structure_and_purpose_purpose_sentence;surface_arch:SURF_RW_TSP_001;fp:1fc231a31d27"
"SAT_RW_19","rw_split_v9","19-front","mixed","RW19-F-05","RW","1","base","5","Craft and Structure","Text Structure and Purpose","RW_TSP_011","Analyze structure or purpose","contrast","Medium","1","multiple_choice","Researchers studying summer heat along four commercial streets expected blocks with more trees to be coolest at midday. Tree counts alone, however, explained little of the temperature difference. Two streets with similar numbers of trees differed by nearly three degrees Celsius during the hottest hour. The team then mapped canopy width, building height, pavement area, and the locations of benches where pedestrians tended to pause. The coolest blocks were those where overlapping crowns shaded the pavement continuously from late morning into the afternoon. A street with many young trees had frequent gaps in shade and remained relatively warm. The researchers concluded that tree abundance and usable shade are not interchangeable measures. Counting trunks may be convenient for city inventories, but canopy arrangement better captured the exposure pedestrians actually experienced. The team recommended that future planting plans consider where shade falls during peak heat rather than treating every additional tree as an equivalent cooling unit.","Which choice best describes how the text develops its main point about street trees?","It lists several possible sources of urban heat and then argues that only pavement area should be measured by city planners.","It compares four streets with different building heights and concludes that taller buildings cancel out the cooling effect of trees.","It presents an expectation that more trees would mean cooler streets, then uses the results to show that the continuity of canopy shade better explains pedestrian heat exposure.","It describes a successful tree-planting program and then explains why young trees eventually provide the same shade as mature trees.","C","3","The researchers begin with a tree-count expectation, but similar counts correspond to different temperatures. Mapping canopy width and shade reveals that continuous cover, not the number of trunks by itself, better tracks cooling. Choice C captures that expectation-to-revision structure. The other choices elevate secondary variables, reverse the role of building height, or describe a planting program and long-term result not in the text.","75","none","{}","","","","","","Text Structure and Purpose","","passage:R051;arch:RW_TSP_011;sim:rw_text_structure_and_purpose_contrast;surface_arch:SURF_RW_TSP_011;fp:b72c87134f2b"
"SAT_RW_19","rw_split_v9","19-front","mixed","RW19-F-06","RW","1","base","6","Craft and Structure","Text Structure and Purpose","RW_TSP_012","Analyze structure or purpose","cause_effect","Hard","1","multiple_choice","Jonas had crossed the river by ferry every market day since childhood. He knew the landing’s noises well: the chain striking the post, gulls quarrelling over scraps, and merchants calling from the road. One autumn morning, the ferryman stopped the boat several yards from shore and waited. At first Jonas assumed another craft was passing, but the water ahead was empty. Then a cluster of reeds drifted away from the bank, revealing that the usual landing step had disappeared beneath brown water. During the night, the river had risen enough to cover the lower stones. The ferryman guided the boat toward a warehouse ramp farther downstream. Jonas looked back at the submerged landing as the market bells began. What seemed at first like an unexplained pause became evidence of a changed route, and the familiar sounds of the shore emphasized how quietly the river had altered the conditions of arrival.","Which choice best describes the relationship between the ferry’s unexpected pause and the information that follows?","The pause creates a mystery that remains unresolved, emphasizing Jonas’s inability to understand the ferryman’s decisions.","The pause gives Jonas time to notice familiar market sounds, which then persuade the ferryman to return to the usual landing.","The pause is initially unexplained, but the submerged landing later reveals its practical cause and forces a change in the ferry’s route.","The pause results from another boat blocking the landing, and the later description shows how river traffic has increased since Jonas’s childhood.","C","3","At first Jonas assumes another craft may be responsible, but the empty water and submerged step reveal that the river has risen. The ferryman then uses a different ramp. Thus the later information supplies the cause of the pause and explains the route change. The other choices either leave the cause unresolved, assign causal force to background sounds, or revive Jonas’s rejected guess about another boat.","75","none","{}","","","","","","Text Structure and Purpose","","passage:E051;arch:RW_TSP_012;sim:rw_text_structure_and_purpose_cause_effect;surface_arch:SURF_RW_TSP_012;fp:fe9b1233d58d"
"SAT_RW_19","rw_split_v9","19-front","mixed","RW19-F-07","RW","1","base","7","Craft and Structure","Cross-Text Connections","RW_CTC_006","Compare claims across paired texts","paired_text_relation","Medium","1","multiple_choice","Text 1:
A reef-restoration team grew coral fragments in offshore nurseries for six months, then attached them to damaged reef patches. After one year, more than 80 percent of the fragments were still alive, and several had doubled in area. The team argued that nursery growth can quickly restore living coral cover in places where natural recovery is slow.

Text 2:
Another restoration project tracked transplanted corals for four years. Colonies that expanded fastest during the first year were not always those that survived later heat waves and storms. The researchers found that slower-growing colonies from varied parent stocks sometimes persisted better after repeated stress. They concluded that early increases in coral cover are useful but should be evaluated alongside longer-term survival and genetic diversity.","Based on the texts, how would the researchers in Text 2 most likely respond to the conclusion reported in Text 1?","They would reject nursery-grown transplants because rapid early growth necessarily makes colonies less likely to survive later stress.","They would regard the increase in living coral cover as encouraging but argue that longer-term survival and genetic diversity are also needed to judge restoration success.","They would agree that one year of survival data is sufficient because later heat waves and storms affect natural and transplanted colonies equally.","They would argue that nursery methods should be replaced with natural recovery because slower-growing colonies cannot be produced in nurseries.","B","2","Text 1 treats strong one-year survival and growth as evidence that nursery transplantation can restore cover quickly. Text 2 does not deny the value of early cover, but it shows that fast first-year growth may not predict persistence under later stress and calls for additional measures such as long-term survival and genetic diversity. Choice B accurately expresses that qualification.","90","none","{}","","","","","","Cross-Text Connections","","passage:R078;arch:RW_CTC_006;sim:rw_cross_text_connections_paired_text_relation;surface_arch:SURF_RW_CTC_006;fp:8dd33ba95afe"
"SAT_RW_19","rw_split_v9","19-front","mixed","RW19-F-08","RW","1","base","8","Information and Ideas","Central Ideas and Details","RW_CID_001","Identify main idea, key detail, or summary","main_claim","Easy","1","multiple_choice","Elian had promised to deliver a box of sheet music to Mrs. Sato before noon, but when he reached her building, the front steps were crowded with movers. He considered leaving the box with them until he saw that every crate they carried was marked for the apartment upstairs. Rather than ask for help, he walked around the block and found the courtyard gate open. Mrs. Sato was there wrapping potted herbs in newspaper. She greeted him warmly, took the music, and apologized for the confusion at the entrance. Elian then noticed that her own windows were bare and that several empty flowerpots stood beside the door. He offered to carry the herbs inside, but she said they were going to her sister’s house for the winter. On his way home, Elian understood why she had been so eager to receive the music: unlike the plants and furniture, it was one possession she intended to keep close.","Which choice best states the main idea of the text?","Elian becomes frustrated by the movers because their crates prevent him from delivering the sheet music on time.","Mrs. Sato plans to leave her apartment permanently and asks Elian to help her move her plants and furniture.","Elian initially assumes that the sheet music belongs with Mrs. Sato’s other belongings but later decides to keep it himself.","As Elian notices signs that Mrs. Sato is sending belongings elsewhere, he comes to understand that the sheet music is something she especially wants to retain.","D","4","The movers create initial uncertainty, but details in the courtyard clarify that Mrs. Sato is sending plants away and has bare windows and empty pots. Elian then infers why she was eager to receive the music: it is an item she intends to keep close. Choice D captures that realization without claiming she is permanently moving or that Elian keeps the music.","75","none","{}","","","","","","Central Ideas and Details","","passage:E002;arch:RW_CID_001;sim:rw_central_ideas_and_details_main_claim;surface_arch:SURF_RW_CID_001;fp:eace9b659a87"
"SAT_RW_19","rw_split_v9","19-front","mixed","RW19-F-09","RW","1","base","9","Information and Ideas","Central Ideas and Details","RW_CID_002","Identify main idea, key detail, or summary","supporting_detail","Medium","1","multiple_choice","A science museum wanted to know whether label length affected how families discussed a meteorite display. Designers prepared three versions: a short label naming the meteorite and its age, a medium label adding where it was found, and a long label explaining how scientists estimate age from isotopes. Over six weekends, researchers recorded voluntary family groups from a distance and coded remarks about the object. Families reading the medium label were most likely to point to visible features and connect them to the place of discovery. The long label produced more comments about scientific methods but fewer exchanges about the meteorite’s surface. The short label led to the briefest conversations overall. These results suggested that extra information can redirect, rather than simply increase, visitor discussion. The museum therefore kept the long explanation available on a nearby panel while using the medium version beside the meteorite, where designers wanted conversation to remain focused on the object itself.","Which choice best summarizes what the museum learned from the label experiment?","Long labels consistently produced the longest family conversations because visitors preferred explanations of scientific methods.","Short labels encouraged families to focus on the meteorite’s visible surface because they left more room for independent observation.","Changing the amount of label information changed what families talked about, with the medium label best supporting object-focused discussion.","Families discussed the meteorite in essentially the same way across all three label versions, so label length mattered little.","C","3","The three labels produced different conversational patterns: the long version shifted attention toward methods, the short version produced the briefest conversations, and the medium version most often prompted discussion of visible features and discovery location. The museum’s design choice follows from that redirection of attention. Choice C captures both the broader finding and the medium label’s role.","75","none","{}","","","","","","Central Ideas and Details","","passage:R133;arch:RW_CID_002;sim:rw_central_ideas_and_details_supporting_detail;surface_arch:SURF_RW_CID_002;fp:924de2c75ce4"
"SAT_RW_19","rw_split_v9","19-front","mixed","RW19-F-10","RW","1","base","10","Information and Ideas","Command of Evidence","RW_COE_001","Use textual or quantitative evidence","supporting_detail","Medium","1","multiple_choice","A public-health team examined whether planting more street trees would reduce afternoon heat exposure for pedestrians. The researchers compared twelve blocks with similar traffic levels and building heights. Some blocks had many small trees spaced far apart; others had fewer mature trees whose crowns overlapped above sidewalks. Temperature sensors were attached to benches and signposts at pedestrian height, and observers recorded when each sensor was in direct sun. Blocks with continuous canopy shade were cooler for a larger portion of the afternoon even when their total number of trees was lower. By contrast, several high-count blocks warmed quickly because sunlight reached long sections of pavement between young trees. The team argued that a simple tree count can misrepresent the protection available to walkers. For planning purposes, it proposed measuring the duration and continuity of sidewalk shade, not merely the number of trunks within a block.","Which finding from the study most directly supports the team’s claim that total tree count was an inadequate measure of pedestrian heat protection?","The twelve blocks had similar traffic levels and building heights.","Sensors were mounted at pedestrian height on benches and signposts.","Several blocks with many young trees had long sunlit pavement sections and warmed quickly.","Blocks with continuous canopy stayed cooler for more of the afternoon even when they contained fewer trees.","D","4","Choice D directly compares the variable the team says is inadequate—tree count—with the outcome of interest: blocks with fewer trees could still provide more sustained cooling when canopy shade was continuous. Choice C also shows a weakness of high counts, but D supplies the sharper counterexample. Choices A and B describe study controls or methods rather than evidence for the claim.","75","none","{}","","","","","","Command of Evidence","","passage:R101;arch:RW_COE_001;sim:rw_command_of_evidence_supporting_detail;surface_arch:SURF_RW_COE_001;fp:ea4045a68911"
"SAT_RW_19","rw_split_v9","19-front","mixed","RW19-F-11","RW","1","base","11","Information and Ideas","Command of Evidence","RW_COE_003","Use textual or quantitative evidence","cause_effect","Hard","1","multiple_choice","Biologists studying song learning in juvenile finches tested whether hearing several adult tutors helps young birds adapt their songs. One group of juveniles heard recordings from a single adult, while a second group heard three adults that sang the same basic sequence with slightly different timing. After six weeks, both groups reproduced the common sequence accurately. The researchers then played an unfamiliar version in which the final note arrived earlier than usual and measured how the juveniles adjusted their next songs. Birds exposed to three tutors shifted the timing of their final note more consistently than birds exposed to one tutor. The groups did not differ in overall song length or volume. The researchers proposed that varied examples during learning may help birds represent which features of a song can change while preserving its basic pattern. They emphasized that the test concerned flexibility, not simply accuracy in copying a familiar model.","Which result most directly supports the researchers’ proposal that varied tutor examples improve flexibility rather than simply accuracy in copying?","Both groups copied the common sequence accurately, but birds with three tutors adjusted the final-note timing more consistently after hearing an unfamiliar version.","After six weeks, juveniles in both groups reproduced the tutors’ common note sequence accurately.","The two groups did not differ in their overall song length or volume during the later test.","The three adult tutors sang the same basic sequence with small differences in timing.","A","1","Choice A provides the critical tradeoff in the evidence: baseline copying accuracy was similar, yet the multi-tutor group adapted more consistently when the timing changed. That pattern specifically supports increased flexibility rather than merely better copying. Choice B establishes equal accuracy but omits the flexibility difference; C concerns other song features; D describes the experimental exposure, not an outcome.","75","none","{}","","","","","","Command of Evidence","","passage:R056;arch:RW_COE_003;sim:rw_command_of_evidence_cause_effect;surface_arch:SURF_RW_COE_003;fp:2c4ca1053723"
"SAT_RW_19","rw_split_v9","19-front","mixed","RW19-F-12","RW","1","base","12","Information and Ideas","Inferences","RW_INF_010","Draw supported conclusions","evidence_based_inference","Medium","1","multiple_choice","When Priya reached the station, the afternoon train had already been delayed twice. Most passengers responded by crowding near the information board, but an elderly man in a green coat remained on the far bench, reading a small gardening magazine. Each time the loudspeaker crackled, he folded one corner of the page without looking up. Priya finally asked whether he had heard the latest announcement. “Every word,” he said, then opened the magazine again. A few minutes later, the board changed from a thirty-minute delay to an hour. The man closed the magazine, carefully smoothed all the folded corners, and walked to the café. Priya followed and saw him order soup rather than coffee. His calm behavior had not meant that the delay was unimportant to him; instead, he had been waiting for enough information to decide whether the interruption was brief or would require a different plan.","Which inference about the man in the green coat is best supported by the text?","He ignores announcements because reading is more important to him than arriving at his destination on time.","He waits to see how serious the delay becomes before changing what he intends to do while waiting.","He expects the train to be canceled and goes to the café to ask employees about alternative transportation.","He folds the magazine pages as a way of recording each revised departure time announced at the station.","B","2","The man hears every announcement but remains on the bench until the delay grows from thirty minutes to an hour. Only then does he close the magazine and choose soup, suggesting a more substantial adjustment to his wait. Choice B fits that sequence. The other choices confuse his calm with inattention, invent expectations about cancellation, or assign an unsupported purpose to the folded corners.","75","none","{}","","","","","","Inferences","","passage:E137;arch:RW_INF_010;sim:rw_inferences_evidence_based_inference;surface_arch:SURF_RW_INF_010;fp:64e82a056c72"
"SAT_RW_19","rw_split_v9","19-front","mixed","RW19-F-13","RW","1","base","13","Information and Ideas","Inferences","RW_INF_002","Draw supported conclusions","cause_effect","Medium","1","multiple_choice","Engineers testing filters for microplastic particles installed identical mesh units at three storm-water outlets. During ordinary rainfall, all three units captured similar proportions of particles larger than half a millimeter. During two intense storms, however, the outlet with the strongest flow showed a sharp drop in capture rate even though laboratory tests had found no damage to its mesh. Pressure sensors revealed that water had risen high enough to pass through an emergency bypass channel designed to prevent flooding. Samples taken from the bypass contained many of the particles missing from the filter’s collection bin. The team therefore cautioned against judging filter performance only from the condition or pore size of the mesh. Under high-flow conditions, the design of the surrounding drainage system can determine how much water reaches the filter at all. Future trials will pair capture measurements with flow data so that bypass events are distinguished from failures of the filtering material.","Which conclusion is most strongly supported by the engineers’ observations?","The filter mesh is likely to tear whenever storm-water flow becomes strong enough to activate the bypass channel.","Particles larger than half a millimeter are captured only during ordinary rainfall because intense rain changes their size.","A low measured capture rate during an intense storm can occur even when the mesh is functioning, if some water is diverted around it.","Pressure sensors reduce the number of particles entering the collection bin by redirecting water toward the emergency channel.","C","3","During intense storms, capture dropped without mesh damage, pressure readings showed bypass activation, and bypass samples contained many of the missing particles. Those observations support the inference that water can avoid a functioning filter, lowering measured capture. The other choices attribute damage, changing particle size, or a causal role to the sensors, none of which the evidence supports.","75","none","{}","","","","","","Inferences","","passage:R055;arch:RW_INF_002;sim:rw_inferences_cause_effect;surface_arch:SURF_RW_INF_002;fp:894909576d3b"
"SAT_RW_19","rw_split_v9","19-front","mixed","RW19-F-14","RW","1","base","14","Information and Ideas","Inferences","RW_INF_001","Draw supported conclusions","contrast","Hard","1","multiple_choice","Agronomists compared tomato plants grown in soils containing different microbial communities. All plants received the same light, water, and fertilizer. For the first three weeks, growth rates were nearly identical. The researchers then withheld water for four days and resumed normal irrigation. Plants in one soil group recovered leaf firmness within a day, whereas plants in the other groups required two or three days. Chemical tests showed that the faster-recovering plants had accumulated certain root compounds before the dry period began, not only after watering resumed. The microbial community associated with those plants was also more active around the roots during the week before drought. Because the study did not isolate a single microbial species, the researchers avoided claiming that one organism caused the recovery. Still, the timing of the chemical and microbial changes suggests that some soil communities may influence how plants prepare for water stress rather than merely helping them repair damage afterward.","Which inference is best supported by the timing of the measurements in the study?","Some microbial communities may contribute to drought preparation before water is withheld, although the study does not identify a single responsible species.","The faster-recovering plants began receiving more fertilizer during the week before the drought treatment.","Root compounds associated with recovery were produced only after irrigation resumed and therefore could not have affected drought response.","Because growth rates were similar for three weeks, the microbial communities had no influence on the plants until after the dry period ended.","A","1","The faster-recovering plants accumulated distinctive root compounds before drought, and their root-zone microbes were more active during that same pre-drought period. This timing supports a possible preparatory role while the inability to isolate one species justifies caution. Choices B, C, and D contradict the controlled conditions or the timing reported in the passage.","75","none","{}","","","","","","Inferences","","passage:R107;arch:RW_INF_001;sim:rw_inferences_contrast;surface_arch:SURF_RW_INF_001;fp:004eac4f33cc"
"SAT_RW_19","rw_split_v9","19-front","mixed","RW19-F-15","RW","1","base","15","Standard English Conventions","Boundaries","SEC.BND","Boundaries","Punctuating two independent clauses","Easy","1","multiple_choice","The muralist finished the station wall before sunrise _____ the station manager had scheduled the official unveiling for the following week.","Which choice completes the text so that it conforms to the conventions of Standard English?",",",".",":",";","D","4","Both portions on either side of the blank are independent clauses, and there is no coordinating conjunction. A semicolon correctly joins the closely related clauses. A comma creates a comma splice, a period would leave the following lowercase word incorrectly beginning a sentence, and a colon would wrongly present the second clause as an explanation of the first.","45","none","{}","","","","","","Boundaries","","sec;grammar;arch:SEC-BND-001;sim:SEC.BND:sentence_boundary_semicolon:A. minimal-context version;ctx:CTX-GRM-018;tier:SEC1;family:sentence_boundary_semicolon;fp:3960dd26192c"
"SAT_RW_19","rw_split_v9","19-front","mixed","RW19-F-16","RW","1","base","16","Standard English Conventions","Boundaries","SEC.BND","Boundaries","Nonessential appositive information","Easy","1","multiple_choice","The ensemble’s concertmaster _____ a violinist known for precise tempo cues, asked the group to repeat the final passage.","Which choice completes the text so that it conforms to the conventions of Standard English?",";",",",":","—","B","2","The noun phrase “a violinist known for precise tempo cues” is a nonessential appositive renaming “concertmaster.” Because a comma already follows the appositive, a matching comma is needed before it. The semicolon and colon cannot separate a subject from this nonessential renaming phrase, and an opening dash would not match the closing comma.","45","none","{}","","","","","","Boundaries","","sec;grammar;arch:SEC-BND-026;sim:SEC.BND:nonessential_appositive:A. minimal-context version;ctx:CTX-GRM-169;tier:SEC1;family:nonessential_appositive;fp:820bcf0c4a90"
"SAT_RW_19","rw_split_v9","19-front","mixed","RW19-F-17","RW","1","base","17","Standard English Conventions","Boundaries","SEC.BND","Boundaries","Introductory dependent clauses","Medium","1","multiple_choice","Although the observatory’s first measurements were taken through thin clouds _____ the students kept them in the dataset because a second instrument recorded similar brightness changes.","Which choice completes the text so that it conforms to the conventions of Standard English?",",",";",", and"," while","A","1","The sentence begins with the dependent clause “Although the observatory’s first measurements were taken through thin clouds.” A comma should separate that introductory dependent clause from the independent main clause beginning “the students kept them.” A semicolon cannot follow a dependent clause, while adding “and” or another subordinator prevents the sentence from forming the intended dependent-clause-plus-main-clause structure.","45","none","{}","","","","","","Boundaries","","sec;grammar;arch:SEC-BND-016;sim:SEC.BND:introductory_subordinate_clause:A. minimal-context version;ctx:CTX-GRM-165;tier:SEC2;family:introductory_subordinate_clause;fp:1d2e39fbbad4"
"SAT_RW_19","rw_split_v9","19-front","mixed","RW19-F-18","RW","1","base","18","Standard English Conventions","Boundaries","SEC.BND","Boundaries","Coordinating independent clauses","Medium","1","multiple_choice","The upper ash layer looked intact from a distance _____ hikers had disturbed it enough to mix recent dust with older material.","Which choice completes the text so that it conforms to the conventions of Standard English?","but",", but","; but",",","B","2","The blank joins two independent clauses in a contrast, so a comma followed by the coordinating conjunction “but” is required. “But” without the comma omits the standard boundary between the clauses; “; but” incorrectly combines a semicolon with the coordinating conjunction; and a comma alone creates a comma splice.","45","none","{}","","","","","","Boundaries","","sec;grammar;arch:SEC-BND-013;sim:SEC.BND:coordination_comma_fanboys:C. logical relation emphasized;ctx:CTX-GRM-017;tier:SEC2;family:coordination_comma_fanboys;fp:1e90b0cdc546"
"SAT_RW_19","rw_split_v9","19-front","mixed","RW19-F-19","RW","1","base","19","Standard English Conventions","Form, Structure, and Sense","SEC.FSS","Form, Structure, and Sense","Subject-verb agreement","Medium","1","multiple_choice","The angle of the solar panel, along with the shadows cast by a nearby vent, _____ how much power the workshop receives in late afternoon.","Which choice completes the text so that it conforms to the conventions of Standard English?","affect","have affected","affects","are affecting","C","3","The subject is the singular noun “angle.” The intervening phrase “along with the shadows cast by a nearby vent” does not make the subject plural. Therefore the singular present-tense verb “affects” is required. The other choices use plural verb forms that agree with the nearer noun “shadows” rather than the true subject.","45","none","{}","","","","","","Form, Structure, and Sense","","sec;grammar;arch:SEC-FSS-002;sim:SEC.FSS:subject_verb_agreement:B. intervening material;ctx:CTX-GRM-155;tier:SEC2;family:subject_verb_agreement;fp:a5c61f8c4d4c"
"SAT_RW_19","rw_split_v9","19-front","mixed","RW19-F-20","RW","1","base","20","Standard English Conventions","Form, Structure, and Sense","SEC.FSS","Form, Structure, and Sense","Logical verb tense","Medium","1","multiple_choice","By the time the museum opened the inventor’s restored radio exhibit, technicians _____ the fragile antenna supports with nearly invisible brackets.","Which choice completes the text so that it conforms to the conventions of Standard English?","had already reinforced","already reinforce","will have reinforced","are already reinforcing","A","1","The opening time clause places the museum’s opening in the past, and the reinforcing happened before that past event. The past perfect “had already reinforced” expresses this sequence. The present form, future perfect form, and present progressive form do not match the established past-time relationship.","45","none","{}","","","","","","Form, Structure, and Sense","","sec;grammar;arch:SEC-FSS-007;sim:SEC.FSS:verb_tense_sequence:B. intervening material;ctx:CTX-GRM-029;tier:SEC2;family:verb_tense_sequence;fp:f5bc7e92abbb"
"SAT_RW_19","rw_split_v9","19-front","mixed","RW19-F-21","RW","1","base","21","Standard English Conventions","Form, Structure, and Sense","SEC.FSS","Form, Structure, and Sense","Subject-verb agreement","Hard","1","multiple_choice","The reliability of the wave-height readings from three sensors mounted beneath the buoy, despite brief bursts of radio interference, _____ the engineers’ main concern during last winter’s trials; the average signal strength remained acceptable.","Which choice completes the text so that it conforms to the conventions of Standard English?","was","were","is","are","A","1","The head of the subject noun phrase is the singular noun “reliability,” not the nearer plural nouns “readings,” “sensors,” or “bursts.” The phrase “during last winter’s trials” also places the statement in the past. Therefore “was” supplies both the required singular agreement and the correct tense. The other forms either agree with a nearby plural noun, use the wrong time frame, or do both.","45","none","{}","","","","","","Form, Structure, and Sense","","sec;grammar;arch:SEC-FSS-004;sim:SEC.FSS:subject_verb_agreement:D. logic cue;ctx:CTX-GRM-038;tier:SEC3;family:subject_verb_agreement;fp:ef7cb77817ae"
"SAT_RW_19","rw_split_v9","19-front","mixed","RW19-F-22","RW","1","base","22","Expression of Ideas","Transitions","RW_TR_001","Select transition that logically connects ideas","logical_link","Medium","1","multiple_choice","A transit agency tested battery-electric buses on two routes with similar daily mileage. On the flatter route, the buses returned to the depot with a large reserve of charge. On the hillier route, however, heating use and repeated climbs reduced that reserve substantially. _____ the agency decided that route length alone was not enough to predict charging needs; elevation and seasonal energy use also had to be included in scheduling.","Which choice most logically completes the text?","Similarly,","In addition,","By contrast,","For this reason,","D","4","The different energy reserves on the two routes lead the agency to revise how it predicts charging needs. “For this reason,” correctly introduces that consequence. “Similarly” would imply a parallel decision, “In addition” would merely add another point, and “By contrast” would set the decision against a prior decision rather than present it as a response to the findings.","45","none","{}","","","","","","Transitions","","passage:R076;arch:RW_TR_001;sim:rw_transitions_logical_link;surface_arch:SURF_RW_TR_001;fp:25733ffd97d6"
"SAT_RW_19","rw_split_v9","19-front","mixed","RW19-F-23","RW","1","base","23","Expression of Ideas","Transitions","RW_TR_008","Select transition that logically connects ideas","contrast","Medium","1","multiple_choice","Astronomers first estimated the age of a compact star cluster from the brightness of its hottest stars. That method suggested the cluster was extremely young. A later analysis examined the spectra of cooler stars in the same cluster and produced an older estimate. _____ the two methods rely on different stages of stellar evolution, so the disagreement gave researchers a reason to refine the cluster’s age rather than discard either measurement.","Which choice provides the most logical transition at the blank?","For instance,","Similarly,","Consequently,","Nevertheless,","D","4","The two analyses produce apparently conflicting ages, but the next sentence explains why that disagreement can be informative rather than grounds for discarding a measurement. “Nevertheless,” marks this qualification of the apparent conflict. “Consequently” overstates a direct causal step, “Similarly” suggests parallel results, and “For instance” incorrectly treats the explanation as an example of the older estimate.","45","none","{}","","","","","","Transitions","","passage:R070;arch:RW_TR_008;sim:rw_transitions_contrast;surface_arch:SURF_RW_TR_008;fp:e2ec12eb32bd"
"SAT_RW_19","rw_split_v9","19-front","mixed","RW19-F-24","RW","1","base","24","Expression of Ideas","Transitions","RW_TR_009","Select transition that logically connects ideas","cause_effect","Hard","1","multiple_choice","A sleep laboratory asked volunteers to complete a sustained-attention task after five nights on either a fixed sleep schedule or a schedule that shifted by two hours each night. Total sleep time was similar in the two groups, but the shifting group made more late-task errors and showed greater variation in reaction time. Some readers interpreted the pattern to mean that total sleep time did not matter for attention. _____ the experiment held total sleep time constant, so it could show an effect of timing but could not test whether changing sleep duration would also affect performance.","Which choice best completes the text so that the relationship between the ideas is clear?","In other words,","As a result,","However,","More specifically,","C","3","The final sentence corrects an overbroad interpretation of the result: because sleep duration was held constant, the experiment cannot show that duration is irrelevant. “However,” marks that correction. “In other words” and “More specifically” could seem to restate or refine the preceding interpretation, while “As a result” suggests the sentence follows from that interpretation; the full context instead rejects it.","45","none","{}","","","","","","Transitions","","passage:R004;arch:RW_TR_009;sim:rw_transitions_cause_effect;surface_arch:SURF_RW_TR_009;fp:a4916a882dd2"
"SAT_RW_19","rw_split_v9","19-front","mixed","RW19-F-25","RW","1","base","25","Expression of Ideas","Rhetorical Synthesis","RW_RS_001","Use notes to achieve a writing goal","revision_goal","Medium","1","multiple_choice","A student is writing about a field test of a storm-water filter and wants to emphasize why the engineers changed how they evaluate the device.

- The filter’s mesh captured most large plastic particles during ordinary rain.
- During intense storms, some water bypassed the mesh through an overflow channel.
- The mesh itself remained undamaged.
- Engineers decided that future tests would record both particle capture and the amount of water using the overflow channel.","Which choice most effectively uses the notes to emphasize why the engineers changed how they evaluate the filter?","Because intense storms sent some water around an undamaged mesh, engineers decided future evaluations should track both captured particles and bypass flow.","The filter’s mesh captured most large plastic particles during ordinary rain, showing that the device could operate under routine conditions.","During intense storms, some water passed through the overflow channel instead of traveling through the filter’s mesh.","Engineers observed that the mesh remained undamaged even though particle capture differed between ordinary and intense rain.","A","1","Choice A connects the cause of the evaluation change to the new procedure: bypass flow can make capture look worse even when the mesh is intact, so engineers will measure both capture and bypass. Choices B, C, and D use accurate notes but omit either the reason for the change or the revised evaluation method.","60","none","{}","","","","","","Rhetorical Synthesis","","passage:R058;arch:RW_RS_001;sim:rw_rhetorical_synthesis_revision_goal;surface_arch:SURF_RW_RS_001;fp:20c4f0c80624"
"SAT_RW_19","rw_split_v9","19-front","mixed","RW19-F-26","RW","1","base","26","Expression of Ideas","Rhetorical Synthesis","RW_RS_008","Use notes to achieve a writing goal","supporting_detail","Medium","1","multiple_choice","A student is writing about indoor air-quality measurements and wants to present a specific detail showing that filter replacement timing matters.

- Researchers monitored particle levels in six classrooms for eight weeks.
- All classrooms used the same model of air filter.
- Particle levels rose gradually as filters accumulated dust.
- In classrooms where filters were replaced after four weeks, particle levels fell by an average of 31 percent the next day.
- Outdoor particle levels were also recorded throughout the study.","Which choice most effectively uses the notes to provide a specific detail showing why replacement timing matters?","Researchers monitored particle levels in six classrooms for eight weeks while also recording outdoor conditions.","When classroom filters were replaced after four weeks, particle levels fell by an average of 31 percent the next day.","All six classrooms used the same model of air filter during the eight-week monitoring period.","As filters accumulated dust, classroom particle levels changed over the course of the study.","B","2","The goal calls for a specific detail showing that replacement timing matters. Choice B gives the four-week replacement point and the measured 31 percent decline immediately afterward. Choices A and C describe study design, and D notes a trend without the specific replacement event and numerical result that best fulfill the goal.","60","none","{}","","","","","","Rhetorical Synthesis","","passage:R022;arch:RW_RS_008;sim:rw_rhetorical_synthesis_supporting_detail;surface_arch:SURF_RW_RS_008;fp:32a2201fa0c5"
"SAT_RW_19","rw_split_v9","19-front","mixed","RW19-F-27","RW","1","base","27","Expression of Ideas","Rhetorical Synthesis","RW_RS_009","Use notes to achieve a writing goal","contrast","Medium","1","multiple_choice","A student is writing about two strategies for helping seedlings survive drought and wants to highlight a contrast between the strategies.

- One greenhouse group received deeper but less frequent watering before a dry period.
- A second group received a microbial soil treatment but kept the usual watering schedule.
- Deep-watered seedlings developed longer roots before the dry period.
- Treated seedlings showed faster leaf recovery after watering resumed.
- Both groups survived at higher rates than untreated control seedlings.","Which choice most effectively uses the notes to highlight a contrast between the two seedling strategies?","Both deep watering and the microbial treatment improved seedling survival relative to the untreated control group.","Seedlings that received deeper, less frequent watering developed longer roots before the dry period began.","Seedlings receiving the microbial soil treatment kept the usual watering schedule and recovered leaf firmness quickly after watering resumed.","Deep watering was associated with longer roots before drought, whereas the microbial treatment was associated with faster leaf recovery after watering resumed.","D","4","Choice D directly contrasts the distinct outcomes associated with the two strategies: pre-drought root development for deep watering versus post-watering leaf recovery for the microbial treatment. Choices B and C each emphasize only one strategy, while A focuses on a similarity rather than the requested contrast.","60","none","{}","","","","","","Rhetorical Synthesis","","passage:R082;arch:RW_RS_009;sim:rw_rhetorical_synthesis_contrast;surface_arch:SURF_RW_RS_009;fp:9a68aa95e3eb"
"SAT_RW_19","RW_SPLIT_V9","SAT_RW_19_BACK","650-800","SAT_RW_19_M2_Q01","RW","2","hard","1","Craft and Structure","Words in Context","RW_WIC_001","Determine meaning or function of a word/phrase in context","coral restoration claims","Hard","1","multiple_choice","At a chain of shallow reef nurseries, divers attached fragments from the same coral species to frames exposed to different currents. After four months, fragments on the sheltered frames had gained mass quickly, and most retained bright tissue. Yet when storms later shifted sand across the sites, several of those fast-growing fragments lost tissue, while slower-growing fragments on the exposed frames remained intact. The nursery managers therefore resisted treating early growth as a complete measure of restoration success. Survival through disturbance, attachment strength, and later reproduction mattered as well. In their summary, they wrote that the encouraging growth figures should temper claims that one nursery position was categorically superior. The figures still favored the sheltered frames for rapid growth, but the later losses made that advantage conditional on what outcome managers valued and on whether the corals could withstand episodic burial.","Which choice best describes the function of “temper” in the passage?","It converts the managers’ mixed evidence into a categorical endorsement of sheltered frames.","It limits the strength of a claim based on early growth by making later resilience relevant.","It narrows restoration success to rapid tissue growth, setting aside later survival and reproduction.","It attributes the later tissue losses to nursery position rather than to the storm-driven burial described earlier.","B","2","The sheltered fragments grew quickly, but later storm losses showed that rapid growth did not capture every relevant outcome. Choice B therefore fits the passage’s qualified treatment of the early advantage.","80","none","{}","","","","","","Words in Context","","passage:R003;arch:WIC_CLAIM_FUNCTION_01;sim:wic_claim_function;surface_arch:WIC_CLAIM_FUNCTION_01;profile:D2;wic;hard_vocab;vocab:HV_123;tier:V4;target:temper;wic_family:claim_function;fp:aabf4baaa858"
"SAT_RW_19","RW_SPLIT_V9","SAT_RW_19_BACK","650-800","SAT_RW_19_M2_Q02","RW","2","hard","2","Craft and Structure","Words in Context","RW_WIC_001","Determine meaning or function of a word/phrase in context","retrieval cues and later recall","Hard","1","multiple_choice","Students in a study of retrieval practice learned pairs of unfamiliar symbols and meanings. One group received a brief visual cue before each practice attempt; another practiced without the cue. The cued group answered more quickly during training, but its advantage on a next-day test appeared mainly among students who had paused long enough to reconstruct the meaning rather than immediately guessing. Records of eye movements also showed that these students spent less time rereading the symbol after several rounds. The researchers proposed that deliberate reconstruction may mediate the relationship between the cue and later recall. A cue can orient attention, but durable performance improves when it prompts the learner to retrieve rather than merely recognize an answer. Because the study did not manipulate reconstruction time independently, the researchers stopped short of claiming that the cue itself directly caused the memory advantage.","How does “mediate” help establish the relationship between the cue and later recall?","It presents deliberate reconstruction as an alternative to cueing, implying that the cue becomes unnecessary once retrieval begins.","It treats the visual cue as a direct cause of next-day recall regardless of how students respond during practice.","It presents deliberate reconstruction as an intermediate process through which cue use may affect later recall.","It treats reduced rereading as evidence that the cue changes training speed but has no connection to next-day memory.","C","3","The passage links cueing to reconstruction and reconstruction to later recall while explicitly withholding a direct-cause claim. Choice C captures that intermediate relationship.","80","none","{}","","","","","","Words in Context","","passage:R087;arch:WIC_RELATION_FUNCTION_01;sim:wic_relation_function;surface_arch:WIC_RELATION_FUNCTION_01;profile:D3;wic;hard_vocab;vocab:HV_124;tier:V4;target:mediate;wic_family:relation_function;fp:cfb6cfcfc425"
"SAT_RW_19","RW_SPLIT_V9","SAT_RW_19_BACK","650-800","SAT_RW_19_M2_Q03","RW","2","hard","3","Craft and Structure","Words in Context","RW_WIC_001","Determine meaning or function of a word/phrase in context","pottery exchange chronology","Hard","1","multiple_choice","Archaeologists examining pottery from three inland settlements sorted vessel fragments according to clay composition and firing marks as well as decorative technique. Most pieces in the earliest layer resembled locally produced wares, whereas later layers contained a small but growing share whose mineral profile matched clay from a distant river valley. Decorative motifs associated with that valley appeared somewhat earlier than the matching clay did. One interpretation is that potters first adopted unfamiliar designs and only later imported finished vessels or raw material. The team calls this sequence provisional, however, because one settlement has not been excavated below a damaged floor and because several fragments cannot be assigned securely to a layer. The pattern is coherent enough to guide further sampling, but the missing levels could alter the order of events. The researchers therefore treat the proposed chronology as a working account rather than a settled reconstruction of exchange.","Which choice best explains how “provisional” shapes the team’s presentation of the chronology?","It suggests that the sequence is useful because competing chronologies have already been ruled out.","It presents the sequence as a temporary convenience that lacks meaningful support from the excavated evidence.","It treats the sequence as established enough to serve as a final reconstruction despite relatively minor gaps.","It conveys measured confidence while leaving the sequence open to revision if missing layers change the evidence.","D","4","The pottery pattern is coherent, but missing and uncertain layers could alter the order of events. Choice D matches that combination of support and openness to revision.","80","none","{}","","","","","","Words in Context","","passage:R063;arch:WIC_TONAL_EFFECT_01;sim:wic_tonal_effect;surface_arch:WIC_TONAL_EFFECT_01;profile:D3;wic;hard_vocab;vocab:HV_207;tier:V4;target:provisional;wic_family:tonal_effect;fp:95b0134ffd1f"
"SAT_RW_19","RW_SPLIT_V9","SAT_RW_19_BACK","650-800","SAT_RW_19_M2_Q04","RW","2","hard","4","Craft and Structure","Words in Context","RW_WIC_001","Determine meaning or function of a word/phrase in context","sleep timing and light exposure","Hard","1","multiple_choice","A sleep laboratory tracked volunteers whose work schedules varied from week to week. Participants performed the same attention task after nights with similar total sleep duration, but their waking times differed. Performance was relatively stable when a participant’s wake time shifted by less than an hour across several days. Larger shifts were associated with slower responses, although this pattern was weak among participants who had spent the preceding afternoon outdoors. The researchers concluded that the effect of wake-time regularity was contingent on recent light exposure. Regular schedules predicted steadier attention most clearly when afternoon light exposure was low. Describing the pattern this way mattered because neither schedule regularity nor outdoor light, considered alone, separated all high-performing participants from low-performing ones. Their interaction better accounted for who showed a measurable response cost after a schedule shift. Among volunteers with high afternoon light exposure, score ranges overlapped despite sizable differences in wake-time regularity.","Which choice best explains what “contingent” adds to the researchers’ claim?","It identifies outdoor light as an outcome produced by irregular wake times rather than as a separate measured condition.","It makes the claimed effect depend on a particular condition, distinguishing an interaction from a uniform schedule effect.","It indicates that schedule irregularity produced effects too small to measure except among a few unusual volunteers.","It presents afternoon light as a substitute for regular wake times rather than as a factor that changes their association with attention.","B","2","Schedule regularity predicted attention most clearly when afternoon light was low, while the pattern weakened at high light exposure. Choice B captures that dependence on a condition.","80","none","{}","","","","","","Words in Context","","passage:R129;arch:WIC_PRECISION_EFFECT_01;sim:wic_precision_effect;surface_arch:WIC_PRECISION_EFFECT_01;profile:D4;wic;hard_vocab;vocab:HV_128;tier:V4;target:contingent;wic_family:precision_effect;fp:c33a3eaaccbf"
"SAT_RW_19","RW_SPLIT_V9","SAT_RW_19_BACK","650-800","SAT_RW_19_M2_Q05","RW","2","hard","5","Craft and Structure","Text Structure and Purpose","RW_TSP_001","Analyze structure or purpose","purpose_sentence","Hard","1","multiple_choice","City tree programs often prioritize blocks that record the highest pavement temperatures at midday. That rule seems sensible because shade can sharply reduce direct solar heating. Yet a neighborhood sensor project found that midday rankings did not predict which blocks remained hottest after sunset. <u>Streets bordered by wide brick walls cooled slowly even when newly planted trees lowered afternoon surface temperatures beneath their canopies.</u> By contrast, several treeless streets beside open lots shed heat rapidly once the sun dropped. The project did not suggest that tree shade was ineffective; shaded spots were consistently cooler during the afternoon. Instead, the measurements showed that nighttime heat depended partly on how surrounding materials stored and released energy. For planners deciding where trees could most reduce residents’ total heat exposure, the results favored combining daytime shade estimates with information about building form and evening cooling rather than relying on a single midday temperature map.","Which choice best describes the function of the underlined sentence in the passage?","It shows that newly planted trees failed to lower afternoon surface temperatures on streets with brick walls.","It identifies slow-cooling walls as the sole cause of nighttime heat, replacing the passage’s earlier discussion of shade.","It provides evidence that afternoon shade benefits and nighttime cooling can diverge when surrounding materials store heat.","It explains why the sensor project excluded treeless streets from its comparison of neighborhood temperatures.","C","3","The underlined sentence preserves the afternoon cooling benefit of shade while showing that brick walls can keep a street warm later. Choice C captures why the sentence complicates reliance on midday heat alone.","80","none","{}","","","","","","Text Structure and Purpose","","passage:R051;arch:RW_TSP_001;sim:rw_text_structure_and_purpose_purpose_sentence;surface_arch:SURF_RW_TSP_001;profile:D2;fp:00594b525aee"
"SAT_RW_19","RW_SPLIT_V9","SAT_RW_19_BACK","650-800","SAT_RW_19_M2_Q06","RW","2","hard","6","Craft and Structure","Text Structure and Purpose","RW_TSP_011","Analyze structure or purpose","contrast","Hard","1","multiple_choice","When students read a short history chapter on paper, many placed slips of scrap paper beside dates or names they expected to revisit. Students reading the same chapter on tablets used search more often, especially when questions asked for a specific fact. At first, these habits appeared to divide neatly by format: paper encouraged spatial marking, while tablets encouraged electronic retrieval. Interviews after the task complicated that division. Several tablet readers had built rough mental maps of where topics appeared, and some paper readers ignored their markers and scanned headings instead. The clearest difference emerged only when the chapter’s organization was unfamiliar. Under that condition, search reduced the cost of finding isolated facts, whereas physical markers helped readers return to clusters of related information. The comparison therefore shifts from a simple contrast between media to a narrower account of how navigation tools interact with a reader’s knowledge of a text’s structure.","Which choice best describes the overall structure of the passage?","It contrasts paper and tablet reading, then argues that format remains the primary determinant even when readers know the text’s organization.","It lists several reading behaviors, then concludes that interviews left little meaningful difference between paper and tablet navigation.","It presents an apparent format-based contrast, introduces observations that complicate it, and then refines the contrast around familiarity with the chapter’s organization.","It reports different navigation tools, rejects those observations as misleading, and concludes that physical markers outperform search across the retrieval tasks described.","C","3","The passage begins with a seemingly neat paper-versus-tablet division, complicates that division with interviews, and finally locates the clearest difference in unfamiliar organization. Choice C matches that progression.","80","none","{}","","","","","","Text Structure and Purpose","","passage:R141;arch:RW_TSP_011;sim:rw_text_structure_and_purpose_contrast;surface_arch:SURF_RW_TSP_011;profile:D3;fp:1210f38d0f5f"
"SAT_RW_19","RW_SPLIT_V9","SAT_RW_19_BACK","650-800","SAT_RW_19_M2_Q07","RW","2","hard","7","Craft and Structure","Text Structure and Purpose","RW_TSP_012","Analyze structure or purpose","cause_effect","Hard","1","multiple_choice","Hydrologists comparing two mountain basins expected the basin with greater late-summer glacier loss to show the larger increase in streamflow. Early measurements seemed to support that prediction. In August, the more heavily melted basin carried more water during sunny afternoons. <u>After the team separated daytime melt pulses from overnight flow, however, the apparent basin-wide difference became much smaller.</u> The heavily melted basin rose sharply each afternoon but also fell farther before dawn, while the other basin maintained a steadier contribution from groundwater. Weekly totals for the two streams were therefore closer than the afternoon readings alone implied. The researchers did not dismiss glacier melt as a source of runoff; rather, they argued that sampling time could exaggerate differences between basins with distinct daily flow patterns. Their revised analysis treats the timing of measurements as part of the explanation for why short observations and accumulated discharge can point toward different conclusions.","What is the function of the underlined sentence in the passage as a whole?","It establishes that the researchers’ initial afternoon measurements were invalid because the instruments could not detect groundwater.","It introduces a reanalysis that reduces the apparent difference between the basins and motivates the later emphasis on sampling time.","It shows that groundwater contributed equally to both basins, allowing the researchers to remove it from the runoff totals.","It demonstrates that the basin with greater glacier loss ultimately carried less weekly runoff than the other basin.","B","2","Separating daily melt pulses from overnight flow makes the basin contrast smaller, which leads to the weekly comparison and the caution about sampling time. Choice B identifies that role.","80","none","{}","","","","","","Text Structure and Purpose","","passage:R111;arch:RW_TSP_012;sim:rw_text_structure_and_purpose_cause_effect;surface_arch:SURF_RW_TSP_012;profile:D4;fp:96166cdb08e3"
"SAT_RW_19","RW_SPLIT_V9","SAT_RW_19_BACK","650-800","SAT_RW_19_M2_Q08","RW","2","hard","8","Craft and Structure","Cross-Text Connections","RW_CTC_006","Compare claims across paired texts","paired_text_relation","Hard","1","multiple_choice","Text 1:
Transit agencies often add a second language to station signs by placing a direct translation beneath the original wording. This approach can widen access, but it also doubles the amount of text riders must scan while moving through crowded spaces. Designers should therefore shorten both language versions when possible and reserve detailed explanations for maps or digital displays, where riders have more time to read.

Text 2:
Short bilingual signs can be useful, yet brevity is not always the main condition for accessibility. In stations where two languages use different naming conventions, a literal translation may leave travelers unsure whether two labels refer to the same platform or destination. Repeating a shared route symbol or color code beside both names can establish that connection without requiring either language to be reduced to a few words.","Based on the texts, how would the author of Text 2 most likely respond to the recommendation in Text 1?","By rejecting bilingual station signs on the grounds that added language can make crowded spaces harder to navigate.","By agreeing that detailed information belongs elsewhere and arguing that maps or digital displays should replace bilingual station signs.","By agreeing that shorter signs are the main accessibility requirement while questioning where translations should be positioned.","By qualifying the emphasis on brevity, arguing that differences in naming conventions may require shared symbols that link the two language versions.","D","4","Text 2 accepts that short signs can help but argues that naming differences can create a separate problem solved by shared symbols. Choice D captures that qualification.","80","none","{}","","","","","","Cross-Text Connections","","passage:R048;arch:RW_CTC_006;sim:rw_cross_text_connections_paired_text_relation;surface_arch:SURF_RW_CTC_006;profile:D4;fp:31c6d2c6aadb"
"SAT_RW_19","RW_SPLIT_V9","SAT_RW_19_BACK","650-800","SAT_RW_19_M2_Q09","RW","2","hard","9","Information and Ideas","Central Ideas and Details","RW_CID_001","Identify main idea, key detail, or summary","main_claim","Hard","1","multiple_choice","A museum tested two kinds of object labels in a gallery of household tools. One set opened with a short description of how an object was used; the other opened with a question inviting visitors to inspect a particular feature before reading further. Visitors spent similar amounts of time at both label types, but their conversations differed. Near descriptive labels, visitors more often repeated information printed on the panel or connected it to something they already knew. Near question-first labels, they more often pointed to scratches, repairs, or construction details on the object itself before discussing the panel. Follow-up interviews showed no consistent difference in how many factual details visitors remembered. The trial therefore suggests that label format can shape what visitors attend to during a gallery encounter without necessarily increasing either time spent or factual recall. Engagement, in this case, changed in kind more clearly than in amount.","Which choice best states the central idea of the passage?","Question-first labels improve factual retention because they prompt visitors to examine object features before reading.","Question-first labels are generally more effective than descriptive labels because they make visitors spend longer at each object.","Label format can change the kind of engagement visitors show, even when time spent and factual recall remain similar.","Descriptive and question-first labels produce essentially the same engagement because visitors spend comparable amounts of time at both.","C","3","The strongest difference appears in what visitors discuss and attend to, not in visit duration or remembered facts. Choice C captures that distinction without overstating either label type.","80","none","{}","","","","","","Central Ideas and Details","","passage:R133;arch:RW_CID_001;sim:rw_central_ideas_and_details_main_claim;surface_arch:SURF_RW_CID_001;profile:D2;fp:eb4e09840ee4"
"SAT_RW_19","RW_SPLIT_V9","SAT_RW_19_BACK","650-800","SAT_RW_19_M2_Q10","RW","2","hard","10","Information and Ideas","Central Ideas and Details","RW_CID_003","Identify main idea, key detail, or summary","contrast","Hard","1","multiple_choice","A grocery cooperative tested front-of-package labels that displayed either a single overall nutrition score or three separate indicators for sugar, fiber, and sodium. Shoppers using the overall score chose products with slightly better average scores than shoppers who saw no new label. Those using the three indicators, however, made more varied substitutions: some switched to products with less sugar while accepting more sodium, whereas others prioritized fiber. Interviews suggested that shoppers often treated the single score as a recommendation but treated the separate indicators as information to combine with personal priorities. The cooperative’s managers had expected the detailed label to produce uniformly healthier baskets, yet the results were less straightforward. More information did not push everyone toward the same products; instead, it made tradeoffs more visible. The trial thus distinguishes between labels that simplify a decision and labels that expose the dimensions on which reasonable choices can differ.","Which choice best describes the significance of the contrast between the two label formats?","It shows that detailed indicators failed because shoppers ignored them, whereas shoppers consistently followed the overall score.","It establishes that separate indicators produced healthier baskets than the overall score by making every shopper prioritize fiber.","It suggests that the overall score supplied more information than the separate indicators, even though shoppers treated it as a recommendation.","It shows that a single score simplifies a choice toward one summary judgment, whereas separate indicators expose tradeoffs that shoppers may resolve differently.","D","4","The overall score nudged choices in one summarized direction, while the separate indicators led shoppers to make different tradeoffs. Choice D captures the purpose of that contrast.","80","none","{}","","","","","","Central Ideas and Details","","passage:R019;arch:RW_CID_003;sim:rw_central_ideas_and_details_contrast;surface_arch:SURF_RW_CID_003;profile:D3;fp:837e393e689f"
"SAT_RW_19","RW_SPLIT_V9","SAT_RW_19_BACK","650-800","SAT_RW_19_M2_Q11","RW","2","hard","11","Information and Ideas","Central Ideas and Details","RW_CID_002","Identify main idea, key detail, or summary","supporting_detail","Hard","1","multiple_choice","A transit agency compared battery-electric buses on two routes with nearly identical distances but different stop patterns. Route A had frequent stops and long recovery periods at terminals; Route B had fewer stops but shorter terminal layovers. Although buses on Route A consumed more energy while accelerating, they recovered more energy through regenerative braking and had more time to charge between trips. Route B’s buses consumed less energy per kilometer on the road, yet they ended several peak periods with lower battery reserves. Engineers initially considered route distance the main constraint on electric-bus deployment. The comparison showed why that measure can be misleading: operational rhythm can offset or intensify the burden of distance. A route with repeated acceleration is not automatically a poor candidate if braking recovery and charging windows are favorable, while a smoother route may still create scheduling problems when vehicles have little time to replenish their batteries.","Which detail from the passage most strongly supports the claim that route distance alone can be a misleading guide for electric-bus deployment?","Despite frequent acceleration, Route A recovered more braking energy and had longer charging windows, leaving it with stronger battery reserves than Route B.","The two routes covered nearly identical distances during the agency’s comparison.","Route B used less energy per kilometer while the buses were moving on the road.","Engineers initially regarded route distance as the main constraint on electric-bus deployment.","A","1","Choice A directly shows how route operation can outweigh what distance alone would predict: Route A faced frequent acceleration yet ended with better reserves because of regeneration and charging time.","80","none","{}","","","","","","Central Ideas and Details","","passage:R115;arch:RW_CID_002;sim:rw_central_ideas_and_details_supporting_detail;surface_arch:SURF_RW_CID_002;profile:D4;fp:96f83e80c24d"
"SAT_RW_19","RW_SPLIT_V9","SAT_RW_19_BACK","650-800","SAT_RW_19_M2_Q12","RW","2","hard","12","Information and Ideas","Command of Evidence","RW_COE_001","Use textual or quantitative evidence","supporting_detail","Hard","1","multiple_choice","A coral nursery compared three frame positions before deciding where to place fragments intended for later transplantation. The team measured tissue growth during a calm eight-week period and then recorded how much living tissue remained after a standardized wave-exposure test. Managers had previously favored the most sheltered position because fragments there grew fastest. The researchers argued, however, that a placement rule based on early growth alone could miss a tradeoff between rapid tissue expansion and resistance to disturbance. They did not claim that slower growth was inherently better; a frame that preserved tissue but produced little new growth would also be undesirable. Instead, they looked for evidence that the position ranked highest on one outcome but not on the other. The table summarizes mean growth and post-test tissue retention for fragments that began at comparable sizes, allowing the two criteria to be evaluated separately rather than collapsed into a single performance score.","Which finding from the table most directly supports the researchers’ conclusion that selecting nursery positions solely for rapid early growth could overlook resilience to disturbance?","The mid-current frames produced 24% tissue growth, which was greater than the 15% measured on exposed frames.","Sheltered frames produced 31% growth but retained 62% of tissue after the wave test, while mid-current frames grew 24% and retained 81%.","Exposed frames retained 86% of tissue after the wave test, the highest retention value among the three positions.","Sheltered frames exceeded mid-current frames in eight-week tissue growth by 7 percentage points.","B","2","Choice B directly realizes both sides of the proposed tradeoff: the fastest-growing position performs worse on post-disturbance retention than the mid-current position.","80","table","{}","| Frame position | Eight-week tissue growth | Tissue retained after wave test |
|---|---:|---:|
| Sheltered | 31% | 62% |
| Mid-current | 24% | 81% |
| Exposed | 15% | 86% |","","","","","Command of Evidence","","passage:R128;arch:RW_COE_001;sim:rw_command_of_evidence_supporting_detail;surface_arch:SURF_RW_COE_001;profile:D3;fp:4bd712891cfe"
"SAT_RW_19","RW_SPLIT_V9","SAT_RW_19_BACK","650-800","SAT_RW_19_M2_Q13","RW","2","hard","13","Information and Ideas","Command of Evidence","RW_COE_003","Use textual or quantitative evidence","cause_effect","Hard","1","multiple_choice","Hydrologists monitored runoff in four small alpine plots to examine how remaining snow cover changes the relationship between afternoon warmth and stream contribution. Each plot was observed during a cooler day and a warmer day with similar overnight precipitation. The researchers expected warmer afternoons to increase meltwater, but they suspected that temperature would matter less where little seasonal snow remained. Their conclusion was that the runoff response to warming depends on available snow: a large temperature increase can produce only a modest runoff change once the snowpack is sparse. This does not mean temperature is irrelevant, because warmer conditions still increased runoff in every plot. The key issue is the size of that increase under different snow-cover conditions. The table reports afternoon air temperature and the corresponding three-hour runoff contribution, so evidence for the conclusion should compare temperature-related changes while also attending to how much snow remained at each site.","Which finding from the table most directly supports the conclusion that the runoff response to afternoon warming depends on how much snow remains?","Each plot produced more runoff on the warmer day than on the cooler day.","Plot B had less snow cover than Plot A and lower runoff on both observation days.","Runoff increased by 1.8 units at Plot A, where snow cover was 72%, but by 0.3 unit at Plot D, where snow cover was 17%, across the same temperature increase.","On the cooler day, runoff ranged from 1.2 to 1.8 units across the four plots.","C","3","Choice C compares the same warming across high- and low-snow plots and shows that the runoff increase shrinks sharply as remaining snow declines, directly supporting the interaction claim.","80","table","{}","| Plot | Snow cover | Cooler-day temperature | Cooler-day runoff contribution | Warmer-day temperature | Warmer-day runoff contribution |
|---|---:|---:|---:|---:|---:|
| A | 72% | 5°C | 1.8 | 11°C | 3.6 |
| B | 55% | 5°C | 1.6 | 11°C | 2.9 |
| C | 34% | 5°C | 1.4 | 11°C | 2.1 |
| D | 17% | 5°C | 1.2 | 11°C | 1.5 |","","","","","Command of Evidence","","passage:R086;arch:RW_COE_003;sim:rw_command_of_evidence_cause_effect;surface_arch:SURF_RW_COE_003;profile:D4;fp:4bb60f19cbc7"
"SAT_RW_19","RW_SPLIT_V9","SAT_RW_19_BACK","650-800","SAT_RW_19_M2_Q14","RW","2","hard","14","Information and Ideas","Inferences","RW_INF_010","Draw supported conclusions","evidence_based_inference","Hard","1","multiple_choice","A city installed bilingual wayfinding signs at three transfer stations. At Station A, both languages used the same platform names, so the signs simply paired equivalent names. At Station B, one language commonly identified platforms by destination while the other used neighborhood names; the new signs added shared route symbols beside both naming systems. At Station C, the agency translated every existing phrase but changed no symbols or layout. After installation, riders asking staff for directions declined at all three stations, but the largest decline occurred at Station B. Observers there also recorded more riders pointing to route symbols while comparing the two language lines. The evidence does not isolate whether symbols, bilingual text, or their combination produced the improvement. Still, the pattern suggests that when naming conventions differ across languages, providing a visible cross-language reference may be especially useful for helping riders recognize that distinct labels identify the same route.","Which inference about stations where two languages use different naming conventions is best supported by the passage?","A shared nonlinguistic reference such as a route symbol may help riders connect different names that identify the same destination.","The same large reduction in direction requests should occur whenever two languages are added, even if their station names already correspond directly.","Route symbols are useful mainly because riders at bilingual stations are unable to read either language on the signs.","Literal translation is likely sufficient when naming conventions differ, since direction requests declined at every station in the study.","A","1","Station B combined differing naming conventions with shared route symbols and showed both the largest decline in questions and frequent symbol pointing. Choice A stays within what that pattern can reasonably suggest.","80","none","{}","","","","","","Inferences","","passage:R073;arch:RW_INF_010;sim:rw_inferences_evidence_based_inference;surface_arch:SURF_RW_INF_010;profile:D3;fp:3ddc0b8c32d4"
"SAT_RW_19","RW_SPLIT_V9","SAT_RW_19_BACK","650-800","SAT_RW_19_M2_Q15","RW","2","hard","15","Information and Ideas","Inferences","RW_INF_002","Draw supported conclusions","cause_effect","Hard","1","multiple_choice","Biologists surveyed wetland birds before and after managers opened narrow channels through dense stands of reeds. The channels increased the amount of open water without removing most vegetation. Species that feed by diving appeared more often near the new channels, while several small birds that nest in dense reeds remained concentrated in untouched patches. Overall species counts changed little because gains in channel-associated birds were balanced by stable or slightly lower counts elsewhere. During the same period, water depth rose modestly across the wetland after heavy rain, including in areas where no channels were cut. The researchers therefore cautioned against attributing every change to the management work. Even so, the spatial pattern within the wetland provides a clue: birds associated with open-water foraging shifted toward modified areas, whereas reed-dependent birds continued to favor dense cover. The intervention likely changed habitat use more clearly than it changed total diversity.","Which inference about the effects of opening channels through the reeds is best supported by the passage?","Opening channels caused reed-nesting birds to decline throughout the wetland, including in patches that were not modified.","The rise in water depth after heavy rain was probably responsible for the concentration of diving birds near the new channels.","Stable overall species counts show that habitat modifications of this kind have little effect on how birds use a wetland.","The channels may have shifted where birds with different habitat needs concentrated even though they produced little net change in total species counts.","D","4","Diving birds clustered near new open-water channels while reed-dependent birds remained in dense cover, yet total species counts changed little. Choice D captures that distributional shift without attributing all changes to the intervention.","80","none","{}","","","","","","Inferences","","passage:R149;arch:RW_INF_002;sim:rw_inferences_cause_effect;surface_arch:SURF_RW_INF_002;profile:D4;fp:5f8c4d5ff3be"
"SAT_RW_19","RW_SPLIT_V9","SAT_RW_19_BACK","650-800","SAT_RW_19_M2_Q16","RW","2","hard","16","Standard English Conventions","Boundaries","SEC.BND","Boundaries","Punctuating two independent clauses","Hard","1","multiple_choice","Linguists comparing two speech samples from the same market stall found a methodological difference that affected transcription. The morning recording preserved honorific endings clearly, even when nearby carts rattled over the pavement ____ recording, made after the microphone battery weakened, blurred several of those endings.","Which choice completes the text so that it conforms to the conventions of Standard English?",", the afternoon","; the afternoon",": the later","and the afternoon","B","2","Both sides of the blank are independent clauses, and no coordinating conjunction joins them. Choice B uses a semicolon to mark that boundary; the comma creates a splice, the colon does not fit the contrast, and no punctuation leaves a run-on.","60","none","{}","","","","","","Boundaries","","arch:SEC-BND-004;sim:SEC.BND:sentence_boundary_semicolon:D. academic register;surface_arch:SEC-BND-004;profile:D3;sec;grammar;ctx:CTX-GRM-007;tier:SEC3;fp:d75627bd67f5"
"SAT_RW_19","RW_SPLIT_V9","SAT_RW_19_BACK","650-800","SAT_RW_19_M2_Q17","RW","2","hard","17","Standard English Conventions","Boundaries","SEC.BND","Boundaries","Nonrestrictive relative clauses","Hard","1","multiple_choice","The robotics club demonstrated the Rover-1 prototype after school. Rover-1 ____ completed a second navigation trial after the gym lights were dimmed.","Which choice completes the text so that it conforms to the conventions of Standard English?",", which used two light sensors, one on each side of the chassis,",", which, with one light sensor on each side of the chassis,","which used two light sensors, one on each side of the chassis,",", which used two light sensors, one on each side of the chassis","A","1","Rover-1 is already specifically identified, so the sensor information is supplemental. Choice A supplies a complete nonrestrictive relative clause with both required boundary commas; B lacks a finite verb, and C and D omit one of the clause boundaries.","60","none","{}","","","","","","Boundaries","","arch:SEC-BND-032;sim:SEC.BND:nonrestrictive_relative_clause:B. internal punctuation nearby;surface_arch:SEC-BND-032;profile:D3;sec;grammar;ctx:CTX-GRM-015;tier:SEC3;fp:601a2b2f66be"
"SAT_RW_19","RW_SPLIT_V9","SAT_RW_19_BACK","650-800","SAT_RW_19_M2_Q18","RW","2","hard","18","Standard English Conventions","Boundaries","SEC.BND","Boundaries","Punctuation before trailing modifiers","Hard","1","multiple_choice","Only three of the six riverbank sensors showed sharp moisture spikes immediately after rain. Because the next calibration focused on that response, the team retained every ____ for a second laboratory test; the other sensors returned to routine monitoring.","Which choice completes the text so that it conforms to the conventions of Standard English?","device, showing those spikes,","device showing those spikes","device that showed those spikes,","device—showing those spikes—","B","2","The modifier identifies which devices were retained: the three sensors that showed the relevant spikes. Choice B keeps that essential modifier unpunctuated rather than presenting it as supplemental information.","60","none","{}","","","","","","Boundaries","","arch:SEC-BND-070;sim:SEC.BND:modifier_boundary_after_noun:E. expanded syntax;surface_arch:SEC-BND-070;profile:D4;sec;grammar;ctx:CTX-GRM-008;tier:SEC4;fp:b66624b739ba"
"SAT_RW_19","RW_SPLIT_V9","SAT_RW_19_BACK","650-800","SAT_RW_19_M2_Q19","RW","2","hard","19","Standard English Conventions","Form, Structure, and Sense","SEC.FSS","Form, Structure, and Sense","Subject-verb agreement","Hard","1","multiple_choice","The pattern of price changes recorded at neighborhood grocery stores, including several sharp increases in imported fruit, ____ stable enough over the past six months for the analyst to model seasonal effects.","Which choice completes the text so that it conforms to the conventions of Standard English?","have remained","remain","has remained","were remaining","C","3","The subject is the singular head noun “pattern,” not the plural nouns inside the intervening phrases. The time span continuing to the present also fits “has remained,” making choice C correct.","60","none","{}","","","","","","Form, Structure, and Sense","","arch:SEC-FSS-004;sim:SEC.FSS:subject_verb_agreement:D. logic cue;surface_arch:SEC-FSS-004;profile:D3;sec;grammar;ctx:CTX-GRM-027;tier:SEC3;fp:d137fafa8d63"
"SAT_RW_19","RW_SPLIT_V9","SAT_RW_19_BACK","650-800","SAT_RW_19_M2_Q20","RW","2","hard","20","Standard English Conventions","Form, Structure, and Sense","SEC.FSS","Form, Structure, and Sense","Pronoun-antecedent agreement","Hard","1","multiple_choice","After checking the bulbs for heat damage, a greenhouse manager set a seedling tray beside two adjustable lamps. Because the tray was closer to the lamps than planned, the manager moved ____ before recording its new position in the log.","Which choice completes the text so that it conforms to the conventions of Standard English?","it","them","him","her","A","1","The later phrase “its new position” identifies the moved item as the singular tray. Choice A supplies a singular object pronoun with that antecedent; the other pronouns point to plural lamps or to a person instead.","60","none","{}","","","","","","Form, Structure, and Sense","","arch:SEC-FSS-019;sim:SEC.FSS:pronoun_antecedent_agreement:D. logic cue;surface_arch:SEC-FSS-019;profile:D3;sec;grammar;ctx:CTX-GRM-028;tier:SEC3;fp:1c5d0559687e"
"SAT_RW_19","RW_SPLIT_V9","SAT_RW_19_BACK","650-800","SAT_RW_19_M2_Q21","RW","2","hard","21","Standard English Conventions","Form, Structure, and Sense","SEC.FSS","Form, Structure, and Sense","Parallel structure","Hard","1","multiple_choice","The preservation coordinator’s responsibilities, which expanded after the archive opened a second reading room, included checking humidity logs from both rooms, reviewing requests for fragile documents with the conservator, and ____.","Which choice completes the text so that it conforms to the conventions of Standard English?","recording any handling damage in the condition file before materials were returned to storage","recording any handling damage and to update the condition file before materials were returned to storage","recording any handling damage, then the condition file was updated before materials were returned to storage","recording any handling damage while the condition file to be updated before materials were returned to storage","A","1","The list after “included” uses coordinated gerund phrases: “checking,” “reviewing,” and “recording.” Choice A preserves that structure through the end of the series; the other options introduce a mismatched infinitive, an independent-clause break, or an incomplete clause.","60","none","{}","","","","","","Form, Structure, and Sense","","arch:SEC-FSS-035;sim:SEC.FSS:parallel_structure:E. expanded syntax;surface_arch:SEC-FSS-035;profile:D4;sec;grammar;ctx:CTX-GRM-012;tier:SEC4;fp:4df1dd04da00"
"SAT_RW_19","RW_SPLIT_V9","SAT_RW_19_BACK","650-800","SAT_RW_19_M2_Q22","RW","2","hard","22","Standard English Conventions","Form, Structure, and Sense","SEC.FSS","Form, Structure, and Sense","Complete sentence structure","Hard","1","multiple_choice","Although neighbors had repaired most lamps at the weekend booth, ____.","Which choice completes the text so that it conforms to the conventions of Standard English?","several radios still needed parts, the volunteers labeled them for later work","several radios still needed parts; because the volunteers labeled them for later work","several radios, which still needed parts, the volunteers labeled for later work","the volunteers labeled several radios that still needed parts for later work","D","4","The opening “Although” clause must be followed by a complete main clause. Choice D supplies one cleanly; A creates a comma splice, B leaves a dependent clause after the semicolon, and C does not form a standard main-clause structure.","60","none","{}","","","","","","Form, Structure, and Sense","","arch:SEC-FSS-070;sim:SEC.FSS:sentence_completeness_fss:E. expanded syntax;surface_arch:SEC-FSS-070;profile:D4;sec;grammar;ctx:CTX-GRM-016;tier:SEC4;fp:3c3585f7e4bf"
"SAT_RW_19","RW_SPLIT_V9","SAT_RW_19_BACK","650-800","SAT_RW_19_M2_Q23","RW","2","hard","23","Expression of Ideas","Transitions","RW_TR_001","Select transition that logically connects ideas","logical_link","Hard","1","multiple_choice","A linguist tracking a new vowel pronunciation found that shopkeepers with many cross-neighborhood contacts used the innovation early in casual conversation. In formal interviews, however, those same speakers retained older local pronunciations more often than less-connected speakers did. The formal pattern might suggest that contact slows change. ____ the alternation across settings was strongest among the highly connected speakers, suggesting that contact can expand a speaker's available styles before one form displaces another.","Which choice most logically completes the text?","For example,","Accordingly,","Similarly,","Even so,","D","4","The preceding sentence offers a plausible interpretation of the formal interviews, but the next observation complicates that interpretation by showing greater style-switching among highly connected speakers. “Even so,” best marks that qualification.","60","none","{}","","","","","","Transitions","","passage:R010;arch:RW_TR_001;sim:rw_transitions_logical_link;surface_arch:SURF_RW_TR_001;profile:D3;fp:c90b2179a56e"
"SAT_RW_19","RW_SPLIT_V9","SAT_RW_19_BACK","650-800","SAT_RW_19_M2_Q24","RW","2","hard","24","Expression of Ideas","Transitions","RW_TR_008","Select transition that logically connects ideas","contrast","Hard","1","multiple_choice","An electric-bus pilot compared two routes of similar length. The downtown route required frequent braking, which let buses recover substantial energy, but its heavy passenger loads increased consumption. The crosstown route carried lighter loads and used less energy while moving, yet short terminal layovers left little time for charging. ____ engineers found that the crosstown buses ended the evening with lower battery reserves, even though their on-road energy use was lower.","Which choice best completes the text in a way that preserves its logical progression?","For instance,","Meanwhile,","On balance,","By comparison,","C","3","The paragraph presents offsetting advantages and disadvantages on both routes before giving the battery-reserve outcome that resolves the comparison. “On balance,” appropriately introduces that overall assessment.","60","none","{}","","","","","","Transitions","","passage:R040;arch:RW_TR_008;sim:rw_transitions_contrast;surface_arch:SURF_RW_TR_008;profile:D3;fp:76b4d3af98da"
"SAT_RW_19","RW_SPLIT_V9","SAT_RW_19_BACK","650-800","SAT_RW_19_M2_Q25","RW","2","hard","25","Expression of Ideas","Transitions","RW_TR_009","Select transition that logically connects ideas","cause_effect","Hard","1","multiple_choice","A grocery cooperative tested labels that displayed sugar, fiber, and sodium separately instead of combining them into one score. Shoppers using the separate indicators did not converge on a single set of products: some prioritized lower sugar, while others accepted more sugar in exchange for higher fiber. The labels nevertheless made the competing nutritional dimensions visible at the moment of choice. ____ the trial changed how shoppers represented the decision more consistently than it changed which specific products they selected.","Which choice most effectively completes the text’s line of reasoning?","In that sense,","More specifically,","Nevertheless,","Likewise,","A","1","The final sentence interprets the mixed purchasing outcomes together with the labels’ clearer presentation of tradeoffs. “In that sense,” signals that the conclusion is a precise way of characterizing the preceding evidence.","60","none","{}","","","","","","Transitions","","passage:R094;arch:RW_TR_009;sim:rw_transitions_cause_effect;surface_arch:SURF_RW_TR_009;profile:D4;fp:4311b961d297"
"SAT_RW_19","RW_SPLIT_V9","SAT_RW_19_BACK","650-800","SAT_RW_19_M2_Q26","RW","2","hard","26","Expression of Ideas","Rhetorical Synthesis","RW_RS_001","Use notes to achieve a writing goal","revision_goal","Hard","1","multiple_choice","A student wants to emphasize how a rain-garden pilot reduced flooding without suggesting that the gardens eliminated every drainage problem.

- Three curbside rain gardens were installed along Maple Avenue.
- During moderate storms, water reaching two downstream storm drains fell by about 30 percent.
- During the season's largest storm, both drains still overflowed briefly.
- Soil sensors showed that the gardens absorbed water most rapidly during the first hour of rainfall.","Which choice most effectively uses the notes to accomplish the stated goal?","The rain gardens absorbed water most rapidly during the first hour of rainfall, yet both downstream drains overflowed during the season’s largest storm.","The three rain gardens reduced water reaching two downstream drains by about 30 percent during moderate storms, although both drains still overflowed briefly during the season’s largest storm.","By reducing water reaching the downstream drains during moderate storms, the rain gardens prevented drainage failures along Maple Avenue.","During the season’s largest storm, both downstream drains overflowed briefly despite the rapid early absorption recorded by soil sensors in the rain gardens.","B","2","Choice B emphasizes the measured reduction during moderate storms while preserving the stated limitation that overflow still occurred during the largest storm.","75","none","{}","","","","","","Rhetorical Synthesis","","passage:R142;arch:RW_RS_001;sim:rw_rhetorical_synthesis_revision_goal;surface_arch:SURF_RW_RS_001;profile:D3;fp:3b5f9789c925"
"SAT_RW_19","RW_SPLIT_V9","SAT_RW_19_BACK","650-800","SAT_RW_19_M2_Q27","RW","2","hard","27","Expression of Ideas","Rhetorical Synthesis","RW_RS_010","Use notes to achieve a writing goal","cause_effect","Hard","1","multiple_choice","A student wants to explain a tradeoff in a birdsong study rather than simply state which recording method produced more data.

- Researchers recorded juvenile birds with fixed microphones and lightweight on-bird recorders.
- Fixed microphones captured longer uninterrupted songs when birds stayed near a perch.
- On-bird recorders captured vocalizations when birds moved beyond the fixed microphones' range.
- On-bird recorders also picked up more wing and contact noise, making some syllables harder to classify.
- The study used both methods in the final analysis.","Which choice best uses the notes to achieve the student’s stated goal?","Researchers used both fixed microphones and on-bird recorders in their final analysis of juvenile birdsong.","Fixed microphones captured longer uninterrupted songs near perches, whereas on-bird recorders captured vocalizations after birds moved beyond the fixed microphones’ range.","On-bird recorders collected vocalizations beyond the range of fixed microphones but also picked up wing and contact noise that made some syllables harder to classify.","Fixed microphones yielded longer uninterrupted songs near perches, while on-bird recorders extended coverage beyond those locations but introduced noise that complicated syllable classification, so the methods offered complementary strengths and limitations.","D","4","Choice D explicitly presents the tradeoff: fixed microphones favor uninterrupted local recordings, while on-bird devices extend coverage at the cost of noisier classification.","75","none","{}","","","","","","Rhetorical Synthesis","","passage:R106;arch:RW_RS_010;sim:rw_rhetorical_synthesis_cause_effect;surface_arch:SURF_RW_RS_010;profile:D4;fp:eed0fbcf2216"
"SAT_Math_questions.19","19","math-v6-19","full_section","MATH19-M1-Q01","MATH","1","base","1","Algebra","Linear Equations","ALG_LE_001","Solve a one-variable linear equation with constants on both sides","Solve a one-variable linear equation with constants on both sides","E1","1","multiple_choice","","What value of x satisfies 3x + 5 = 20?","5","4","6","15","A","1","Subtract 5 from both sides to get 3x = 15. Dividing by 3 gives x = 5.","60","none","{}","","","","","","solve a one-variable linear equation with constants on both sides","","math,domain:Algebra,skill:ALG_LE_001,arch:MATH_ARCH_001_LINEAR_EQUATION_ONE_VARIABLE,sim:SIM_LINEAR_EQUATIONS_AND_INEQUALITIES,fp:8846a0fc,tier:E1"
"SAT_Math_questions.19","19","math-v6-19","full_section","MATH19-M1-Q02","MATH","1","base","2","Advanced Math","Nonlinear Functions","ADV_NF_002","Evaluate a function at a given input","Evaluate a function at a given input","E1","1","multiple_choice","","For the function f(x) = 2x^2 - 3x + 4, what is f(5)?","39","29","34","49","A","1","Substitute 5 for x: 2(25) - 3(5) + 4 = 50 - 15 + 4 = 39.","70","none","{}","","","","","","evaluate a function at a given input","","math,domain:Advanced Math,skill:ADV_NF_002,arch:MATH_ARCH_063_FUNCTION_EVALUATE,sim:SIM_FUNCTION_NOTATION_AND_VALUES,fp:2a582be9,tier:M1"
"SAT_Math_questions.19","19","math-v6-19","full_section","MATH19-M1-Q03","MATH","1","base","3","Algebra","Linear Equations","ALG_LE_006","Solve a one-variable linear inequality, including sign reversal","Solve a one-variable linear inequality, including sign reversal","E1","1","multiple_choice","","Which inequality is equivalent to -2x + 7 > 15?","x > -4","x < 4","x > 4","x < -4","D","4","Subtract 7 to get -2x > 8. Dividing by -2 reverses the inequality, so x < -4.","70","none","{}","","","","","","solve a one-variable linear inequality, including sign reversal","","math,domain:Algebra,skill:ALG_LE_006,arch:MATH_ARCH_023_INEQUALITY_ONE_VARIABLE,sim:SIM_LINEAR_EQUATIONS_AND_INEQUALITIES,fp:5de90502,tier:E1"
"SAT_Math_questions.19","19","math-v6-19","full_section","MATH19-M1-Q04","MATH","1","base","4","Advanced Math","Equivalent Expressions","ADV_EE_006","Evaluate powers of i","Evaluate powers of i","E1","1","multiple_choice","","If i = sqrt(-1), what is the value of i^23?","-i","i","1","-1","A","1","Powers of i repeat every 4. Since 23 has remainder 3 when divided by 4, i^23 = i^3 = -i.","70","none","{}","","","","","","evaluate powers of i","","math,domain:Advanced Math,skill:ADV_EE_006,arch:MATH_ARCH_081_COMPLEX_POWERS_I,sim:SIM_COMPLEX_NUMBERS,fp:a670ac1b,tier:M1"
"SAT_Math_questions.19","19","math-v6-19","full_section","MATH19-M1-Q05","MATH","1","base","5","Algebra","Linear Functions","ALG_LF_001","Interpret slope and intercept in a real-world linear model","Interpret slope and intercept in a real-world linear model","M1","1","multiple_choice","","A gym charges a one-time signup fee of $45 plus $8 for each month of membership. In the model C = 45 + 8m, what does 8 represent?","The signup fee, in dollars","The total cost after 8 months","The monthly membership cost, in dollars","The number of months of membership","C","3","The coefficient of m is the amount added for each additional month, so 8 is the monthly cost in dollars.","80","none","{}","","","","","","interpret slope and intercept in a real-world linear model","","math,domain:Algebra,skill:ALG_LF_001,arch:MATH_ARCH_004_LINEAR_MODEL_INITIAL_RATE,sim:SIM_LINEAR_FUNCTIONS_AND_GRAPHS,fp:68041c54,tier:M1"
"SAT_Math_questions.19","19","math-v6-19","full_section","MATH19-M1-Q06","MATH","1","base","6","Advanced Math","Equivalent Expressions","ADV_EE_003","Expand polynomial products","Expand polynomial products","M1","1","multiple_choice","","Which expression is equivalent to (x + 5)(x - 3)?","x^2 - 2x - 15","x^2 + 8x - 15","x^2 + 2x + 15","x^2 + 2x - 15","D","4","Multiply: x^2 - 3x + 5x - 15 = x^2 + 2x - 15.","75","none","{}","","","","","","expand polynomial products","","math,domain:Advanced Math,skill:ADV_EE_003,arch:MATH_ARCH_070_POLYNOMIAL_EXPAND,sim:SIM_POLYNOMIAL_RATIONAL_EXPRESSIONS,fp:f7070860,tier:M1"
"SAT_Math_questions.19","19","math-v6-19","full_section","MATH19-M1-Q07","MATH","1","base","7","Algebra","Systems of Equations","ALG_SYS_001","Determine which ordered pair solves a system of linear equations","Determine which ordered pair solves a system of linear equations","M1","1","multiple_choice","","Which ordered pair (x, y) is a solution to the system x + y = 11 and 2x - y = 1?","(5, 6)","(4, 7)","(3, 8)","(7, 4)","B","2","For (4, 7), x + y = 11 and 2x - y = 8 - 7 = 1, so it satisfies both equations.","85","none","{}","","","","","","determine which ordered pair solves a system of linear equations","","math,domain:Algebra,skill:ALG_SYS_001,arch:MATH_ARCH_015_SYSTEM_SOLUTION_ORDERED_PAIR,sim:SIM_LINEAR_SYSTEMS,fp:502a0c42,tier:M1"
"SAT_Math_questions.19","19","math-v6-19","full_section","MATH19-M1-Q08","MATH","1","base","8","Problem-Solving and Data Analysis","Probability","PSD_PROB_001","Compute probability from a two-way table with correct denominator","Compute probability from a two-way table with correct denominator","M1","1","multiple_choice","","The table shows the number of students in three after-school clubs. If one of these students is selected at random, what is the probability that the student is in Debate?","3/25","2/5","12/25","6/25","D","4","There are 18 + 12 + 20 = 50 students. The probability of selecting a Debate student is 12/50 = 6/25.","90","table","{}","| Club | Students |\n|---|---:|\n| Robotics | 18 |\n| Debate | 12 |\n| Art | 20 |","","","","","compute probability from a two-way table with correct denominator","","math,domain:Problem-Solving and Data Analysis,skill:PSD_PROB_001,arch:MATH_ARCH_049_TWO_WAY_TABLE_PROBABILITY,sim:SIM_PROBABILITY_TABLES,fp:44202286,tier:M2"
"SAT_Math_questions.19","19","math-v6-19","full_section","MATH19-M1-Q09","MATH","1","base","9","Advanced Math","Equivalent Expressions","ADV_EE_001","Simplify expression using exponent rules","Simplify expression using exponent rules","M1","1","student_response","","What is the value of (2^3 * 2^5) / 2^4?","","","","","","","Use exponent rules: 2^3 * 2^5 = 2^8, and 2^8 / 2^4 = 2^4 = 16.","70","none","{}","","","integer","16","0","simplify expression using exponent rules","","math,domain:Advanced Math,skill:ADV_EE_001,arch:MATH_ARCH_067_EXPONENT_RULES_SIMPLIFY,sim:SIM_EXPONENT_RADICALS,fp:4793450c,tier:M1"
"SAT_Math_questions.19","19","math-v6-19","full_section","MATH19-M1-Q10","MATH","1","base","10","Algebra","Linear Functions","ALG_LF_002","Build a linear equation from a starting amount and constant rate","Build a linear equation from a starting amount and constant rate","M1","1","multiple_choice","","A printer has already printed 120 pages and then prints 15 pages per minute. Which equation gives the total number p of pages printed after m additional minutes?","p = 15 + 120m","p = 120m + 15m","p = 120 + 15m","p = 120 - 15m","C","3","The starting amount is 120 pages, and 15 pages are added each minute, so p = 120 + 15m.","80","none","{}","","","","","","build a linear equation from a starting amount and constant rate","","math,domain:Algebra,skill:ALG_LF_002,arch:MATH_ARCH_005_LINEAR_MODEL_BUILD_FROM_CONTEXT,sim:SIM_LINEAR_FUNCTIONS_AND_GRAPHS,fp:bd69fd68,tier:M1"
"SAT_Math_questions.19","19","math-v6-19","full_section","MATH19-M1-Q11","MATH","1","base","11","Problem-Solving and Data Analysis","Percentages","PSD_PCT_001","Compute a percent of a whole or identify percent from part/whole","Compute a percent of a whole or identify percent from part/whole","M1","1","multiple_choice","","What is 35% of 240?","84","72","80","96","A","1","35% of 240 is 0.35(240) = 84.","65","none","{}","","","","","","compute a percent of a whole or identify percent from part/whole","","math,domain:Problem-Solving and Data Analysis,skill:PSD_PCT_001,arch:MATH_ARCH_042_PERCENT_OF_WHOLE,sim:SIM_PERCENT_RELATIONSHIPS,fp:2f5e2f5f,tier:M1"
"SAT_Math_questions.19","19","math-v6-19","full_section","MATH19-M1-Q12","MATH","1","base","12","Advanced Math","Equivalent Expressions","ADV_EE_002","Simplify radicals and rational exponents","Simplify radicals and rational exponents","M2","1","multiple_choice","","Which expression is equivalent to sqrt(72)?","12sqrt(2)","6sqrt(2)","3sqrt(8)","36sqrt(2)","B","2","Since 72 = 36 * 2, sqrt(72) = sqrt(36)sqrt(2) = 6sqrt(2).","80","none","{}","","","","","","simplify radicals and rational exponents","","math,domain:Advanced Math,skill:ADV_EE_002,arch:MATH_ARCH_068_RADICAL_SIMPLIFY,sim:SIM_EXPONENT_RADICALS,fp:74293cd8,tier:M1"
"SAT_Math_questions.19","19","math-v6-19","full_section","MATH19-M1-Q13","MATH","1","base","13","Algebra","Systems of Equations","ALG_SYS_002","Solve a 2x2 linear system by elimination","Solve a 2x2 linear system by elimination","M2","1","student_response","","The system x + y = 13 and x - y = 5 has solution (x, y). What is the value of x?","","","","","","","Add the two equations to get 2x = 18. Therefore, x = 9.","90","none","{}","","","integer","9","0","solve a 2x2 linear system by elimination","","math,domain:Algebra,skill:ALG_SYS_002,arch:MATH_ARCH_016_SYSTEM_SOLVE_ELIMINATION,sim:SIM_LINEAR_SYSTEMS,fp:e446a46e,tier:M2"
"SAT_Math_questions.19","19","math-v6-19","full_section","MATH19-M1-Q14","MATH","1","base","14","Problem-Solving and Data Analysis","Statistics","PSD_STAT_002","Find median interval/value from frequency table","Find median interval/value from frequency table","M2","1","multiple_choice","","The table shows the frequencies of scores on a quiz. What is the median score?","70","85","90","80","D","4","There are 10 scores. In order, the 5th and 6th scores are both 80, so the median is 80.","95","table","{}","| Score | Frequency |\n|---:|---:|\n| 70 | 2 |\n| 80 | 5 |\n| 90 | 3 |","","","","","find median interval/value from frequency table","","math,domain:Problem-Solving and Data Analysis,skill:PSD_STAT_002,arch:MATH_ARCH_052_MEDIAN_FROM_FREQUENCY,sim:SIM_STATISTICS_CENTER_SPREAD,fp:c1f4d3e2,tier:M2"
"SAT_Math_questions.19","19","math-v6-19","full_section","MATH19-M1-Q15","MATH","1","base","15","Advanced Math","Equivalent Expressions","ADV_EE_004","Factor polynomial expression","Factor polynomial expression","M2","1","multiple_choice","","Which expression is equivalent to x^2 + 7x + 12?","(x + 2)(x + 6)","(x - 3)(x - 4)","(x + 1)(x + 12)","(x + 3)(x + 4)","D","4","The numbers 3 and 4 have product 12 and sum 7, so x^2 + 7x + 12 = (x + 3)(x + 4).","80","none","{}","","","","","","factor polynomial expression","","math,domain:Advanced Math,skill:ADV_EE_004,arch:MATH_ARCH_071_POLYNOMIAL_FACTOR,sim:SIM_POLYNOMIAL_RATIONAL_EXPRESSIONS,fp:5d3a54fd,tier:M2"
"SAT_Math_questions.19","19","math-v6-19","full_section","MATH19-M1-Q16","MATH","1","base","16","Algebra","Linear Equations","ALG_LE_007","Find greatest or least expression value from a linear inequality","Find greatest or least expression value from a linear inequality","M2","1","student_response","","If 4x - 9 <= 23, what is the greatest integer value of x?","","","","","","","Add 9 to get 4x <= 32, so x <= 8. The greatest integer value is 8.","85","none","{}","","","integer","8","0","find greatest or least expression value from a linear inequality","","math,domain:Algebra,skill:ALG_LE_007,arch:MATH_ARCH_024_INEQUALITY_GREATEST_LEAST_VALUE,sim:SIM_LINEAR_EQUATIONS_AND_INEQUALITIES,fp:77d78857,tier:M2"
"SAT_Math_questions.19","19","math-v6-19","full_section","MATH19-M1-Q17","MATH","1","base","17","Geometry and Trigonometry","Triangles","GEO_TRI_002","Find angle measures using triangle angle sum and exterior angle","Find angle measures using triangle angle sum and exterior angle","H1","1","multiple_choice","","In triangle ABC, the angle measures are 2x degrees, 3x degrees, and 40 degrees. What is the measure, in degrees, of the largest angle?","56","68","84","96","C","3","The angle sum is 180 degrees, so 2x + 3x + 40 = 180. Thus x = 28, and the largest angle is 3x = 84 degrees.","100","triangle","{""diagram_type"":""triangle"",""render_mode"":""near_to_scale"",""not_to_scale"":true,""vertices"":[""A"",""B"",""C""],""angle_labels"":{""A"":""2x°"",""B"":""3x°"",""C"":""40°""},""target"":""angle B""}","","","","","","find angle measures using triangle angle sum and exterior angle","","math,domain:Geometry and Trigonometry,skill:GEO_TRI_002,arch:MATH_ARCH_085_TRIANGLE_ANGLE_SUM,sim:SIM_TRIANGLE_ANGLE_RELATIONSHIPS,fp:e42bbce3,tier:M1"
"SAT_Math_questions.19","19","math-v6-19","full_section","MATH19-M1-Q18","MATH","1","base","18","Advanced Math","Equivalent Expressions","ADV_EE_007","Add, subtract, or multiply complex numbers","Add, subtract, or multiply complex numbers","H1","1","multiple_choice","","What is the product (3 + 2i)(1 - 4i)?","11 - 10i","-5 - 10i","11 + 10i","-5 + 10i","A","1","Expand: 3 - 12i + 2i - 8i^2. Since i^2 = -1, this is 3 - 10i + 8 = 11 - 10i.","90","none","{}","","","","","","add, subtract, or multiply complex numbers","","math,domain:Advanced Math,skill:ADV_EE_007,arch:MATH_ARCH_082_COMPLEX_ARITHMETIC,sim:SIM_COMPLEX_NUMBERS,fp:2ec48dd7,tier:M1"
"SAT_Math_questions.19","19","math-v6-19","full_section","MATH19-M1-Q19","MATH","1","base","19","Geometry and Trigonometry","Triangles","GEO_TRI_003","Use Pythagorean theorem in right triangle","Use Pythagorean theorem in right triangle","H1","1","multiple_choice","","A right triangle has legs of lengths 9 and 12. What is the length of its hypotenuse?","13","18","15","21","C","3","By the Pythagorean theorem, the hypotenuse is sqrt(9^2 + 12^2) = sqrt(225) = 15.","85","none","{}","","","","","","use Pythagorean theorem in right triangle","","math,domain:Geometry and Trigonometry,skill:GEO_TRI_003,arch:MATH_ARCH_086_PYTHAGOREAN_THEOREM,sim:SIM_RIGHT_TRIANGLE_PYTHAGOREAN,fp:f2936f5d,tier:M1"
"SAT_Math_questions.19","19","math-v6-19","full_section","MATH19-M1-Q20","MATH","1","base","20","Algebra","Systems of Equations","ALG_SYS_003","Solve a 2x2 linear system by substitution","Solve a 2x2 linear system by substitution","H2","1","multiple_choice","","The system y = 2x + 1 and 3x + y = 16 has solution (x, y). What is the value of y?","5","7","6","9","B","2","Substitute y = 2x + 1 into 3x + y = 16 to get 5x + 1 = 16, so x = 3. Then y = 2(3) + 1 = 7.","100","none","{}","","","","","","solve a 2x2 linear system by substitution","","math,domain:Algebra,skill:ALG_SYS_003,arch:MATH_ARCH_017_SYSTEM_SOLVE_SUBSTITUTION,sim:SIM_LINEAR_SYSTEMS,fp:fde987ff,tier:M2"
"SAT_Math_questions.19","19","math-v6-19","full_section","MATH19-M1-Q21","MATH","1","base","21","Problem-Solving and Data Analysis","Percentages","PSD_PCT_002","Compute percent increase or decrease","Compute percent increase or decrease","H1","1","student_response","","The price of a jacket increased from $80 to $92. What was the percent increase?","","","","","","","The increase was 92 - 80 = 12 dollars. The percent increase was 12/80 * 100 = 15.","90","none","{}","","","integer","15","0","compute percent increase or decrease","","math,domain:Problem-Solving and Data Analysis,skill:PSD_PCT_002,arch:MATH_ARCH_043_PERCENT_CHANGE,sim:SIM_PERCENT_RELATIONSHIPS,fp:242e54b7,tier:M2"
"SAT_Math_questions.19","19","math-v6-19","full_section","MATH19-M1-Q22","MATH","1","base","22","Geometry and Trigonometry","Circles","GEO_CIRC_001","Use circle area and circumference formulas","Use circle area and circumference formulas","H2","1","student_response","","A circle has circumference 18pi. What is the radius of the circle?","","","","","","","The circumference formula is C = 2pi r. Since 18pi = 2pi r, r = 9.","80","none","{}","","","integer","9","0","use circle area and circumference formulas","","math,domain:Geometry and Trigonometry,skill:GEO_CIRC_001,arch:MATH_ARCH_091_CIRCLE_AREA_CIRCUMFERENCE,sim:SIM_CIRCLE_MEASUREMENTS,fp:9d473f10,tier:M1"
"SAT_Math_questions.19","19","math-v6-19","full_section","MATH19-M2-Q01","MATH","2","hard","1","Algebra","Linear Equations","ALG_LE_004","Rearrange a formula to isolate a variable","Rearrange a formula to isolate a variable","M2","1","multiple_choice","","The formula P = 2a + 3b gives P in terms of a and b. Which expression gives a in terms of P and b?","(P + 3b)/2","P - 3b/2","(P - 3b)/2","(P - 2b)/3","C","3","Subtract 3b from both sides to get P - 3b = 2a. Divide by 2 to get a = (P - 3b)/2.","95","none","{}","","","","","","rearrange a formula to isolate a variable","","math,domain:Algebra,skill:ALG_LE_004,arch:MATH_ARCH_013_FORMULA_REARRANGE_SINGLE_VARIABLE,sim:SIM_LINEAR_EQUATIONS_AND_INEQUALITIES,fp:e060dc30,tier:M1"
"SAT_Math_questions.19","19","math-v6-19","full_section","MATH19-M2-Q02","MATH","2","hard","2","Advanced Math","Nonlinear Functions","ADV_NF_009","Solve quadratic equation by factoring","Solve quadratic equation by factoring","M2","1","student_response","","The equation x^2 - 9x + 20 = 0 has two solutions. What is the larger solution?","","","","","","","Factor the quadratic as (x - 4)(x - 5) = 0. The solutions are 4 and 5, so the larger solution is 5.","90","none","{}","","","integer","5","0","solve quadratic equation by factoring","","math,domain:Advanced Math,skill:ADV_NF_009,arch:MATH_ARCH_075_QUADRATIC_SOLVE_FACTOR,sim:SIM_QUADRATIC_SOLVING,fp:c0872464,tier:M2"
"SAT_Math_questions.19","19","math-v6-19","full_section","MATH19-M2-Q03","MATH","2","hard","3","Problem-Solving and Data Analysis","Percentages","PSD_PCT_003","Compute net effect of successive percent changes","Compute net effect of successive percent changes","M2","1","multiple_choice","","A quantity is increased by 20% and then the result is decreased by 25%. Compared with the original quantity, what is the net percent change?","5% decrease","0% change","10% decrease","10% increase","C","3","The successive changes multiply the original by 1.20 * 0.75 = 0.90. The final quantity is 90% of the original, a 10% decrease.","105","none","{}","","","","","","compute net effect of successive percent changes","","math,domain:Problem-Solving and Data Analysis,skill:PSD_PCT_003,arch:MATH_ARCH_044_SUCCESSIVE_PERCENT_CHANGE,sim:SIM_PERCENT_RELATIONSHIPS,fp:78af0cf9,tier:H2"
"SAT_Math_questions.19","19","math-v6-19","full_section","MATH19-M2-Q04","MATH","2","hard","4","Algebra","Systems of Equations","ALG_SYS_004","Combine equations to solve directly for x+y or a linear combination","Combine equations to solve directly for x+y or a linear combination","H1","1","multiple_choice","","For the system 2x + 3y = 19 and 4x - 3y = 17, what is the value of x + y?","6","25/3","7","28/3","B","2","Add the equations to get 6x = 36, so x = 6. Then 2(6) + 3y = 19, so y = 7/3. Thus x + y = 6 + 7/3 = 25/3.","115","none","{}","","","","","","combine equations to solve directly for x+y or a linear combination","","math,domain:Algebra,skill:ALG_SYS_004,arch:MATH_ARCH_018_SYSTEM_SUM_DIRECT,sim:SIM_LINEAR_SYSTEMS,fp:ca736750,tier:H2"
"SAT_Math_questions.19","19","math-v6-19","full_section","MATH19-M2-Q05","MATH","2","hard","5","Advanced Math","Nonlinear Functions","ADV_NF_007","Solve rational equation and reject excluded values","Solve rational equation and reject excluded values","H1","1","multiple_choice","","For x != 3, what value of x satisfies (x + 1)/(x - 3) = 2?","3","5","9","7","D","4","Multiply both sides by x - 3: x + 1 = 2x - 6. Solving gives x = 7, which is allowed because x is not 3.","95","none","{}","","","","","","solve rational equation and reject excluded values","","math,domain:Advanced Math,skill:ADV_NF_007,arch:MATH_ARCH_073_RATIONAL_EQUATION_SOLVE,sim:SIM_RATIONAL_EQUATIONS,fp:73121318,tier:H3"
"SAT_Math_questions.19","19","math-v6-19","full_section","MATH19-M2-Q06","MATH","2","hard","6","Problem-Solving and Data Analysis","Probability","PSD_PROB_002","Compute conditional probability from a table subset","Compute conditional probability from a table subset","H1","1","multiple_choice","","The table classifies students by grade and whether they play a sport. If a student who plays a sport is selected, what is the probability that the student is in grade 12?","7/30","7/16","14/60","8/15","B","2","Among students who play a sport, there are 18 + 14 = 32 students. Of these, 14 are in grade 12, so the probability is 14/32 = 7/16.","110","table","{}","| Grade | Plays sports | Does not play sports |\n|---|---:|---:|\n| 11 | 18 | 12 |\n| 12 | 14 | 16 |","","","","","compute conditional probability from a table subset","","math,domain:Problem-Solving and Data Analysis,skill:PSD_PROB_002,arch:MATH_ARCH_050_CONDITIONAL_PROBABILITY_TABLE,sim:SIM_PROBABILITY_TABLES,fp:3cfa6734,tier:H3"
"SAT_Math_questions.19","19","math-v6-19","full_section","MATH19-M2-Q07","MATH","2","hard","7","Algebra","Systems of Equations","ALG_SYS_006","Find parameter value that makes two linear equations parallel","Find parameter value that makes two linear equations parallel","H1","1","multiple_choice","","For what value of k does the system 4x + ky = 8 and 2x + 3y = 5 have no solution?","6","3","4","8","A","1","For no solution, the left-side coefficients must be proportional while the constants are not. Since 4/2 = 2, k/3 must equal 2, so k = 6. The constants have ratio 8/5, not 2, so the lines are parallel and distinct.","120","none","{}","","","","","","find parameter value that makes two linear equations parallel","","math,domain:Algebra,skill:ALG_SYS_006,arch:MATH_ARCH_020_SYSTEM_NO_SOLUTION_PARAMETER,sim:SIM_LINEAR_SYSTEMS,fp:78207c67,tier:H3"
"SAT_Math_questions.19","19","math-v6-19","full_section","MATH19-M2-Q08","MATH","2","hard","8","Advanced Math","Nonlinear Functions","ADV_NF_004","Evaluate nested or composed functions","Evaluate nested or composed functions","H1","1","multiple_choice","","Let f(x) = x^2 - 1 and g(x) = 2x + 3. What is f(g(2))?","24","48","35","49","B","2","First find g(2) = 2(2) + 3 = 7. Then f(7) = 7^2 - 1 = 48.","90","none","{}","","","","","","evaluate nested or composed functions","","math,domain:Advanced Math,skill:ADV_NF_004,arch:MATH_ARCH_065_FUNCTION_COMPOSITION,sim:SIM_FUNCTION_NOTATION_AND_VALUES,fp:03e4bc94,tier:H2"
"SAT_Math_questions.19","19","math-v6-19","full_section","MATH19-M2-Q09","MATH","2","hard","9","Geometry and Trigonometry","Triangles","GEO_TRI_006","Use similar triangles and scale factors","Use similar triangles and scale factors","H1","1","multiple_choice","","Triangles ABC and DEF are similar with correspondence A to D, B to E, and C to F. If AB = 6, BC = 8, DE = 9, and EF = x, what is x?","10","12","13.5","15","B","2","The scale factor from triangle ABC to triangle DEF is DE/AB = 9/6 = 3/2. Since EF corresponds to BC, x = 8 * 3/2 = 12.","120","triangle","{""diagram_type"":""similar_triangles"",""render_mode"":""near_to_scale"",""not_to_scale"":true,""triangles"":[{""triangle_id"":""ABC"",""vertices"":[""A"",""B"",""C""],""side_labels"":{""AB"":""6"",""BC"":""8"",""AC"":""10""},""angle_labels"":{}},{""triangle_id"":""DEF"",""vertices"":[""D"",""E"",""F""],""side_labels"":{""DE"":""9"",""EF"":""x"",""DF"":""15""},""angle_labels"":{}}],""correspondence"":{""A"":""D"",""B"":""E"",""C"":""F""},""target"":""EF""}","","","","","","use similar triangles and scale factors","","math,domain:Geometry and Trigonometry,skill:GEO_TRI_006,arch:MATH_ARCH_089_SIMILAR_TRIANGLES_SCALE,sim:SIM_SIMILAR_TRIANGLES,fp:ceed2c43,tier:H3"
"SAT_Math_questions.19","19","math-v6-19","full_section","MATH19-M2-Q10","MATH","2","hard","10","Algebra","Systems of Equations","ALG_SYS_008","Find maximum possible coordinate from two linear inequalities","Find maximum possible coordinate from two linear inequalities","H2","1","student_response","","The values of x and y satisfy x + y <= 18, y >= 5, and x <= 10. What is the greatest possible value of x?","","","","","","","The constraint x <= 10 gives an upper bound of 10. This value is possible because with x = 10 and y = 5, x + y = 15 <= 18. Therefore, the greatest possible x is 10.","110","none","{}","","","integer","10","0","find maximum possible coordinate from two linear inequalities","","math,domain:Algebra,skill:ALG_SYS_008,arch:MATH_ARCH_027_SYSTEM_INEQUALITIES_MAX_COORDINATE,sim:SIM_LINEAR_SYSTEMS,fp:80bffbc6,tier:H2"
"SAT_Math_questions.19","19","math-v6-19","full_section","MATH19-M2-Q11","MATH","2","hard","11","Advanced Math","Nonlinear Functions","ADV_NF_011","Complete the square to find vertex or solve","Complete the square to find vertex or solve","H2","1","multiple_choice","","Which form of x^2 - 10x + 18 shows the vertex of the graph y = x^2 - 10x + 18?","(x - 5)^2 + 18","(x + 5)^2 - 7","(x - 5)^2 - 7","(x - 10)^2 + 18","C","3","Complete the square: x^2 - 10x + 18 = (x - 5)^2 - 25 + 18 = (x - 5)^2 - 7.","115","none","{}","","","","","","complete the square to find vertex or solve","","math,domain:Advanced Math,skill:ADV_NF_011,arch:MATH_ARCH_077_QUADRATIC_COMPLETE_SQUARE,sim:SIM_QUADRATIC_FEATURES,fp:975fa6bd,tier:H3"
"SAT_Math_questions.19","19","math-v6-19","full_section","MATH19-M2-Q12","MATH","2","hard","12","Geometry and Trigonometry","Circles","GEO_CIRC_002","Find arc length or sector area from central angle","Find arc length or sector area from central angle","H2","1","multiple_choice","","A sector of a circle has radius 10 and central angle 72 degrees. What is the area of the sector?","10pi","40pi","72pi","20pi","D","4","The sector is 72/360 = 1/5 of the circle. The area is (1/5)pi(10^2) = 20pi.","115","none","{}","","","","","","find arc length or sector area from central angle","","math,domain:Geometry and Trigonometry,skill:GEO_CIRC_002,arch:MATH_ARCH_092_CIRCLE_ARC_SECTOR,sim:SIM_CIRCLE_MEASUREMENTS,fp:5e187f36,tier:H3"
"SAT_Math_questions.19","19","math-v6-19","full_section","MATH19-M2-Q13","MATH","2","hard","13","Algebra","Linear Equations","ALG_LE_005","Solve a literal equation with parameters in terms of other variables","Solve a literal equation with parameters in terms of other variables","H2","1","multiple_choice","","If ax - b = cx + d and a != c, which expression is equal to x?","(b + d)/(a - c)","(b - d)/(a - c)","(b + d)/(a + c)","(d - b)/(a - c)","A","1","Move the x-terms to one side and constants to the other: ax - cx = b + d. Thus (a - c)x = b + d, so x = (b + d)/(a - c).","120","none","{}","","","","","","solve a literal equation with parameters in terms of other variables","","math,domain:Algebra,skill:ALG_LE_005,arch:MATH_ARCH_014_LITERAL_EQUATION_PARAMETER,sim:SIM_LINEAR_EQUATIONS_AND_INEQUALITIES,fp:0e189dba,tier:H3"
"SAT_Math_questions.19","19","math-v6-19","full_section","MATH19-M2-Q14","MATH","2","hard","14","Advanced Math","Nonlinear Functions","ADV_NF_010","Use quadratic formula to solve or analyze roots","Use quadratic formula to solve or analyze roots","H2","1","multiple_choice","","For what positive value of k does the equation x^2 - kx + 36 = 0 have exactly one real solution?","6","18","24","12","D","4","A quadratic has exactly one real solution when its discriminant is 0. Here, k^2 - 4(1)(36) = 0, so k^2 = 144. The positive value is k = 12.","120","none","{}","","","","","","use quadratic formula to solve or analyze roots","","math,domain:Advanced Math,skill:ADV_NF_010,arch:MATH_ARCH_076_QUADRATIC_SOLVE_FORMULA,sim:SIM_QUADRATIC_SOLVING,fp:3b9ffb1a,tier:H3"
"SAT_Math_questions.19","19","math-v6-19","full_section","MATH19-M2-Q15","MATH","2","hard","15","Problem-Solving and Data Analysis","Data Interpretation","PSD_DATA_003","Use a line of best fit to estimate or predict","Use a line of best fit to estimate or predict","H2","1","multiple_choice","","A line of best fit for a data set is y = 4.5x + 12, where x is the number of hours studied and y is the predicted score increase. What score increase does the model predict for 8 hours studied?","36","44","52","48","D","4","Substitute x = 8 into the model: y = 4.5(8) + 12 = 36 + 12 = 48.","100","scatter_plot","{""diagram_type"":""scatter_plot"",""render_mode"":""near_to_scale"",""not_to_scale"":true,""x_min"":0,""x_max"":10,""y_min"":0,""y_max"":60,""x_label"":""Hours studied"",""y_label"":""Score increase"",""grid"":true,""points"":[[1,15],[2,20],[4,30],[6,39],[8,48]],""model"":""y = 4.5x + 12"",""line_of_best_fit"":true,""target"":""prediction at x = 8""}","","","","","","use a line of best fit to estimate or predict","","math,domain:Problem-Solving and Data Analysis,skill:PSD_DATA_003,arch:MATH_ARCH_061_SCATTERPLOT_LINE_OF_BEST_FIT,sim:SIM_DATA_GRAPH_INTERPRETATION,fp:a0437df3,tier:H3"
"SAT_Math_questions.19","19","math-v6-19","full_section","MATH19-M2-Q16","MATH","2","hard","16","Algebra","Systems of Equations","ALG_SYS_007","Find parameter value that makes two equations equivalent","Find parameter value that makes two equations equivalent","H2","1","multiple_choice","","For what value of k does the system 6x + 9y = 15 and 2x + ky = 5 have infinitely many solutions?","2","4.5","3","6","C","3","For infinitely many solutions, the equations must be equivalent. Multiplying 2x + ky = 5 by 3 gives 6x + 3ky = 15, so 3k = 9 and k = 3.","120","none","{}","","","","","","find parameter value that makes two equations equivalent","","math,domain:Algebra,skill:ALG_SYS_007,arch:MATH_ARCH_021_SYSTEM_INFINITE_SOLUTIONS_PARAMETER,sim:SIM_LINEAR_SYSTEMS,fp:8a39a6fb,tier:H3"
"SAT_Math_questions.19","19","math-v6-19","full_section","MATH19-M2-Q17","MATH","2","hard","17","Advanced Math","Nonlinear Functions","ADV_NF_006","Solve radical equation and check extraneous solution","Solve radical equation and check extraneous solution","H3","1","multiple_choice","","What is the solution to sqrt(x + 5) = x - 1?","4","-1","1","5","A","1","Squaring gives x + 5 = (x - 1)^2 = x^2 - 2x + 1, so x^2 - 3x - 4 = 0. The candidates are x = 4 and x = -1. Checking in the original equation, only x = 4 works.","130","none","{}","","","","","","solve radical equation and check extraneous solution","","math,domain:Advanced Math,skill:ADV_NF_006,arch:MATH_ARCH_069_RADICAL_EQUATION_EXTRANEOUS,sim:SIM_EXPONENT_RADICALS,fp:e3ad0f50,tier:H3"
"SAT_Math_questions.19","19","math-v6-19","full_section","MATH19-M2-Q18","MATH","2","hard","18","Geometry and Trigonometry","Trigonometry","GEO_TRIG_004","Use benchmark unit-circle values","Use benchmark unit-circle values","H3","1","multiple_choice","","What is the value of sin(pi/6) + cos(pi/3)?","0","sqrt(3)/2","1","2","C","3","sin(pi/6) = 1/2 and cos(pi/3) = 1/2. Their sum is 1.","90","none","{}","","","","","","use benchmark unit-circle values","","math,domain:Geometry and Trigonometry,skill:GEO_TRIG_004,arch:MATH_ARCH_098_UNIT_CIRCLE_BENCHMARK,sim:SIM_TRIGONOMETRY_RELATIONSHIPS,fp:8a3004ec,tier:H3"
"SAT_Math_questions.19","19","math-v6-19","full_section","MATH19-M2-Q19","MATH","2","hard","19","Algebra","Systems of Equations","ALG_SYS_010","Translate multi-constraint budget/resource situation into inequalities","Translate multi-constraint budget/resource situation into inequalities","H3","1","multiple_choice","","A theater sells adult tickets for $12 each and child tickets for $8 each. A group will buy at least 15 tickets and spend no more than $160. If a is the number of adult tickets and c is the number of child tickets, which system represents the situation?","a + c <= 15 and 12a + 8c >= 160","a + c >= 15 and 12a + 8c <= 160","a + c >= 160 and 12a + 8c <= 15","12a + 8c >= 15 and a + c <= 160","B","2","At least 15 tickets means a + c >= 15. Spending no more than $160 means 12a + 8c <= 160.","115","none","{}","","","","","","translate multi-constraint budget/resource situation into inequalities","","math,domain:Algebra,skill:ALG_SYS_010,arch:MATH_ARCH_030_BUDGET_SYSTEM_INEQUALITIES,sim:SIM_LINEAR_SYSTEMS,fp:de3d8cde,tier:H2"
"SAT_Math_questions.19","19","math-v6-19","full_section","MATH19-M2-Q20","MATH","2","hard","20","Advanced Math","Nonlinear Functions","ADV_NF_015","Find imaginary solutions of a quadratic equation","Find imaginary solutions of a quadratic equation","H3","1","student_response","","The equation x^2 + 16 = 0 has solutions x = ai and x = -ai, where a is positive. What is a?","","","","","","","From x^2 + 16 = 0, x^2 = -16, so x = ±4i. Therefore a = 4.","100","none","{}","","","integer","4","0","find imaginary solutions of a quadratic equation","","math,domain:Advanced Math,skill:ADV_NF_015,arch:MATH_ARCH_083_COMPLEX_QUADRATIC_ROOTS,sim:SIM_QUADRATIC_SOLVING,fp:93bc776c,tier:H2"
"SAT_Math_questions.19","19","math-v6-19","full_section","MATH19-M2-Q21","MATH","2","hard","21","Geometry and Trigonometry","Area","GEO_AREA_001","Compute surface area of prism/cylinder or composite solid","Compute surface area of prism/cylinder or composite solid","H3","1","multiple_choice","","A closed right circular cylinder has radius 3 and height 10. What is its total surface area?","60pi","78pi","69pi","90pi","B","2","The total surface area is 2pi r^2 + 2pi rh. With r = 3 and h = 10, this is 2pi(9) + 2pi(3)(10) = 18pi + 60pi = 78pi.","120","none","{}","","","","","","compute surface area of prism/cylinder or composite solid","","math,domain:Geometry and Trigonometry,skill:GEO_AREA_001,arch:MATH_ARCH_100_SOLID_SURFACE_AREA,sim:SIM_SOLID_MEASUREMENT,fp:44e2c3af,tier:H3"
"SAT_Math_questions.19","19","math-v6-19","full_section","MATH19-M2-Q22","MATH","2","hard","22","Advanced Math","Nonlinear Functions","ADV_NF_001","Determine parameters for a line and parabola system with two real solutions","Determine parameters for a line and parabola system with two real solutions","H3","1","multiple_choice","","The graphs of y = x^2 - 6x + 14 and y = k intersect at two distinct points. Which condition on k must be true?","k > 5","k = 5","k < 5","k > 14","A","1","Set x^2 - 6x + 14 = k. The discriminant is (-6)^2 - 4(1)(14 - k) = 4k - 20. For two distinct real intersections, 4k - 20 > 0, so k > 5.","140","none","{}","","","","","","determine parameters for a line and parabola system with two real solutions","","math,domain:Advanced Math,skill:ADV_NF_001,arch:MATH_ARCH_022_SYSTEM_QUADRATIC_LINE_TWO_SOLUTIONS,sim:SIM_QUADRATIC_SOLVING,fp:eb1bc070,tier:H3"