"test_id","exam_version","generation_batch_id","target_score_band","question_id","section","module","route","question_number","content_domain","skill_group","skill_code","skill_label","question_topic","difficulty","scoring_weight","question_type","passage","question","choice_a","choice_b","choice_c","choice_d","correct_answer","correct_choice_index","explanation","time_estimate_sec","visual_type","visual_json","table_markdown","equation_latex","student_response_type","correct_numeric_answer","answer_tolerance","primary_skill","secondary_skill","tags"
"SAT_RW_44","RW.44","RW44","1200-1600","SAT_RW_44_M1_Q01","RW","1","base","1","Craft and Structure","Words in Context","RW_WIC_002","Determine meaning or function of a word/phrase in context","contextual_meaning","Easy","1","multiple_choice","Biologists tracking a coastal tern colony recorded every nest failure during two breeding seasons. Because storms destroyed several monitoring cameras, the researchers avoided making broad claims about the entire colony. They did, however, note that nests sheltered by low dunes survived more often than exposed nests. In their report, the team reserved its strongest conclusion until a third season of observations could confirm that the pattern was not a short-lived effect of unusual weather. The missing camera footage also prevented the team from comparing all nesting sites equally.","Which choice best states the meaning of “reserved” as used in the text?","booked for a particular use","protected from outside interference","expressed with formal politeness","held back for later consideration","D","4","“Reserved” means that the researchers withheld their strongest conclusion until more evidence was available. The other choices reflect common senses of the word but do not fit the report-writing context.","75","none","{}","","","","","","Words in Context","","rw,passage:R123,arch:RW_WIC_002,sim:rw_words_in_context_purpose_sentence,fp:d8623d533dbbf4b8,surf:SURF_RW_WIC_002,wic,hard_vocab,vocab:HV_018,tier:V3,target:reserve,wic_family:direct_meaning,wicarch:WIC_DIRECT_MEANING_01"
"SAT_RW_44","RW.44","RW44","1200-1600","SAT_RW_44_M1_Q02","RW","1","base","2","Craft and Structure","Words in Context","RW_WIC_007","Determine meaning or function of a word/phrase in context","claim_function","Medium","1","multiple_choice","A neighborhood survey found that residents who visited a new public plaza at least twice a week reported feeling more connected to nearby businesses. The survey did not track whether those residents already knew local shop owners, and participation was voluntary. For that reason, the analysts framed the finding as a promising association rather than proof that the plaza itself caused stronger commercial ties. They recommended a follow-up study that would compare residents’ attitudes before and after similar plazas opened.","In the text, the word “framed” mainly serves to do what?","Suggest that the analysts altered the survey data to make the plaza appear successful.","Indicate that the analysts placed the result within a physical display for residents to inspect.","Emphasize that the survey measured only the design and borders of the public plaza.","Present the survey result as a cautious interpretation rather than a settled causal conclusion.","D","4","The sentence uses “framed” to describe how the analysts characterized the finding. The limitations lead them to present it cautiously, not as causal proof.","75","none","{}","","","","","","Words in Context","","rw,passage:E131,arch:RW_WIC_007,sim:rw_words_in_context_verb_pronoun_agreement,fp:ed17784852e27e9e,surf:SURF_RW_WIC_007,wic,hard_vocab,vocab:HV_005,tier:V3,target:frame,wic_family:claim_function,wicarch:WIC_CLAIM_FUNCTION_01"
"SAT_RW_44","RW.44","RW44","1200-1600","SAT_RW_44_M1_Q03","RW","1","base","3","Craft and Structure","Words in Context","RW_WIC_005","Determine meaning or function of a word/phrase in context","contextual_meaning","Easy","1","multiple_choice","Engineers testing a new ceramic glaze fired identical tiles at three temperatures. At the lowest temperature, the surface remained rough; at the highest, the glaze ran toward the tile edges. The middle setting yielded a smooth finish on most samples without distorting their shapes. Although the team planned to test more colors, it selected the middle setting for the next production trial because that setting had produced the most consistent initial results. Repeating the trial helped the engineers separate a stable temperature effect from random variation among individual tiles.","As used in the text, “yielded” most nearly means","produced","surrendered","bent under pressure","allowed passage","A","1","In context, the middle setting “yielded” a smooth finish, meaning that it produced that result. The other options are different senses of “yield” that do not fit the experiment.","75","none","{}","","","","","","Words in Context","","rw,passage:R039,arch:RW_WIC_005,sim:rw_words_in_context_logical_link,fp:f4d1babe66b29445,surf:SURF_RW_WIC_005,wic,hard_vocab,vocab:HV_004,tier:V3,target:yield,wic_family:direct_meaning,wicarch:WIC_DIRECT_MEANING_01"
"SAT_RW_44","RW.44","RW44","1200-1600","SAT_RW_44_M1_Q04","RW","1","base","4","Craft and Structure","Text Structure and Purpose","RW_TSP_012","Analyze structure or purpose","overall_structure","Medium","1","multiple_choice","For years, biologists assumed that bright streetlights disrupted urban owls mainly by making the birds easier for predators to see. A new study paired light sensors with recordings of owl calls and counts of nocturnal insects. Owls called less often near bright lamps, but the decline closely tracked a drop in moth activity rather than changes in predator sightings. The researchers therefore propose that artificial light may affect the owls indirectly by reducing the availability of prey, though they caution that predation could still matter in some neighborhoods.","Which choice best describes the overall structure of the text?","It presents a common explanation, introduces evidence that complicates it, and offers a revised explanation with a qualification.","It lists several unrelated effects of streetlights and ranks them from least to most harmful.","It describes a research method, argues that the method was unreliable, and proposes abandoning the study.","It contrasts owl behavior in cities and forests before claiming that the two settings are essentially identical.","A","1","The text begins with the prevailing predation explanation, reports evidence linking owl calls to moth activity, and proposes an indirect prey-based explanation while preserving a limited role for predation.","75","none","{}","","","","","","Text Structure and Purpose","","rw,passage:R147,arch:RW_TSP_012,sim:rw_text_structure_and_purpose_cause_effect,fp:ed2094015b2b7340,surf:SURF_RW_TSP_012"
"SAT_RW_44","RW.44","RW44","1200-1600","SAT_RW_44_M1_Q05","RW","1","base","5","Craft and Structure","Text Structure and Purpose","RW_TSP_008","Analyze structure or purpose","narrative_structure","Medium","1","multiple_choice","Mara set the unopened letter beside the bread tin and began polishing the kitchen table, though the wood already shone. She straightened the chairs, folded the dish towel twice, and checked the clock each time the minute hand moved. Outside, the postman’s bicycle bell faded down the street. At last, Mara carried the letter to the window, where the afternoon light made the handwriting unmistakable. She smiled, not because she knew what the letter said, but because she had finally decided she was ready to read it.","How is the text mainly organized?","It alternates between Mara’s memories and the postman’s account of delivering the letter.","It follows Mara’s delaying actions before revealing the decision those actions help her reach.","It explains how Mara cleans the kitchen and then argues that polishing furniture is unnecessary.","It presents the contents of the letter first and then describes Mara’s surprise at receiving it.","B","2","The sequence of small chores shows Mara postponing the moment of reading. The final sentence reveals that the delay ends when she decides she is ready.","75","none","{}","","","","","","Text Structure and Purpose","","rw,passage:E021,arch:RW_TSP_008,sim:rw_text_structure_and_purpose_evidence_based_inference,fp:b622e078e64dbb69,surf:SURF_RW_TSP_008"
"SAT_RW_44","RW.44","RW44","1200-1600","SAT_RW_44_M1_Q06","RW","1","base","6","Craft and Structure","Text Structure and Purpose","RW_TSP_001","Analyze structure or purpose","example_function","Medium","1","multiple_choice","Seed banks preserve crop varieties that farmers may no longer grow widely, but their value is not limited to storing rare plants. When a new blight threatened potatoes in one Andean valley, breeders examined dozens of locally preserved varieties and found several with partial resistance. Crossing those plants with high-yield varieties produced lines that tolerated the disease better. The episode illustrates why maintaining genetic diversity can be practical: traits that seem unimportant under ordinary conditions may become useful when climates, pests, or farming needs change.","What is the main purpose of the example involving the Andean potato varieties?","To prove that every crop disease can be eliminated through crossbreeding","To explain why high-yield potato varieties are always less valuable than local varieties","To show that seed banks should preserve only plants with known disease resistance","To illustrate how preserved genetic diversity can provide useful traits when conditions change","D","4","The example supplies a concrete case in which stored variation became useful after a new disease appeared, supporting the broader claim about the practical value of genetic diversity.","75","none","{}","","","","","","Text Structure and Purpose","","rw,passage:R081,arch:RW_TSP_001,sim:rw_text_structure_and_purpose_purpose_sentence,fp:a99f1da959f74781,surf:SURF_RW_TSP_001"
"SAT_RW_44","RW.44","RW44","1200-1600","SAT_RW_44_M1_Q07","RW","1","base","7","Craft and Structure","Cross-Text Connections","RW_CTC_006","Compare claims across paired texts","qualification_relation","Medium","1","multiple_choice","Text 1: Cities seeking relief from summer heat should prioritize neighborhoods with the least tree canopy. Satellite maps can identify these areas quickly, and adding trees there can lower surface temperatures while distributing public investment more fairly. Because canopy percentage is easy to measure across an entire city, it offers officials a clear basis for deciding where planting funds should go. Text 2: Canopy percentage is useful, but it does not reveal when or where people actually receive shade. A block with several mature trees may still expose a bus stop to direct afternoon sun, while a block with fewer trees may shade its busiest sidewalk. Planting plans should therefore combine canopy maps with street-level observations of pedestrian routes and shade at different times of day.","Based on the texts, how would the author of Text 2 most likely respond to Text 1’s proposed use of canopy maps?","Canopy maps are too inaccurate to play any role in decisions about urban tree planting.","Neighborhoods with little canopy should receive less funding because young trees create almost no shade.","Canopy maps are a useful starting point, but they should be supplemented with observations of where people need shade.","Street-level observations are useful only after every neighborhood has reached the same canopy percentage.","C","3","Text 2 accepts canopy percentage as useful but argues that it cannot by itself show whether shade reaches people at relevant places and times.","90","none","{}","","","","","","Cross-Text Connections","","rw,passage:R030,arch:RW_CTC_006,sim:rw_cross_text_connections_paired_text_relation,fp:c37ed9d2fbc86289,surf:SURF_RW_CTC_006"
"SAT_RW_44","RW.44","RW44","1200-1600","SAT_RW_44_M1_Q08","RW","1","base","8","Information and Ideas","Central Ideas and Details","RW_CID_001","Identify main idea, key detail, or summary","main_claim","Medium","1","multiple_choice","Restoration crews often dig straight channels through damaged tidal marshes to move water efficiently. Ecologist Lena Ortiz’s team instead reopened several winding historical channels visible in old aerial photographs. Water moved more slowly through the restored bends, allowing sediment to settle and young marsh plants to establish. After two years, the winding-channel plots had denser vegetation and fewer eroded banks than nearby straight-channel plots. The researchers caution that storms and local soil conditions also influence outcomes, but they argue that channel shape deserves more attention in marsh restoration plans.","Which choice best states the central idea of the text?","Straight channels are always the primary cause of erosion in every tidal marsh.","Old aerial photographs are more reliable than current field measurements for planning restoration.","Storms have little effect on restored marshes once young plants become established.","Recreating winding historical channels may improve marsh restoration by slowing water and encouraging plant establishment.","D","4","The passage connects winding channels with slower water, sediment deposition, denser vegetation, and less erosion, while acknowledging other factors.","75","none","{}","","","","","","Central Ideas and Details","","rw,passage:R001,arch:RW_CID_001,sim:rw_central_ideas_and_details_main_claim,fp:8b66d51155e41a52,surf:SURF_RW_CID_001"
"SAT_RW_44","RW.44","RW44","1200-1600","SAT_RW_44_M1_Q09","RW","1","base","9","Information and Ideas","Central Ideas and Details","RW_CID_004","Identify main idea, key detail, or summary","best_summary","Medium","1","multiple_choice","When a new supermarket opened across the road, Mr. Ilyas considered replacing the hand-painted sign above his small grocery. The sign’s gold letters had faded, and one corner creaked in the wind. Yet customers still pointed to it when giving directions, and children recognized the painted orange before they could read. Mr. Ilyas hired a carpenter to reinforce the frame and a student artist to restore the color. He also added a small board below it listing online orders, preserving the old landmark while adapting the shop to a new way of serving customers.","Which choice best summarizes the text?","Mr. Ilyas removes an unsafe sign because customers can no longer recognize his store.","Mr. Ilyas updates his business while preserving a sign that remains meaningful to the community.","A supermarket hires a student artist to design a new sign for a nearby grocery.","Mr. Ilyas refuses to change any aspect of his grocery despite competition from a larger store.","B","2","Mr. Ilyas repairs the familiar sign and adds information about online orders, combining continuity with adaptation.","75","none","{}","","","","","","Central Ideas and Details","","rw,passage:E010,arch:RW_CID_004,sim:rw_central_ideas_and_details_cause_effect,fp:1bd26ee729c213b9,surf:SURF_RW_CID_004"
"SAT_RW_44","RW.44","RW44","1200-1600","SAT_RW_44_M1_Q10","RW","1","base","10","Information and Ideas","Command of Evidence","RW_COE_001","Use textual or quantitative evidence","quantitative_evidence","Medium","1","multiple_choice","Researchers planted flower strips of three widths beside otherwise similar vegetable plots. Each strip contained the same mix of flowering species, and observers counted bee visits during the same morning hours for six clear days. The researchers predicted that wider strips would attract more bees because they would present a larger, more visible patch of resources. The table reports the average number of visits per hour for each width. Other factors, such as nearby nesting sites, were not manipulated in this small trial.","Which choice most effectively uses data from the table to support the researchers’ prediction?","The 4-meter strips averaged 47 visits per hour, compared with 18 visits per hour for the 1-meter strips.","The 2-meter strips averaged 29 visits per hour, exactly twice the average for the 1-meter strips.","The 1-meter strips received more visits per hour than the 4-meter strips did.","All three strip widths received the same average number of bee visits per hour.","A","1","The predicted pattern is that wider strips receive more visits. The comparison between 47 visits for 4-meter strips and 18 for 1-meter strips directly supports that pattern.","90","table","{}","| Flower-strip width | Bee visits per hour |
|---|---:|
| 1 meter | 18 |
| 2 meters | 29 |
| 4 meters | 47 |","","","","","Command of Evidence","","rw,passage:R095,arch:RW_COE_001,sim:rw_command_of_evidence_supporting_detail,fp:d13d94ee26b44476,surf:SURF_RW_COE_001"
"SAT_RW_44","RW.44","RW44","1200-1600","SAT_RW_44_M1_Q11","RW","1","base","11","Information and Ideas","Command of Evidence","RW_COE_011","Use textual or quantitative evidence","supporting_finding","Medium","1","multiple_choice","A study compared two groups of students who spent the same total amount of time practicing unfamiliar vocabulary. One group completed all practice in a single evening; the other divided practice across four evenings. A week later, the second group recalled more words on average. The researchers concluded that spacing practice across several sessions can improve retention even when total practice time is unchanged. They noted, however, that the study did not determine the ideal interval between sessions. Both groups used the same word list and testing format.","Which additional finding would most directly support the researchers’ conclusion?","Students who studied longer in total tended to recall more words than students who studied for less time.","Students in both groups reported that some of the vocabulary words were familiar before the study.","Students in the spaced-practice group recalled more words even when both groups completed the same number of practice questions.","The single-evening group completed its final practice question earlier in the week than the spaced group did.","C","3","Holding the number of questions constant while the spaced group recalls more words strengthens the claim that spacing, rather than greater practice volume, improved retention.","75","none","{}","","","","","","Command of Evidence","","rw,passage:E058,arch:RW_COE_011,sim:rw_command_of_evidence_evidence_based_inference,fp:a780b2ca28ada085,surf:SURF_RW_COE_011"
"SAT_RW_44","RW.44","RW44","1200-1600","SAT_RW_44_M1_Q12","RW","1","base","12","Information and Ideas","Inferences","RW_INF_002","Draw supported conclusions","supported_inference","Medium","1","multiple_choice","Ceramic artist Jun Park noticed that bowls fired during humid summer weeks often developed tiny pinholes in their glaze. Rather than changing the glaze recipe immediately, Park extended the drying period before firing and kept the kiln schedule otherwise unchanged. The next batch had far fewer pinholes. Park then repeated the longer drying period on two additional humid weeks and observed the same improvement. He has not yet tested whether the adjustment matters during the dry winter season. The clay body and kiln loading pattern were also held constant across the repeated trials.","Which conclusion is most logically supported by the text?","During humid conditions, giving the bowls more time to dry may reduce glaze pinholes.","The glaze recipe is defective and should be replaced in every season.","Humidity has no relationship to the formation of pinholes in ceramic glaze.","Longer drying guarantees that no fired bowl will ever develop a surface flaw.","A","1","The repeated improvement after longer drying during humid weeks supports a cautious seasonal inference, not a universal guarantee or a claim about the glaze recipe.","75","none","{}","","","","","","Inferences","","rw,passage:R133,arch:RW_INF_002,sim:rw_inferences_cause_effect,fp:e06166ee62bc72a3,surf:SURF_RW_INF_002"
"SAT_RW_44","RW.44","RW44","1200-1600","SAT_RW_44_M1_Q13","RW","1","base","13","Information and Ideas","Inferences","RW_INF_010","Draw supported conclusions","practical_inference","Medium","1","multiple_choice","A public library kept one branch open until 10 p.m. for a three-month pilot. Evening visits rose steadily, but total weekly checkouts changed little. Short interviews showed that many late visitors used study tables, wireless internet, or job-search computers rather than borrowing books. The branch manager proposed continuing the extended hours during exam periods and months with high demand for employment services, while collecting more information about operating costs. Evening visitors also stayed longer on average than daytime visitors who came only to exchange materials.","What can most reasonably be inferred from the text?","The pilot failed because every library service must increase book checkouts to be worthwhile.","The value of the extended hours may lie partly in services that checkout totals do not capture.","Most evening visitors came only to return books they had borrowed earlier.","The branch manager has already decided to keep the library open late every night of the year.","B","2","Visits and use of study and computer resources increased even though checkouts did not, indicating that checkout counts alone miss some benefits of the pilot.","75","none","{}","","","","","","Inferences","","rw,passage:E072,arch:RW_INF_010,sim:rw_inferences_evidence_based_inference,fp:ea585fe3e28a0778,surf:SURF_RW_INF_010"
"SAT_RW_44","RW.44","RW44","1200-1600","SAT_RW_44_M1_Q14","RW","1","base","14","Information and Ideas","Inferences","RW_INF_001","Draw supported conclusions","character_inference","Medium","1","multiple_choice","Before giving Lena the old umbrella, Tomas replaced a missing button on its strap and rubbed oil into the stiff wooden handle. He tested the latch three times, then wrapped the umbrella in yesterday’s newspaper so that the repaired brass tip would not scratch. When Lena thanked him, Tomas shrugged and said that the forecast probably exaggerated the rain. Still, he waited by the doorway until she had opened the umbrella and stepped safely beneath it. He had made similar repairs to Lena’s bicycle light the previous winter without mentioning them afterward.","Which inference about Tomas is best supported by the text?","He believes the umbrella is too valuable for Lena to use outside.","He repairs objects mainly because he wants others to praise his craftsmanship.","He doubts that Lena can operate an umbrella without detailed instructions.","He expresses care through practical actions while downplaying his concern in words.","D","4","Tomas carefully repairs and protects the umbrella and watches Lena use it, even as he verbally minimizes the need for it.","75","none","{}","","","","","","Inferences","","rw,passage:R067,arch:RW_INF_001,sim:rw_inferences_contrast,fp:e8504c877f7c00eb,surf:SURF_RW_INF_001"
"SAT_RW_44","RW.44","RW44","1200-1600","SAT_RW_44_M1_Q15","RW","1","base","15","Standard English Conventions","Boundaries","SEC.BND","Boundaries","Punctuating two independent clauses","Easy","1","multiple_choice","The first sensor logged air temperature every minute _____ the second sensor recorded humidity on the same schedule. Together, the instruments gave the field team a synchronized record of changing conditions.","Which choice completes the text so that it conforms to the conventions of Standard English?",",",";",":","no punctuation","B","2","A semicolon correctly joins the two closely related independent clauses. A comma would create a comma splice, a colon is not warranted because the first clause does not introduce an explanation or list, and omitting punctuation would create a run-on sentence.","45","none","{}","","","","","","Boundaries","","rw,sec,grammar,arch:SEC-BND-001,sim:SEC.BND:sentence_boundary_semicolon:A. minimal-context version,fp:bfa4165c2930b2a5,ctx:CTX-GRM-001,tier:SEC1"
"SAT_RW_44","RW.44","RW44","1200-1600","SAT_RW_44_M1_Q16","RW","1","base","16","Standard English Conventions","Boundaries","SEC.BND","Boundaries","Introductory dependent clauses","Medium","1","multiple_choice","Although the original museum map omitted the small courtyard _____ found its stone foundation during a later inspection. They then added the courtyard to the revised plan.","Which choice completes the text so that it conforms to the conventions of Standard English?","; the surveyors",": the surveyors",", the surveyors","the surveyors","C","3","An introductory dependent clause beginning with “Although” must be followed by a comma before the independent clause. A semicolon or colon cannot follow a dependent clause here, and omitting punctuation would blur the clause boundary.","45","none","{}","","","","","","Boundaries","","rw,sec,grammar,arch:SEC-BND-016,sim:SEC.BND:introductory_subordinate_clause:A. minimal-context version,fp:1a2c0a99037d630a,ctx:CTX-GRM-002,tier:SEC2"
"SAT_RW_44","RW.44","RW44","1200-1600","SAT_RW_44_M1_Q17","RW","1","base","17","Standard English Conventions","Boundaries","SEC.BND","Boundaries","Nonessential appositive information","Medium","1","multiple_choice","The lead curator, a specialist in early printing _____ the newly donated pamphlets before the exhibit opened. Her expertise helped the team identify several unusual typefaces.","Which choice completes the text so that it conforms to the conventions of Standard English?","; reviewed",": reviewed","reviewed",", reviewed","D","4","The phrase “a specialist in early printing” is a nonessential appositive already opened by a comma, so a matching comma must close it. The other choices do not correctly pair the punctuation around the appositive.","45","none","{}","","","","","","Boundaries","","rw,sec,grammar,arch:SEC-BND-027,sim:SEC.BND:nonessential_appositive:B. internal punctuation nearby,fp:9bf727e83b6c53e8,ctx:CTX-GRM-007,tier:SEC2"
"SAT_RW_44","RW.44","RW44","1200-1600","SAT_RW_44_M1_Q18","RW","1","base","18","Standard English Conventions","Boundaries","SEC.BND","Boundaries","Colon after a complete lead-in","Medium","1","multiple_choice","The field team packed three tools for the cave survey _____, a moisture meter, and a compact camera. Each tool served a different measurement task.","Which choice completes the text so that it conforms to the conventions of Standard English?","; a laser rangefinder",", a laser rangefinder",": a laser rangefinder","a laser rangefinder","C","3","The clause before the blank is complete and introduces a list, so a colon is appropriate. A semicolon would incorrectly separate the clause from its list, a comma is too weak, and no punctuation would leave the introduction unmarked.","45","none","{}","","","","","","Boundaries","","rw,sec,grammar,arch:SEC-BND-044,sim:SEC.BND:colon_after_independent_clause:D. academic register,fp:507f44ee5edd9648,ctx:CTX-GRM-014,tier:SEC3"
"SAT_RW_44","RW.44","RW44","1200-1600","SAT_RW_44_M1_Q19","RW","1","base","19","Standard English Conventions","Form, Structure, and Sense","SEC.FSS","Form, Structure, and Sense","Subject-verb agreement","Easy","1","multiple_choice","A collection of hand-drawn neighborhood maps _____ currently stored in the architecture library’s climate-controlled room. The maps document street layouts before a major redevelopment.","Which choice completes the text so that it conforms to the conventions of Standard English?","is","are","were","have","A","1","The singular subject “collection,” not the plural noun “maps” in the prepositional phrase, controls agreement. Therefore, the singular verb “is” is required; the other forms do not agree with the subject or fit the present-time cue “currently.”","45","none","{}","","","","","","Form, Structure, and Sense","","rw,sec,grammar,arch:SEC-FSS-001,sim:SEC.FSS:subject_verb_agreement:A. single-trap version,fp:ad0bd492088dd223,ctx:CTX-GRM-010,tier:SEC1"
"SAT_RW_44","RW.44","RW44","1200-1600","SAT_RW_44_M1_Q20","RW","1","base","20","Standard English Conventions","Form, Structure, and Sense","SEC.FSS","Form, Structure, and Sense","Logical verb tense","Medium","1","multiple_choice","By the time the volunteers arrived for the policy workshop, the coordinator _____ the chairs in small discussion circles. The room was therefore ready for the opening activity.","Which choice completes the text so that it conforms to the conventions of Standard English?","arranges","had arranged","will arrange","has arranged","B","2","The arranging occurred before another past event, the volunteers’ arrival, so the past perfect “had arranged” correctly expresses the sequence. The other tenses do not match that established past relationship.","45","none","{}","","","","","","Form, Structure, and Sense","","rw,sec,grammar,arch:SEC-FSS-006,sim:SEC.FSS:verb_tense_sequence:A. single-trap version,fp:32ae8c4765b909b5,ctx:CTX-GRM-006,tier:SEC2"
"SAT_RW_44","RW.44","RW44","1200-1600","SAT_RW_44_M1_Q21","RW","1","base","21","Standard English Conventions","Form, Structure, and Sense","SEC.FSS","Form, Structure, and Sense","Parallel structure","Medium","1","multiple_choice","The visual-arts internship required students to catalog digital images, to interview local artists, and _____ a brief exhibition proposal. Each task contributed to the final portfolio.","Which choice completes the text so that it conforms to the conventions of Standard English?","to write","writing","they wrote","a written","A","1","The coordinated items must be parallel infinitive phrases: “to catalog,” “to interview,” and “to write.” The other choices break the grammatical pattern with a gerund, an independent clause, or an incomplete noun phrase.","45","none","{}","","","","","","Form, Structure, and Sense","","rw,sec,grammar,arch:SEC-FSS-034,sim:SEC.FSS:parallel_structure:D. logic cue,fp:57a4e0a7fc930482,ctx:CTX-GRM-018,tier:SEC3"
"SAT_RW_44","RW.44","RW44","1200-1600","SAT_RW_44_M1_Q22","RW","1","base","22","Expression of Ideas","Transitions","RW_TR_008","Select transition that logically connects ideas","contrast_transition","Easy","1","multiple_choice","Glass can be recycled repeatedly without losing much quality, but collecting and sorting it requires substantial energy. Lightweight plastic containers require less fuel to transport. _____ many common plastics degrade when recycled and may be discarded after only a few cycles. Evaluating packaging therefore requires attention to the full life cycle of each material rather than to a single feature.","Which choice most logically completes the text?","For example,","Likewise,","However,","Consequently,","C","3","“However,” signals the contrast between plastic’s transportation advantage and its limited recyclability.","45","none","{}","","","","","","Transitions","","rw,passage:R076,arch:RW_TR_008,sim:rw_transitions_contrast,fp:826dd63e0834bb62,surf:SURF_RW_TR_008"
"SAT_RW_44","RW.44","RW44","1200-1600","SAT_RW_44_M1_Q23","RW","1","base","23","Expression of Ideas","Transitions","RW_TR_010","Select transition that logically connects ideas","example_transition","Medium","1","multiple_choice","Some desert plants avoid water loss by opening their leaf pores mainly at night. This timing allows them to take in carbon dioxide when temperatures are cooler. _____ agave plants store the gas at night and use it during photosynthesis the next day. The strategy reduces the amount of water that escapes during the hottest hours.","Which transition best connects the example to the preceding explanation?","Nevertheless,","Meanwhile,","In summary,","For instance,","D","4","“For instance,” introduces agave as a specific example of the night-opening strategy described in the previous sentence.","45","none","{}","","","","","","Transitions","","rw,passage:E029,arch:RW_TR_010,sim:rw_transitions_purpose_sentence,fp:db703ef73651412d,surf:SURF_RW_TR_010"
"SAT_RW_44","RW.44","RW44","1200-1600","SAT_RW_44_M1_Q24","RW","1","base","24","Expression of Ideas","Transitions","RW_TR_009","Select transition that logically connects ideas","cause_effect_transition","Medium","1","multiple_choice","A community theater replaced its fixed ticket prices with a pay-what-you-can system for one performance each month. Attendance at those performances increased, and many first-time visitors returned for regularly priced shows. _____ the theater expanded the program to two performances per month while continuing to track revenue.","Which choice completes the text so that the cause-and-effect relationship is clear?","By comparison,","As a result,","Specifically,","Even so,","B","2","“As a result,” shows that the theater’s expansion followed from the increased attendance and return visits.","45","none","{}","","","","","","Transitions","","rw,passage:R142,arch:RW_TR_009,sim:rw_transitions_cause_effect,fp:3d4d9b205750c756,surf:SURF_RW_TR_009"
"SAT_RW_44","RW.44","RW44","1200-1600","SAT_RW_44_M1_Q25","RW","1","base","25","Expression of Ideas","Rhetorical Synthesis","RW_RS_001","Use notes to achieve a writing goal","emphasize_unexpected_result","Medium","1","multiple_choice","Notes: A team tested three coatings on outdoor wooden panels; two coatings reduced water absorption by about 20 percent; the third coating reduced water absorption by 48 percent; the third coating was originally included only as a low-cost comparison.","A student wants to emphasize an unexpected result of the test. Which choice most effectively uses the notes to accomplish this goal?","The team compared three coatings by measuring how much water outdoor wooden panels absorbed after treatment.","The low-cost comparison coating unexpectedly outperformed the other two, reducing water absorption by 48 percent.","Two coatings lowered water absorption by about 20 percent, while the low-cost coating was included for comparison.","The third coating reduced water absorption by 48 percent, making it the study’s most effective tested option.","B","2","The correct choice highlights both the coating’s original comparison role and its unexpectedly superior 48 percent reduction.","60","none","{}","","","","","","Rhetorical Synthesis","","rw,passage:R034,arch:RW_RS_001,sim:rw_rhetorical_synthesis_revision_goal,fp:f5662349a99165f7,surf:SURF_RW_RS_001"
"SAT_RW_44","RW.44","RW44","1200-1600","SAT_RW_44_M1_Q26","RW","1","base","26","Expression of Ideas","Rhetorical Synthesis","RW_RS_009","Use notes to achieve a writing goal","compare_advantages","Medium","1","multiple_choice","Notes: Bamboo fiber grows quickly and can be made into lightweight panels; recycled aluminum requires more energy to process but can be recycled many times; both materials are used in temporary exhibition walls; designers choose between them based on project needs.","A student wants to compare one advantage of each material. Which choice most effectively uses the notes to accomplish this goal?","Bamboo fiber and recycled aluminum are both used to construct temporary exhibition walls for projects with different requirements.","Because bamboo grows quickly and forms lightweight panels, designers should choose it instead of recycled aluminum for every exhibition.","Bamboo fiber offers rapid renewability and low weight, whereas recycled aluminum can be reused through many recycling cycles.","Recycled aluminum requires more processing energy, whereas bamboo fiber can be fashioned into panels for temporary exhibition walls.","C","3","The correct choice makes a balanced comparison by identifying a distinct advantage of bamboo fiber and of recycled aluminum.","60","none","{}","","","","","","Rhetorical Synthesis","","rw,passage:E079,arch:RW_RS_009,sim:rw_rhetorical_synthesis_contrast,fp:0750d652fb7df18d,surf:SURF_RW_RS_009"
"SAT_RW_44","RW.44","RW44","1200-1600","SAT_RW_44_M1_Q27","RW","1","base","27","Expression of Ideas","Rhetorical Synthesis","RW_RS_011","Use notes to achieve a writing goal","introduce_and_explain_feature","Medium","1","multiple_choice","Notes: Sculptor Elena Ruiz collects discarded wire from construction sites; she bends the wire into large forms resembling seed pods; shadows cast by the sculptures change as viewers move; Ruiz says the shifting shadows are part of the artwork rather than a side effect.","A student wants to introduce Ruiz and explain a distinctive feature of her work. Which choice most effectively uses the notes to accomplish this goal?","Sculptor Elena Ruiz collects discarded construction wire and bends it into large forms inspired by seed pods.","Elena Ruiz’s seed-pod sculptures cast shadows that viewers notice as they move around the large wire forms.","Discarded construction wire becomes large seed-pod forms in Elena Ruiz’s sculptures, which viewers observe from changing positions.","Sculptor Elena Ruiz bends discarded construction wire into seed-pod forms, deliberately incorporating their shifting shadows into each work.","D","4","The correct choice identifies Ruiz, describes her materials and forms, and explains that the changing shadows are deliberately incorporated.","60","none","{}","","","","","","Rhetorical Synthesis","","rw,passage:R016,arch:RW_RS_011,sim:rw_rhetorical_synthesis_purpose_sentence,fp:5c9dfe1219780a65,surf:SURF_RW_RS_011"
"SAT_RW_44","RW.44","RW44","1200-1600","SAT_RW_44_M2_Q01","RW","2","hard","1","Craft and Structure","Words in Context","RW_WIC_004","Determine meaning or function of a word/phrase in context","claim_function","Hard","1","multiple_choice","A survey of rooftop gardens found that plots with volunteer coordinators were more likely to remain active after three years than plots without coordinators. However, the coordinated plots also tended to receive larger grants and to be located in buildings with easier roof access. The authors therefore qualify their initial claim: coordinators may contribute to a garden’s longevity, but the survey cannot isolate their effect from funding and access. A controlled comparison would be needed before assigning coordinators the decisive role.","In the text, the word “qualify” mainly serves to do what?","Replace the authors’ initial claim with an unrelated claim about building design.","Certify that every volunteer coordinator has the training needed to manage a garden.","Make the authors’ language more technical without changing the strength of their conclusion.","Limit the scope and certainty of the authors’ initial claim in light of competing explanations.","D","4","The authors do not abandon the possible role of coordinators; they narrow the claim because funding and access could also explain the pattern. Thus, “qualify” signals a limitation on certainty.","75","none","{}","","","","","","Words in Context","","rw,passage:E148,arch:RW_WIC_004,sim:rw_words_in_context_revision_goal,fp:16a11d0e45f2c5a7,surf:SURF_RW_WIC_004,wic,hard_vocab,vocab:HV_121,tier:V4,target:qualify,wic_family:claim_function,wicarch:WIC_CLAIM_FUNCTION_01"
"SAT_RW_44","RW.44","RW44","1200-1600","SAT_RW_44_M2_Q02","RW","2","hard","2","Craft and Structure","Words in Context","RW_WIC_001","Determine meaning or function of a word/phrase in context","relation_function","Hard","1","multiple_choice","In an experiment on greenhouse lettuce, researchers varied the amount of sunlight reaching each plant while keeping irrigation constant. Leaf temperature rose with sunlight in uncovered plots, but the increase was smaller beneath a thin shade cloth. The cloth did not block enough light to slow growth; instead, it altered how strongly sunlight affected leaf temperature. The researchers say the cloth mediated the relationship between light exposure and heat stress, making the connection indirect rather than eliminating it. This distinction mattered because the study aimed to identify pathways rather than simple correlations.","As used in the text, “mediated” helps clarify the relationship between sunlight and leaf temperature by indicating that the shade cloth","proved that sunlight had no effect on leaf temperature in any plot.","measured leaf temperature more accurately than the researchers’ sensors did.","acted as an intermediate factor that changed the strength of sunlight’s effect.","caused lettuce growth to depend entirely on irrigation rather than light.","C","3","The shade cloth changes how strongly sunlight raises leaf temperature, so it functions as an intervening factor. It does not remove the relationship or replace the measurement method.","75","none","{}","","","","","","Words in Context","","rw,passage:R105,arch:RW_WIC_001,sim:rw_words_in_context_cause_effect,fp:c51a499b90e3cce3,surf:SURF_RW_WIC_001,wic,hard_vocab,vocab:HV_124,tier:V4,target:mediate,wic_family:relation_function,wicarch:WIC_RELATION_FUNCTION_01"
"SAT_RW_44","RW.44","RW44","1200-1600","SAT_RW_44_M2_Q03","RW","2","hard","3","Craft and Structure","Words in Context","RW_WIC_003","Determine meaning or function of a word/phrase in context","precision_effect","Hard","1","multiple_choice","A transit agency reported a nominal increase in weekend ridership after adding two late-night trains. The increase was only 0.3 percent, smaller than the normal month-to-month variation in the agency’s counts. Moreover, a festival occurred during the second month of service, making it difficult to attribute even that small rise to the schedule change. The report therefore describes the increase without treating it as evidence that the new trains had meaningfully altered travel behavior. The agency kept the late-night trains in service while planning a longer evaluation with comparison weekends.","In the text, the word “nominal” mainly suggests that the reported increase","existed in the recorded figures but was too small and uncertain to carry much practical significance.","was calculated using ticket prices rather than passenger counts.","was unusually large but hidden by the agency’s reporting method.","was guaranteed to continue after the festival ended.","A","1","The surrounding details stress that the 0.3 percent rise is smaller than ordinary variation and may reflect a festival. “Nominal” therefore marks the increase as present in name or measurement but not clearly meaningful.","75","none","{}","","","","","","Words in Context","","rw,passage:E143,arch:RW_WIC_003,sim:rw_words_in_context_word_function,fp:59701e8bb92482e7,surf:SURF_RW_WIC_003,wic,hard_vocab,vocab:HV_127,tier:V4,target:nominal,wic_family:precision_effect,wicarch:WIC_PRECISION_EFFECT_01"
"SAT_RW_44","RW.44","RW44","1200-1600","SAT_RW_44_M2_Q04","RW","2","hard","4","Craft and Structure","Words in Context","RW_WIC_006","Determine meaning or function of a word/phrase in context","precision_effect","Hard","1","multiple_choice","Acoustic panels installed in a rehearsal hall attenuated the long echo that had blurred fast musical passages. Measurements showed a substantial reduction above 2,000 hertz but almost no change at lower frequencies, where bass notes continued to linger. The architect therefore rejected the claim that the panels had “solved” the hall’s acoustics. They had weakened one portion of the reverberation problem, not removed the problem across the full audible range. Follow-up work will test thicker materials and different panel placements throughout the hall.","In the text, the word “attenuated” helps qualify the effect of the acoustic panels by indicating that they","shifted all sound in the hall to frequencies below 2,000 hertz.","reduced the strength of a specific part of the echo without eliminating the broader problem.","made the echo more noticeable so that musicians could adjust their timing.","measured the hall’s acoustics without altering them.","B","2","The context contrasts a reduction at high frequencies with little change at low frequencies. “Attenuated” therefore denotes a limited weakening, not complete removal.","75","none","{}","","","","","","Words in Context","","rw,passage:R063,arch:RW_WIC_006,sim:rw_words_in_context_punctuation_boundary,fp:beb5b01d462e1cfe,surf:SURF_RW_WIC_006,wic,hard_vocab,vocab:HV_129,tier:V4,target:attenuate,wic_family:precision_effect,wicarch:WIC_PRECISION_EFFECT_01"
"SAT_RW_44","RW.44","RW44","1200-1600","SAT_RW_44_M2_Q05","RW","2","hard","5","Craft and Structure","Text Structure and Purpose","RW_TSP_011","Analyze structure or purpose","benefit_limitation_response","Hard","1","multiple_choice","Digitized newspapers let historians search millions of pages in seconds, a convenience that has transformed archival research. Yet optical character recognition often misreads faded type, unusual column layouts, and names from languages underrepresented in training data. A search for a term may therefore return a misleadingly sparse record, especially in older or immigrant-run papers. To reduce this bias, some historians compare automated search results with manually reviewed sample pages and document the error rates they find. Digital search remains valuable, but its apparent completeness must be tested rather than assumed.","Which choice best describes the structure of the text?","It traces the invention of newspaper printing and argues that digital archives should replace all physical collections.","It compares two historians’ interpretations of the same article and concludes that both are equally plausible.","It acknowledges a major benefit of a research tool, identifies a systematic limitation, and describes a method for checking that limitation.","It lists several search terms, explains their dictionary meanings, and recommends using only the shortest term.","C","3","The opening concedes the usefulness of digitization, the middle explains OCR bias, and the final sentences describe manual sampling as a check while retaining the tool.","75","none","{}","","","","","","Text Structure and Purpose","","rw,passage:E031,arch:RW_TSP_011,sim:rw_text_structure_and_purpose_contrast,fp:9bbc21fe82c69bd0,surf:SURF_RW_TSP_011"
"SAT_RW_44","RW.44","RW44","1200-1600","SAT_RW_44_M2_Q06","RW","2","hard","6","Craft and Structure","Text Structure and Purpose","RW_TSP_010","Analyze structure or purpose","concession_function","Hard","1","multiple_choice","Marine biologists have tested whether broadcasting recordings from healthy reefs can attract young fish to damaged reefs. In several short trials, more fish arrived near speakers playing reef sounds than near silent speakers. Even so, arrival is not the same as long-term recovery: fish may leave if shelter and food remain scarce. The researchers argue that sound playback could complement habitat repair, but they caution against treating an increase in brief visits as proof that a self-sustaining community has formed.","What is the main function of the sentence beginning “Even so”?","It introduces evidence that the speakers produced no measurable response from fish.","It explains the technical process used to record sounds on healthy reefs.","It rejects habitat repair as unnecessary whenever sound playback is available.","It concedes the short-term attraction result while limiting what that result can establish about lasting restoration.","D","4","The sentence accepts that fish arrived but distinguishes arrival from durable recovery, thereby narrowing the conclusion that can be drawn from the trials.","75","none","{}","","","","","","Text Structure and Purpose","","rw,passage:R129,arch:RW_TSP_010,sim:rw_text_structure_and_purpose_supporting_detail,fp:c504bb1829d04e0f,surf:SURF_RW_TSP_010"
"SAT_RW_44","RW.44","RW44","1200-1600","SAT_RW_44_M2_Q07","RW","2","hard","7","Craft and Structure","Text Structure and Purpose","RW_TSP_002","Analyze structure or purpose","analogy_function","Hard","1","multiple_choice","A city map may look like a neutral record, yet every mapmaker chooses what to include, enlarge, label, or omit. A subway diagram, for example, stretches short downtown distances and compresses long suburban ones so that riders can follow connections more easily. In that respect, the diagram resembles a musical score: neither reproduces the physical world, but each selects and organizes information for a particular use. Recognizing those choices does not make maps deceptive; it helps readers ask what purpose shaped the representation.","What is the main purpose of comparing a subway diagram to a musical score?","To argue that subway maps should display the sounds produced by trains","To show that musical scores are more geographically accurate than city maps","To illustrate that both are selective representations organized to serve a practical purpose","To suggest that all forms of representation intentionally mislead their users","C","3","The comparison supports the claim that representations do not copy reality in full; they select and arrange information according to a function.","75","none","{}","","","","","","Text Structure and Purpose","","rw,passage:E086,arch:RW_TSP_002,sim:rw_text_structure_and_purpose_word_function,fp:61e7445a7ba1b060,surf:SURF_RW_TSP_002"
"SAT_RW_44","RW.44","RW44","1200-1600","SAT_RW_44_M2_Q08","RW","2","hard","8","Craft and Structure","Cross-Text Connections","RW_CTC_010","Compare claims across paired texts","concession_and_qualification","Hard","1","multiple_choice","Text 1: Museum replicas can make collections more accessible. Visitors may handle a replica of a carved tablet, examine its weight, and trace marks that would be difficult to see behind glass. For students with limited vision, a carefully produced copy can convey shape and texture that a label cannot. Replicas therefore expand the kinds of learning a museum can offer. Text 2: A replica can be an excellent teaching object, but it should not be treated as interchangeable with the original. Wear, repairs, residue, and slight irregularities in an artifact may contain evidence about how it was made and used. Copies often simplify or omit those traces. Museums should use replicas freely while labeling them clearly and preserving opportunities to study original materials.","Which choice best describes the relationship between the texts?","Text 2 accepts the educational value emphasized in Text 1 but argues that originals retain evidentiary features replicas may omit.","Text 2 rejects Text 1’s claim that visitors can learn anything from handling replicas.","Text 2 argues that replicas are more historically authentic than original artifacts.","Text 2 discusses museum funding, whereas Text 1 focuses only on artifact conservation.","A","1","Both texts value replicas as learning tools, but Text 2 qualifies that value by stressing material evidence unique to originals.","90","none","{}","","","","","","Cross-Text Connections","","rw,passage:E120,arch:RW_CTC_010,sim:rw_cross_text_connections_contrast,fp:22206a413ee49bd8,surf:SURF_RW_CTC_010"
"SAT_RW_44","RW.44","RW44","1200-1600","SAT_RW_44_M2_Q09","RW","2","hard","9","Information and Ideas","Central Ideas and Details","RW_CID_003","Identify main idea, key detail, or summary","synthesis_main_claim","Hard","1","multiple_choice","Air-quality researchers often use electronic sensors to measure pollutants hour by hour, but the instruments can be expensive to deploy across large regions. Lichens offer a different record: because they absorb substances from the atmosphere, their tissues can reveal long-term exposure at many sites. In a regional study, sensor readings captured short pollution spikes that lichen samples could not date precisely, while lichen chemistry revealed persistent patterns between sparsely placed sensors. The researchers conclude that the two methods are most informative when used together, since each resolves a scale of variation the other misses.","Which choice best states the central claim of the text?","Electronic sensors and lichen samples provide complementary information about air pollution at different time and spatial scales.","Lichen samples should replace electronic sensors because they identify the exact date of every pollution event.","Electronic sensors are useful only in regions where lichens cannot grow.","Short pollution spikes matter less than persistent pollution in every air-quality study.","A","1","The passage contrasts the strengths of sensors and lichens and concludes that combining them captures patterns neither method alone fully resolves.","75","none","{}","","","","","","Central Ideas and Details","","rw,passage:R020,arch:RW_CID_003,sim:rw_central_ideas_and_details_contrast,fp:cff08ad3569a1316,surf:SURF_RW_CID_003"
"SAT_RW_44","RW.44","RW44","1200-1600","SAT_RW_44_M2_Q10","RW","2","hard","10","Information and Ideas","Central Ideas and Details","RW_CID_012","Identify main idea, key detail, or summary","interpretive_main_idea","Hard","1","multiple_choice","In the astronomer’s notebook, neat columns of measurements are interrupted by crossed-out totals and revised diagrams. At first, her assistant assumes the corrections reveal carelessness. Then he notices that each revision follows a new observation and that rejected calculations remain legible in the margins. The notebook is not a polished record of certainty but a map of disciplined reconsideration. By preserving mistakes alongside improvements, the astronomer makes visible the reasoning that led her from an attractive early model to a less elegant but more accurate one.","What is the main idea of the text?","The astronomer hides her mistakes so that her assistant will trust the final model.","The notebook’s revisions demonstrate that careful scientific reasoning can involve preserving and correcting earlier mistakes.","The assistant concludes that neat handwriting is more important than accurate measurement.","The astronomer prefers elegant models even when later observations contradict them.","B","2","The crossed-out work is retained and revised in response to evidence, showing disciplined reconsideration rather than carelessness.","75","none","{}","","","","","","Central Ideas and Details","","rw,passage:E045,arch:RW_CID_012,sim:rw_central_ideas_and_details_evidence_based_inference,fp:63c982f50a73801f,surf:SURF_RW_CID_012"
"SAT_RW_44","RW.44","RW44","1200-1600","SAT_RW_44_M2_Q11","RW","2","hard","11","Information and Ideas","Central Ideas and Details","RW_CID_002","Identify main idea, key detail, or summary","program_development","Hard","1","multiple_choice","A language-revival program initially concentrated on weekend classes for children, and enrollment grew quickly. Yet surveys found that many students rarely heard the language outside class and hesitated to speak it spontaneously. Organizers then created conversation groups for parents, distributed audio stories for household use, and paired families with fluent elders. Five years later, more children reported using the language during meals and community events. The program’s leaders credit the change not to schooling alone but to making the language part of ordinary relationships and routines.","Which choice best states the main idea of the text?","Weekend classes failed because children were unable to learn any vocabulary in a classroom.","Fluent elders replaced parents as the only people responsible for teaching children.","Audio stories were the sole reason that enrollment in the program increased.","Language revival became more effective when instruction was extended into family and community life.","D","4","The program expanded beyond classes to households and community relationships, and leaders connect greater everyday use to that broader approach.","75","none","{}","","","","","","Central Ideas and Details","","rw,passage:R114,arch:RW_CID_002,sim:rw_central_ideas_and_details_supporting_detail,fp:fb34e24142a7394a,surf:SURF_RW_CID_002"
"SAT_RW_44","RW.44","RW44","1200-1600","SAT_RW_44_M2_Q12","RW","2","hard","12","Information and Ideas","Command of Evidence","RW_COE_003","Use textual or quantitative evidence","quantitative_evidence","Hard","1","multiple_choice","Ecologists restored two degraded stream reaches by reshaping their banks and planting native vegetation. In one restored reach, they also anchored fallen logs in the channel to create deeper pools; the other restored reach received no logs. An unrestored reach served as a control. During the warmest month, sensors recorded the daily maximum water temperature at each reach. The researchers hypothesized that the pools created by logs would provide cooler water than restoration without logs alone. The table shows the mean of those daily maxima.","Which choice most effectively uses data from the table to support the researchers’ hypothesis?","The reach restored without logs was 0.3°C cooler than the unrestored control, proving that logs had no additional effect.","The reach restored with logs had a mean daily maximum of 18.6°C, lower than both the reach restored without logs and the unrestored control.","The unrestored control had the lowest mean daily maximum temperature of the three reaches.","All three reaches had mean daily maximum temperatures within 0.5°C of one another.","B","2","The log-restored reach was 2.5°C cooler than the restored reach without logs and 2.8°C cooler than the control, directly supporting the hypothesis.","90","table","{}","| Stream reach | Mean daily maximum temperature (°C) |
|---|---:|
| Restored with logs | 18.6 |
| Restored without logs | 21.1 |
| Unrestored control | 21.4 |","","","","","Command of Evidence","","rw,passage:R011,arch:RW_COE_003,sim:rw_command_of_evidence_cause_effect,fp:08cb7724c6328d8d,surf:SURF_RW_COE_003"
"SAT_RW_44","RW.44","RW44","1200-1600","SAT_RW_44_M2_Q13","RW","2","hard","13","Information and Ideas","Command of Evidence","RW_COE_012","Use textual or quantitative evidence","experimental_evidence","Hard","1","multiple_choice","Ecologists studying forest recovery proposed that fungi surviving in remnant soil help tree seedlings establish after a cleared site is replanted. To test the idea, they filled pots with soil from an old forest. Half the soil was sterilized, which removed living fungi while leaving most mineral properties unchanged; the other half was not sterilized. Identical seedlings were then grown under the same light and watering conditions. The researchers predicted that seedlings in unsterilized soil would form more fungal partnerships and grow more strongly.","Which finding would most directly support the researchers’ proposal?","Seedlings in unsterilized soil formed more fungal associations and gained more biomass than seedlings in sterilized soil.","Seedlings in both soil treatments received the same amount of water each week.","Sterilized soil contained the same concentration of one mineral as unsterilized soil.","Some seedlings in unsterilized soil grew taller than they had been at planting.","A","1","The proposal specifically links surviving fungi to seedling establishment. A treatment difference in both fungal association and biomass most directly supports that link.","75","none","{}","","","","","","Command of Evidence","","rw,passage:E078,arch:RW_COE_012,sim:rw_command_of_evidence_main_claim,fp:078bbea68eddfa5c,surf:SURF_RW_COE_012"
"SAT_RW_44","RW.44","RW44","1200-1600","SAT_RW_44_M2_Q14","RW","2","hard","14","Information and Ideas","Inferences","RW_INF_012","Draw supported conclusions","archaeological_inference","Hard","1","multiple_choice","Archaeologists analyzed obsidian tools from three inland settlements and matched their chemical signatures to a volcanic source on the coast. The coastal source lies beyond a mountain pass, but no unfinished obsidian cores or quarrying debris appeared at the inland sites. Instead, most tools had been resharpened repeatedly, and the smallest settlement contained only fragments of finished blades. The researchers suggest that obsidian probably reached the settlements through exchange rather than through regular trips by every community to the source.","Which inference is best supported by the text?","Each inland settlement maintained its own quarry at the coastal volcanic source.","The smallest settlement manufactured more obsidian tools than the other settlements did.","Mountain travel was impossible for people living in the inland settlements.","At least some inland communities may have received already worked obsidian through intermediaries.","D","4","The lack of quarrying debris and the presence of finished, repeatedly resharpened pieces—especially fragments at the smallest site—fit exchange of worked material through intermediaries.","75","none","{}","","","","","","Inferences","","rw,passage:E017,arch:RW_INF_012,sim:rw_inferences_supporting_detail,fp:08f110fed4231460,surf:SURF_RW_INF_012"
"SAT_RW_44","RW.44","RW44","1200-1600","SAT_RW_44_M2_Q15","RW","2","hard","15","Information and Ideas","Inferences","RW_INF_011","Draw supported conclusions","irony_inference","Hard","1","multiple_choice","Nadia insisted that the rehearsal had gone exactly as planned. She said this while gathering three pages that had slipped beneath the piano and placing them, out of order, on the conductor’s stand. When Omar asked about the missing entrance in the second movement, Nadia praised the hall’s “surprisingly creative acoustics.” She then suggested beginning tomorrow’s rehearsal twenty minutes early and quietly marked the troublesome passage in every musician’s score. Omar said nothing further, but he moved the rehearsal-room clock forward before leaving.","Which inference about Nadia is most strongly supported by the text?","She believes the musicians performed perfectly and sees no need for further practice.","She blames Omar alone for every mistake made during the rehearsal.","Although she verbally minimizes the rehearsal’s problems, her actions show that she recognizes them.","She intends to cancel the next rehearsal because the hall is unsuitable.","C","3","Nadia claims the rehearsal went as planned, but she reorganizes pages, schedules extra time, and marks the difficult passage—actions that acknowledge problems.","75","none","{}","","","","","","Inferences","","rw,passage:R025,arch:RW_INF_011,sim:rw_inferences_main_claim,fp:aa65e6fe4cf7845e,surf:SURF_RW_INF_011"
"SAT_RW_44","RW.44","RW44","1200-1600","SAT_RW_44_M2_Q16","RW","2","hard","16","Standard English Conventions","Boundaries","SEC.BND","Boundaries","Conjunctive adverbs between independent clauses","Hard","1","multiple_choice","The first digital-archive search matched most of the known titles _____ it underestimated articles printed in narrow columns with faded type. A second search used a model trained on those layouts.","Which choice completes the text so that it conforms to the conventions of Standard English?",", however,","; however,",": however,","however,","B","2","A semicolon is required before the conjunctive adverb “however” when it links two independent clauses, and the comma after “however” is already present. A comma would create a splice, a colon is not appropriate, and no punctuation would create a run-on.","45","none","{}","","","","","","Boundaries","","rw,sec,grammar,arch:SEC-BND-054,sim:SEC.BND:conjunctive_adverb_boundary:D. academic register,fp:a0df4e35171f9cb0,ctx:CTX-GRM-012,tier:SEC3"
"SAT_RW_44","RW.44","RW44","1200-1600","SAT_RW_44_M2_Q17","RW","2","hard","17","Standard English Conventions","Boundaries","SEC.BND","Boundaries","Restrictive modifiers without commas","Hard","1","multiple_choice","Researchers divided the sports-science samples between room-temperature and refrigerated storage. The samples _____ showed substantially lower enzyme activity after one week.","Which choice completes the text so that it conforms to the conventions of Standard English?",", which had been refrigerated,",", having been refrigerated","which had been refrigerated,","that had been refrigerated","D","4","The relative clause identifies which subset of samples showed lower activity, so it is restrictive and should not be set off by commas. The punctuated alternatives incorrectly treat the information as nonessential or create unmatched punctuation.","45","none","{}","","","","","","Boundaries","","rw,sec,grammar,arch:SEC-BND-039,sim:SEC.BND:restrictive_no_comma:D. academic register,fp:1206ec6a92a2641e,ctx:CTX-GRM-011,tier:SEC3"
"SAT_RW_44","RW.44","RW44","1200-1600","SAT_RW_44_M2_Q18","RW","2","hard","18","Standard English Conventions","Boundaries","SEC.BND","Boundaries","Emphatic interruptions with dashes","Hard","1","multiple_choice","The food-history committee’s recommendation _____ surprised vendors who had expected a citywide rule. The narrower plan allowed the committee to collect evidence before expanding the policy.","Which choice completes the text so that it conforms to the conventions of Standard English?",", a pilot limited to two districts—","—a pilot limited to two districts—","—a pilot limited to two districts,",", a pilot limited to two districts:","B","2","The nonessential interruption is correctly enclosed by matching em dashes, which mark the emphatic clarification. Each distractor mismatches the opening and closing punctuation or leaves the interruption improperly bounded.","45","none","{}","","","","","","Boundaries","","rw,sec,grammar,arch:SEC-BND-050,sim:SEC.BND:dash_emphasis_interruption:E. expanded syntax,fp:f0ba38dd340f66bf,ctx:CTX-GRM-004,tier:SEC4"
"SAT_RW_44","RW.44","RW44","1200-1600","SAT_RW_44_M2_Q19","RW","2","hard","19","Standard English Conventions","Form, Structure, and Sense","SEC.FSS","Form, Structure, and Sense","Pronoun case","Hard","1","multiple_choice","The environmental-research grant was awarded to Maya and _____ after the review panel approved our joint proposal. We will use the funds to monitor soil moisture across the restored wetland.","Which choice completes the text so that it conforms to the conventions of Standard English?","I","me","myself","mine","B","2","The pronoun is an object of the preposition “to,” so the objective case “me” is required. “I” is subjective, “myself” lacks a reflexive antecedent, and “mine” is possessive.","45","none","{}","","","","","","Form, Structure, and Sense","","rw,sec,grammar,arch:SEC-FSS-024,sim:SEC.FSS:pronoun_case:D. logic cue,fp:24fa59971149297c,ctx:CTX-GRM-008,tier:SEC3"
"SAT_RW_44","RW.44","RW44","1200-1600","SAT_RW_44_M2_Q20","RW","2","hard","20","Standard English Conventions","Form, Structure, and Sense","SEC.FSS","Form, Structure, and Sense","Modifier placement","Hard","1","multiple_choice","After reviewing the satellite images for subtle changes in shoreline position, _____ before presenting the findings to the robotics team.","Which choice completes the text so that it conforms to the conventions of Standard English?","the coastal map was revised by the geologist","several shoreline changes appeared on the coastal map","the geologist revised the coastal map","the robotics team received a revised coastal map","C","3","The introductory modifier “After reviewing the satellite images” must logically describe the subject that follows. Only “the geologist” can perform the reviewing; the other choices create dangling modifiers by making a map, changes, or the robotics team the implied reviewer.","45","none","{}","","","","","","Form, Structure, and Sense","","rw,sec,grammar,arch:SEC-FSS-030,sim:SEC.FSS:modifier_placement:E. expanded syntax,fp:ed7e72961df1cccf,ctx:CTX-GRM-015,tier:SEC4"
"SAT_RW_44","RW.44","RW44","1200-1600","SAT_RW_44_M2_Q21","RW","2","hard","21","Standard English Conventions","Form, Structure, and Sense","SEC.FSS","Form, Structure, and Sense","Logical comparisons","Hard","1","multiple_choice","In the student research project, the tensile strength of treated hemp fiber was greater than _____ under the same humidity conditions. The comparison controlled for strand thickness.","Which choice completes the text so that it conforms to the conventions of Standard English?","that of untreated flax fiber","untreated flax fiber","the treatment of flax fiber","hemp fiber was untreated","A","1","A logical comparison must compare tensile strength with tensile strength. The pronoun “that” stands for “tensile strength,” creating a parallel comparison; the other choices compare unlike categories or produce faulty structure.","45","none","{}","","","","","","Form, Structure, and Sense","","rw,sec,grammar,arch:SEC-FSS-040,sim:SEC.FSS:comparison_logic:E. expanded syntax,fp:ab4b2c970c3f01da,ctx:CTX-GRM-003,tier:SEC4"
"SAT_RW_44","RW.44","RW44","1200-1600","SAT_RW_44_M2_Q22","RW","2","hard","22","Standard English Conventions","Form, Structure, and Sense","SEC.FSS","Form, Structure, and Sense","Complete sentence structure","Hard","1","multiple_choice","The new civic-data catalog, which integrates three municipal archives and includes multilingual descriptions, _____. Researchers can now trace policy changes without searching each archive separately.","Which choice completes the text so that it conforms to the conventions of Standard English?","allows researchers to compare records across decades","allowing researchers to compare records across decades","to allow researchers to compare records across decades","a tool that allows researchers to compare records across decades","A","1","The sentence requires a finite verb for the subject “catalog.” “Allows” completes the sentence. The participial and infinitive choices leave fragments, and the noun-phrase choice lacks a linking or finite verb.","45","none","{}","","","","","","Form, Structure, and Sense","","rw,sec,grammar,arch:SEC-FSS-070,sim:SEC.FSS:sentence_completeness_fss:E. expanded syntax,fp:7a69f61a084d1b69,ctx:CTX-GRM-016,tier:SEC4"
"SAT_RW_44","RW.44","RW44","1200-1600","SAT_RW_44_M2_Q23","RW","2","hard","23","Expression of Ideas","Transitions","RW_TR_011","Select transition that logically connects ideas","concession_transition","Hard","1","multiple_choice","Tree-ring records can reveal years of drought with remarkable precision. They do not, however, capture every condition that influenced past communities. _____ tree rings provide a strong environmental chronology, but historians must combine them with archaeological and written evidence when interpreting human decisions.","Which choice most effectively signals the concession in the final sentence?","Accordingly,","Admittedly,","Similarly,","In particular,","B","2","“Admittedly,” appropriately concedes the strength of tree-ring chronology before the sentence restates the need for other evidence.","45","none","{}","","","","","","Transitions","","rw,passage:E129,arch:RW_TR_011,sim:rw_transitions_word_function,fp:b3b7f846e3bf0492,surf:SURF_RW_TR_011"
"SAT_RW_44","RW.44","RW44","1200-1600","SAT_RW_44_M2_Q24","RW","2","hard","24","Expression of Ideas","Transitions","RW_TR_001","Select transition that logically connects ideas","sequence_transition","Hard","1","multiple_choice","Researchers first trained a computer model on clear recordings of frog calls. They then tested it on noisier recordings from wetlands near roads. The model initially confused traffic pulses with low-frequency calls. _____ the team added labeled traffic sounds to the training set and retested the model, which then made fewer errors.","Which transition best indicates the sequence of events?","Conversely,","Indeed,","Subsequently,","On the whole,","C","3","“Subsequently,” indicates that adding traffic sounds occurred after the initial test revealed the model’s confusion.","45","none","{}","","","","","","Transitions","","rw,passage:R058,arch:RW_TR_001,sim:rw_transitions_logical_link,fp:ade5f1a20ad640fc,surf:SURF_RW_TR_001"
"SAT_RW_44","RW.44","RW44","1200-1600","SAT_RW_44_M2_Q25","RW","2","hard","25","Expression of Ideas","Transitions","RW_TR_012","Select transition that logically connects ideas","conclusion_transition","Hard","1","multiple_choice","A city’s new permeable pavement absorbed light rainfall effectively during laboratory trials. Field inspections later showed that leaves and sediment could clog the surface within months. Maintenance crews restored much of the pavement’s capacity by vacuuming it twice a year. _____ the technology’s success depends not only on installation but also on a continuing maintenance plan.","Which choice logically introduces the conclusion drawn from the field inspections?","Therefore,","Alternatively,","For one thing,","At the same time,","A","1","“Therefore,” introduces the conclusion supported by the field observations and maintenance results.","45","none","{}","","","","","","Transitions","","rw,passage:E059,arch:RW_TR_012,sim:rw_transitions_revision_goal,fp:752f72217d9735f7,surf:SURF_RW_TR_012"
"SAT_RW_44","RW.44","RW44","1200-1600","SAT_RW_44_M2_Q26","RW","2","hard","26","Expression of Ideas","Rhetorical Synthesis","RW_RS_010","Use notes to achieve a writing goal","qualified_claim","Hard","1","multiple_choice","Notes: A study found that students who annotated digital texts remembered more details than students who only highlighted them; the study lasted two weeks; participants read short science articles; the researchers did not test novels, history texts, or long-term retention.","A student wants to make a claim while acknowledging the study’s limitations. Which choice most effectively uses the notes to accomplish this goal?","Annotation is the best strategy for remembering details in digital texts, regardless of genre or the length of the retention period.","Students recalled more details after annotating short science articles than after highlighting them during the two-week study.","Because the study tested only short science articles for two weeks, it provides no evidence about annotation at all.","Annotation improved short-term recall for the science articles studied, but the findings may not extend to other genres or longer periods.","D","4","The correct choice states the observed advantage while explicitly limiting the claim to the tested genre and retention period.","60","none","{}","","","","","","Rhetorical Synthesis","","rw,passage:E114,arch:RW_RS_010,sim:rw_rhetorical_synthesis_cause_effect,fp:d63ae3cf417e4e3b,surf:SURF_RW_RS_010"
"SAT_RW_44","RW.44","RW44","1200-1600","SAT_RW_44_M2_Q27","RW","2","hard","27","Expression of Ideas","Rhetorical Synthesis","RW_RS_008","Use notes to achieve a writing goal","explain_two_functions","Hard","1","multiple_choice","Notes: Buses on the route often bunch together downtown; the pilot assigns dispatchers to adjust departure times; drivers receive live updates; riders can see corrected arrival estimates.","A student wants to explain how the pilot addresses both bus spacing and rider information. Which choice most effectively uses the notes to accomplish this goal?","The pilot gives drivers live updates and riders corrected estimates, but it does not change scheduled departures.","To reduce downtown bunching, dispatchers adjust departures, while riders continue to see the original arrival estimates.","Dispatchers adjust departures using live driver updates, and riders receive corrected arrival estimates as bus spacing changes.","Riders can see corrected arrival estimates, and drivers receive updates about buses that often bunch downtown.","C","3","The correct choice connects the operational response—adjusting departures through dispatchers and driver updates—with the communication response of corrected estimates for riders.","60","none","{}","","","","","","Rhetorical Synthesis","","rw,passage:R082,arch:RW_RS_008,sim:rw_rhetorical_synthesis_supporting_detail,fp:e0e5521fedb8dc63,surf:SURF_RW_RS_008"
"SAT_MATH_44","Math.44","MATH44_20260623","400-800","MATH44_M1_Q01","MATH","1","base","1","Algebra","Linear Equations","ALG_LE_001","Solve a one-variable linear equation with constants on both sides","Solve a one-variable linear equation with constants on both sides","easy","1","multiple_choice","","Solve 7x - 9 = 40.","6","8","7","5","C","3","Add 9 to get 7x = 49, then divide by 7. Thus x = 7.","75","none","{}","","","","","","solve a one-variable linear equation with constants on both sides","","math,domain:Algebra,skill:ALG_LE_001,arch:MATH_ARCH_001_LINEAR_EQUATION_ONE_VARIABLE,sim:SIM_LINEAR_EQUATIONS_AND_INEQUALITIES,fp:831f70d6,tier:E1"
"SAT_MATH_44","Math.44","MATH44_20260623","400-800","MATH44_M1_Q02","MATH","1","base","2","Algebra","Linear Equations","ALG_LE_006","Solve a one-variable linear inequality, including sign reversal","Solve a one-variable linear inequality, including sign reversal","easy","1","multiple_choice","","Which inequality is equivalent to 5 - 2x > 17?","x > -6","x > 6","x < 6","x < -6","D","4","Subtract 5 to get -2x > 12. Dividing by -2 reverses the inequality, so x < -6.","75","none","{}","","","","","","solve a one-variable linear inequality, including sign reversal","","math,domain:Algebra,skill:ALG_LE_006,arch:MATH_ARCH_023_INEQUALITY_ONE_VARIABLE,sim:SIM_LINEAR_EQUATIONS_AND_INEQUALITIES,fp:6bc7a5c8,tier:E1"
"SAT_MATH_44","Math.44","MATH44_20260623","400-800","MATH44_M1_Q03","MATH","1","base","3","Algebra","Linear Functions","ALG_LF_001","Interpret slope and intercept in a real-world linear model","Interpret slope and intercept in a real-world linear model","medium","1","multiple_choice","","A streaming service charges a one-time setup fee of $18 and $7 per month. Which expression gives the total cost, in dollars, after m months?","25m","18(7m)","18 + 7m","7 + 18m","C","3","The fixed fee is 18 and the monthly charge contributes 7m, so the total is 18 + 7m.","75","none","{}","","","","","","interpret slope and intercept in a real-world linear model","","math,domain:Algebra,skill:ALG_LF_001,arch:MATH_ARCH_004_LINEAR_MODEL_INITIAL_RATE,sim:SIM_LINEAR_FUNCTIONS_AND_GRAPHS,fp:f2df31d6,tier:M1"
"SAT_MATH_44","Math.44","MATH44_20260623","400-800","MATH44_M1_Q04","MATH","1","base","4","Advanced Math","Nonlinear Functions","ADV_NF_002","Evaluate a function at a given input","Evaluate a function at a given input","medium","1","multiple_choice","","For f(x) = 3x^2 - 2x + 1, what is f(2)?","11","17","9","5","C","3","Substitute 2: f(2)=3(4)-4+1=9.","75","none","{}","","","","","","evaluate a function at a given input","","math,domain:Advanced Math,skill:ADV_NF_002,arch:MATH_ARCH_063_FUNCTION_EVALUATE,sim:SIM_FUNCTION_NOTATION_AND_VALUES,fp:a888ad3b,tier:M1"
"SAT_MATH_44","Math.44","MATH44_20260623","400-800","MATH44_M1_Q05","MATH","1","base","5","Geometry and Trigonometry","Triangles","GEO_TRI_001","Use angle relationships with parallel lines and transversal","Use angle relationships with parallel lines and transversal","easy","1","multiple_choice","","Two parallel lines are cut by a transversal. One acute angle measures 68°. What is the measure of each obtuse angle formed?","112°","122°","68°","102°","A","1","An acute angle and an adjacent obtuse angle are supplementary, so the obtuse angle is 180°-68°=112°.","75","none","{}","","","","","","use angle relationships with parallel lines and transversal","","math,domain:Geometry and Trigonometry,skill:GEO_TRI_001,arch:MATH_ARCH_084_ANGLE_PAIRS_PARALLEL_LINES,sim:SIM_PARALLEL_LINES_ANGLES,fp:a91b896b,tier:E1"
"SAT_MATH_44","Math.44","MATH44_20260623","400-800","MATH44_M1_Q06","MATH","1","base","6","Algebra","Linear Functions","ALG_LF_002","Build a linear equation from a starting amount and constant rate","Build a linear equation from a starting amount and constant rate","medium","1","multiple_choice","","A taxi ride costs $4.50 plus $2.25 per mile. Which equation gives the cost C for a ride of d miles?","C = 2.25 + 4.50d","C = 4.50 + 2.25d","C = 6.75d","C = 4.50(2.25d)","B","2","The fixed charge is 4.50 and the variable charge is 2.25 per mile, giving C=4.50+2.25d.","75","none","{}","","","","","","build a linear equation from a starting amount and constant rate","","math,domain:Algebra,skill:ALG_LF_002,arch:MATH_ARCH_005_LINEAR_MODEL_BUILD_FROM_CONTEXT,sim:SIM_LINEAR_FUNCTIONS_AND_GRAPHS,fp:31c66802,tier:M1"
"SAT_MATH_44","Math.44","MATH44_20260623","400-800","MATH44_M1_Q07","MATH","1","base","7","Algebra","Systems of Equations","ALG_SYS_001","Determine which ordered pair solves a system of linear equations","Determine which ordered pair solves a system of linear equations","medium","1","multiple_choice","","Which ordered pair is the solution to the system y = 2x + 1 and y = -x + 7?","(2, 5)","(3, 4)","(1, 3)","(4, 3)","A","1","Set the expressions for y equal: 2x+1=-x+7, so 3x=6 and x=2. Then y=5.","75","none","{}","","","","","","determine which ordered pair solves a system of linear equations","","math,domain:Algebra,skill:ALG_SYS_001,arch:MATH_ARCH_015_SYSTEM_SOLUTION_ORDERED_PAIR,sim:SIM_LINEAR_SYSTEMS,fp:a6be4e44,tier:M1"
"SAT_MATH_44","Math.44","MATH44_20260623","400-800","MATH44_M1_Q08","MATH","1","base","8","Algebra","Linear Functions","ALG_LF_008","Find the x-intercept of a linear equation","Find the x-intercept of a linear equation","medium","1","student_response","","The line 4x + 5y = 20 crosses the x-axis at (a, 0). What is a?","","","","","","","Set y=0: 4x=20, so x=5.","75","none","{}","","","integer","5","0","find the x-intercept of a linear equation","","math,domain:Algebra,skill:ALG_LF_008,arch:MATH_ARCH_011_LINEAR_X_INTERCEPT,sim:SIM_LINEAR_FUNCTIONS_AND_GRAPHS,fp:f94a7087,tier:M1"
"SAT_MATH_44","Math.44","MATH44_20260623","400-800","MATH44_M1_Q09","MATH","1","base","9","Advanced Math","Nonlinear Functions","ADV_NF_005","Read function value or input from graph","Read function value or input from graph","medium","1","multiple_choice","","The graph of y = (x - 1)^2 - 4 is shown. What is the minimum value of y?","4","-1","-5","-4","D","4","The parabola is in vertex form and has vertex (1,-4), so its minimum y-value is -4.","75","function_graph","{""diagram_type"":""function_graph"",""render_mode"":""exact_to_scale"",""x_min"":-3,""x_max"":5,""y_min"":-5,""y_max"":12,""x_label"":""x"",""y_label"":""y"",""grid"":true,""equation"":""y=(x-1)^2-4"",""target"":""minimum y-value""}","","","","","","read function value or input from graph","","math,domain:Advanced Math,skill:ADV_NF_005,arch:MATH_ARCH_066_FUNCTION_GRAPH_VALUE,sim:SIM_FUNCTION_NOTATION_AND_VALUES,fp:a08fdc1a,tier:M2"
"SAT_MATH_44","Math.44","MATH44_20260623","400-800","MATH44_M1_Q10","MATH","1","base","10","Problem-Solving and Data Analysis","Statistics","PSD_STAT_001","Compute mean of a list or table values","Compute mean of a list or table values","medium","1","student_response","","The mean of the five numbers 12, 15, 18, 20, and k is 17. What is k?","","","","","","","A mean of 17 for five numbers gives a total of 85. The known numbers total 65, so k=20.","75","none","{}","","","integer","20","0","compute mean of a list or table values","","math,domain:Problem-Solving and Data Analysis,skill:PSD_STAT_001,arch:MATH_ARCH_051_MEAN_FROM_LIST,sim:SIM_STATISTICS_CENTER_SPREAD,fp:d5636727,tier:M1"
"SAT_MATH_44","Math.44","MATH44_20260623","400-800","MATH44_M1_Q11","MATH","1","base","11","Advanced Math","Equivalent Expressions","ADV_EE_002","Simplify radicals and rational exponents","Simplify radicals and rational exponents","medium","1","multiple_choice","","Which expression is equivalent to √72?","8√2","12√2","4√3","6√2","D","4","Since 72=36·2, √72=6√2.","75","none","{}","","","","","","simplify radicals and rational exponents","","math,domain:Advanced Math,skill:ADV_EE_002,arch:MATH_ARCH_068_RADICAL_SIMPLIFY,sim:SIM_EXPONENT_RADICALS,fp:f03740c2,tier:M1"
"SAT_MATH_44","Math.44","MATH44_20260623","400-800","MATH44_M1_Q12","MATH","1","base","12","Advanced Math","Equivalent Expressions","ADV_EE_003","Expand polynomial products","Expand polynomial products","medium","1","multiple_choice","","Which expression is equivalent to (2x - 3)(x + 5)?","2x^2 + 7x + 15","2x^2 + 7x - 15","2x^2 + 13x - 15","2x^2 - 7x - 15","B","2","Expanding gives 2x^2+10x-3x-15=2x^2+7x-15.","75","none","{}","","","","","","expand polynomial products","","math,domain:Advanced Math,skill:ADV_EE_003,arch:MATH_ARCH_070_POLYNOMIAL_EXPAND,sim:SIM_POLYNOMIAL_RATIONAL_EXPRESSIONS,fp:26b429ac,tier:M1"
"SAT_MATH_44","Math.44","MATH44_20260623","400-800","MATH44_M1_Q13","MATH","1","base","13","Advanced Math","Nonlinear Functions","ADV_NF_003","Interpret f(x) notation in a real-world relationship","Interpret f(x) notation in a real-world relationship","medium","1","student_response","","The function p(t)=120-8t gives the number of liters of water in a tank t minutes after draining begins. How many liters remain after 9 minutes?","","","","","","","Evaluate p(9)=120-8(9)=48 liters.","75","none","{}","","","integer","48","0","interpret f(x) notation in a real-world relationship","","math,domain:Advanced Math,skill:ADV_NF_003,arch:MATH_ARCH_064_FUNCTION_NOTATION_CONTEXT,sim:SIM_FUNCTION_NOTATION_AND_VALUES,fp:e0df1711,tier:M1"
"SAT_MATH_44","Math.44","MATH44_20260623","400-800","MATH44_M1_Q14","MATH","1","base","14","Advanced Math","Equivalent Expressions","ADV_EE_004","Factor polynomial expression","Factor polynomial expression","medium","1","multiple_choice","","Which expression is a factorization of x^2 - 7x + 12?","(x + 2)(x - 6)","(x - 2)(x - 6)","(x - 3)(x - 4)","(x + 3)(x + 4)","C","3","The numbers -3 and -4 multiply to 12 and add to -7.","75","none","{}","","","","","","factor polynomial expression","","math,domain:Advanced Math,skill:ADV_EE_004,arch:MATH_ARCH_071_POLYNOMIAL_FACTOR,sim:SIM_POLYNOMIAL_RATIONAL_EXPRESSIONS,fp:c35eadd0,tier:M2"
"SAT_MATH_44","Math.44","MATH44_20260623","400-800","MATH44_M1_Q15","MATH","1","base","15","Advanced Math","Nonlinear Functions","ADV_NF_009","Solve quadratic equation by factoring","Solve quadratic equation by factoring","medium","1","student_response","","What is the greater solution of x^2 - 9x + 20 = 0?","","","","","","","Factor: (x-4)(x-5)=0. The greater solution is 5.","75","none","{}","","","integer","5","0","solve quadratic equation by factoring","","math,domain:Advanced Math,skill:ADV_NF_009,arch:MATH_ARCH_075_QUADRATIC_SOLVE_FACTOR,sim:SIM_QUADRATIC_SOLVING,fp:b9292924,tier:M2"
"SAT_MATH_44","Math.44","MATH44_20260623","400-800","MATH44_M1_Q16","MATH","1","base","16","Problem-Solving and Data Analysis","Ratios Rates and Proportions","PSD_RRP_001","Convert part-to-part ratio into part-to-whole fraction","Convert part-to-part ratio into part-to-whole fraction","medium","1","student_response","","A club has 18 seniors and 42 juniors. What percent of the club members are seniors?","","","","","","","There are 60 members total, and 18/60=0.30, or 30 percent.","75","none","{}","","","integer","30","0","convert part-to-part ratio into part-to-whole fraction","","math,domain:Problem-Solving and Data Analysis,skill:PSD_RRP_001,arch:MATH_ARCH_032_RATIO_PART_TO_WHOLE,sim:SIM_RATIOS_RATES_PROPORTIONS,fp:21d6fd21,tier:M1"
"SAT_MATH_44","Math.44","MATH44_20260623","400-800","MATH44_M1_Q17","MATH","1","base","17","Problem-Solving and Data Analysis","Percentages","PSD_PCT_001","Compute a percent of a whole or identify percent from part/whole","Compute a percent of a whole or identify percent from part/whole","medium","1","multiple_choice","","A jacket originally costs $80 and is discounted by 15%. What is the sale price?","$68","$72","$12","$65","A","1","The discount is 0.15(80)=12, so the sale price is 80-12=68.","75","none","{}","","","","","","compute a percent of a whole or identify percent from part/whole","","math,domain:Problem-Solving and Data Analysis,skill:PSD_PCT_001,arch:MATH_ARCH_042_PERCENT_OF_WHOLE,sim:SIM_PERCENT_RELATIONSHIPS,fp:8d10ac29,tier:M1"
"SAT_MATH_44","Math.44","MATH44_20260623","400-800","MATH44_M1_Q18","MATH","1","base","18","Problem-Solving and Data Analysis","Statistics","PSD_STAT_002","Find median interval/value from frequency table","Find median interval/value from frequency table","medium","1","multiple_choice","","The table shows the number of books read by students in one month. What is the median number of books read?","5","2","3","4","C","3","There are 15 students. The median is the 8th value. Cumulative frequency reaches 7 at 2 books and 12 at 3 books, so the 8th value is 3.","75","table","{}","| Books read | Number of students |\n|---:|---:|\n| 0 | 1 |\n| 1 | 2 |\n| 2 | 4 |\n| 3 | 5 |\n| 4 | 2 |\n| 5 | 1 |","","","","","find median interval/value from frequency table","","math,domain:Problem-Solving and Data Analysis,skill:PSD_STAT_002,arch:MATH_ARCH_052_MEDIAN_FROM_FREQUENCY,sim:SIM_STATISTICS_CENTER_SPREAD,fp:f8be2077,tier:M2"
"SAT_MATH_44","Math.44","MATH44_20260623","400-800","MATH44_M1_Q19","MATH","1","base","19","Algebra","Linear Functions","ALG_LF_004","Find slope from two coordinate points","Find slope from two coordinate points","medium","1","multiple_choice","","A line passes through (2, 7) and (8, 25). What is its slope?","2","4","6","3","D","4","The slope is (25-7)/(8-2)=18/6=3.","75","none","{}","","","","","","find slope from two coordinate points","","math,domain:Algebra,skill:ALG_LF_004,arch:MATH_ARCH_007_LINEAR_GRAPH_SLOPE_FROM_POINTS,sim:SIM_LINEAR_FUNCTIONS_AND_GRAPHS,fp:9142008c,tier:M1"
"SAT_MATH_44","Math.44","MATH44_20260623","400-800","MATH44_M1_Q20","MATH","1","base","20","Algebra","Linear Functions","ALG_LF_006","Write the equation of a line through two points","Write the equation of a line through two points","medium","1","multiple_choice","","Which equation represents the line through (-2, 5) and (4, -7)?","y = 2x + 9","y = -3x - 1","y = -2x + 1","y = -2x - 1","C","3","The slope is (-7-5)/(4-(-2))=-12/6=-2. Using (-2,5), 5=4+b, so b=1.","75","none","{}","","","","","","write the equation of a line through two points","","math,domain:Algebra,skill:ALG_LF_006,arch:MATH_ARCH_009_LINEAR_GRAPH_EQUATION_FROM_POINTS,sim:SIM_LINEAR_FUNCTIONS_AND_GRAPHS,fp:3aeb39be,tier:M2"
"SAT_MATH_44","Math.44","MATH44_20260623","400-800","MATH44_M1_Q21","MATH","1","base","21","Geometry and Trigonometry","Trigonometry","GEO_TRIG_003","Use complementary angle trig relationships","Use complementary angle trig relationships","medium","1","multiple_choice","","In a right triangle, one acute angle measures 37°. What is the measure of the other acute angle?","43°","53°","63°","143°","B","2","The two acute angles in a right triangle are complementary, so the other angle is 90°-37°=53°.","75","none","{}","","","","","","use complementary angle trig relationships","","math,domain:Geometry and Trigonometry,skill:GEO_TRIG_003,arch:MATH_ARCH_097_TRIG_COMPLEMENTARY,sim:SIM_TRIGONOMETRY_RELATIONSHIPS,fp:bf5f4fcf,tier:M1"
"SAT_MATH_44","Math.44","MATH44_20260623","400-800","MATH44_M1_Q22","MATH","1","base","22","Geometry and Trigonometry","Triangles","GEO_TRI_003","Use Pythagorean theorem in right triangle","Use Pythagorean theorem in right triangle","medium","1","multiple_choice","","A right triangle has legs of lengths 9 and 12. What is the length of its hypotenuse?","15","18","13","21","A","1","By the Pythagorean theorem, the hypotenuse is √(9^2+12^2)=√225=15.","75","none","{}","","","","","","use Pythagorean theorem in right triangle","","math,domain:Geometry and Trigonometry,skill:GEO_TRI_003,arch:MATH_ARCH_086_PYTHAGOREAN_THEOREM,sim:SIM_RIGHT_TRIANGLE_PYTHAGOREAN,fp:16e07801,tier:M1"
"SAT_MATH_44","Math.44","MATH44_20260623","400-800","MATH44_M2_Q01","MATH","2","hard","1","Algebra","Systems of Equations","ALG_SYS_003","Solve a 2x2 linear system by substitution","Solve a 2x2 linear system by substitution","medium","1","multiple_choice","","The system 3x + 2y = 16 and x - 2y = 0 has solution (x,y). What is y?","2","1","4","3","A","1","From x=2y. Substitute into 3x+2y=16: 6y+2y=16, so y=2.","95","none","{}","","","","","","solve a 2x2 linear system by substitution","","math,domain:Algebra,skill:ALG_SYS_003,arch:MATH_ARCH_017_SYSTEM_SOLVE_SUBSTITUTION,sim:SIM_LINEAR_SYSTEMS,fp:6fbccd2e,tier:M2"
"SAT_MATH_44","Math.44","MATH44_20260623","400-800","MATH44_M2_Q02","MATH","2","hard","2","Algebra","Systems of Equations","ALG_SYS_002","Solve a 2x2 linear system by elimination","Solve a 2x2 linear system by elimination","medium","1","student_response","","For the system 4x + 3y = 19 and 2x - 3y = 5, what is x?","","","","","","","Add the equations to get 6x=24, so x=4.","95","none","{}","","","integer","4","0","solve a 2x2 linear system by elimination","","math,domain:Algebra,skill:ALG_SYS_002,arch:MATH_ARCH_016_SYSTEM_SOLVE_ELIMINATION,sim:SIM_LINEAR_SYSTEMS,fp:9b81c2d6,tier:M2"
"SAT_MATH_44","Math.44","MATH44_20260623","400-800","MATH44_M2_Q03","MATH","2","hard","3","Advanced Math","Nonlinear Functions","ADV_NF_004","Evaluate nested or composed functions","Evaluate nested or composed functions","hard","1","multiple_choice","","Let f(x)=2x-1 and g(x)=x^2+3. What is f(g(2))?","7","15","11","13","D","4","First g(2)=7. Then f(7)=14-1=13.","95","none","{}","","","","","","evaluate nested or composed functions","","math,domain:Advanced Math,skill:ADV_NF_004,arch:MATH_ARCH_065_FUNCTION_COMPOSITION,sim:SIM_FUNCTION_NOTATION_AND_VALUES,fp:51b5808d,tier:H2"
"SAT_MATH_44","Math.44","MATH44_20260623","400-800","MATH44_M2_Q04","MATH","2","hard","4","Advanced Math","Nonlinear Functions","ADV_NF_008","Model exponential growth or decay","Model exponential growth or decay","hard","1","multiple_choice","","A population is modeled by P(t)=500(0.92)^t, where t is measured in years. Which statement is true?","The population increases by 8% each year.","The population decreases by 8% each year.","The population increases by 92% each year.","The population decreases by 92% each year.","B","2","A factor of 0.92 means 92% remains each year, so the decrease is 8%.","95","none","{}","","","","","","model exponential growth or decay","","math,domain:Advanced Math,skill:ADV_NF_008,arch:MATH_ARCH_074_EXPONENTIAL_GROWTH_DECAY,sim:SIM_EXPONENTIAL_MODELS,fp:9ee79dbd,tier:H3"
"SAT_MATH_44","Math.44","MATH44_20260623","400-800","MATH44_M2_Q05","MATH","2","hard","5","Algebra","Linear Equations","ALG_LE_007","Find greatest or least expression value from a linear inequality","Find greatest or least expression value from a linear inequality","medium","1","student_response","","What is the greatest integer x satisfying 7x + 5 < 52?","","","","","","","The inequality gives 7x<47, so x<47/7≈6.71. The greatest integer is 6.","95","none","{}","","","integer","6","0","find greatest or least expression value from a linear inequality","","math,domain:Algebra,skill:ALG_LE_007,arch:MATH_ARCH_024_INEQUALITY_GREATEST_LEAST_VALUE,sim:SIM_LINEAR_EQUATIONS_AND_INEQUALITIES,fp:1e61b322,tier:M2"
"SAT_MATH_44","Math.44","MATH44_20260623","400-800","MATH44_M2_Q06","MATH","2","hard","6","Algebra","Systems of Equations","ALG_SYS_004","Combine equations to solve directly for x+y or a linear combination","Combine equations to solve directly for x+y or a linear combination","hard","1","multiple_choice","","For the system 2x + 5y = 19 and 3x - 5y = 6, what is x + y?","6","7","34/5","5","C","3","Adding the equations gives 5x=25, so x=5. Then 2(5)+5y=19, so y=9/5. Therefore x+y=5+9/5=34/5.","95","none","{}","","","","","","combine equations to solve directly for x+y or a linear combination","","math,domain:Algebra,skill:ALG_SYS_004,arch:MATH_ARCH_018_SYSTEM_SUM_DIRECT,sim:SIM_LINEAR_SYSTEMS,fp:45f8f465,tier:H2"
"SAT_MATH_44","Math.44","MATH44_20260623","400-800","MATH44_M2_Q07","MATH","2","hard","7","Problem-Solving and Data Analysis","Percentages","PSD_PCT_003","Compute net effect of successive percent changes","Compute net effect of successive percent changes","hard","1","multiple_choice","","A price is increased by 20% and then decreased by 20%. The final price is what percent of the original price?","100%","96%","104%","80%","B","2","The successive multipliers are 1.20 and 0.80. Their product is 0.96, so the final price is 96% of the original.","95","none","{}","","","","","","compute net effect of successive percent changes","","math,domain:Problem-Solving and Data Analysis,skill:PSD_PCT_003,arch:MATH_ARCH_044_SUCCESSIVE_PERCENT_CHANGE,sim:SIM_PERCENT_RELATIONSHIPS,fp:0f16d19a,tier:H2"
"SAT_MATH_44","Math.44","MATH44_20260623","400-800","MATH44_M2_Q08","MATH","2","hard","8","Algebra","Systems of Equations","ALG_SYS_010","Translate multi-constraint budget/resource situation into inequalities","Translate multi-constraint budget/resource situation into inequalities","hard","1","multiple_choice","","A theater sells adult tickets for $14 and student tickets for $9. At least 120 tickets must be sold, and ticket revenue must be at least $1,400. Which system describes adult tickets a and student tickets s?","a + s ≥ 120 and 14a + 9s ≥ 1400","a + s ≥ 120 and 14a + 9s ≤ 1400","14a + 9s ≥ 120 and a + s ≥ 1400","a + s ≤ 120 and 14a + 9s ≥ 1400","A","1","The ticket count is a+s and must be at least 120. Revenue is 14a+9s and must be at least 1400.","95","none","{}","","","","","","translate multi-constraint budget/resource situation into inequalities","","math,domain:Algebra,skill:ALG_SYS_010,arch:MATH_ARCH_030_BUDGET_SYSTEM_INEQUALITIES,sim:SIM_LINEAR_SYSTEMS,fp:2ee007a4,tier:H2"
"SAT_MATH_44","Math.44","MATH44_20260623","400-800","MATH44_M2_Q09","MATH","2","hard","9","Advanced Math","Nonlinear Functions","ADV_NF_007","Solve rational equation and reject excluded values","Solve rational equation and reject excluded values","hard","1","multiple_choice","","Solve 3/(x-1) = 2/(x+2).","x = 1","x = -8","x = -1","x = 8","B","2","Cross-multiply: 3(x+2)=2(x-1), so 3x+6=2x-2 and x=-8. This value is allowed because x≠1,-2.","95","none","{}","","","","","","solve rational equation and reject excluded values","","math,domain:Advanced Math,skill:ADV_NF_007,arch:MATH_ARCH_073_RATIONAL_EQUATION_SOLVE,sim:SIM_RATIONAL_EQUATIONS,fp:fa11799a,tier:H3"
"SAT_MATH_44","Math.44","MATH44_20260623","400-800","MATH44_M2_Q10","MATH","2","hard","10","Advanced Math","Nonlinear Functions","ADV_NF_010","Use quadratic formula to solve or analyze roots","Use quadratic formula to solve or analyze roots","hard","1","multiple_choice","","What are the solutions to 2x^2 - 3x - 7 = 0?","(-3 ± √65)/4","(3 ± √65)/4","(-3 ± √37)/4","(3 ± √37)/4","B","2","Using the quadratic formula, x=[3±√(9+56)]/4=(3±√65)/4.","95","none","{}","","","","","","use quadratic formula to solve or analyze roots","","math,domain:Advanced Math,skill:ADV_NF_010,arch:MATH_ARCH_076_QUADRATIC_SOLVE_FORMULA,sim:SIM_QUADRATIC_SOLVING,fp:173c7da2,tier:H3"
"SAT_MATH_44","Math.44","MATH44_20260623","400-800","MATH44_M2_Q11","MATH","2","hard","11","Advanced Math","Nonlinear Functions","ADV_NF_011","Complete the square to find vertex or solve","Complete the square to find vertex or solve","hard","1","multiple_choice","","Which equation is equivalent to x^2 + 8x - 5 = 0?","(x - 4)^2 = 21","(x + 4)^2 = 11","(x + 4)^2 = 21","(x + 8)^2 = 69","C","3","Add 5 and complete the square: x^2+8x=5, so x^2+8x+16=21 and (x+4)^2=21.","95","none","{}","","","","","","complete the square to find vertex or solve","","math,domain:Advanced Math,skill:ADV_NF_011,arch:MATH_ARCH_077_QUADRATIC_COMPLETE_SQUARE,sim:SIM_QUADRATIC_FEATURES,fp:07d30a06,tier:H3"
"SAT_MATH_44","Math.44","MATH44_20260623","400-800","MATH44_M2_Q12","MATH","2","hard","12","Algebra","Systems of Equations","ALG_SYS_006","Find parameter value that makes two linear equations parallel","Find parameter value that makes two linear equations parallel","hard","1","multiple_choice","","For what value of k does the system 6x - 4y = 10 and 9x - 6y = k have infinitely many solutions?","15","18","12","10","A","1","The second left side is 3/2 times the first. For the equations to represent the same line, k must be (3/2)(10)=15.","95","none","{}","","","","","","find parameter value that makes two linear equations parallel","","math,domain:Algebra,skill:ALG_SYS_006,arch:MATH_ARCH_020_SYSTEM_NO_SOLUTION_PARAMETER,sim:SIM_LINEAR_SYSTEMS,fp:cb84ba28,tier:H3"
"SAT_MATH_44","Math.44","MATH44_20260623","400-800","MATH44_M2_Q13","MATH","2","hard","13","Algebra","Systems of Equations","ALG_SYS_007","Find parameter value that makes two equations equivalent","Find parameter value that makes two equations equivalent","hard","1","multiple_choice","","For what value of p does the system 4x + py = 7 and 12x + 9y = 25 have no solution?","9","7/3","2","3","D","4","For parallel lines, the x- and y-coefficient ratios must match: 12/4=3, so 9/p=3 and p=3. The constants do not have the same ratio because 25≠21, so the lines are distinct and parallel.","95","none","{}","","","","","","find parameter value that makes two equations equivalent","","math,domain:Algebra,skill:ALG_SYS_007,arch:MATH_ARCH_021_SYSTEM_INFINITE_SOLUTIONS_PARAMETER,sim:SIM_LINEAR_SYSTEMS,fp:41ecb764,tier:H3"
"SAT_MATH_44","Math.44","MATH44_20260623","400-800","MATH44_M2_Q14","MATH","2","hard","14","Advanced Math","Nonlinear Functions","ADV_NF_006","Solve radical equation and check extraneous solution","Solve radical equation and check extraneous solution","hard","1","multiple_choice","","The equation √(2x + 3) = x has which solution?","1","-3","-1","3","D","4","Squaring gives 2x+3=x^2, or (x-3)(x+1)=0. Checking the original equation, x=3 works and x=-1 does not because the square root is nonnegative.","95","none","{}","","","","","","solve radical equation and check extraneous solution","","math,domain:Advanced Math,skill:ADV_NF_006,arch:MATH_ARCH_069_RADICAL_EQUATION_EXTRANEOUS,sim:SIM_EXPONENT_RADICALS,fp:1e8627d2,tier:H3"
"SAT_MATH_44","Math.44","MATH44_20260623","400-800","MATH44_M2_Q15","MATH","2","hard","15","Advanced Math","Nonlinear Functions","ADV_NF_014","Use discriminant to determine number/type of solutions","Use discriminant to determine number/type of solutions","hard","1","student_response","","For what value of k does x^2 - 10x + k = 0 have exactly one real solution?","","","","","","","Exactly one real solution requires discriminant 100-4k=0, so k=25.","95","none","{}","","","integer","25","0","use discriminant to determine number/type of solutions","","math,domain:Advanced Math,skill:ADV_NF_014,arch:MATH_ARCH_080_QUADRATIC_DISCRIMINANT,sim:SIM_QUADRATIC_SOLVING,fp:3ef6760a,tier:H3"
"SAT_MATH_44","Math.44","MATH44_20260623","400-800","MATH44_M2_Q16","MATH","2","hard","16","Geometry and Trigonometry","Triangles","GEO_TRI_004","Use 30-60-90 or 45-45-90 triangle ratios","Use 30-60-90 or 45-45-90 triangle ratios","hard","1","multiple_choice","","In a 30°-60°-90° triangle, the side opposite 30° has length 7. What is the length of the side opposite 60°?","14","7√3","7√2","14√3","B","2","The side lengths in a 30°-60°-90° triangle are in the ratio 1:√3:2. Therefore the side opposite 60° is 7√3.","95","right_triangle","{""diagram_type"":""right_triangle"",""render_mode"":""exact_to_scale"",""not_to_scale"":false,""vertices"":[""A"",""B"",""C""],""right_angle_at"":""C"",""side_labels"":{""BC"":""7"",""AC"":""?"",""AB"":""14""},""angle_labels"":{""A"":""30°"",""B"":""60°""},""target"":""AC""}","","","","","","use 30-60-90 or 45-45-90 triangle ratios","","math,domain:Geometry and Trigonometry,skill:GEO_TRI_004,arch:MATH_ARCH_087_SPECIAL_RIGHT_TRIANGLES,sim:SIM_SPECIAL_RIGHT_TRIANGLES,fp:026e80b0,tier:H3"
"SAT_MATH_44","Math.44","MATH44_20260623","400-800","MATH44_M2_Q17","MATH","2","hard","17","Advanced Math","Nonlinear Functions","ADV_NF_001","Determine parameters for a line and parabola system with two real solutions","Determine parameters for a line and parabola system with two real solutions","hard","1","multiple_choice","","The graphs of y=x^2-5x+4 and y=2x-2 intersect at two points. What is the sum of the x-coordinates of the intersection points?","5","9","3","7","D","4","Set the equations equal: x^2-5x+4=2x-2, so x^2-7x+6=0. The sum of the roots is 7.","95","none","{}","","","","","","determine parameters for a line and parabola system with two real solutions","","math,domain:Advanced Math,skill:ADV_NF_001,arch:MATH_ARCH_022_SYSTEM_QUADRATIC_LINE_TWO_SOLUTIONS,sim:SIM_QUADRATIC_SOLVING,fp:2086926d,tier:H3"
"SAT_MATH_44","Math.44","MATH44_20260623","400-800","MATH44_M2_Q18","MATH","2","hard","18","Problem-Solving and Data Analysis","Ratios Rates and Proportions","PSD_RRP_006","Use constant work rate to compare sessions, jobs, or completion times","Use constant work rate to compare sessions, jobs, or completion times","hard","1","multiple_choice","","Machine A completes a job in 6 hours and machine B completes the same job in 4 hours. Working together at constant rates, how many hours do they need to complete the job?","12/5","10/3","5/2","5","A","1","Their combined rate is 1/6+1/4=5/12 job per hour, so the time is 1÷(5/12)=12/5 hours.","95","none","{}","","","","","","use constant work rate to compare sessions, jobs, or completion times","","math,domain:Problem-Solving and Data Analysis,skill:PSD_RRP_006,arch:MATH_ARCH_037_INVERSE_RATE_WORK,sim:SIM_RATIOS_RATES_PROPORTIONS,fp:140842bc,tier:H3"
"SAT_MATH_44","Math.44","MATH44_20260623","400-800","MATH44_M2_Q19","MATH","2","hard","19","Problem-Solving and Data Analysis","Probability","PSD_PROB_002","Compute conditional probability from a table subset","Compute conditional probability from a table subset","hard","1","multiple_choice","","The table summarizes 160 customers. Given that a selected customer is a member, what is the probability that the customer uses the app?","18/25","9/20","4/5","9/16","C","3","Among the 90 members, 72 use the app. The conditional probability is 72/90=4/5.","95","table","{}","| Membership | Uses app | Does not use app | Total |\n|---|---:|---:|---:|\n| Member | 72 | 18 | 90 |\n| Nonmember | 28 | 42 | 70 |\n| Total | 100 | 60 | 160 |","","","","","compute conditional probability from a table subset","","math,domain:Problem-Solving and Data Analysis,skill:PSD_PROB_002,arch:MATH_ARCH_050_CONDITIONAL_PROBABILITY_TABLE,sim:SIM_PROBABILITY_TABLES,fp:71ae01e3,tier:H3"
"SAT_MATH_44","Math.44","MATH44_20260623","400-800","MATH44_M2_Q20","MATH","2","hard","20","Geometry and Trigonometry","Triangles","GEO_TRI_006","Use similar triangles and scale factors","Use similar triangles and scale factors","hard","1","multiple_choice","","Triangles ABC and DEF are similar with A corresponding to D, B to E, and C to F. If AB=6, BC=9, and DE=10, what is EF?","13.5","15","18","12","B","2","The scale factor from ABC to DEF is 10/6=5/3. Therefore EF=9(5/3)=15.","95","triangle","{""diagram_type"":""similar_triangles"",""render_mode"":""near_to_scale"",""not_to_scale"":true,""triangles"":[{""triangle_id"":""ABC"",""vertices"":[""A"",""B"",""C""],""side_labels"":{""AB"":""6"",""BC"":""9""},""angle_labels"":{}},{""triangle_id"":""DEF"",""vertices"":[""D"",""E"",""F""],""side_labels"":{""DE"":""10"",""EF"":""x""},""angle_labels"":{}}],""correspondence"":{""A"":""D"",""B"":""E"",""C"":""F""},""target"":""EF""}","","","","","","use similar triangles and scale factors","","math,domain:Geometry and Trigonometry,skill:GEO_TRI_006,arch:MATH_ARCH_089_SIMILAR_TRIANGLES_SCALE,sim:SIM_SIMILAR_TRIANGLES,fp:16cffead,tier:H3"
"SAT_MATH_44","Math.44","MATH44_20260623","400-800","MATH44_M2_Q21","MATH","2","hard","21","Geometry and Trigonometry","Circles","GEO_CIRC_003","Use equation of a circle in coordinate plane","Use equation of a circle in coordinate plane","hard","1","multiple_choice","","A circle has equation x^2+y^2-8x+6y-11=0. What is the radius of the circle?","5","7","4","6","D","4","Complete the square: (x-4)^2+(y+3)^2=36, so the radius is 6.","95","none","{}","","","","","","use equation of a circle in coordinate plane","","math,domain:Geometry and Trigonometry,skill:GEO_CIRC_003,arch:MATH_ARCH_093_CIRCLE_EQUATION,sim:SIM_CIRCLE_EQUATIONS,fp:52ea9339,tier:H3"
"SAT_MATH_44","Math.44","MATH44_20260623","400-800","MATH44_M2_Q22","MATH","2","hard","22","Geometry and Trigonometry","Circles","GEO_CIRC_002","Find arc length or sector area from central angle","Find arc length or sector area from central angle","hard","1","multiple_choice","","A sector of a circle has radius 12 and central angle 150°. What is its area?","60π","72π","30π","50π","A","1","The sector is 150/360=5/12 of the circle. Its area is (5/12)π(12^2)=60π.","95","none","{}","","","","","","find arc length or sector area from central angle","","math,domain:Geometry and Trigonometry,skill:GEO_CIRC_002,arch:MATH_ARCH_092_CIRCLE_ARC_SECTOR,sim:SIM_CIRCLE_MEASUREMENTS,fp:4326e0d5,tier:H3"
