"test_id","exam_version","generation_batch_id","target_score_band","question_id","section","module","route","question_number","content_domain","skill_group","skill_code","skill_label","question_topic","difficulty","scoring_weight","question_type","passage","question","choice_a","choice_b","choice_c","choice_d","correct_answer","correct_choice_index","explanation","time_estimate_sec","visual_type","visual_json","table_markdown","equation_latex","student_response_type","correct_numeric_answer","answer_tolerance","primary_skill","secondary_skill","tags"
"SAT_RW_14","split_v9","14-front","All","RW14_M1_Q01","RW","1","base","1","Craft and Structure","Words in Context","RW_WIC_002","Determine meaning or function of a word/phrase in context","purpose_sentence","Easy","1","multiple_choice","Marine biologists restoring a shallow coral reef tested whether the location of nursery frames affected the survival of young colonies during unusually warm weeks. Frames near the channel received cooler water at high tide, but they were also exposed to stronger currents that sometimes broke delicate branches. Frames farther inside the lagoon experienced weaker currents and slightly warmer water. Temperature loggers showed that the lagoon’s afternoon heat rose gradually rather than sharply, and colonies there retained more living tissue after the hottest days. The researchers concluded that the lagoon had buffered the nursery from rapid thermal swings, even though its average temperature was not the lowest. They cautioned that the calmer site would not necessarily be best during every season, since low water exchange can create other stresses. Still, during the observed heat spell, reduced temperature volatility appeared to matter more than the minimum daily temperature.","As used in the text, “buffered” most nearly means","stored","separated","moderated","predicted","C","3","“Buffered” describes how conditions in the lagoon reduced the effect of rapid temperature changes; “moderated” best fits that context.","75","none","{}","","","","","","Words in Context","","rw;passage:R003;arch:RW_WIC_002;sim:rw_words_in_context_purpose_sentence;fp:606259918847;surf:SURF_RW_WIC_002;difficulty_profile:D1;wic;wicarch:WIC_DIRECT_MEANING_01;family:direct_meaning;target:buffered"
"SAT_RW_14","split_v9","14-front","All","RW14_M1_Q02","RW","1","base","2","Craft and Structure","Words in Context","RW_WIC_007","Determine meaning or function of a word/phrase in context","verb_pronoun_agreement","Medium","1","multiple_choice","Transit researchers examined pedestrian flow at three rail stations after movable barriers were installed near crowded platforms. During weekday rush periods, the barriers reduced the number of people who stopped abruptly at stair entrances, and average walking speed through those areas increased. The pattern was not uniform, however. On days with large sporting events, travelers arrived in unusually concentrated bursts, and the same barrier arrangement sometimes created queues farther from the stairs. Because the study covered only six weeks and included few rainy days, the researchers offered a measured conclusion about the barriers. The barriers seemed useful for ordinary commuting conditions, but the best arrangement might depend on how passengers enter the station. The team therefore planned a second trial using adjustable barrier spacing and a wider range of events. That follow-up would test whether the observed improvement reflects a general design principle or a benefit limited to the conditions in the initial study.","Which choice best describes the function of “measured” in the passage?","It shifts attention from passenger movement to the cost of installing and maintaining the barriers.","It strengthens the researchers’ conclusion by treating the six-week pattern as sufficient to establish a universal design rule.","It indicates that the researchers consider the event-day queues irrelevant to evaluating the barrier arrangement.","It limits the researchers’ conclusion by presenting it as subject to revision when additional conditions are tested.","D","4","The mixed event-day results and limited study conditions make the conclusion deliberately cautious; “measured” limits the force of the claim rather than presenting it as universal.","75","none","{}","","","","","","Words in Context","","rw;passage:R009;arch:RW_WIC_007;sim:rw_words_in_context_verb_pronoun_agreement;fp:db1d3af5332d;surf:SURF_RW_WIC_007;difficulty_profile:D2;wic;wicarch:WIC_CLAIM_FUNCTION_01;family:claim_function;target:measured"
"SAT_RW_14","split_v9","14-front","All","RW14_M1_Q03","RW","1","base","3","Craft and Structure","Words in Context","RW_WIC_004","Determine meaning or function of a word/phrase in context","revision_goal","Medium","1","multiple_choice","A city compared the performance of two groups of battery-electric buses assigned to routes with similar distances and passenger loads. One depot had more high-power chargers, so planners expected its buses to complete more peak-hour trips without schedule changes. The other depot relied on slower overnight charging but also used software that reassigned buses according to remaining battery capacity. Over four months, the first depot recorded fewer midroute battery warnings. The second depot still completed a slightly larger share of its scheduled peak trips, because dispatchers were able to substitute fully charged buses before delays accumulated. The result did not show that slower charging is generally preferable; the depots differed in how actively vehicles were reassigned. Instead, the comparison suggested that charging hardware and dispatch practices can interact. A depot with abundant fast chargers may gain little from that advantage if its scheduling system does not use available vehicles efficiently.","How does the word “still” help establish the relationship between the ideas in the passage?","It marks a result that runs against the expectation created by the first depot’s charging advantage.","It indicates that the second depot’s performance occurred after the first depot stopped operating.","It introduces a reason the two depots should be treated as identical in every operational respect.","It presents the second depot’s result as further evidence that high-power chargers always improve scheduling.","A","1","“Still” connects the second depot’s higher completion rate to the earlier expectation in a concessive way: the result occurred despite the first depot’s apparent charging advantage.","75","none","{}","","","","","","Words in Context","","rw;passage:R015;arch:RW_WIC_004;sim:rw_words_in_context_revision_goal;fp:09ca41173670;surf:SURF_RW_WIC_004;difficulty_profile:D2;wic;wicarch:WIC_RELATION_FUNCTION_01;family:relation_function;target:still"
"SAT_RW_14","split_v9","14-front","All","RW14_M1_Q04","RW","1","base","4","Craft and Structure","Text Structure and Purpose","RW_TSP_001","Analyze structure or purpose","purpose_sentence","Easy","1","multiple_choice","Along a busy harbor, underwater recordings captured the sounds produced by boats, waves, snapping shrimp, and several fish species. Biologists noticed that low-frequency engine noise often overlapped with the calls of a fish that gathers in shallow breeding areas. To test whether the overlap affected behavior, the team played recordings at controlled volumes in large coastal enclosures. Fish exposed to louder engine noise spent less time near speakers broadcasting mating calls, while fish exposed to wave noise at similar overall loudness showed a smaller change. The researchers did not claim that engine noise alone determines breeding success. Water temperature, habitat structure, and predator activity also influence where the fish gather. Even so, the experiment helped isolate one plausible pathway by which vessel traffic could alter habitat quality: noise may make biologically important signals harder to detect. The finding gives managers a reason to consider sound conditions alongside more visible habitat features.","Which choice best describes the main purpose of the sentence about wave noise?","It explains why the researchers excluded engine noise from the coastal enclosures.","It shows that water temperature and predator activity were identical in every trial.","It provides a comparison suggesting that the fish responded to the type of sound, not merely to overall loudness.","It identifies wave noise as the primary cause of reduced breeding success in the harbor.","C","3","The wave-noise condition serves as a comparison: similar loudness produced a smaller behavioral change, helping distinguish sound type from loudness alone.","75","none","{}","","","","","","Text Structure and Purpose","","rw;passage:R021;arch:RW_TSP_001;sim:rw_text_structure_and_purpose_purpose_sentence;fp:f4e4f806af5c;surf:SURF_RW_TSP_001;difficulty_profile:D1"
"SAT_RW_14","split_v9","14-front","All","RW14_M1_Q05","RW","1","base","5","Craft and Structure","Text Structure and Purpose","RW_TSP_010","Analyze structure or purpose","supporting_detail","Medium","1","multiple_choice","Honeybees can learn the location of a food source from the waggle dances of nestmates, but researchers have debated how much bees rely on those dances when familiar landmarks are available. In one field experiment, colonies were moved between two sites. At the first site, foragers had several days to learn the surrounding hedgerows before trained dancers indicated a feeder. At the second site, the same kind of feeder was introduced soon after the colonies arrived. <u>Bees at the familiar site often left the indicated route and flew toward landmarks associated with earlier feeding trips.</u> At the unfamiliar site, more bees initially followed the direction conveyed by the dances. Yet even there, successful foragers adjusted their paths after encountering new visual cues. The results suggest that dance information does not simply replace a bee’s own spatial knowledge. Instead, bees appear to weigh socially supplied directions against remembered or newly encountered features of the landscape.","Which choice best describes the function of the underlined sentence in the passage?","It provides evidence that bees rely on dance information more strongly after they have learned a landscape.","It establishes that bees at the familiar site were unable to interpret the dancers’ directions.","It shows that the feeder at the familiar site was farther from the colony than the feeder at the unfamiliar site.","It gives evidence that previously learned landmarks can compete with socially supplied route information.","D","4","The underlined sentence shows bees deviating from the danced route toward familiar landmarks, supporting the idea that prior spatial knowledge can compete with social information.","75","none","{}","","","","","","Text Structure and Purpose","","rw;passage:R027;arch:RW_TSP_010;sim:rw_text_structure_and_purpose_supporting_detail;fp:df6ba37fce39;surf:SURF_RW_TSP_010;difficulty_profile:D2;underline"
"SAT_RW_14","split_v9","14-front","All","RW14_M1_Q06","RW","1","base","6","Craft and Structure","Text Structure and Purpose","RW_TSP_011","Analyze structure or purpose","contrast","Hard","1","multiple_choice","A museum redesigned labels for a gallery of ceramic vessels after visitor interviews revealed an unexpected problem. Many visitors remembered striking decorative details but could not explain why certain vessels were grouped together. The original labels emphasized dates, excavation sites, and technical vocabulary about clay composition. The new labels kept those facts but opened with short questions about how a vessel might have been used, then connected visible features to evidence from residues and wear. In follow-up interviews, visitors using the new labels more often described relationships between an object’s form and its likely function. However, they were no more accurate at recalling exact excavation dates. Curators therefore resisted describing the redesign as a general improvement in memory. Its more specific effect was to guide attention toward relationships the exhibition was designed to teach. The revised labels changed what visitors organized their observations around, rather than simply increasing the amount of information they retained.","Which choice best describes how the passage is organized?","It describes visitors’ difficulty recalling excavation dates and then argues that those dates should be removed from museum labels.","It reports a gain in relational understanding and unchanged recall of dates, then treats the unchanged date recall as evidence that the redesign failed to help visitors interpret objects.","It contrasts the kinds of information emphasized by the old and new labels, then concludes that the new labels improved visitors’ memory for every kind of fact.","It identifies a problem with an existing approach, describes a revision, and then qualifies the revision’s success by distinguishing one kind of learning from another.","D","4","The passage moves from a problem to a redesign and then uses mixed follow-up results to define the redesign’s specific benefit rather than claiming broad memory improvement.","75","none","{}","","","","","","Text Structure and Purpose","","rw;passage:R033;arch:RW_TSP_011;sim:rw_text_structure_and_purpose_contrast;fp:905210075da0;surf:SURF_RW_TSP_011;difficulty_profile:D3"
"SAT_RW_14","split_v9","14-front","All","RW14_M1_Q07","RW","1","base","7","Craft and Structure","Cross-Text Connections","RW_CTC_006","Compare claims across paired texts","paired_text_relation","Medium","1","multiple_choice","Text 1:
Young songbirds do not merely copy every sound they hear. In experiments with zebra finches, juveniles exposed to several adult tutors often favored songs from adults they interacted with frequently. Social contact may therefore help determine which acoustic models receive the most attention during learning. Recordings alone can support some learning, but they do not reproduce every feature of a live social exchange.

Text 2:
Acoustic structure also places limits on what young birds learn. When tutors sing unusually altered syllable sequences, juveniles often reproduce some familiar sound patterns more faithfully than the novel ordering they heard. This result suggests that developing birds bring perceptual or motor biases to the learning process. Social interaction can increase attention to a tutor, yet increased attention does not guarantee that every feature of the tutor’s song will be copied with equal accuracy.","Based on the texts, how would the author of Text 2 most likely respond to the main claim in Text 1?","Social contact can influence which tutor a young bird attends to, but features of the song itself also constrain what the bird ultimately learns.","Social contact determines both which tutor is attended to and how accurately every feature of that tutor’s song is copied.","Live tutors are necessary for any song learning to occur, so recordings cannot contribute to vocal development.","Social contact is irrelevant to song learning because juveniles reproduce only patterns they are biologically predisposed to sing.","A","1","Text 2 accepts that social interaction can increase attention but adds that perceptual or motor biases constrain what is copied, qualifying Text 1 rather than rejecting it.","75","none","{}","","","","","","Cross-Text Connections","","rw;passage:R006;arch:RW_CTC_006;sim:rw_cross_text_connections_paired_text_relation;fp:0d7b7299d33f;surf:SURF_RW_CTC_006;difficulty_profile:D2"
"SAT_RW_14","split_v9","14-front","All","RW14_M1_Q08","RW","1","base","8","Information and Ideas","Central Ideas and Details","RW_CID_001","Identify main idea, key detail, or summary","main_claim","Medium","1","multiple_choice","City planners often estimate the cooling value of street trees by measuring canopy cover across entire neighborhoods. Ecologists in one city tested whether that broad measure captured what pedestrians actually experience during hot afternoons. They placed temperature sensors along twelve walking routes that had similar total canopy cover but differed in how trees were distributed. Routes with long, continuous patches of shade remained cooler for more of the afternoon than routes where the same approximate amount of canopy was broken into small, widely spaced patches. The difference was especially large near intersections, where exposed pavement stored heat. The researchers noted that total canopy cover still matters for citywide planning, since adding trees can reduce solar exposure overall. Yet their route-level measurements show why two streets with similar canopy percentages may feel quite different to walkers. For heat mitigation aimed specifically at pedestrians, the continuity and placement of shade can be as important as the total area covered by leaves.","Which choice best states the central idea of the text?","Because exposed pavement stores heat, intersections are an especially important location to consider when planning pedestrian shade.","For pedestrian cooling, how tree shade is arranged along a route can matter as much as the overall amount of canopy.","Citywide canopy percentages fully capture pedestrians’ heat exposure and therefore make route-level measurements unnecessary.","Routes with similar total canopy cover should have similar afternoon temperatures regardless of where the trees are located.","B","2","The passage contrasts equal-canopy routes and finds that continuous, strategically placed shade changes pedestrian heat exposure, while still acknowledging the value of total canopy measures.","75","none","{}","","","","","","Central Ideas and Details","","rw;passage:R001;arch:RW_CID_001;sim:rw_central_ideas_and_details_main_claim;fp:b8af4ef1161b;surf:SURF_RW_CID_001;difficulty_profile:D2"
"SAT_RW_14","split_v9","14-front","All","RW14_M1_Q09","RW","1","base","9","Information and Ideas","Central Ideas and Details","RW_CID_002","Identify main idea, key detail, or summary","supporting_detail","Medium","1","multiple_choice","Agronomists studying drought resilience in wheat fields focused on microorganisms living around plant roots. Some plots received a conventional irrigation schedule, while others experienced short dry periods early in the growing season. Before the dry periods began, the researchers measured the abundance of several microbial groups. Later, they found that plants in plots with greater early abundance of certain root-associated fungi maintained leaf growth longer during water shortage. Yet fungal abundance by itself did not predict final grain yield. Soil depth, the timing of later rainfall, and the wheat variety also affected how well plants recovered. The researchers therefore argued against treating any one microbial measurement as a simple forecast of harvest size. Instead, the early fungal pattern may be useful as one indicator of how plants respond during the first stages of drought stress. Its value lies in revealing a component of resilience, not in replacing information about weather, soil, or crop genetics.","According to the text, what is true about the early abundance of the root-associated fungi?","It increased only after the dry periods ended, so it could not be measured before drought stress began.","It was unrelated to plant responses during drought but strongly associated with soil depth.","It predicted final grain yield more accurately than rainfall timing, soil depth, or wheat variety did.","It was associated with continued leaf growth during water shortage but did not by itself determine final grain yield.","D","4","The passage explicitly links higher early fungal abundance to sustained leaf growth while cautioning that the measure alone did not predict final yield.","75","none","{}","","","","","","Central Ideas and Details","","rw;passage:R007;arch:RW_CID_002;sim:rw_central_ideas_and_details_supporting_detail;fp:5180df04170c;surf:SURF_RW_CID_002;difficulty_profile:D2"
"SAT_RW_14","split_v9","14-front","All","RW14_M1_Q10","RW","1","base","10","Information and Ideas","Command of Evidence","RW_COE_001","Use textual or quantitative evidence","supporting_detail","Medium","1","multiple_choice","Engineers testing filters for laundry wastewater wanted to know whether a fine mesh could capture microplastic fibers without creating an impractical maintenance burden. They installed prototype filters on identical washing machines and recorded both fiber capture and the pressure needed to move water through each filter. The finest mesh captured the most fibers during the first several cycles, but its flow rate dropped quickly as lint accumulated. A slightly coarser mesh captured fewer fibers per cycle yet maintained a steadier flow and required less frequent cleaning. The engineers proposed that, for household use, an effective design may need to balance maximum fiber capture against reliable water flow over repeated cycles. They emphasized that the prototype results were preliminary because detergent type and fabric mix were tightly controlled. A broader trial would need to determine whether the same tradeoff appears under ordinary household conditions with more varied loads.","Which additional finding, if true, would most directly support the engineers’ proposed tradeoff?","Across varied household loads, the finest mesh captures more fibers than the coarser mesh but requires cleaning substantially more often to maintain water flow.","Some households use liquid detergent while others use powdered detergent.","Fiber capture varies somewhat from one fabric type to another when no filter is installed.","The coarser mesh is less expensive to manufacture than the washing machine’s standard lint screen.","A","1","The proposed tradeoff concerns greater fiber capture versus reduced flow reliability or higher cleaning burden. The keyed finding directly shows both sides under varied household conditions.","75","none","{}","","","","","","Command of Evidence","","rw;passage:R005;arch:RW_COE_001;sim:rw_command_of_evidence_supporting_detail;fp:6e81dfd7cd42;surf:SURF_RW_COE_001;difficulty_profile:D2"
"SAT_RW_14","split_v9","14-front","All","RW14_M1_Q11","RW","1","base","11","Information and Ideas","Command of Evidence","RW_COE_003","Use textual or quantitative evidence","cause_effect","Hard","1","multiple_choice","Hydrologists monitoring a glacier-fed river noticed that midsummer streamflow had remained relatively stable even as the glacier’s total ice volume declined. They proposed that the stability was temporary: warmer summers were increasing melt from exposed ice, offsetting the loss of glacier area for the moment. If the glacier continued shrinking, however, a point would eventually be reached at which additional warming could no longer compensate for the smaller melting surface. To evaluate this idea, the team combined aerial measurements of glacier area with daily river discharge and air-temperature records over fifteen years. The records showed large year-to-year variation caused by snowfall and summer weather, so the researchers did not expect a smooth trend. Their hypothesis concerns the mechanism behind the current plateau in seasonal runoff and predicts that this plateau should weaken as the glacier becomes substantially smaller, even if warm conditions continue.","Which finding from the fifteen-year record would provide the strongest evidence for the researchers’ hypothesis?","The glacier loses area in most years, but some cool summers produce lower discharge than the long-term average.","Air temperature and midsummer discharge both vary from year to year, with several warm years also having above-average river flow.","In warmer years, meltwater produced per square kilometer of remaining ice rises, while total midsummer discharge stays roughly level as glacier area declines.","Years with heavy winter snowfall often have higher early-summer discharge than years with little snowfall, regardless of glacier area.","C","3","The hypothesis requires evidence that increased melt per unit area is compensating for shrinking glacier area. The keyed finding directly demonstrates that compensation while total discharge remains level.","75","none","{}","","","","","","Command of Evidence","","rw;passage:R011;arch:RW_COE_003;sim:rw_command_of_evidence_cause_effect;fp:276886c0f522;surf:SURF_RW_COE_003;difficulty_profile:D3"
"SAT_RW_14","split_v9","14-front","All","RW14_M1_Q12","RW","1","base","12","Information and Ideas","Inferences","RW_INF_010","Draw supported conclusions","evidence_based_inference","Easy","1","multiple_choice","Archaeologists analyzing pottery from two ancient coastal settlements found that many vessels shared the same general shapes, but the clay mixtures differed. At the northern settlement, most cooking jars contained mineral grains matching nearby river deposits. At the southern settlement, several jars contained a distinctive volcanic temper found only much farther inland. Decorative patterns on those jars resembled local southern styles rather than inland ones. The researchers considered two possibilities: finished jars might have been transported from inland workshops, or southern potters might have obtained temper material through exchange and used it in locally made vessels. Microscopic examination revealed firing marks and construction techniques consistent with other pottery made at the southern site. This evidence does not identify exactly how the volcanic material traveled to the coast. It does, however, narrow the likely explanation for the jars’ origin and suggests that trade networks may have moved raw materials as well as finished goods.","Which inference about the southern settlement is best supported by the text?","Cooking jars at the northern settlement were transported from the same inland source as the volcanic temper.","Some local potters likely obtained volcanic temper through exchange rather than importing all of the finished jars that contained it.","The southern settlement had no access to local clay and therefore depended entirely on inland suppliers.","Decorative styles at the southern settlement were copied directly from inland workshops.","B","2","The jars combine nonlocal volcanic temper with local decorative and construction features, supporting the inference that material, rather than necessarily finished vessels, was exchanged.","75","none","{}","","","","","","Inferences","","rw;passage:R013;arch:RW_INF_010;sim:rw_inferences_evidence_based_inference;fp:6d588d124acc;surf:SURF_RW_INF_010;difficulty_profile:D1"
"SAT_RW_14","split_v9","14-front","All","RW14_M1_Q13","RW","1","base","13","Information and Ideas","Inferences","RW_INF_002","Draw supported conclusions","cause_effect","Medium","1","multiple_choice","A grocery store tested two front-of-package nutrition labels on otherwise identical shelves. One label displayed a single summary score, while the other displayed separate values for sugar, sodium, and fiber. Shoppers were randomly assigned to aisles using one format or the other, and researchers recorded which products they examined before making a purchase. Both labels increased attention to nutrition information compared with shelves that had no front label. However, shoppers using the component label spent more time comparing products that were strong on one nutrient but weak on another. Shoppers using the summary score made choices more quickly, especially when products differed substantially in their overall scores. The researchers cautioned that faster decisions are not necessarily better decisions, and the study did not measure long-term dietary outcomes. Even so, the behavioral pattern suggests that the two label formats may support different kinds of decision strategies rather than simply different levels of attention.","Which inference about the component label is most strongly supported?","It causes shoppers to ignore nutrition information whenever products have similar nutrient profiles.","It may encourage shoppers to weigh separate nutritional attributes against one another before choosing.","It makes every purchase take longer because shoppers cannot understand the separate nutrient values.","It produces healthier long-term diets than a summary score does.","B","2","Shoppers with the component label spent more time comparing products with mixed nutrient strengths, supporting an attribute-by-attribute tradeoff strategy.","75","none","{}","","","","","","Inferences","","rw;passage:R019;arch:RW_INF_002;sim:rw_inferences_cause_effect;fp:8fd67fe4f822;surf:SURF_RW_INF_002;difficulty_profile:D2"
"SAT_RW_14","split_v9","14-front","All","RW14_M1_Q14","RW","1","base","14","Information and Ideas","Inferences","RW_INF_001","Draw supported conclusions","contrast","Hard","1","multiple_choice","A municipal transit agency added bilingual signs at several bus transfer points where riders frequently asked staff for directions. The new signs gave route names and platform numbers in two languages and used the same color symbols as the agency’s mobile map. After installation, staff recorded fewer requests for basic platform directions. Yet questions about fare rules changed little, and riders who used neither written language still often relied on symbols or staff assistance. In interviews, some regular riders said the consistent colors helped them recognize routes before they finished reading the text. The agency therefore avoided claiming that bilingual text alone accounted for every improvement. The signs combined translated wording with a visual system that was already familiar to many riders. The results suggest that accessibility can increase when multiple cues reinforce one another, while also showing that no single format is likely to address all navigation needs in a linguistically diverse transit system.","Which inference is best supported by the results described in the text?","The reduction in platform-direction questions likely reflects the combined effect of translated text and familiar visual cues rather than translated wording alone.","The familiar color symbols were unnecessary for regular riders because those riders generally recognized their routes without visual cues.","Bilingual wording was probably the main cause of the decline in basic direction questions, despite riders’ comments about the color system.","Because fare-rule questions did not decline, the new signs probably had limited value for platform navigation.","A","1","The passage reports fewer platform questions, rider comments about color cues, and the agency’s caution against attributing the change to bilingual text alone; together these support a combined-cue explanation.","75","none","{}","","","","","","Inferences","","rw;passage:R023;arch:RW_INF_001;sim:rw_inferences_contrast;fp:d957fb043181;surf:SURF_RW_INF_001;difficulty_profile:D3"
"SAT_RW_14","split_v9","14-front","All","RW14_M1_Q15","RW","1","base","15","Standard English Conventions","Boundaries","SEC.BND","Boundaries","Punctuating two independent clauses","Easy","1","multiple_choice","An anthropologist interviewed potters in a mountain village about how family traditions shape clay work. The interviews lasted less than an hour each ____ the potters returned to their kilns before noon.","Which choice completes the text so that it conforms to the conventions of Standard English?",",","; and,",";",", and,","C","3","Both sides of the blank are independent clauses, so a semicolon correctly joins them without a coordinating conjunction.","45","none","{}","","","","","","Boundaries","","rw;sec;grammar;arch:SEC-BND-001;ctx:CTX-GRM-102;tier:SEC1;sim:SEC.BND:sentence_boundary_semicolon:A. minimal-context version;fp:1bad60d0eb96;difficulty_profile:D1"
"SAT_RW_14","split_v9","14-front","All","RW14_M1_Q16","RW","1","base","16","Standard English Conventions","Boundaries","SEC.BND","Boundaries","Introductory dependent clauses","Medium","1","multiple_choice","Although Mira’s first paper airplane, folded from heavier paper than the others, traveled the greatest distance ____ its unstable turns made it unsuitable for the final design trial.","Which choice completes the text so that it conforms to the conventions of Standard English?",",",", and",":",";","A","1","The sentence begins with an introductory dependent clause headed by “Although,” so a comma must separate that clause from the independent clause that follows.","45","none","{}","","","","","","Boundaries","","rw;sec;grammar;arch:SEC-BND-016;ctx:CTX-GRM-003;tier:SEC2;sim:SEC.BND:introductory_subordinate_clause:A. minimal-context version;fp:2acfffba3f71;difficulty_profile:D2"
"SAT_RW_14","split_v9","14-front","All","RW14_M1_Q17","RW","1","base","17","Standard English Conventions","Boundaries","SEC.BND","Boundaries","Nonessential appositive information","Medium","1","multiple_choice","The town named the shaded-stop pilot after a longtime transit advocate and assigned it a single coordinator. During an evening meeting, the project’s coordinator ____ presented the first summer ridership report to the council.","Which choice completes the text so that it conforms to the conventions of Standard English?","Lena Ortiz a transportation planner with shelter-design experience",", Lena Ortiz, a transportation planner with shelter-design experience,","Lena Ortiz, a transportation planner with shelter-design experience,",", Lena Ortiz, a transportation planner with shelter-design experience","B","2","The name and descriptive appositive are nonessential information inserted between the subject and its verb, so matching commas must set the entire insertion off.","45","none","{}","","","","","","Boundaries","","rw;sec;grammar;arch:SEC-BND-027;ctx:CTX-GRM-046;tier:SEC2;sim:SEC.BND:nonessential_appositive:B. internal punctuation nearby;fp:b7e852854fe2;difficulty_profile:D2"
"SAT_RW_14","split_v9","14-front","All","RW14_M1_Q18","RW","1","base","18","Standard English Conventions","Boundaries","SEC.BND","Boundaries","Nonrestrictive relative clauses","Hard","1","multiple_choice","The survey had one lead analyst, Dr. Imani Rao ____ presented the final commuter-time results after the team had recoded responses that mentioned both work and leisure.","Which choice completes the text so that it conforms to the conventions of Standard English?",", that had designed the original questionnaire,",", whose had designed the original questionnaire,",", who had designed the original questionnaire,","who had designed the original questionnaire","C","3","Dr. Imani Rao is already uniquely identified, so the clause adding information about her is nonrestrictive and must be introduced by “who” and set off with commas.","45","none","{}","","","","","","Boundaries","","rw;sec;grammar;arch:SEC-BND-031;ctx:CTX-GRM-110;tier:SEC3;sim:SEC.BND:nonrestrictive_relative_clause:A. minimal-context version;fp:410427dc7eee;difficulty_profile:D3"
"SAT_RW_14","split_v9","14-front","All","RW14_M1_Q19","RW","1","base","19","Standard English Conventions","Form, Structure, and Sense","SEC.FSS","Form, Structure, and Sense","Subject-verb agreement","Medium","1","multiple_choice","Students monitored a rooftop solar panel throughout the afternoon. The panel’s voltage reading and the battery temperatures, recorded by the same data logger every minute, ____ stored for later comparison.","Which choice completes the text so that it conforms to the conventions of Standard English?","has been","was","is","were","D","4","The compound subject “voltage reading and battery temperatures” is plural, so the plural finite verb “were” agrees with it; the intervening phrase does not change the subject’s number.","45","none","{}","","","","","","Form, Structure, and Sense","","rw;sec;grammar;arch:SEC-FSS-002;ctx:CTX-GRM-155;tier:SEC2;sim:SEC.FSS:subject_verb_agreement:B. intervening material;fp:97ccbf984248;difficulty_profile:D2"
"SAT_RW_14","split_v9","14-front","All","RW14_M1_Q20","RW","1","base","20","Standard English Conventions","Form, Structure, and Sense","SEC.FSS","Form, Structure, and Sense","Logical verb tense","Medium","1","multiple_choice","Coastal residents planted dune grass after repeated storms stripped sand from the beach. Field surveys first documented the effect years ago; ecologists now agree that dense dune-grass roots currently ____ loose sand in place during ordinary winds.","Which choice completes the text so that it conforms to the conventions of Standard English?","helped","will help","help","had helped","C","3","The clause states an ongoing scientific fact endorsed in the present (“now agree”), so the simple present “help” fits the established time relationship.","45","none","{}","","","","","","Form, Structure, and Sense","","rw;sec;grammar;arch:SEC-FSS-006;ctx:CTX-GRM-023;tier:SEC2;sim:SEC.FSS:verb_tense_sequence:A. single-trap version;fp:e80ed6b23b29;difficulty_profile:D2"
"SAT_RW_14","split_v9","14-front","All","RW14_M1_Q21","RW","1","base","21","Standard English Conventions","Form, Structure, and Sense","SEC.FSS","Form, Structure, and Sense","Parallel structure","Hard","1","multiple_choice","After participants completed the first memory task in a quiet laboratory, the researcher asked them ____ before the second trial began, so that room conditions would remain consistent.","Which choice completes the text so that it conforms to the conventions of Standard English?","they silence their phones, sit in the same seats, and wait quietly","to silence their phones, to sit in the same seats, and to wait quietly","their phones silent, their seats unchanged, and their waiting quietly","silencing their phones, sitting in the same seats, and waiting quietly","B","2","After “asked them,” the coordinated actions should be parallel infinitive phrases. “To silence,” “to sit,” and “to wait” are grammatically parallel and complete the verb’s complement.","45","none","{}","","","","","","Form, Structure, and Sense","","rw;sec;grammar;arch:SEC-FSS-034;ctx:CTX-GRM-180;tier:SEC3;sim:SEC.FSS:parallel_structure:D. logic cue;fp:8867533eb274;difficulty_profile:D3"
"SAT_RW_14","split_v9","14-front","All","RW14_M1_Q22","RW","1","base","22","Expression of Ideas","Transitions","RW_TR_001","Select transition that logically connects ideas","logical_link","Easy","1","multiple_choice","A sleep study asked college students to move their bedtimes thirty minutes earlier for two weeks while keeping their morning schedules unchanged. Most participants reported less daytime sleepiness, and their scores on a morning attention task improved slightly. ____ total sleep duration increased very little because many participants also took longer to fall asleep at the earlier bedtime.","Which choice most logically completes the text?","Therefore,","However,","Similarly,","For example,","B","2","The final sentence qualifies the apparent benefit by noting that total sleep duration barely changed, so “However,” best marks the contrast.","60","none","{}","","","","","","Transitions","","rw;passage:R004;arch:RW_TR_001;sim:rw_transitions_logical_link;fp:7698d4d2c932;surf:SURF_RW_TR_001;difficulty_profile:D1"
"SAT_RW_14","split_v9","14-front","All","RW14_M1_Q23","RW","1","base","23","Expression of Ideas","Transitions","RW_TR_008","Select transition that logically connects ideas","contrast","Medium","1","multiple_choice","Linguists tracking a new vowel pronunciation found that it did not spread outward evenly from the neighborhood where it was first recorded. Instead, early examples appeared in several distant districts whose residents frequently traveled through the same rail hub. ____ speakers in nearby districts with fewer transit connections adopted the pronunciation later, despite living closer to the original neighborhood.","Which choice most logically completes this discussion of the pronunciation’s spread?","In other words,","In addition,","For this reason,","By contrast,","D","4","The last sentence contrasts nearby but weakly connected districts with distant but strongly connected districts, so “By contrast,” best expresses the relationship.","60","none","{}","","","","","","Transitions","","rw;passage:R010;arch:RW_TR_008;sim:rw_transitions_contrast;fp:09c12e8933d0;surf:SURF_RW_TR_008;difficulty_profile:D2"
"SAT_RW_14","split_v9","14-front","All","RW14_M1_Q24","RW","1","base","24","Expression of Ideas","Transitions","RW_TR_009","Select transition that logically connects ideas","cause_effect","Medium","1","multiple_choice","Researchers compared how readers annotated the same essays in print and on an e-reader. In the first trial, print readers added more notes and later recalled more supporting details. The e-reader software then received an update that reduced the number of steps needed to highlight and comment. In a second trial, the difference in annotation frequency nearly disappeared, and the recall gap became much smaller. ____ the researchers concluded that interface design, not format alone, had contributed to the first trial’s difference.","Which choice best completes the text with a transition that reflects the relationship between the trials and the conclusion?","Accordingly,","Nevertheless,","For instance,","Meanwhile,","A","1","The second trial weakens a format-only explanation and motivates the researchers’ conclusion, so “Accordingly,” appropriately introduces that conclusion.","60","none","{}","","","","","","Transitions","","rw;passage:R016;arch:RW_TR_009;sim:rw_transitions_cause_effect;fp:171eafaa8542;surf:SURF_RW_TR_009;difficulty_profile:D2"
"SAT_RW_14","split_v9","14-front","All","RW14_M1_Q25","RW","1","base","25","Expression of Ideas","Rhetorical Synthesis","RW_RS_001","Use notes to achieve a writing goal","revision_goal","Medium","1","multiple_choice","A student wants to emphasize the main practical result of a classroom air-filter pilot.

- Portable filters were placed in six classrooms for eight weeks.
- Particle sensors recorded indoor fine-particle concentrations.
- Average fine-particle concentrations were 28% lower when the filters were operating.
- Teachers reported that filter noise was noticeable during silent reading.
- The school is considering quieter models for a larger trial.","Which choice most effectively uses the notes to accomplish the stated goal?","In the pilot, operating portable filters lowered average fine-particle concentrations in six classrooms by 28%.","Because the school is considering quieter models, the pilot demonstrated that filter noise is more important than indoor particle concentrations.","Teachers noticed the portable filters during silent reading, and the school is considering quieter models for a larger trial.","The pilot lasted eight weeks, used particle sensors, and took place in six classrooms where teachers also conducted silent reading.","A","1","The goal is to emphasize the main practical result, and the keyed sentence directly states the measured 28% reduction in fine-particle concentrations.","60","none","{}","","","","","","Rhetorical Synthesis","","rw;passage:R022;arch:RW_RS_001;sim:rw_rhetorical_synthesis_revision_goal;fp:230c9e3f3f3f;surf:SURF_RW_RS_001;difficulty_profile:D2;rhetorical_synthesis"
"SAT_RW_14","split_v9","14-front","All","RW14_M1_Q26","RW","1","base","26","Expression of Ideas","Rhetorical Synthesis","RW_RS_010","Use notes to achieve a writing goal","cause_effect","Medium","1","multiple_choice","A student wants to explain why a transit agency changed how it assigns electric buses to routes.

- The agency previously assigned buses to the same routes each day.
- Battery use varied with hills, passenger loads, and weather.
- Some buses returned with large battery reserves while others required unscheduled charging.
- Dispatchers began assigning buses each morning using expected energy demand.
- Unscheduled midday charging fell after the change.","Which choice most effectively uses the notes to explain the reason for the agency’s change?","After dispatchers changed route assignments, unscheduled midday charging fell, although the notes do not state how many buses the agency operates.","The agency once assigned buses to the same routes every day, and some buses returned with large battery reserves after completing their trips.","The agency’s electric buses operate on routes with different hills, passenger loads, and weather conditions, all of which can affect battery use.","Because fixed route assignments produced uneven battery use and sometimes forced unscheduled charging, the agency began matching buses to expected daily energy demand.","D","4","The keyed choice links the problem under fixed assignments—uneven use and unscheduled charging—to the agency’s new demand-based assignment practice.","60","none","{}","","","","","","Rhetorical Synthesis","","rw;passage:R040;arch:RW_RS_010;sim:rw_rhetorical_synthesis_cause_effect;fp:e662365eaa57;surf:SURF_RW_RS_010;difficulty_profile:D2;rhetorical_synthesis"
"SAT_RW_14","split_v9","14-front","All","RW14_M1_Q27","RW","1","base","27","Expression of Ideas","Rhetorical Synthesis","RW_RS_009","Use notes to achieve a writing goal","contrast","Hard","1","multiple_choice","A student wants to compare two proposed rules for reducing boat noise near a seal pupping area and highlight the principal tradeoff.

- Proposal A would ban motorized boats within 1 kilometer of the pupping beach all day.
- Acoustic models predict that Proposal A would reduce underwater engine noise substantially.
- Proposal A would close the shortest route used by local fishing boats.
- Proposal B would keep that route open except during the two daily periods when seal activity near the water is highest.
- Acoustic models predict a smaller overall noise reduction under Proposal B.
- Fishers would retain access to the route for most of the day under Proposal B.","Which choice most effectively uses the notes to accomplish the stated comparison?","Because Proposal A would close the shortest fishing route, Proposal B would preserve access for most of the day and therefore provide the larger overall reduction in underwater noise.","Under Proposal B, fishers would retain access to the route for most of the day, although boats would be restricted during the two periods of highest seal activity.","Proposal A is expected to reduce underwater engine noise more, but Proposal B would preserve fishing access for most of the day while restricting boats during peak seal activity.","Proposal A would ban motorized boats near the pupping beach all day, whereas Proposal B would restrict the same boats during two daily periods of high seal activity.","C","3","The keyed choice states both sides of the central tradeoff: Proposal A offers greater noise reduction, whereas Proposal B preserves more fishing access while targeting peak seal activity.","60","none","{}","","","","","","Rhetorical Synthesis","","rw;passage:R046;arch:RW_RS_009;sim:rw_rhetorical_synthesis_contrast;fp:15492755db9f;surf:SURF_RW_RS_009;difficulty_profile:D3;rhetorical_synthesis"
"SAT_RW_14","practice_rw_split_v9","14_back","700-800","SAT_RW_14_M2_Q01","RW","2","hard","1","Craft and Structure","Words in Context","RW_WIC_010","Determine meaning or function of a word/phrase in context","main_claim","Hard","1","multiple_choice","Marine ecologists monitoring a restored coral reef compared colonies transplanted onto bare limestone with colonies placed among patches of grazing sea urchins. During the first six months, both groups gained similar amounts of living tissue. By the end of the second year, however, colonies near the urchins had retained far more open surface around their bases because the grazers had removed fast-growing algae. The researchers cautioned that the colonies' apparent advantage after transplantation was contingent on grazing by urchins. At sites where urchin numbers later fell, algae covered many new colonies despite identical transplant methods. Storm exposure and water temperature varied little among the monitored plots, so those factors did not explain the divergence. The team therefore recommended that restoration plans track herbivore populations rather than assuming that moving healthy coral alone will produce durable recovery across reefs with different ecological conditions.","Which choice best describes the function of ""contingent"" in the passage?","It narrows the researchers' concern to differences among sites in storm exposure rather than to biological conditions.","It treats grazing pressure as an accompanying site characteristic that may influence outcomes without limiting the broader claim about transplantation.","It limits the apparent benefit of transplantation to conditions in which sufficient grazing pressure is present.","It suggests that grazing pressure affects algae around colonies but does not determine whether the transplant advantage persists.","C","3","The passage reports that transplanted colonies did well near urchins but lost that advantage where urchin numbers fell. ""Contingent"" therefore limits the claim: the benefit depends on adequate grazing rather than applying uniformly across sites.","75","none","{}","","","","","","Words in Context","","rw,passage:R003,arch:RW_WIC_010,sim:rw_words_in_context_main_claim,fp:cb43bf2a92685702,surf:SURF_RW_WIC_010,profile:D2,wic,hard_vocab,vocab:HV_128,tier:V4,target:contingent,wic_family:claim_function,wic_arch:WIC_CLAIM_FUNCTION_01"
"SAT_RW_14","practice_rw_split_v9","14_back","700-800","SAT_RW_14_M2_Q02","RW","2","hard","2","Craft and Structure","Words in Context","RW_WIC_012","Determine meaning or function of a word/phrase in context","contrast","Hard","1","multiple_choice","A museum tested two kinds of wall labels beside a collection of nineteenth-century household tools. One set gave compact factual descriptions, while the other began with short questions inviting visitors to infer how each object had been used before reading the explanation. Visitors with the question-based labels spent longer at individual cases, but interviews afterward produced an equivocal picture of the design's success. Many people remembered more details about unfamiliar tools, yet several reported that the questions made them less certain about objects they had initially recognized. Curators also noted that longer viewing times clustered around a few especially puzzling displays rather than appearing throughout the gallery. Because the pilot combined gains in recall with uneven confidence and attention, the staff declined to call the question-based labels simply better. Instead, they planned a second trial that would separate familiar and unfamiliar objects and measure whether different visitors benefited in different ways.","Which choice best explains how ""equivocal"" shapes the tone of the passage?","It gives greater weight to visitors' reduced confidence about familiar objects than to their improved recall of unfamiliar ones.","It treats the longer viewing times as evidence of general success while presenting reduced confidence as a secondary exception.","It portrays the mixed findings as too inconsistent to justify another trial of the question-based labels.","It presents the pilot results as mixed enough to discourage a simple judgment that the new labels were successful.","D","4","The pilot produced both advantages and complications: recall improved for some objects, confidence declined for some visitors, and longer viewing clustered around certain displays. ""Equivocal"" gives the account a cautious, mixed evaluation rather than a wholly positive or negative tone.","75","none","{}","","","","","","Words in Context","","rw,passage:R033,arch:RW_WIC_012,sim:rw_words_in_context_contrast,fp:fbdf7245f6ebd29d,surf:SURF_RW_WIC_012,profile:D3,wic,hard_vocab,vocab:HV_199,tier:V4,target:equivocal,wic_family:tonal_effect,wic_arch:WIC_TONAL_EFFECT_01"
"SAT_RW_14","practice_rw_split_v9","14_back","700-800","SAT_RW_14_M2_Q03","RW","2","hard","3","Craft and Structure","Words in Context","RW_WIC_011","Determine meaning or function of a word/phrase in context","supporting_detail","Hard","1","multiple_choice","Astronomers estimating the ages of several compact star clusters used two independent indicators. First, they compared the clusters' colors with models predicting how stellar populations change as massive stars disappear. They also measured the brightness of a spectral feature that weakens as certain hot stars leave the main sequence. For most clusters, the two methods yielded similar ages. In three dusty regions, however, color alone suggested much older populations than the spectral feature did, presumably because dust reddened the incoming light. The agreement elsewhere helped substantiate the clusters' ages without making the color models or spectral measurements decisive by themselves. It also allowed the team to identify where the color method was most vulnerable to environmental interference. Rather than averaging every measurement indiscriminately, the researchers treated convergence between independent indicators as stronger grounds for confidence and flagged the dusty clusters for additional infrared observations before assigning final ages.","Which choice best explains what ""substantiate"" adds to the sentence?","It indicates that agreement between the two indicators provides additional support for the age estimates without making either indicator conclusive by itself.","It indicates that the spectral feature becomes the preferred basis for estimating the clusters' ages.","It shows that the two indicators were mathematically combined into a common age estimate for the clusters.","It implies that the dusty clusters supplied the clearest confirmation of the color-based age estimates.","A","1","The sentence says that agreement between independent indicators strengthened confidence while explicitly withholding decisiveness from either measure. ""Substantiate"" precisely captures evidentiary support rather than replacement, averaging, or certainty.","75","none","{}","","","","","","Words in Context","","rw,passage:R045,arch:RW_WIC_011,sim:rw_words_in_context_supporting_detail,fp:748865cd6c1adc7c,surf:SURF_RW_WIC_011,profile:D3,wic,hard_vocab,vocab:HV_130,tier:V4,target:substantiate,wic_family:precision_effect,wic_arch:WIC_PRECISION_EFFECT_01"
"SAT_RW_14","practice_rw_split_v9","14_back","700-800","SAT_RW_14_M2_Q04","RW","2","hard","4","Craft and Structure","Words in Context","RW_WIC_003","Determine meaning or function of a word/phrase in context","word_function","Hard","1","multiple_choice","Young songbirds learning a local call were played recordings in which brief background-noise bursts occurred at different points in each phrase. When the noise overlapped the loud opening note, the birds later reproduced the phrase with nearly normal timing. When it covered the softer middle sequence, however, their imitations omitted more elements and varied more from trial to trial. A second experiment increased the volume of the middle sequence without changing its duration, and the omission rate dropped substantially. The results suggest that the birds did not simply memorize the total length of the call. Instead, the clarity of information available during a particular segment shaped what they learned from it. In this setting, raising the signal level appeared to attenuate the disruptive effect of the background noise, though the researchers noted that very intense noise still reduced imitation accuracy across the entire phrase.","As used in the text, ""attenuate"" most nearly means","mask","postpone","lessen","concentrate","C","3","Increasing the signal level reduced the disruptive effect of the background noise: omission rates dropped when the middle sequence became louder. In this context, ""attenuate"" means to lessen or weaken an effect.","75","none","{}","","","","","","Words in Context","","rw,passage:R081,arch:RW_WIC_003,sim:rw_words_in_context_word_function,fp:492f7a3f7084eb29,surf:SURF_RW_WIC_003,profile:D4,wic,hard_vocab,vocab:HV_129,tier:V4,target:attenuate,wic_family:direct_meaning,wic_arch:WIC_DIRECT_MEANING_01"
"SAT_RW_14","practice_rw_split_v9","14_back","700-800","SAT_RW_14_M2_Q05","RW","2","hard","5","Craft and Structure","Text Structure and Purpose","RW_TSP_004","Analyze structure or purpose","logical_link","Hard","1","multiple_choice","A transit agency initially estimated how many electric buses it would need by using each model's advertised driving range and the mileage of a typical route. On paper, several buses could complete a full day without recharging. Depot records from a six-week trial told a less convenient story. Vehicles assigned to steep routes used more energy in the afternoon, and buses that ran cabin heating during cold mornings returned with sharply different battery levels despite traveling similar distances. Drivers also switched buses when maintenance inspections took longer than expected, disrupting carefully planned charging windows. The agency did not conclude that the vehicles lacked sufficient range. Instead, planners shifted their attention from average daily mileage to the timing and variability of energy use, building spare charging opportunities into schedules. The trial thus changed the question from whether a bus could cover a route in principle to how reliably a mixed fleet could cover many routes under changing conditions.","Which choice best describes the overall structure of the text?","It compares several bus models by advertised range and concludes that the model with the longest range is suitable for every route.","It identifies several causes of uneven energy use and argues that maintenance delays are the primary reason electric buses return with low batteries.","It describes variation in bus energy use and concludes that manufacturers' advertised ranges are inaccurate under normal operating conditions.","It begins with a range-based planning assumption, presents operating data that expose the assumption's limits, and explains how planners revised their scheduling approach.","D","4","The text starts with a simple range-and-mileage estimate, then introduces trial evidence showing that route grade, heating, and operational disruptions create variability. It ends by showing that planners responded by adding charging flexibility rather than rejecting the buses or merely disputing advertised range.","75","none","{}","","","","","","Text Structure and Purpose","","rw,passage:R015,arch:RW_TSP_004,sim:rw_text_structure_and_purpose_logical_link,fp:b72fbf4d9445fdb6,surf:SURF_RW_TSP_004,profile:D2"
"SAT_RW_14","practice_rw_split_v9","14_back","700-800","SAT_RW_14_M2_Q06","RW","2","hard","6","Craft and Structure","Text Structure and Purpose","RW_TSP_001","Analyze structure or purpose","purpose_sentence","Hard","1","multiple_choice","Agronomists studying drought tolerance collected soil from neighboring wheat plots managed with different irrigation schedules. They expected the driest plots to contain fewer active microbes because prolonged water shortage restricts cellular activity. Genetic surveys did show lower microbial activity in those plots during midsummer. Yet when moisture returned after a brief rain, several drought-exposed communities resumed activity more quickly than communities from regularly irrigated soil. <u>The rebound was strongest in samples whose dominant bacterial groups had remained detectable, though largely inactive, during the dry period.</u> This pattern suggested that drought had altered the state of parts of the community rather than simply removing them. The researchers also found that plots with similar moisture levels could differ in recovery speed if their earlier irrigation histories differed. Consequently, they argued that a single measurement taken during drought may underestimate how much biological capacity remains available once conditions improve.","Which choice best describes the function of the underlined sentence in the text?","It establishes that irrigation history was the principal cause of the differences in recovery speed among the plots.","It indicates that most microbial groups present before the drought survived the dry period and resumed activity after rain.","It presents the strongest evidence that the regularly irrigated communities had become less diverse than the drought-exposed communities.","It links the rapid post-rain recovery to the persistence of microbial groups during drought, supporting the distinction between inactivity and disappearance.","D","4","The underlined sentence connects two observations: the fastest rebound occurred where dominant bacterial groups had remained detectable while inactive. That connection supports the later interpretation that drought changed the state of part of the community rather than simply eliminating it.","75","none","{}","","","","","","Text Structure and Purpose","","rw,passage:R057,arch:RW_TSP_001,sim:rw_text_structure_and_purpose_purpose_sentence,fp:fcad42af14a3e464,surf:SURF_RW_TSP_001,profile:D3"
"SAT_RW_14","practice_rw_split_v9","14_back","700-800","SAT_RW_14_M2_Q07","RW","2","hard","7","Craft and Structure","Text Structure and Purpose","RW_TSP_011","Analyze structure or purpose","contrast","Hard","1","multiple_choice","A grocery cooperative considered replacing detailed nutrition panels on its shelf tags with a colored icon intended to make comparisons faster. In interviews, shoppers praised the icon because they could identify the cooperative's recommended products with little effort. Store managers expected this preference to translate into more consistent purchasing. A monthlong trial, however, produced a more selective response. Purchases shifted toward icon-marked products in snack aisles, where shoppers often chose among many similar items, but changed little for staple foods such as rice and milk. Follow-up observations showed that customers in the staple aisles rarely paused to compare shelf tags at all. The cooperative therefore kept the icon but abandoned the assumption that one label format would influence every category equally. Its next trial will place the icon only where shoppers already tend to compare alternatives, allowing the staff to test whether the display works best when it simplifies an existing decision rather than trying to create a new one.","Which choice best describes how the text develops its discussion of the shelf-label icon?","It introduces a proposed labeling change, contrasts favorable interview reactions with category-specific purchasing behavior, and then narrows how the icon will be tested in the future.","It describes shoppers' initial resistance to the icon and then explains how managers persuaded shoppers to accept it by changing the icon's color.","It compares the nutritional qualities of snacks and staple foods in order to argue that simplified labels conceal important product differences.","It presents interview responses as more reliable than purchasing observations and recommends using interviews as the main way to evaluate future labels.","A","1","The text moves from the cooperative's proposal and positive interview responses to a trial showing uneven effects across product categories. It ends with a more limited plan: use and test the icon where shoppers already compare alternatives. The other choices misstate either the evidence or the final response.","75","none","{}","","","","","","Text Structure and Purpose","","rw,passage:R069,arch:RW_TSP_011,sim:rw_text_structure_and_purpose_contrast,fp:afff16cdad5b1bfe,surf:SURF_RW_TSP_011,profile:D4"
"SAT_RW_14","practice_rw_split_v9","14_back","700-800","SAT_RW_14_M2_Q08","RW","2","hard","8","Craft and Structure","Cross-Text Connections","RW_CTC_006","Compare claims across paired texts","paired_text_relation","Hard","1","multiple_choice","Text 1:
Laboratory tests of fine-mesh filters placed on laundry-machine outlets show that the devices can capture a large share of synthetic fibers before wash water enters municipal drains. Because many wastewater plants are not designed to remove the smallest fibers consistently, installing filters at the source could reduce the amount that reaches rivers. The filters are inexpensive compared with major treatment-plant upgrades, so broad household adoption deserves serious consideration.

Text 2:
Capture rates measured with clean filters do not necessarily describe performance across months of ordinary use. In field trials, households differed greatly in how often they emptied filter cartridges, and clogged devices sometimes diverted water through bypass channels. Models that assume laboratory capture rates therefore overstate expected reductions unless they also account for maintenance behavior. Source filtration may still be useful, but programs should evaluate designs that remain effective when users clean them less regularly than instructions recommend.","Based on the texts, how would the author of Text 2 most likely respond to Text 1's proposal for broad household adoption of laundry filters?","The proposal is already justified because laboratory capture rates should remain stable in households regardless of how often cartridges are cleaned.","The proposal is promising, but estimates of its real-world effect should account for how clogging and inconsistent maintenance change filter performance over time.","The proposal addresses the wrong stage of the problem because wastewater plants already remove the smallest synthetic fibers more consistently than household filters do.","The proposal should be rejected because households are unlikely to follow maintenance instructions closely enough for source filtration to provide any benefit.","B","2","Text 2 accepts that source filtration may be useful but argues that clean-filter laboratory capture rates can overstate long-term household performance when maintenance is inconsistent. Thus Text 2 would qualify, not reject, Text 1's proposal by requiring real-world maintenance behavior to be included in effectiveness estimates.","75","none","{}","","","","","","Cross-Text Connections","","rw,passage:R030,arch:RW_CTC_006,sim:rw_cross_text_connections_paired_text_relation,fp:6370390aaae975d2,surf:SURF_RW_CTC_006,profile:D3"
"SAT_RW_14","practice_rw_split_v9","14_back","700-800","SAT_RW_14_M2_Q09","RW","2","hard","9","Information and Ideas","Central Ideas and Details","RW_CID_004","Identify main idea, key detail, or summary","cause_effect","Hard","1","multiple_choice","City planners often estimate the cooling value of street trees from total canopy area, but a neighborhood study found that where shade falls can matter as much as how much shade exists. Temperature sensors were installed along six apartment blocks with similar tree cover but different street orientations. Blocks shaded mainly before noon showed lower wall temperatures well into the afternoon, even after their sidewalks had returned to direct sun. By contrast, blocks receiving most of their shade late in the day had cooler pavement during evening measurements but hotter building surfaces at midday. The researchers attributed the difference to the timing of heat absorbed by masonry and asphalt. They did not argue that morning shade is universally superior; buildings, materials, and local climate can alter the effect. Still, the results suggest that canopy percentage alone can conceal meaningful differences in heat exposure, so planting plans may benefit from considering when particular surfaces are shaded.","Which choice best states the main idea of the text?","Morning shade lowers building and pavement temperatures more effectively than late-day shade in every kind of urban climate.","Street orientation matters mainly because it determines whether apartment blocks can support enough trees to reach a target canopy percentage.","Late-day shade has little value because masonry and asphalt stop absorbing heat once afternoon temperatures begin to fall.","The cooling effect of urban trees depends partly on when and where shade reaches heat-absorbing surfaces, so canopy area alone may be an incomplete guide for planting decisions.","D","4","The study found different thermal effects on blocks with similar canopy area but different shade timing. The researchers explicitly avoid a universal claim about morning shade and instead argue that canopy percentage can hide differences in when surfaces are shaded.","75","none","{}","","","","","","Central Ideas and Details","","rw,passage:R026,arch:RW_CID_004,sim:rw_central_ideas_and_details_cause_effect,fp:1d7bd704a407ab8e,surf:SURF_RW_CID_004,profile:D2"
"SAT_RW_14","practice_rw_split_v9","14_back","700-800","SAT_RW_14_M2_Q10","RW","2","hard","10","Information and Ideas","Central Ideas and Details","RW_CID_001","Identify main idea, key detail, or summary","main_claim","Hard","1","multiple_choice","Archaeologists excavating two ports on opposite sides of an inland sea found ceramic jars with nearly identical painted bands and handles. Earlier surveys had treated such resemblance as evidence that finished vessels moved regularly between the ports. Chemical analysis complicated that interpretation. Most jars from the northern port were made from clay matching nearby river deposits, while most southern jars matched clays available close to the southern workshops. The decorative patterns, however, appeared in both places during the same century, and several uncommon rim shapes emerged almost simultaneously. These results make large-scale movement of finished pottery less necessary as an explanation for the shared styles. Potters may instead have exchanged models, traveled between workshops, or copied imported examples while using local materials. The researchers therefore argue that visual similarity can reveal contact without specifying exactly what crossed a trade network, and that combining stylistic and compositional evidence produces a more precise account of exchange.","Which choice best states the central idea of the text?","Shared pottery styles can demonstrate contact between communities without showing that finished vessels themselves were widely traded, so stylistic evidence is most informative when combined with material analysis.","Chemical analysis showed that the northern port supplied most of the clay used by potters at both ports during the century studied.","Because uncommon rim shapes appeared at both ports at nearly the same time, traveling potters were more important than copied imported examples in spreading styles.","Visual similarities between vessels are unreliable evidence of contact because local potters can independently invent the same decorative patterns.","A","1","The local clay signatures weaken the idea that similar finished jars routinely moved between the ports, while the synchronized styles still point to contact. The text therefore argues for a broader view of exchange and for combining stylistic and compositional evidence.","75","none","{}","","","","","","Central Ideas and Details","","rw,passage:R013,arch:RW_CID_001,sim:rw_central_ideas_and_details_main_claim,fp:dd4b0ec39cc153ab,surf:SURF_RW_CID_001,profile:D3"
"SAT_RW_14","practice_rw_split_v9","14_back","700-800","SAT_RW_14_M2_Q11","RW","2","hard","11","Information and Ideas","Central Ideas and Details","RW_CID_003","Identify main idea, key detail, or summary","contrast","Hard","1","multiple_choice","Mara had rehearsed three explanations for why she had returned the borrowed atlas so late, but Mrs. Vale did not ask for any of them. The older woman accepted the book, pressed its damp cover flat beneath her palm, and began describing the weather as though the visit were ordinary. Mara answered too brightly. On the table, a saucer held two cups, although no second guest had arrived. When Mrs. Vale turned away to close the window, Mara noticed that the atlas was open to the page where she had penciled a route in the margin. She reached toward it, then stopped. Mrs. Vale quietly moved the saucer over the mark and asked whether Mara would stay for tea. The invitation relieved Mara less than a reprimand might have. She understood that the damaged book was not the only subject being avoided and that Mrs. Vale's courtesy required an answer Mara had not yet decided how to give.","Which choice best describes what happens in the passage?","Mara enters expecting to explain the late atlas, but Mrs. Vale's calm invitation persuades her that the matter has been fully forgiven.","Mrs. Vale avoids a direct reprimand because she wants Mara to focus on the penciled route rather than on the atlas's damp cover.","Mara enters prepared to explain one offense, but Mrs. Vale's restrained behavior makes Mara realize that a more difficult unspoken issue also requires a response.","Mara realizes that Mrs. Vale has noticed the penciled route and interprets the older woman's courtesy as a request to explain that mark immediately.","C","3","Mara expects to defend the late, damp atlas, but Mrs. Vale does not demand an explanation. Details such as the open marked page, the extra cup, and Mara's reaction to the tea invitation reveal that both understand another matter is being avoided. The passage centers on Mara's recognition of that deeper obligation.","75","none","{}","","","","","","Central Ideas and Details","","rw,passage:E017,arch:RW_CID_003,sim:rw_central_ideas_and_details_contrast,fp:f1f019e65b6a13f8,surf:SURF_RW_CID_003,profile:D4"
"SAT_RW_14","practice_rw_split_v9","14_back","700-800","SAT_RW_14_M2_Q12","RW","2","hard","12","Information and Ideas","Command of Evidence","RW_COE_011","Use textual or quantitative evidence","evidence_based_inference","Hard","1","multiple_choice","Honeybees can navigate using the sun's position. Cloud cover often obscures the sun itself while leaving patterns of polarized light visible in the sky. To test whether bees use those patterns, researchers trained foragers to visit a feeder east of a hive and then released them from an unfamiliar field. On clear mornings, most bees began flying in the feeder's expected direction. Under thin clouds, they still oriented accurately even though a ground-level observer could not see the sun. The team then fitted some bees with filters that altered the polarization reaching their upper visual field while leaving overall brightness nearly unchanged. Those bees showed more variable initial headings than bees wearing clear control filters. The researchers concluded that polarized-light information contributes to navigation when direct solar cues are weak, although they emphasized that odor, landmarks, and other celestial information can also guide flight.","Which additional finding, if true, would most directly support the researchers' conclusion?","On clear trials, bees released close to the hive reached the feeder faster than bees released from the unfamiliar field.","On cloudy trials, bees with clear control filters chose initial headings closer to the trained feeder direction than bees whose filters disrupted polarization while transmitting comparable amounts of light.","Bees wearing both kinds of filters spent similar amounts of time feeding before they were transported to the release site.","Some bees released under clouds later followed familiar hedgerows once they reached parts of the landscape they had previously visited.","B","2","The conclusion is that polarized-light information contributes to navigation when direct solar cues are weak. A controlled difference in heading accuracy under clouds between clear filters and polarization-disrupting filters, with brightness held comparable, most directly isolates the predicted contribution.","75","none","{}","","","","","","Command of Evidence","","rw,passage:R002,arch:RW_COE_011,sim:rw_command_of_evidence_evidence_based_inference,fp:b9923ce1ed28301f,surf:SURF_RW_COE_011,profile:D3"
"SAT_RW_14","practice_rw_split_v9","14_back","700-800","SAT_RW_14_M2_Q13","RW","2","hard","13","Information and Ideas","Command of Evidence","RW_COE_003","Use textual or quantitative evidence","cause_effect","Hard","1","multiple_choice","Sleep researchers recruited students whose usual bedtimes ranged from early evening to well after midnight. For two weeks, each student completed the same attention task twice a day, once shortly after the first scheduled class and once in midafternoon. Students also wore motion sensors so the researchers could estimate sleep duration. Late-sleeping students were less accurate on the morning task than early-sleeping students, but the groups performed similarly in the afternoon. The difference remained after the researchers compared students with nearly identical total sleep times. In a follow-up week, half of the late-sleeping students began their first task ninety minutes later without changing their assigned bedtime. Their accuracy improved, while their measured sleep duration changed little. The researchers concluded that alignment between testing time and a student's habitual sleep timing can affect attention independently of how long the student slept, though they did not claim that schedule alignment replaces adequate sleep.","Which result would most directly support the researchers' conclusion that task timing can affect attention independently of sleep duration?","Early-sleeping students reported preferring morning classes more often than late-sleeping students did.","Among students who slept approximately the same number of hours, late-sleeping students improved on the attention task when their first testing time was moved later.","Students who slept longer tended to make fewer attention-task errors than students who slept less, regardless of habitual bedtime.","Late-sleeping students completed the midafternoon task more quickly after the researchers shortened the task instructions.","B","2","The conclusion concerns timing independent of sleep duration. The keyed result holds sleep duration approximately constant while changing testing time for late-sleeping students and observing improved performance, directly matching that causal distinction.","75","none","{}","","","","","","Command of Evidence","","rw,passage:R029,arch:RW_COE_003,sim:rw_command_of_evidence_cause_effect,fp:fb30c6dc1bb653a4,surf:SURF_RW_COE_003,profile:D3"
"SAT_RW_14","practice_rw_split_v9","14_back","700-800","SAT_RW_14_M2_Q14","RW","2","hard","14","Information and Ideas","Inferences","RW_INF_002","Draw supported conclusions","cause_effect","Hard","1","multiple_choice","Rain gardens along a busy avenue were designed to absorb storm water through layers of soil and deep-rooted plants. After three years, city crews noticed that two gardens drained much more slowly than the others. The slow gardens were not the ones with the fewest plants; instead, both had accumulated a dense crust of fine sediment near their curb openings. Crews removed the crust from one garden but left the other untouched for comparison. During the next moderate storm, water disappeared from the cleared garden nearly twice as quickly as before, even though its plant cover and soil depth had not changed. The uncleared garden showed little improvement. A month later, both gardens received unusually heavy rain, and neither drained fast enough to prevent brief pooling. The observations led engineers to distinguish between routine clogging, which maintenance could address, and capacity limits that appeared only during very large storms.","Which choice most logically follows from the text?","Removing accumulated surface sediment may restore drainage during ordinary storms without increasing a rain garden's maximum capacity during unusually heavy storms.","The unchanged garden would probably have drained faster during the moderate storm if crews had increased its plant cover instead of removing sediment.","The cleared garden's improvement during the moderate storm suggests that sediment removal could also prevent pooling during unusually heavy storms.","Because both gardens pooled during the unusually heavy rain, surface sediment was probably still the main constraint on the cleared garden at high flow.","A","1","Clearing the sediment crust greatly improved drainage during a moderate storm without changing plant cover or soil depth, but even the cleared garden pooled during unusually heavy rain. The supported inference is therefore that sediment removal can restore routine drainage while a separate high-flow capacity limit remains. The other choices extend the moderate-storm result beyond the evidence or attribute effects to factors the comparison did not support.","75","none","{}","","","","","","Inferences","","rw,passage:R017,arch:RW_INF_002,sim:rw_inferences_cause_effect,fp:4261ac261e3a3289,surf:SURF_RW_INF_002,profile:D3"
"SAT_RW_14","practice_rw_split_v9","14_back","700-800","SAT_RW_14_M2_Q15","RW","2","hard","15","Information and Ideas","Inferences","RW_INF_010","Draw supported conclusions","evidence_based_inference","Hard","1","multiple_choice","At the station, Elias found the parcel exactly where the porter had promised, wrapped in gray paper and tied with string. He had expected a note from his sister inside, but the box contained only a brass compass that had belonged to their father. Elias turned it over several times, annoyed by the silence of the gift. On the platform, the evening train was announced and then delayed. He could still take it home before midnight. Instead, he carried the compass to a bench beneath the timetable and opened its scratched lid again. The needle wavered, settled north, and trembled when a freight engine passed. Elias smiled despite himself. He bought a cup of tea and let the next passenger train depart without him. Only after the platform emptied did he ask the clerk when the morning train toward the coast would leave, though that route took him farther from home.","Which inference about Elias is best supported by the passage?","He delays his train mainly because he expects his sister to arrive at the station with an explanation for sending the compass.","He decides that the compass is unreliable because its needle moves when the freight engine passes, so he plans to return it.","The compass prompts him to reconsider his immediate travel plan, and he becomes interested in a destination connected to something beyond simply returning home.","He had intended from the start to travel toward the coast but hid that plan from the porter until the platform was empty.","C","3","Elias initially expects to take the train home, but after repeatedly examining his father's compass he lets that train leave and asks about a morning train toward the coast. The passage does not specify exactly why the coast matters, so the supported inference is limited to a changed plan and newly awakened interest.","75","none","{}","","","","","","Inferences","","rw,passage:E027,arch:RW_INF_010,sim:rw_inferences_evidence_based_inference,fp:19dcc992aab3ae47,surf:SURF_RW_INF_010,profile:D4"
"SAT_RW_14","practice_rw_split_v9","14_back","700-800","SAT_RW_14_M2_Q16","RW","2","hard","16","Standard English Conventions","Boundaries","SEC.BND","Boundaries","Coordinating independent clauses","Hard","1","multiple_choice","The coach compared fatigue reports from athletes who had completed the same number of practices after the two rowing teams adopted different recovery routines ____ but the second team's reports, which included ratings collected after both morning and evening sessions, varied much more widely.","Which choice completes the text so that it conforms to the conventions of Standard English?",",",";",".",":","A","1","A comma is required before the coordinating conjunction 'but' because it joins two independent clauses. A semicolon is not used immediately before a coordinating conjunction in this construction; omitting punctuation creates a run-on boundary, and a colon does not properly join the contrasting independent clauses.","65","none","{}","","","","","","Boundaries","","rw,sec,grammar,arch:SEC-BND-014,sim:SEC.BND:coordination_comma_fanboys:D. academic register,fp:cd3813c5134a8bda,ctx:CTX-GRM-011,tier:SEC3,grammar_family:coordination_comma_fanboys,profile:D3"
"SAT_RW_14","practice_rw_split_v9","14_back","700-800","SAT_RW_14_M2_Q17","RW","2","hard","17","Standard English Conventions","Boundaries","SEC.BND","Boundaries","Nonrestrictive relative clauses","Hard","1","multiple_choice","Her notes recorded distance and launch angle for every trial. Mira's glider Orion ____ remained stable after a slight change in launch angle, landing beyond the twenty-meter line on four of five trials.","Which choice completes the text so that it conforms to the conventions of Standard English?",", which, after two revisions, have a narrow folded nose,",", which, after two revisions, has a narrow folded nose,",", whose narrow folded nose, after two revisions, have remained rigid,","that, after two revisions, has a narrow folded nose","B","2","The proper name 'Orion' already identifies the glider, so the added relative clause supplies nonrestrictive information and must be set off with commas. Within that clause, the singular antecedent requires 'has.' The alternatives either use plural agreement inside the supplemental clause or incorrectly present the added information as restrictive.","65","none","{}","","","","","","Boundaries","","rw,sec,grammar,arch:SEC-BND-032,sim:SEC.BND:nonrestrictive_relative_clause:B. internal punctuation nearby,fp:647ccf6da47287cf,ctx:CTX-GRM-003,tier:SEC3,grammar_family:nonrestrictive_relative_clause,profile:D3"
"SAT_RW_14","practice_rw_split_v9","14_back","700-800","SAT_RW_14_M2_Q18","RW","2","hard","18","Standard English Conventions","Boundaries","SEC.BND","Boundaries","Colon after a complete lead-in","Hard","1","multiple_choice","After the team compared duplicate sensor readings with manual soil samples from the same bank, the source of the dry-week anomaly, which had persisted despite two recalibrations, was finally clear ____ continued seepage from a shaded drainage channel beneath the footpath.","Which choice completes the text so that it conforms to the conventions of Standard English?",",",";",":",".","C","3","The text before the blank forms a complete clause ending with 'was finally clear.' The material after the blank is a noun phrase that specifies what made the source clear, so a colon correctly introduces that explanation. A comma cannot attach the explanatory noun phrase in this position, while a semicolon or period would leave the noun phrase as a sentence fragment.","65","none","{}","","","","","","Boundaries","","rw,sec,grammar,arch:SEC-BND-045,sim:SEC.BND:colon_after_independent_clause:E. expanded syntax,fp:a95dd7f2acd85ced,ctx:CTX-GRM-008,tier:SEC4,grammar_family:colon_after_independent_clause,profile:D4"
"SAT_RW_14","practice_rw_split_v9","14_back","700-800","SAT_RW_14_M2_Q19","RW","2","hard","19","Standard English Conventions","Form, Structure, and Sense","SEC.FSS","Form, Structure, and Sense","Subject-verb agreement","Hard","1","multiple_choice","The sensitivity of the cart's optical sensors, which the robotics club recalibrated after the gym lights were replaced, ____ a careful adjustment before each demonstration, even though the individual sensors respond automatically to reflected light.","Which choice completes the text so that it conforms to the conventions of Standard English?","have required","require","were requiring","requires","D","4","The subject is the singular noun 'sensitivity,' not the intervening plural noun 'sensors,' so the present-tense singular verb 'requires' agrees with the true subject. The other choices use plural finite forms or an incompatible plural progressive construction, errors made tempting by the nearer plural nouns.","65","none","{}","","","","","","Form, Structure, and Sense","","rw,sec,grammar,arch:SEC-FSS-004,sim:SEC.FSS:subject_verb_agreement:D. logic cue,fp:d70209a4b9c00e4e,ctx:CTX-GRM-015,tier:SEC3,grammar_family:subject_verb_agreement,profile:D3"
"SAT_RW_14","practice_rw_split_v9","14_back","700-800","SAT_RW_14_M2_Q20","RW","2","hard","20","Standard English Conventions","Form, Structure, and Sense","SEC.FSS","Form, Structure, and Sense","Modifier placement","Hard","1","multiple_choice","The analyst found that transportation charges accounted for about 92 percent of the winter price increase at the smallest grocery stores, while storage and labor costs changed little. In the summary, ____.","Which choice completes the text so that it conforms to the conventions of Standard English?","the analyst attributed the price increase at nearly 92 percent of local stores to transportation costs","the analyst nearly attributed 92 percent of the local price increase to transportation costs","the analyst attributed nearly 92 percent of the local price increase to transportation costs","the analyst attributed 92 percent of nearly the local price increase to transportation costs","C","3","The figures show that transportation charges accounted for about 92 percent of the local increase, so 'nearly' must directly modify '92 percent.' Placing 'nearly' before 'attributed' means the analyst almost made the attribution, while placing it with the stores changes what quantity is being approximated. The final placement does not clearly or conventionally modify the intended percentage.","65","none","{}","","","","","","Form, Structure, and Sense","","rw,sec,grammar,arch:SEC-FSS-027,sim:SEC.FSS:modifier_placement:B. intervening material,fp:5c25044bf539f5be,ctx:CTX-GRM-027,tier:SEC3,grammar_family:modifier_placement,profile:D3"
"SAT_RW_14","practice_rw_split_v9","14_back","700-800","SAT_RW_14_M2_Q21","RW","2","hard","21","Standard English Conventions","Form, Structure, and Sense","SEC.FSS","Form, Structure, and Sense","Subject-verb agreement","Hard","1","multiple_choice","The pattern of repairs that volunteers recorded for lamps whose switches had failed during winter storage ____ that moisture, rather than bulb age, is the more common source of the recurring malfunction.","Which choice completes the text so that it conforms to the conventions of Standard English?","indicate","indicates","have indicated","were indicating","B","2","The head of the subject is the singular noun 'pattern.' The plural nouns inside the embedded relative clauses—'volunteers,' 'lamps,' and 'switches'—do not control the main verb. Therefore the singular finite verb 'indicates' is required; each alternative uses a plural verb form attracted by an intervening plural noun.","65","none","{}","","","","","","Form, Structure, and Sense","","rw,sec,grammar,arch:SEC-FSS-005,sim:SEC.FSS:subject_verb_agreement:E. expanded syntax,fp:814cc93c531b4520,ctx:CTX-GRM-016,tier:SEC4,grammar_family:subject_verb_agreement,profile:D4"
"SAT_RW_14","practice_rw_split_v9","14_back","700-800","SAT_RW_14_M2_Q22","RW","2","hard","22","Standard English Conventions","Form, Structure, and Sense","SEC.FSS","Form, Structure, and Sense","Logical verb tense","Hard","1","multiple_choice","Today, historians use an online catalog of theater letters that volunteers digitized from boxes stored for decades in a municipal archive. When the catalog opened in 2021, the volunteers ____ most of the letters but had not yet indexed the handwritten travel receipts, which were added the following year.","Which choice completes the text so that it conforms to the conventions of Standard English?","scanned","had scanned","have scanned","were scanning","B","2","The scanning of most letters was already completed when the catalog opened in 2021, and the coordinated phrase 'had not yet indexed' confirms the earlier-before-later relationship. 'Had scanned' correctly uses past perfect. Simple past and past progressive do not express the same completed prior action, and present perfect conflicts with the finished 2021 reference point.","65","none","{}","","","","","","Form, Structure, and Sense","","rw,sec,grammar,arch:SEC-FSS-010,sim:SEC.FSS:verb_tense_sequence:E. expanded syntax,fp:8158d9b18402e58b,ctx:CTX-GRM-012,tier:SEC4,grammar_family:verb_tense_sequence,profile:D4"
"SAT_RW_14","practice_rw_split_v9","14_back","700-800","SAT_RW_14_M2_Q23","RW","2","hard","23","Expression of Ideas","Transitions","RW_TR_001","Select transition that logically connects ideas","logical_link","Hard","1","multiple_choice","A coral-restoration group initially planned to rank reef sites by total living coral cover. That measure was high at some sites dominated by fast-growing colonies that had recently expanded, but lower at sites where slower-growing, structurally complex corals had persisted for years. The team concluded that one total-cover score was combining two different forms of recovery. ____ the researchers scored recent expansion and long-term persistence separately before deciding which sites should receive additional restoration work.","Which choice most logically completes the text?","Similarly,","Consequently,","For example,","Instead,","D","4","The final sentence describes a replacement for the original single-score approach: the researchers separate recent expansion from long-term persistence. 'Instead' most precisely marks that replacement. 'Consequently' is tempting because the revision follows the team's conclusion, and 'For example' is tempting because two forms of recovery have just been named, but the sentence changes the method rather than merely stating a result or giving an example.","75","none","{}","","","","","","Transitions","","rw,passage:R028,arch:RW_TR_001,sim:rw_transitions_logical_link,fp:6ba4f926363a2dcb,surf:SURF_RW_TR_001,profile:D3"
"SAT_RW_14","practice_rw_split_v9","14_back","700-800","SAT_RW_14_M2_Q24","RW","2","hard","24","Expression of Ideas","Transitions","RW_TR_010","Select transition that logically connects ideas","purpose_sentence","Hard","1","multiple_choice","A museum curator argues that the usefulness of a label depends not just on its wording but also on where visitors encounter it. Several gallery renovations support this idea, although the effects vary with traffic patterns. ____ moving a map from a wall behind a bench to a freestanding panel beside the entrance increased the number of visitors who consulted it, while relocating a label in a narrow sculpture room produced little change because visitors already passed close to the original sign.","Which choice most logically completes the passage?","To illustrate,","By comparison,","As a result,","Meanwhile,","A","1","The sentence after the blank supplies a concrete case illustrating the curator's general claim about label placement, so 'To illustrate' best fits the paragraph's movement. 'By comparison' is tempting because the example itself contrasts two renovations, and 'As a result' is tempting because one relocation increased consultation, but neither relation describes how the whole sentence connects to the preceding generalization.","75","none","{}","","","","","","Transitions","","rw,passage:R058,arch:RW_TR_010,sim:rw_transitions_purpose_sentence,fp:fab9c049894b2258,surf:SURF_RW_TR_010,profile:D3"
"SAT_RW_14","practice_rw_split_v9","14_back","700-800","SAT_RW_14_M2_Q25","RW","2","hard","25","Expression of Ideas","Transitions","RW_TR_008","Select transition that logically connects ideas","contrast","Hard","1","multiple_choice","A linguistic survey found that younger speakers used a new vowel pattern more often than older speakers in recorded interviews. The age difference appeared in three neighborhoods and in both formal and casual tasks. The oldest speakers were not uniform, however: a small group who had worked for decades with younger coworkers used the newer pattern frequently. ____ the age pattern remains useful as a description of the sample, but it should not be interpreted as a rigid boundary between generations.","Which choice best completes the text?","Even so,","Therefore,","In particular,","Likewise,","A","1","The final sentence returns to the broader age pattern after noting an exception and preserves the pattern with a qualification. 'Even so' marks that concession. 'Therefore' is tempting because the earlier evidence supports an age pattern, while 'In particular' is tempting because the preceding sentence focuses on a subgroup; however, the full movement is from general trend to exception and then to a qualified restatement of the trend.","75","none","{}","","","","","","Transitions","","rw,passage:R010,arch:RW_TR_008,sim:rw_transitions_contrast,fp:41272eea370b5f20,surf:SURF_RW_TR_008,profile:D4"
"SAT_RW_14","practice_rw_split_v9","14_back","700-800","SAT_RW_14_M2_Q26","RW","2","hard","26","Expression of Ideas","Rhetorical Synthesis","RW_RS_008","Use notes to achieve a writing goal","supporting_detail","Hard","1","multiple_choice","A student wants to emphasize what the pilot study showed about the importance of air-cleaner placement.

- Two classrooms used the same model of portable air cleaner at the same fan setting.
- In Classroom A, the cleaner stood in an open aisle near the center of the room.
- In Classroom B, a tall storage cabinet partly blocked airflow around the cleaner.
- Particle levels fell faster in Classroom A during the first trial.
- When the Classroom B cleaner was moved into an open aisle, its particle-removal rate increased without any change to the machine or fan setting.","Which choice most effectively uses the notes to accomplish the stated goal?","The pilot used the same model of portable air cleaner in two classrooms and operated both units at the same fan setting.","Particle levels fell faster in Classroom A during the first trial than they did in Classroom B.","A storage cabinet partly blocked the cleaner in Classroom B, whereas the cleaner in Classroom A stood near the center of the room.","The pilot showed that placement can shape an air cleaner's performance: moving the partly obstructed unit into an open aisle improved its particle-removal rate without changing the machine or fan setting.","D","4","The goal is to emphasize what the pilot demonstrated about placement. The keyed choice links the placement change directly to improved performance while noting that the machine and fan setting stayed constant. The other choices report accurate notes but do not fully express the study's placement-based finding.","75","none","{}","","","","","","Rhetorical Synthesis","","rw,passage:R022,arch:RW_RS_008,sim:rw_rhetorical_synthesis_supporting_detail,fp:397b0aa6aceaee00,surf:SURF_RW_RS_008,profile:D3"
"SAT_RW_14","practice_rw_split_v9","14_back","700-800","SAT_RW_14_M2_Q27","RW","2","hard","27","Expression of Ideas","Rhetorical Synthesis","RW_RS_009","Use notes to achieve a writing goal","contrast","Hard","1","multiple_choice","A student wants to highlight a limitation of a harbor's bubble-curtain system while acknowledging its acoustic benefit.

- The harbor used a bubble curtain around piles during construction.
- Hydrophones 100 meters from the work recorded an average noise reduction of 8 decibels when the curtain operated.
- Hydrophones 1 kilometer away recorded an average reduction of 2 decibels.
- The curtain required additional setup before each day of pile driving.
- Fish observers were present, but their counts varied too much to support a firm conclusion about fish behavior.","Which choice best uses the notes to achieve the student's stated goal?","The harbor used a bubble curtain during pile driving, and fish observers also recorded counts near the construction area.","Hydrophones 100 meters from the work recorded an 8-decibel reduction when the bubble curtain operated.","The bubble curtain substantially reduced construction noise near the work site, but the much smaller reduction recorded one kilometer away indicates that its acoustic benefit weakened with distance.","Because the bubble curtain required additional setup each day, its main limitation was that it prevented researchers from drawing conclusions about fish behavior.","C","3","The goal requires both a benefit and a limitation. The keyed choice accurately contrasts the strong near-field noise reduction with the smaller reduction farther away. One distractor gives only the benefit, another reports setup and fish observations without the requested acoustic contrast, and the last invents a causal link between setup time and uncertainty about fish behavior.","75","none","{}","","","","","","Rhetorical Synthesis","","rw,passage:R046,arch:RW_RS_009,sim:rw_rhetorical_synthesis_contrast,fp:308f6c899d23b95b,surf:SURF_RW_RS_009,profile:D4"
"SAT_Math_questions.14",".14","math_v6_14","400-600","MATH.14.M1.Q01","MATH","1","base","1","Algebra","Linear Equations","ALG_LE_001","Solve a one-variable linear equation with constants on both sides","Solve a one-variable linear equation with constants on both sides","E1","1","multiple_choice","","Solve for x: 5x - 7 = 3x + 9.","-8","1","16","8","D","4","Subtract 3x from both sides to get 2x - 7 = 9. Add 7 to get 2x = 16, so x = 8.","55","none","{}","","","","","","solve a one-variable linear equation with constants on both sides","","math,domain:Algebra,skill:ALG_LE_001,arch:MATH_ARCH_001_LINEAR_EQUATION_ONE_VARIABLE,sim:SIM_LINEAR_EQUATIONS_AND_INEQUALITIES,fp:5f52764e,tier:E1"
"SAT_Math_questions.14",".14","math_v6_14","400-600","MATH.14.M1.Q02","MATH","1","base","2","Geometry and Trigonometry","Trigonometry","GEO_TRIG_001","Convert between degrees and radians","Convert between degrees and radians","E1","1","multiple_choice","","What is 150° in radians?","5π/6","6π/5","5π/3","150π","A","1","To convert degrees to radians, multiply by π/180. Thus 150° = 150π/180 = 5π/6.","50","none","{}","","","","","","convert between degrees and radians","","math,domain:Geometry and Trigonometry,skill:GEO_TRIG_001,arch:MATH_ARCH_095_RADIAN_DEGREE_CONVERSION,sim:SIM_ANGLE_UNIT_CONVERSION,fp:bd245550,tier:E1"
"SAT_Math_questions.14",".14","math_v6_14","400-600","MATH.14.M1.Q03","MATH","1","base","3","Problem-Solving and Data Analysis","Percentages","PSD_PCT_001","Compute a percent of a whole or identify percent from part/whole","Compute a percent of a whole or identify percent from part/whole","M1","1","multiple_choice","","In a survey of 72 students, 18 students chose jazz as their favorite type of music. The 18 students represent what percent of the surveyed students?","25%","18%","54%","400%","A","1","Compute 18 ÷ 72 = 0.25. As a percent, 0.25 is 25%.","60","none","{}","","","","","","compute a percent of a whole or identify percent from part/whole","","math,domain:Problem-Solving and Data Analysis,skill:PSD_PCT_001,arch:MATH_ARCH_042_PERCENT_OF_WHOLE,sim:SIM_PERCENT_RELATIONSHIPS,fp:790e86c3,tier:M1"
"SAT_Math_questions.14",".14","math_v6_14","400-600","MATH.14.M1.Q04","MATH","1","base","4","Advanced Math","Nonlinear Functions","ADV_NF_002","Evaluate a function at a given input","Evaluate a function at a given input","M1","1","multiple_choice","","If f(x) = 2x^2 - 3x + 4, what is f(5)?","29","34","39","54","C","3","Substitute 5 for x: f(5) = 2(5)^2 - 3(5) + 4 = 50 - 15 + 4 = 39.","60","none","{}","","","","","","evaluate a function at a given input","","math,domain:Advanced Math,skill:ADV_NF_002,arch:MATH_ARCH_063_FUNCTION_EVALUATE,sim:SIM_FUNCTION_NOTATION_AND_VALUES,fp:68b6d43b,tier:M1"
"SAT_Math_questions.14",".14","math_v6_14","400-600","MATH.14.M1.Q05","MATH","1","base","5","Algebra","Linear Equations","ALG_LE_006","Solve a one-variable linear inequality, including sign reversal","Solve a one-variable linear inequality, including sign reversal","E1","1","multiple_choice","","Which inequality is equivalent to 4 - 3x < 19?","x < -5","x > 5","x > -5","x < 5","C","3","Subtract 4 to get -3x < 15. Dividing by -3 reverses the inequality, so x > -5.","60","none","{}","","","","","","solve a one-variable linear inequality, including sign reversal","","math,domain:Algebra,skill:ALG_LE_006,arch:MATH_ARCH_023_INEQUALITY_ONE_VARIABLE,sim:SIM_LINEAR_EQUATIONS_AND_INEQUALITIES,fp:915cde58,tier:E1"
"SAT_Math_questions.14",".14","math_v6_14","400-600","MATH.14.M1.Q06","MATH","1","base","6","Algebra","Linear Equations","ALG_LE_002","Clear denominators to solve a linear equation with fractional coefficients","Clear denominators to solve a linear equation with fractional coefficients","M1","1","multiple_choice","","Solve for x: x/3 + 5 = 2x/5 - 1.","30","90","-90","18","B","2","Multiply by 15 to clear denominators: 5x + 75 = 6x - 15. Therefore x = 90.","75","none","{}","","","","","","clear denominators to solve a linear equation with fractional coefficients","","math,domain:Algebra,skill:ALG_LE_002,arch:MATH_ARCH_002_LINEAR_EQUATION_FRACTIONS,sim:SIM_LINEAR_EQUATIONS_AND_INEQUALITIES,fp:0df2b858,tier:M1"
"SAT_Math_questions.14",".14","math_v6_14","400-600","MATH.14.M1.Q07","MATH","1","base","7","Problem-Solving and Data Analysis","Ratios Rates and Proportions","PSD_RRP_007","Convert units using one conversion factor","Convert units using one conversion factor","M1","1","multiple_choice","","A cable is 7.5 meters long. What is its length, in centimeters?","75","7,500","0.75","750","D","4","Since 1 meter equals 100 centimeters, 7.5 meters equals 7.5 × 100 = 750 centimeters.","55","none","{}","","","","","","convert units using one conversion factor","","math,domain:Problem-Solving and Data Analysis,skill:PSD_RRP_007,arch:MATH_ARCH_038_UNIT_CONVERSION_SINGLE,sim:SIM_RATIOS_RATES_PROPORTIONS,fp:8b8582c6,tier:M1"
"SAT_Math_questions.14",".14","math_v6_14","400-600","MATH.14.M1.Q08","MATH","1","base","8","Advanced Math","Equivalent Expressions","ADV_EE_003","Expand polynomial products","Expand polynomial products","M1","1","multiple_choice","","Which expression is equivalent to (x + 4)(x - 7)?","x^2 - 3x - 28","x^2 + 3x - 28","x^2 - 11x - 28","x^2 - 3x + 28","A","1","Use distribution: x^2 - 7x + 4x - 28 = x^2 - 3x - 28.","65","none","{}","","","","","","expand polynomial products","","math,domain:Advanced Math,skill:ADV_EE_003,arch:MATH_ARCH_070_POLYNOMIAL_EXPAND,sim:SIM_POLYNOMIAL_RATIONAL_EXPRESSIONS,fp:6bae4b53,tier:M1"
"SAT_Math_questions.14",".14","math_v6_14","400-600","MATH.14.M1.Q09","MATH","1","base","9","Algebra","Linear Functions","ALG_LF_001","Interpret slope and intercept in a real-world linear model","Interpret slope and intercept in a real-world linear model","M1","1","multiple_choice","","A tank contains 80 gallons of water and drains at a constant rate. The amount of water W, in gallons, after t minutes is W = 80 - 3t. What does the number -3 represent in this model?","The tank starts with 3 gallons of water.","The amount of water decreases by 3 gallons each minute.","The amount of water increases by 80 gallons each minute.","The tank is empty after 3 minutes.","B","2","The coefficient of t is the rate of change of W with respect to time. The negative sign means the amount is decreasing by 3 gallons each minute.","65","none","{}","","","","","","interpret slope and intercept in a real-world linear model","","math,domain:Algebra,skill:ALG_LF_001,arch:MATH_ARCH_004_LINEAR_MODEL_INITIAL_RATE,sim:SIM_LINEAR_FUNCTIONS_AND_GRAPHS,fp:76014ee8,tier:M1"
"SAT_Math_questions.14",".14","math_v6_14","400-600","MATH.14.M1.Q10","MATH","1","base","10","Problem-Solving and Data Analysis","Statistics","PSD_STAT_002","Find median interval/value from frequency table","Find median interval/value from frequency table","M2","1","multiple_choice","","The frequency table shows a data set. What is the median of the data set?","2","3.5","3","4","C","3","There are 3 + 5 + 4 + 2 = 14 values, so the median is the average of the 7th and 8th values. Both the 7th and 8th values are 3, so the median is 3.","80","table","{}","| Value | Frequency |\n|---:|---:|\n| 2 | 3 |\n| 3 | 5 |\n| 4 | 4 |\n| 5 | 2 |","","","","","find median interval/value from frequency table","","math,domain:Problem-Solving and Data Analysis,skill:PSD_STAT_002,arch:MATH_ARCH_052_MEDIAN_FROM_FREQUENCY,sim:SIM_STATISTICS_CENTER_SPREAD,fp:af778562,tier:M2"
"SAT_Math_questions.14",".14","math_v6_14","400-600","MATH.14.M1.Q11","MATH","1","base","11","Geometry and Trigonometry","Triangles","GEO_TRI_003","Use Pythagorean theorem in right triangle","Use Pythagorean theorem in right triangle","M1","1","multiple_choice","","In right triangle ABC, angle B is a right angle, AB = 9, and BC = 12. What is the length of AC?","21","√63","12","15","D","4","By the Pythagorean theorem, AC^2 = 9^2 + 12^2 = 81 + 144 = 225, so AC = 15.","70","right_triangle","{""diagram_type"":""right_triangle"",""render_mode"":""exact_to_scale"",""not_to_scale"":false,""vertices"":[""A"",""B"",""C""],""right_angle_at"":""B"",""side_labels"":{""AB"":""9"",""BC"":""12"",""AC"":""x""},""coordinates"":{""A"":[0,0],""B"":[9,0],""C"":[9,12]},""target"":""AC""}","","","","","","use Pythagorean theorem in right triangle","","math,domain:Geometry and Trigonometry,skill:GEO_TRI_003,arch:MATH_ARCH_086_PYTHAGOREAN_THEOREM,sim:SIM_RIGHT_TRIANGLE_PYTHAGOREAN,fp:ff3e44ea,tier:M1"
"SAT_Math_questions.14",".14","math_v6_14","400-600","MATH.14.M1.Q12","MATH","1","base","12","Advanced Math","Equivalent Expressions","ADV_EE_002","Simplify radicals and rational exponents","Simplify radicals and rational exponents","M1","1","multiple_choice","","Which expression is equivalent to √98 + √8?","9√2","15√2","9√10","7√10","A","1","Since √98 = 7√2 and √8 = 2√2, their sum is 9√2.","70","none","{}","","","","","","simplify radicals and rational exponents","","math,domain:Advanced Math,skill:ADV_EE_002,arch:MATH_ARCH_068_RADICAL_SIMPLIFY,sim:SIM_EXPONENT_RADICALS,fp:8ec43ea8,tier:M1"
"SAT_Math_questions.14",".14","math_v6_14","400-600","MATH.14.M1.Q13","MATH","1","base","13","Geometry and Trigonometry","Trigonometry","GEO_TRIG_003","Use complementary angle trig relationships","Use complementary angle trig relationships","M1","1","multiple_choice","","Which expression is equal to sin 55°?","cos 35°","cos 55°","sin 35°","tan 35°","A","1","For complementary angles, sin θ = cos(90° - θ). Since 90° - 55° = 35°, sin 55° = cos 35°.","65","none","{}","","","","","","use complementary angle trig relationships","","math,domain:Geometry and Trigonometry,skill:GEO_TRIG_003,arch:MATH_ARCH_097_TRIG_COMPLEMENTARY,sim:SIM_TRIGONOMETRY_RELATIONSHIPS,fp:b0b4dc2a,tier:M1"
"SAT_Math_questions.14",".14","math_v6_14","400-600","MATH.14.M1.Q14","MATH","1","base","14","Advanced Math","Equivalent Expressions","ADV_EE_004","Factor polynomial expression","Factor polynomial expression","M2","1","multiple_choice","","Which expression is equivalent to x^2 + 7x + 12?","(x - 3)(x - 4)","(x + 3)(x + 4)","(x + 2)(x + 6)","(x - 2)(x - 6)","B","2","Find two numbers whose product is 12 and whose sum is 7: 3 and 4. Thus x^2 + 7x + 12 = (x + 3)(x + 4).","75","none","{}","","","","","","factor polynomial expression","","math,domain:Advanced Math,skill:ADV_EE_004,arch:MATH_ARCH_071_POLYNOMIAL_FACTOR,sim:SIM_POLYNOMIAL_RATIONAL_EXPRESSIONS,fp:e2c5782b,tier:M2"
"SAT_Math_questions.14",".14","math_v6_14","400-600","MATH.14.M1.Q15","MATH","1","base","15","Algebra","Linear Functions","ALG_LF_006","Write the equation of a line through two points","Write the equation of a line through two points","M2","1","multiple_choice","","Which equation represents the line that passes through the points (-2, 7) and (4, -5)?","y = 2x + 3","y = -2x - 3","y = -2x + 3","y = -3x + 2","C","3","The slope is (-5 - 7)/(4 - (-2)) = -12/6 = -2. Using y = -2x + b and point (-2, 7), 7 = 4 + b, so b = 3.","85","none","{}","","","","","","write the equation of a line through two points","","math,domain:Algebra,skill:ALG_LF_006,arch:MATH_ARCH_009_LINEAR_GRAPH_EQUATION_FROM_POINTS,sim:SIM_LINEAR_FUNCTIONS_AND_GRAPHS,fp:0c0c6ffa,tier:M2"
"SAT_Math_questions.14",".14","math_v6_14","400-600","MATH.14.M1.Q16","MATH","1","base","16","Problem-Solving and Data Analysis","Ratios Rates and Proportions","PSD_RRP_003","Solve a direct proportion from two equivalent ratios","Solve a direct proportion from two equivalent ratios","M2","1","multiple_choice","","Five identical notebooks cost $12.50. At the same price per notebook, how much do 8 notebooks cost?","$15.50","$20.00","$17.50","$31.25","B","2","The unit price is $12.50 ÷ 5 = $2.50 per notebook. For 8 notebooks, the cost is 8 × $2.50 = $20.00.","75","none","{}","","","","","","solve a direct proportion from two equivalent ratios","","math,domain:Problem-Solving and Data Analysis,skill:PSD_RRP_003,arch:MATH_ARCH_034_PROPORTION_DIRECT,sim:SIM_RATIOS_RATES_PROPORTIONS,fp:8d9fd0e2,tier:M2"
"SAT_Math_questions.14",".14","math_v6_14","400-600","MATH.14.M1.Q17","MATH","1","base","17","Advanced Math","Nonlinear Functions","ADV_NF_009","Solve quadratic equation by factoring","Solve quadratic equation by factoring","M2","1","student_response","","The equation x^2 - 10x + 21 = 0 has two solutions. What is the smaller solution?","","","","","","","Factor the quadratic: x^2 - 10x + 21 = (x - 3)(x - 7). The solutions are 3 and 7, so the smaller solution is 3.","85","none","{}","","","integer","3","0","solve quadratic equation by factoring","","math,domain:Advanced Math,skill:ADV_NF_009,arch:MATH_ARCH_075_QUADRATIC_SOLVE_FACTOR,sim:SIM_QUADRATIC_SOLVING,fp:fb104a23,tier:M2"
"SAT_Math_questions.14",".14","math_v6_14","400-600","MATH.14.M1.Q18","MATH","1","base","18","Advanced Math","Equivalent Expressions","ADV_EE_007","Add, subtract, or multiply complex numbers","Add, subtract, or multiply complex numbers","M1","1","multiple_choice","","Which expression is equivalent to (3 + 2i)(4 - i), where i^2 = -1?","10 + 5i","14 - 5i","12 + 5i","14 + 5i","D","4","Multiply: (3 + 2i)(4 - i) = 12 - 3i + 8i - 2i^2 = 12 + 5i + 2 = 14 + 5i.","85","none","{}","","","","","","add, subtract, or multiply complex numbers","","math,domain:Advanced Math,skill:ADV_EE_007,arch:MATH_ARCH_082_COMPLEX_ARITHMETIC,sim:SIM_COMPLEX_NUMBERS,fp:1c9d8c0d,tier:M1"
"SAT_Math_questions.14",".14","math_v6_14","400-600","MATH.14.M1.Q19","MATH","1","base","19","Advanced Math","Equivalent Expressions","ADV_EE_006","Evaluate powers of i","Evaluate powers of i","M1","1","multiple_choice","","If i^2 = -1, what is the value of i^23?","i","-i","-1","1","B","2","Powers of i repeat every 4: i, -1, -i, 1. Since 23 leaves a remainder of 3 when divided by 4, i^23 = i^3 = -i.","85","none","{}","","","","","","evaluate powers of i","","math,domain:Advanced Math,skill:ADV_EE_006,arch:MATH_ARCH_081_COMPLEX_POWERS_I,sim:SIM_COMPLEX_NUMBERS,fp:cfad61cc,tier:M1"
"SAT_Math_questions.14",".14","math_v6_14","400-600","MATH.14.M1.Q20","MATH","1","base","20","Algebra","Systems of Equations","ALG_SYS_004","Combine equations to solve directly for x+y or a linear combination","Combine equations to solve directly for x+y or a linear combination","H2","1","multiple_choice","","If 3x + 2y = 17 and 5x + 4y = 33, what is the value of x + y?","7","8","9","16","B","2","Subtract the first equation from the second after aligning coefficients: (5x + 4y) - (3x + 2y) = 33 - 17, so 2x + 2y = 16. Therefore x + y = 8.","90","none","{}","","","","","","combine equations to solve directly for x+y or a linear combination","","math,domain:Algebra,skill:ALG_SYS_004,arch:MATH_ARCH_018_SYSTEM_SUM_DIRECT,sim:SIM_LINEAR_SYSTEMS,fp:7ba18845,tier:H2"
"SAT_Math_questions.14",".14","math_v6_14","400-600","MATH.14.M1.Q21","MATH","1","base","21","Algebra","Systems of Equations","ALG_SYS_008","Find maximum possible coordinate from two linear inequalities","Find maximum possible coordinate from two linear inequalities","H2","1","student_response","","For nonnegative x and y, suppose x + 2y ≤ 18 and 3x + y ≤ 21. What is the maximum possible value of x + y?","","","","","","","The maximum occurs at a vertex of the feasible region. Solving x + 2y = 18 and 3x + y = 21 gives x = 24/5 and y = 33/5, so x + y = 57/5.","105","none","{}","","","fraction","57/5","0","find maximum possible coordinate from two linear inequalities","","math,domain:Algebra,skill:ALG_SYS_008,arch:MATH_ARCH_027_SYSTEM_INEQUALITIES_MAX_COORDINATE,sim:SIM_LINEAR_SYSTEMS,fp:e27e1b54,tier:H2"
"SAT_Math_questions.14",".14","math_v6_14","400-600","MATH.14.M1.Q22","MATH","1","base","22","Algebra","Systems of Equations","ALG_SYS_010","Translate multi-constraint budget/resource situation into inequalities","Translate multi-constraint budget/resource situation into inequalities","H2","1","multiple_choice","","A club buys n notebooks for $3 each and p pens for $2 each. The club will buy at least 12 total items and spend no more than $30. Which system represents these conditions?","n + p ≥ 12; 3n + 2p ≤ 30; n ≥ 0; p ≥ 0","n + p ≤ 12; 3n + 2p ≥ 30; n ≥ 0; p ≥ 0","3n + 2p ≥ 12; n + p ≤ 30; n ≥ 0; p ≥ 0","n + p ≥ 30; 3n + 2p ≤ 12; n ≥ 0; p ≥ 0","A","1","At least 12 total items gives n + p ≥ 12. The spending limit gives 3n + 2p ≤ 30. Counts cannot be negative, so n ≥ 0 and p ≥ 0.","105","none","{}","","","","","","translate multi-constraint budget/resource situation into inequalities","","math,domain:Algebra,skill:ALG_SYS_010,arch:MATH_ARCH_030_BUDGET_SYSTEM_INEQUALITIES,sim:SIM_LINEAR_SYSTEMS,fp:0b43e43c,tier:H2"
"SAT_Math_questions.14",".14","math_v6_14","650-800","MATH.14.M2.Q01","MATH","2","hard","1","Algebra","Equivalent Expressions","ALG_EE_001","Select an equivalent linear expression after distribution and combining terms","Select an equivalent linear expression after distribution and combining terms","M2","1","student_response","","If 4(3x - 2) - 5(x + 6) is written in the form ax + b, what is the value of a?","","","","","","","Distribute and combine like terms: 4(3x - 2) - 5(x + 6) = 12x - 8 - 5x - 30 = 7x - 38. Thus a = 7.","85","none","{}","","","integer","7","0","select an equivalent linear expression after distribution and combining terms","","math,domain:Algebra,skill:ALG_EE_001,arch:MATH_ARCH_003_LINEAR_EXPRESSION_EQUIVALENT,sim:SIM_LINEAR_EQUIVALENT_EXPRESSIONS,fp:93dd88a5,tier:M2"
"SAT_Math_questions.14",".14","math_v6_14","650-800","MATH.14.M2.Q02","MATH","2","hard","2","Problem-Solving and Data Analysis","Ratios Rates and Proportions","PSD_RRP_002","Use a ratio of ingredients to find amount in a mixture","Use a ratio of ingredients to find amount in a mixture","M2","1","multiple_choice","","A drink mix uses a powder-to-water ratio of 3 cups of powder to 8 cups of water. How many cups of water are needed for 12 cups of powder?","18","32","24","36","B","2","The powder amount is multiplied by 4, from 3 cups to 12 cups. Multiply the water amount by the same factor: 8 × 4 = 32.","80","none","{}","","","","","","use a ratio of ingredients to find amount in a mixture","","math,domain:Problem-Solving and Data Analysis,skill:PSD_RRP_002,arch:MATH_ARCH_033_RATIO_MIXTURE_UNITS,sim:SIM_RATIOS_RATES_PROPORTIONS,fp:c4b6213c,tier:M2"
"SAT_Math_questions.14",".14","math_v6_14","650-800","MATH.14.M2.Q03","MATH","2","hard","3","Algebra","Linear Functions","ALG_LF_003","Solve for input when a linear model reaches a target value","Solve for input when a linear model reaches a target value","M2","1","multiple_choice","","A printer tray starts with 240 pages and the printer uses 18 pages per minute. The number of pages left after t minutes is P = 240 - 18t. How many minutes have passed when 60 pages are left?","8","12","10","15","C","3","Set P equal to 60: 240 - 18t = 60. Then 18t = 180, so t = 10.","80","none","{}","","","","","","solve for input when a linear model reaches a target value","","math,domain:Algebra,skill:ALG_LF_003,arch:MATH_ARCH_006_LINEAR_MODEL_SOLVE_TARGET,sim:SIM_LINEAR_FUNCTIONS_AND_GRAPHS,fp:caf142d8,tier:M2"
"SAT_Math_questions.14",".14","math_v6_14","650-800","MATH.14.M2.Q04","MATH","2","hard","4","Advanced Math","Nonlinear Functions","ADV_NF_014","Use discriminant to determine number/type of solutions","Use discriminant to determine number/type of solutions","H3","1","student_response","","For what value of k does the equation x^2 - 10x + k = 0 have exactly one real solution?","","","","","","","A quadratic has exactly one real solution when its discriminant is 0. Here b^2 - 4ac = 100 - 4k, so 100 - 4k = 0 and k = 25.","95","none","{}","","","integer","25","0","use discriminant to determine number/type of solutions","","math,domain:Advanced Math,skill:ADV_NF_014,arch:MATH_ARCH_080_QUADRATIC_DISCRIMINANT,sim:SIM_QUADRATIC_SOLVING,fp:872e0681,tier:H3"
"SAT_Math_questions.14",".14","math_v6_14","650-800","MATH.14.M2.Q05","MATH","2","hard","5","Algebra","Systems of Equations","ALG_SYS_002","Solve a 2x2 linear system by elimination","Solve a 2x2 linear system by elimination","M2","1","student_response","","The system 4x + 3y = 31 and 2x - 3y = 5 has solution (x, y). What is the value of x?","","","","","","","Add the equations to eliminate y: (4x + 3y) + (2x - 3y) = 31 + 5, so 6x = 36. Therefore x = 6.","90","none","{}","","","integer","6","0","solve a 2x2 linear system by elimination","","math,domain:Algebra,skill:ALG_SYS_002,arch:MATH_ARCH_016_SYSTEM_SOLVE_ELIMINATION,sim:SIM_LINEAR_SYSTEMS,fp:2ebc88bb,tier:M2"
"SAT_Math_questions.14",".14","math_v6_14","650-800","MATH.14.M2.Q06","MATH","2","hard","6","Problem-Solving and Data Analysis","Percentages","PSD_PCT_003","Compute net effect of successive percent changes","Compute net effect of successive percent changes","H2","1","multiple_choice","","A price is increased by 20% and then decreased by 25%. The final price is what percent of the original price?","90%","95%","100%","105%","A","1","After a 20% increase, the price is 1.20 times the original. After a 25% decrease, it is 0.75(1.20) = 0.90 of the original, or 90%.","90","none","{}","","","","","","compute net effect of successive percent changes","","math,domain:Problem-Solving and Data Analysis,skill:PSD_PCT_003,arch:MATH_ARCH_044_SUCCESSIVE_PERCENT_CHANGE,sim:SIM_PERCENT_RELATIONSHIPS,fp:e361f79f,tier:H2"
"SAT_Math_questions.14",".14","math_v6_14","650-800","MATH.14.M2.Q07","MATH","2","hard","7","Algebra","Linear Equations","ALG_LE_007","Find greatest or least expression value from a linear inequality","Find greatest or least expression value from a linear inequality","M2","1","student_response","","If -2x + 7 ≥ -15, what is the greatest possible value of 3x?","","","","","","","Subtract 7 to get -2x ≥ -22. Dividing by -2 reverses the inequality, so x ≤ 11. The greatest possible value of 3x is 3(11) = 33.","90","none","{}","","","integer","33","0","find greatest or least expression value from a linear inequality","","math,domain:Algebra,skill:ALG_LE_007,arch:MATH_ARCH_024_INEQUALITY_GREATEST_LEAST_VALUE,sim:SIM_LINEAR_EQUATIONS_AND_INEQUALITIES,fp:919d25cb,tier:M2"
"SAT_Math_questions.14",".14","math_v6_14","650-800","MATH.14.M2.Q08","MATH","2","hard","8","Algebra","Systems of Equations","ALG_SYS_009","Identify quadrants containing solutions to a system of inequalities","Identify quadrants containing solutions to a system of inequalities","H2","1","multiple_choice","","Which quadrant contains no point that satisfies both inequalities y ≥ x + 2 and y ≤ -x + 6?","Quadrant I","Quadrant II","Quadrant IV","Quadrant III","C","3","For x > 0 in Quadrant IV, y is negative. But y ≥ x + 2 would require y to be greater than a positive number, which is impossible. The other listed quadrants contain points satisfying both inequalities.","100","none","{}","","","","","","identify quadrants containing solutions to a system of inequalities","","math,domain:Algebra,skill:ALG_SYS_009,arch:MATH_ARCH_028_SYSTEM_INEQUALITIES_REGION_QUADRANTS,sim:SIM_LINEAR_SYSTEMS,fp:20f8700e,tier:H2"
"SAT_Math_questions.14",".14","math_v6_14","650-800","MATH.14.M2.Q09","MATH","2","hard","9","Problem-Solving and Data Analysis","Probability","PSD_PROB_002","Compute conditional probability from a table subset","Compute conditional probability from a table subset","H3","1","multiple_choice","","The table shows the preferred commute method of students in a survey. If one of the resident students is selected at random, what is the probability that the student prefers biking?","4/15","3/10","12/31","12/25","D","4","Among resident students, there are 24 + 18 + 8 = 50 students. Of these, 24 prefer biking, so the probability is 24/50 = 12/25.","100","table","{}","| Commute method | Resident | Nonresident |\n|---|---:|---:|\n| Bike | 24 | 6 |\n| Bus | 18 | 12 |\n| Car | 8 | 32 |","","","","","compute conditional probability from a table subset","","math,domain:Problem-Solving and Data Analysis,skill:PSD_PROB_002,arch:MATH_ARCH_050_CONDITIONAL_PROBABILITY_TABLE,sim:SIM_PROBABILITY_TABLES,fp:d190ad4c,tier:H3"
"SAT_Math_questions.14",".14","math_v6_14","650-800","MATH.14.M2.Q10","MATH","2","hard","10","Advanced Math","Nonlinear Functions","ADV_NF_011","Complete the square to find vertex or solve","Complete the square to find vertex or solve","H3","1","multiple_choice","","The expression x^2 - 12x + 41 can be written in the form (x - h)^2 + k. What is the value of k?","5","-5","6","41","A","1","Complete the square: x^2 - 12x + 41 = (x^2 - 12x + 36) + 5 = (x - 6)^2 + 5. Thus k = 5.","100","none","{}","","","","","","complete the square to find vertex or solve","","math,domain:Advanced Math,skill:ADV_NF_011,arch:MATH_ARCH_077_QUADRATIC_COMPLETE_SQUARE,sim:SIM_QUADRATIC_FEATURES,fp:fbfeeb29,tier:H3"
"SAT_Math_questions.14",".14","math_v6_14","650-800","MATH.14.M2.Q11","MATH","2","hard","11","Advanced Math","Nonlinear Functions","ADV_NF_012","Interpret vertex form of a quadratic function","Interpret vertex form of a quadratic function","H3","1","multiple_choice","","For the function h(x) = 2(x - 5)^2 - 18, which statement is true?","The function has a maximum value of -18 at x = 5.","The function has a minimum value of 5 at x = -18.","The function has a minimum value of -18 at x = 5.","The function has a maximum value of 5 at x = -18.","C","3","The function is in vertex form a(x - h)^2 + k. Its vertex is (5, -18), and since a = 2 is positive, the function has a minimum value of -18 at x = 5.","100","none","{}","","","","","","interpret vertex form of a quadratic function","","math,domain:Advanced Math,skill:ADV_NF_012,arch:MATH_ARCH_078_QUADRATIC_VERTEX_FORM,sim:SIM_QUADRATIC_FEATURES,fp:b0d41dfa,tier:H3"
"SAT_Math_questions.14",".14","math_v6_14","650-800","MATH.14.M2.Q12","MATH","2","hard","12","Geometry and Trigonometry","Trigonometry","GEO_TRIG_004","Use benchmark unit-circle values","Use benchmark unit-circle values","H3","1","multiple_choice","","If θ is in Quadrant II and sin θ = √3/2, what is cos θ?","-1/2","1/2","√3/2","-√3/2","A","1","A reference angle with sine √3/2 is 60°. In Quadrant II, cosine is negative, so cos θ = -1/2.","95","none","{}","","","","","","use benchmark unit-circle values","","math,domain:Geometry and Trigonometry,skill:GEO_TRIG_004,arch:MATH_ARCH_098_UNIT_CIRCLE_BENCHMARK,sim:SIM_TRIGONOMETRY_RELATIONSHIPS,fp:ed6f52c1,tier:H3"
"SAT_Math_questions.14",".14","math_v6_14","650-800","MATH.14.M2.Q13","MATH","2","hard","13","Advanced Math","Nonlinear Functions","ADV_NF_008","Model exponential growth or decay","Model exponential growth or decay","H3","1","multiple_choice","","A bacteria culture begins with 500 cells and doubles every 3 hours. Which expression gives the number of cells after t hours?","500(2)^(3t)","500(3)^(t/2)","500 + 2t/3","500(2)^(t/3)","D","4","Doubling every 3 hours means the number of 3-hour periods is t/3. Therefore the model is 500(2)^(t/3).","105","none","{}","","","","","","model exponential growth or decay","","math,domain:Advanced Math,skill:ADV_NF_008,arch:MATH_ARCH_074_EXPONENTIAL_GROWTH_DECAY,sim:SIM_EXPONENTIAL_MODELS,fp:ff3ad102,tier:H3"
"SAT_Math_questions.14",".14","math_v6_14","650-800","MATH.14.M2.Q14","MATH","2","hard","14","Algebra","Systems of Equations","ALG_SYS_006","Find parameter value that makes two linear equations parallel","Find parameter value that makes two linear equations parallel","H3","1","multiple_choice","","For the system 2x + 3y = 12 and 4x + 6y = k, which condition on k is necessary and sufficient for the system to have no solution?","k = 24","k > 24","k ≠ 24","k < 24","C","3","The second left side is twice the first left side. If k = 24, the equations are equivalent; if k is any other value, the lines are parallel and distinct, so there is no solution.","105","none","{}","","","","","","find parameter value that makes two linear equations parallel","","math,domain:Algebra,skill:ALG_SYS_006,arch:MATH_ARCH_020_SYSTEM_NO_SOLUTION_PARAMETER,sim:SIM_LINEAR_SYSTEMS,fp:8db317f0,tier:H3"
"SAT_Math_questions.14",".14","math_v6_14","650-800","MATH.14.M2.Q15","MATH","2","hard","15","Geometry and Trigonometry","Area","GEO_AREA_001","Compute surface area of prism/cylinder or composite solid","Compute surface area of prism/cylinder or composite solid","H3","1","multiple_choice","","A closed rectangular prism has side lengths 4, 5, and 9. What is its surface area?","101","180","360","202","D","4","The surface area is 2(lw + lh + wh) = 2(4·5 + 4·9 + 5·9) = 2(20 + 36 + 45) = 202.","100","none","{}","","","","","","compute surface area of prism/cylinder or composite solid","","math,domain:Geometry and Trigonometry,skill:GEO_AREA_001,arch:MATH_ARCH_100_SOLID_SURFACE_AREA,sim:SIM_SOLID_MEASUREMENT,fp:62cbddf9,tier:H3"
"SAT_Math_questions.14",".14","math_v6_14","650-800","MATH.14.M2.Q16","MATH","2","hard","16","Advanced Math","Nonlinear Functions","ADV_NF_006","Solve radical equation and check extraneous solution","Solve radical equation and check extraneous solution","H3","1","multiple_choice","","What is the solution to √(x + 9) = x - 3?","0","3","9","7","D","4","The right side requires x ≥ 3. Squaring gives x + 9 = (x - 3)^2 = x^2 - 6x + 9, so x^2 - 7x = 0. The candidates are 0 and 7, but only 7 satisfies the original equation.","110","none","{}","","","","","","solve radical equation and check extraneous solution","","math,domain:Advanced Math,skill:ADV_NF_006,arch:MATH_ARCH_069_RADICAL_EQUATION_EXTRANEOUS,sim:SIM_EXPONENT_RADICALS,fp:b8d1816d,tier:H3"
"SAT_Math_questions.14",".14","math_v6_14","650-800","MATH.14.M2.Q17","MATH","2","hard","17","Geometry and Trigonometry","Triangles","GEO_TRI_004","Use 30-60-90 or 45-45-90 triangle ratios","Use 30-60-90 or 45-45-90 triangle ratios","H3","1","multiple_choice","","In right triangle ABC, angle B is 90° and angle A is 30°. The perimeter of the triangle is 27 + 9√3. What is the length of the hypotenuse AC?","9","18","9√3","27","B","2","In a 30-60-90 triangle, the side lengths are s, s√3, and 2s. The perimeter is s(3 + √3). Since 27 + 9√3 = 9(3 + √3), s = 9, so the hypotenuse is 2s = 18.","120","right_triangle","{""diagram_type"":""right_triangle"",""render_mode"":""near_to_scale"",""not_to_scale"":true,""vertices"":[""A"",""B"",""C""],""right_angle_at"":""B"",""side_labels"":{""AC"":""x""},""angle_labels"":{""A"":""30°"",""B"":""90°""},""target"":""AC""}","","","","","","use 30-60-90 or 45-45-90 triangle ratios","","math,domain:Geometry and Trigonometry,skill:GEO_TRI_004,arch:MATH_ARCH_087_SPECIAL_RIGHT_TRIANGLES,sim:SIM_SPECIAL_RIGHT_TRIANGLES,fp:2f76efc6,tier:H3"
"SAT_Math_questions.14",".14","math_v6_14","650-800","MATH.14.M2.Q18","MATH","2","hard","18","Advanced Math","Nonlinear Functions","ADV_NF_007","Solve rational equation and reject excluded values","Solve rational equation and reject excluded values","H3","1","multiple_choice","","Solve the equation 5/(x - 2) + 1 = 4. What is x?","7/3","3","11/3","5","C","3","Subtract 1 to get 5/(x - 2) = 3. Then 5 = 3(x - 2), so 3x = 11 and x = 11/3. This does not make the denominator zero.","105","none","{}","","","","","","solve rational equation and reject excluded values","","math,domain:Advanced Math,skill:ADV_NF_007,arch:MATH_ARCH_073_RATIONAL_EQUATION_SOLVE,sim:SIM_RATIONAL_EQUATIONS,fp:99b1126e,tier:H3"
"SAT_Math_questions.14",".14","math_v6_14","650-800","MATH.14.M2.Q19","MATH","2","hard","19","Algebra","Systems of Equations","ALG_SYS_007","Find parameter value that makes two equations equivalent","Find parameter value that makes two equations equivalent","H3","1","multiple_choice","","For what value of k does the system 3x - 2y = 7 and 6x - 4y = k have infinitely many solutions?","7","10","21","14","D","4","The second equation has a left side twice the first. To represent the same line, the right side must also be twice 7, so k = 14.","105","none","{}","","","","","","find parameter value that makes two equations equivalent","","math,domain:Algebra,skill:ALG_SYS_007,arch:MATH_ARCH_021_SYSTEM_INFINITE_SOLUTIONS_PARAMETER,sim:SIM_LINEAR_SYSTEMS,fp:96623291,tier:H3"
"SAT_Math_questions.14",".14","math_v6_14","650-800","MATH.14.M2.Q20","MATH","2","hard","20","Advanced Math","Nonlinear Functions","ADV_NF_010","Use quadratic formula to solve or analyze roots","Use quadratic formula to solve or analyze roots","H3","1","multiple_choice","","A quadratic equation 2x^2 - 3x + c = 0 has one solution x = -1. What is the other solution?","-1","5/2","-5/2","1","B","2","Substitute x = -1 to find c: 2(1) - 3(-1) + c = 0, so 5 + c = 0 and c = -5. The equation is 2x^2 - 3x - 5 = 0, whose solutions are (3 ± 7)/4, or -1 and 5/2.","120","none","{}","","","","","","use quadratic formula to solve or analyze roots","","math,domain:Advanced Math,skill:ADV_NF_010,arch:MATH_ARCH_076_QUADRATIC_SOLVE_FORMULA,sim:SIM_QUADRATIC_SOLVING,fp:07774a29,tier:H3"
"SAT_Math_questions.14",".14","math_v6_14","650-800","MATH.14.M2.Q21","MATH","2","hard","21","Geometry and Trigonometry","Circles","GEO_CIRC_002","Find arc length or sector area from central angle","Find arc length or sector area from central angle","H3","1","multiple_choice","","A sector of a circle has radius 12 and arc length 4π. What is the area of the sector?","24π","12π","48π","144π","A","1","For a sector, arc length s = rθ, where θ is in radians. Thus 4π = 12θ, so θ = π/3. The sector area is (1/2)r^2θ = (1/2)(12^2)(π/3) = 24π.","125","circle","{""diagram_type"":""circle"",""render_mode"":""schematic_not_to_scale"",""not_to_scale"":true,""center_label"":""O"",""radius"":12,""radius_label"":""12"",""central_angle_label"":""θ"",""shaded_sector"":true,""target"":""sector_area""}","","","","","","find arc length or sector area from central angle","","math,domain:Geometry and Trigonometry,skill:GEO_CIRC_002,arch:MATH_ARCH_092_CIRCLE_ARC_SECTOR,sim:SIM_CIRCLE_MEASUREMENTS,fp:eeb51d55,tier:H3"
"SAT_Math_questions.14",".14","math_v6_14","650-800","MATH.14.M2.Q22","MATH","2","hard","22","Advanced Math","Nonlinear Functions","ADV_NF_001","Determine parameters for a line and parabola system with two real solutions","Determine parameters for a line and parabola system with two real solutions","H3","1","multiple_choice","","The line y = x + c intersects the parabola y = x^2 - 6x + 10. Which value of c gives two real points of intersection?","-3","-5/2","0","-9/4","C","3","Set x + c = x^2 - 6x + 10 to get x^2 - 7x + 10 - c = 0. The discriminant is 49 - 4(10 - c) = 9 + 4c. Two real intersections require 9 + 4c > 0. Among the choices, only c = 0 works.","115","none","{}","","","","","","determine parameters for a line and parabola system with two real solutions","","math,domain:Advanced Math,skill:ADV_NF_001,arch:MATH_ARCH_022_SYSTEM_QUADRATIC_LINE_TWO_SOLUTIONS,sim:SIM_QUADRATIC_SOLVING,fp:1b5db76e,tier:H3"