"test_id","exam_version","generation_batch_id","target_score_band","question_id","section","module","route","question_number","content_domain","skill_group","skill_code","skill_label","question_topic","difficulty","scoring_weight","question_type","passage","question","choice_a","choice_b","choice_c","choice_d","correct_answer","correct_choice_index","explanation","time_estimate_sec","visual_type","visual_json","table_markdown","equation_latex","student_response_type","correct_numeric_answer","answer_tolerance","primary_skill","secondary_skill","tags"
"SAT_RW_13","split_batch_v9","13-front","400-800","RW13-M1-Q01","RW","1","base","1","Craft and Structure","Words in Context","RW_WIC_002","Determine meaning or function of a word/phrase in context","direct_meaning","Easy","1","multiple_choice","When Mara began cataloging the papers in the town archive, she expected the faded shipping ledger to settle a long-running dispute about when the old ferry had closed. One page listed a final payment in October, but a loose receipt tucked behind it carried a November date. The handwriting on the receipt resembled the bookkeeper's, yet the ink was darker than on nearby entries, and the paper bore a watermark not used in the ledger itself. Mara copied both dates into her notes and photographed the marks along the receipt's edge. She decided to reserve judgment about the archive ledger and loose receipt until she could compare those documents with invoices stored in a neighboring county. Her colleague preferred the October date because it appeared in the bound record, but Mara argued that the unexplained receipt could not simply be ignored. By the end of the afternoon, the archive had produced a better question rather than a quick answer.","As used in the text, what does ""reserve"" most nearly mean?","schedule","preserve","withhold","request","C","3","Mara postpones judgment until she can compare the receipt with other documents. Choice C matches that deliberate decision not to reach a conclusion yet; the other choices describe different common uses that do not fit her action.","75","none","{}","","","","","","Words in Context","","rw;arch:RW_WIC_002;sim:rw_words_in_context_purpose_sentence;passage:E001;wic;hard_vocab;wic_arch:WIC_DIRECT_MEANING_01;vocab:HV_018;tier:V3;target:reserve;fp:c610702b7d7a"
"SAT_RW_13","split_batch_v9","13-front","400-800","RW13-M1-Q02","RW","1","base","2","Craft and Structure","Words in Context","RW_WIC_009","Determine meaning or function of a word/phrase in context","claim_function","Medium","1","multiple_choice","Marine biologists monitoring a restored reef tracked juvenile coral on ceramic tiles placed at three depths. After six months, the shallowest tiles held more new colonies than untreated control tiles, and several branching species appeared there for the first time since restoration began. The team described coral recruitment on the restored reef as a qualified success. Growth on the deeper tiles remained sparse, and a storm removed many colonies from the most exposed section of the reef. Moreover, the study covered only one warm season, so it could not show whether the new colonies would survive repeated temperature spikes. The researchers therefore recommended keeping the tile design while changing how the structures were anchored and distributed. Their report was positive about the intervention's potential but cautious about treating one favorable set of observations as proof of long-term recovery. Next season, deeper anchors and post-storm surveys will test whether early recruitment develops into stable reef cover.","Which choice best describes the function of ""qualified"" in the passage?","It presents the restoration as unsuccessful despite the appearance of new coral colonies.","It attributes the differences among the tiles entirely to the depths at which they were placed.","It indicates that the researchers regard storm damage as irrelevant to the restoration's outcome.","It limits the positive assessment by pairing encouraging recruitment with evidence of uneven survival and a short study period.","D","4","The report recognizes encouraging recruitment but also emphasizes poor deeper growth, storm losses, and the study's limited duration. Choice D captures how the assessment is narrowed rather than rejected.","75","none","{}","","","","","","Words in Context","","rw;arch:RW_WIC_009;sim:rw_words_in_context_evidence_based_inference;passage:R003;wic;hard_vocab;wic_arch:WIC_CLAIM_FUNCTION_01;vocab:HV_113;tier:V3;target:qualified;fp:bd0b191a9fd3"
"SAT_RW_13","split_batch_v9","13-front","400-800","RW13-M1-Q03","RW","1","base","3","Craft and Structure","Words in Context","RW_WIC_011","Determine meaning or function of a word/phrase in context","tonal_effect","Medium","1","multiple_choice","A neighborhood museum replaced several large wall labels with shorter cards beside its textile displays. Visitors spent less time reading each card, but exit interviews showed that they recalled more specific details about how the fabrics were dyed and traded. The curator called the new labels a modest improvement in first-time visitors' experience rather than a transformation. Attendance did not rise, and visitors who already knew the collection well reported little difference in their experience. Still, first-time visitors were more likely to connect a pattern on one cloth with the technique described on another card. The curator resisted presenting the redesign as a universal solution, noting that sculpture galleries might respond differently. Instead, she treated the result as evidence that concise labels can improve some kinds of attention without changing every aspect of a museum visit. For the next exhibition, she planned to keep short labels in two galleries before considering a wider redesign.","Which choice best explains the effect of ""modest"" on the curator's assessment?","It makes the evaluation tentative, suggesting that the curator is unsure whether the measured recall gains actually occurred.","It makes the evaluation restrained, presenting the improvement as limited rather than sweeping.","It shifts attention specifically to first-time visitors, implying that the redesign produced no meaningful change for anyone else.","It characterizes the redesign as temporary, implying that the museum expects to restore the longer labels soon.","B","2","The passage reports real recall gains but also notes no attendance increase, little change for familiar visitors, and a limited next step. Choice B fits that measured assessment; A wrongly questions the findings themselves, while C assigns to the target a group distinction established elsewhere in the passage.","75","none","{}","","","","","","Words in Context","","rw;arch:RW_WIC_011;sim:rw_words_in_context_supporting_detail;passage:E008;wic;hard_vocab;wic_arch:WIC_TONAL_EFFECT_01;vocab:HV_099;tier:V3;target:modest;fp:fa957f361acd"
"SAT_RW_13","split_batch_v9","13-front","400-800","RW13-M1-Q04","RW","1","base","4","Craft and Structure","Text Structure and Purpose","RW_TSP_001","Analyze structure or purpose","purpose_sentence","Easy","1","multiple_choice","At the edge of a community greenhouse, Luis kept a row of cracked clay pots that everyone else considered unusable. He had noticed that seedlings in those pots dried faster than seedlings in plastic trays, so he began testing which herbs tolerated the difference. Basil wilted by noon, but thyme and oregano remained firm even on warmer days. The experiment changed how Luis organized the greenhouse. Instead of discarding every damaged pot, he placed drought-tolerant plants in the cracked ones and saved the intact containers for seedlings that needed steadier moisture. Over several weeks, volunteers copied his arrangement and marked the shelves so newcomers would understand it. What began as a practical response to broken equipment became a small lesson in matching a material's limitations to a plant's needs. By spring, the formerly unwanted pots occupied an entire sunny bench, where their defects had become useful information.","What is the main purpose of the first two sentences in the text?","To show that Luis initially chose the cracked pots because they were more attractive than plastic trays","To establish that volunteers had already developed a system for labeling damaged containers","To explain why drought-tolerant herbs generally grow better in clay than in other materials","To introduce a practical problem and an observation that leads Luis to test a new use for the damaged pots","D","4","The opening presents the unwanted cracked pots and Luis's observation that they dry quickly. Those details motivate the herb test that shapes the rest of the passage, so choice D best describes their purpose.","75","none","{}","","","","","","Text Structure and Purpose","","rw;arch:RW_TSP_001;sim:rw_text_structure_and_purpose_purpose_sentence;passage:E016;fp:4b461d703a76"
"SAT_RW_13","split_batch_v9","13-front","400-800","RW13-M1-Q05","RW","1","base","5","Craft and Structure","Text Structure and Purpose","RW_TSP_011","Analyze structure or purpose","contrast","Medium","1","multiple_choice","Transit planners studying crowding at a downtown station first counted how many riders entered each platform during five-minute intervals. Those totals suggested that the busiest platform should receive the most staff. <u>Yet video from the same periods showed that brief surges, not the overall number of riders, caused the most severe bottlenecks near the stairs.</u> A platform with fewer riders could become harder to navigate if several trains arrived close together, while a busier platform stayed orderly when arrivals were spread out. The planners therefore added a measure of how unevenly passengers arrived across each interval. When that measure was included, the staffing model identified several trouble spots the original totals had missed. The study did not make passenger counts useless; instead, it showed why a single summary number could conceal the timing pattern that produced congestion. The revised model combined volume with short-term variation.","Which choice best describes the function of the underlined sentence in the text as a whole?","It complicates the initial staffing assumption by showing that the timing of rider arrivals can matter more than total volume for bottlenecks.","It provides evidence that the busiest platform consistently has the fewest problems near its stairs.","It explains why the planners stopped counting riders and relied only on video observations.","It introduces a second station whose staffing needs are unrelated to the planners' original model.","A","1","The initial totals point toward staffing the busiest platform, but the underlined sentence reveals that short surges are the stronger cause of severe bottlenecks. Choice A identifies that challenge to the initial assumption and sets up the revised model.","75","none","{}","","","","","","Text Structure and Purpose","","rw;arch:RW_TSP_011;sim:rw_text_structure_and_purpose_contrast;passage:R009;underline;fp:f6cd35f884d5"
"SAT_RW_13","split_batch_v9","13-front","400-800","RW13-M1-Q06","RW","1","base","6","Craft and Structure","Text Structure and Purpose","RW_TSP_012","Analyze structure or purpose","cause_effect","Medium","1","multiple_choice","Nora reached the inn after dusk and found the front room empty except for a lamp burning beside an open guest book. A wet umbrella leaned against the wall, though no rain had fallen since morning. She called toward the kitchen and heard a chair scrape somewhere above her. At first, these details made the inn seem carelessly abandoned. Then she noticed a plate still warm on the hearth and a line of muddy footprints leading from the back door to the stairs. The marks were small and closely spaced, unlike the boot prints outside the stable. Nora stopped calling and listened. A floorboard creaked overhead, followed by the soft thump of something being dragged. The room had not been left empty by accident, she decided; someone had interrupted an ordinary evening and moved upstairs in a hurry. Her attention shifted from the absent innkeeper to the unexplained activity above.","Which choice best describes the overall structure of the text?","It accumulates unsettling details to create suspense while leaving Nora's original interpretation of the empty room unchanged.","It presents Nora's suspicion that someone is upstairs and then identifies that person through direct dialogue.","It contrasts clues inside the inn with outdoor evidence mainly to determine whether recent weather caused the muddy footprints.","It moves from Nora's initial interpretation of the empty room to a revised inference after she notices additional signs of recent activity.","D","4","Nora first reads the room as carelessly abandoned, then the warm plate, footprints, and upstairs sounds lead her to infer that an ordinary evening was interrupted. Choice D captures that structural shift. A overlooks the explicit revision, while C overweights the weather and footprint details instead of the passage's broader movement.","75","none","{}","","","","","","Text Structure and Purpose","","rw;arch:RW_TSP_012;sim:rw_text_structure_and_purpose_cause_effect;passage:E026;fp:de0eee975186"
"SAT_RW_13","split_batch_v9","13-front","400-800","RW13-M1-Q07","RW","1","base","7","Craft and Structure","Cross-Text Connections","RW_CTC_006","Compare claims across paired texts","paired_text_relation","Medium","1","multiple_choice","Text 1:
Young songbirds exposed to several adult tutors often develop larger repertoires than birds raised with only one tutor. A wider set of examples gives juveniles more syllable patterns to imitate and combine. For species in which local song traditions change gradually, preserving a variety of adult singers may therefore help maintain vocal diversity in the next generation.

Text 2:
Tutor variety can matter, but exposure is not equally useful throughout development. In one breeding colony, juveniles heard many adult songs after leaving the nest, yet birds that had heard few songs during an earlier sensitive period still produced limited repertoires. Increasing the number of tutors later did not fully compensate for sparse early exposure, suggesting that timing constrains the benefit of variety.","Based on the texts, how would the author of Text 2 most likely respond to the claim in Text 1 that exposure to several tutors can help maintain vocal diversity?","By rejecting the claim because juveniles cannot learn any new song patterns after leaving the nest","By agreeing only if all adult tutors sing exactly the same local repertoire","By qualifying the claim, arguing that tutor variety is most beneficial when sufficient exposure occurs during an earlier sensitive period","By accepting the claim and adding that the number of tutors matters more than the timing of exposure","C","3","Text 2 accepts that tutor variety can matter but shows that later variety did not compensate for sparse exposure during an earlier sensitive period. Choice C therefore captures Text 2's qualification of Text 1.","60","none","{}","","","","","","Cross-Text Connections","","rw;arch:RW_CTC_006;sim:rw_cross_text_connections_paired_text_relation;passage:R006;fp:2124b4130e7f"
"SAT_RW_13","split_batch_v9","13-front","400-800","RW13-M1-Q08","RW","1","base","8","Information and Ideas","Central Ideas and Details","RW_CID_001","Identify main idea, key detail, or summary","main_claim","Easy","1","multiple_choice","A city team recorded afternoon temperatures on six blocks. The blocks differed in tree cover, pavement width, and the height of nearby buildings. The coolest sidewalks were usually those beneath mature tree canopies, but shade alone did not explain every reading. A narrow street with moderate tree cover stayed nearly as cool as a heavily planted boulevard because its taller buildings blocked direct sun late in the day. By contrast, a wide plaza with several young trees remained hot because the small crowns covered little pavement. The researchers concluded that urban cooling plans should consider how tree age, street geometry, and existing building shade work together. Planting more trees could still lower heat exposure, but counting trunks without considering where and how much shade they produce may overstate a project's likely effect. The study therefore treats canopy as one part of a larger street-level system rather than as a single independent solution.","Which choice best states the main idea of the text?","Tree planting can reduce street heat, but its effect depends on canopy size and how tree shade interacts with street and building geometry.","Building height is the only reliable predictor of afternoon sidewalk temperature in cities.","Young trees cool wide plazas more effectively than mature trees cool narrow streets.","Urban cooling projects should replace tree planting with changes to pavement width whenever possible.","A","1","The study finds cooler conditions under mature canopies but also shows that building shade and street geometry affect temperatures. Choice A captures the passage's central point that cooling depends on interacting features rather than tree counts alone.","75","none","{}","","","","","","Central Ideas and Details","","rw;arch:RW_CID_001;sim:rw_central_ideas_and_details_main_claim;passage:R001;fp:4e860b8fe58c"
"SAT_RW_13","split_batch_v9","13-front","400-800","RW13-M1-Q09","RW","1","base","9","Information and Ideas","Central Ideas and Details","RW_CID_003","Identify main idea, key detail, or summary","contrast","Medium","1","multiple_choice","Elena volunteered to repaint the reading room in a small rural school and arrived with a sketch for bright blue walls and white shelves. Once she began moving the furniture, however, she found pencil marks hidden behind a cabinet: dates, initials, and tiny measurements of children's heights stretching back decades. The marks were uneven and sometimes hard to read, but Elena abandoned her plan to cover the wall completely. She painted around the narrow strip, framed it with a simple border, and asked older residents whether they recognized any names. Their stories turned the marks into a record of families who had used the room across generations. The finished room looked less uniform than Elena had imagined, yet she preferred it that way. By adapting her design to preserve the old measurements, she made the renovation acknowledge the room's history instead of erasing evidence that had first seemed like damage.","Which choice best describes the significance of Elena's discovery of the pencil marks?","It convinces Elena that the school should stop using the reading room until the wall can be professionally repaired.","It confirms Elena's belief that the room needs a more uniform design than she originally planned.","It leads Elena to ask residents to replace the old measurements with a new record of current students.","It changes Elena's renovation from a purely visual redesign into one that preserves evidence of the room's community history.","D","4","Elena initially plans to repaint the wall completely, but the hidden marks and residents' stories lead her to preserve and frame them. Choice D identifies how the discovery changes the meaning and direction of the renovation.","75","none","{}","","","","","","Central Ideas and Details","","rw;arch:RW_CID_003;sim:rw_central_ideas_and_details_contrast;passage:E017;fp:dd7bdc971ced"
"SAT_RW_13","split_batch_v9","13-front","400-800","RW13-M1-Q10","RW","1","base","10","Information and Ideas","Command of Evidence","RW_COE_001","Use textual or quantitative evidence","supporting_detail","Medium","1","multiple_choice","Engineers testing a microplastic filter for storm drains were concerned that sudden bursts of water might force particles around the filter's edges. They built two channels with identical mesh screens but different frames: one held the mesh flat against the channel wall, while the other curved the mesh inward and sealed it along a flexible rim. During steady flow, both designs captured similar amounts of plastic fragments. During short high-flow pulses, however, the curved, sealed frame released far fewer particles downstream. Cameras showed water lifting the corners of the flat screen during those pulses, creating temporary gaps. The engineers argued that preventing edge bypass, rather than using a finer mesh alone, was crucial to maintaining filtration during storms. They planned a longer field trial to see whether the flexible rim would remain effective after repeated exposure to grit, leaves, and changing water pressure.","Which finding from the text most directly supports the engineers' claim that preventing edge bypass is crucial to maintaining filtration during storms?","Under steady flow, the flat and curved filter designs captured similar amounts of plastic fragments.","During high-flow pulses, the sealed curved frame released fewer particles downstream while cameras showed the flat screen's corners lifting and creating gaps.","The engineers planned to test whether leaves and grit would affect the flexible rim during a longer field trial.","Both filter designs used mesh screens intended to capture plastic fragments from storm-drain water.","B","2","Choice B reports both the reduced downstream particle release with the sealed frame and the observed gaps around the flat screen during high flow. Those measurements directly link edge bypass to poorer filtration under storm-like conditions.","75","none","{}","","","","","","Command of Evidence","","rw;arch:RW_COE_001;sim:rw_command_of_evidence_supporting_detail;passage:R005;fp:fff929b21d35"
"SAT_RW_13","split_batch_v9","13-front","400-800","RW13-M1-Q11","RW","1","base","11","Information and Ideas","Command of Evidence","RW_COE_011","Use textual or quantitative evidence","evidence_based_inference","Medium","1","multiple_choice","When Mira's younger brother asked whether the family could still afford his music lessons, she answered before their mother could speak. She joked that the old piano needed someone stubborn enough to keep it awake and reminded him that his recital piece was nearly finished. Later, after he left the room, Mira opened the stack of household bills and copied several amounts into a notebook. She crossed out a plan to buy new shoes and wrote a smaller figure beside the grocery total. At dinner she steered the conversation toward school and did not mention the notebook. Her mother noticed the change and quietly moved the bills from Mira's place at the table. The scene suggests that Mira is worried about the family's finances but tries to shield her brother from that worry. Her behavior combines cheerful reassurance in his presence with private attention to costs once he is gone.","Which detail from the text most directly supports the claim that Mira tries to keep her brother from sharing her financial concern?","Mira's mother moves the bills away from Mira's place at the dinner table.","Mira cheerfully reassures her brother about his lessons, then studies bills and cuts her own planned spending only after he leaves.","Mira reminds her brother that his recital piece is nearly finished.","Mira copies several amounts from the household bills into a notebook.","B","2","Choice B combines Mira's reassuring behavior in her brother's presence with her private cost-cutting afterward. That contrast is the clearest evidence that she is worried yet tries not to pass that worry to him.","75","none","{}","","","","","","Command of Evidence","","rw;arch:RW_COE_011;sim:rw_command_of_evidence_evidence_based_inference;passage:E023;fp:3b0e46c0eaed"
"SAT_RW_13","split_batch_v9","13-front","400-800","RW13-M1-Q12","RW","1","base","12","Information and Ideas","Inferences","RW_INF_010","Draw supported conclusions","evidence_based_inference","Easy","1","multiple_choice","For several evenings, a young jackal approached the edge of the camp only after the cooking fires had burned low. It ignored scraps tossed toward it while people were talking, but returned later to inspect the ground once the camp had quieted. One night, a metal cup rolled from a crate and struck a stone. The jackal froze, backed into the grass, and waited until the sound stopped before moving forward again. The next evening it circled the same area from farther away, pausing whenever someone shifted near the tents. Although hunger repeatedly drew it toward the camp, it never rushed directly toward the food. Instead, it advanced in short stages, using darkness and stillness as cover. Its repeated retreats did not keep it away permanently; they changed when and how it approached. The animal's pattern suggests a balance between attraction to an easy food source and caution about unpredictable human activity.","Which choice most logically follows from the text?","The jackal's caution changes the conditions under which it approaches food rather than eliminating its attraction to the camp.","The jackal has learned that metal objects in the camp are a reliable source of food.","The jackal avoids the camp mainly because it cannot see well after dark.","The jackal becomes progressively less interested in food each time it hears a human-made sound.","A","1","The jackal repeatedly returns for food but approaches in stages and retreats after disturbances. Choice A accounts for both patterns: attraction persists, while caution affects timing and method.","75","none","{}","","","","","","Inferences","","rw;arch:RW_INF_010;sim:rw_inferences_evidence_based_inference;passage:E022;fp:ac4d31c7ea40"
"SAT_RW_13","split_batch_v9","13-front","400-800","RW13-M1-Q13","RW","1","base","13","Information and Ideas","Inferences","RW_INF_002","Draw supported conclusions","cause_effect","Medium","1","multiple_choice","Archaeologists comparing pottery from settlements along an ancient river found that many vessels shared a distinctive red slip, but the clay beneath that surface varied by location. Chemical analysis showed that most pots were made from local clay rather than transported whole from one production center. Decorative techniques, however, appeared in clusters that followed the river more closely than the distribution of clay sources did. At upstream sites, a combed pattern appeared first on locally made bowls; a generation later, the same technique appeared downstream on vessels made from different clays. The researchers proposed that potters or their methods traveled between communities even when the finished vessels usually did not. Because the river linked the settlements more directly than overland paths did, the sequence of designs is consistent with knowledge moving along that route. The evidence points to exchange of practice rather than simple shipment of identical goods.","Which choice is best supported by the text?","Most pottery was manufactured at one upstream settlement and then shipped downstream as finished vessels.","The shared red slip proves that all settlements obtained their clay from the same source.","Pottery-making techniques likely moved among river communities even though most vessels were produced from local clay.","Overland paths were probably more important than the river in spreading decorative practices.","C","3","Chemical analysis indicates local clay use, while decorative techniques appear sequentially along the river across vessels made from different clays. Choice C best fits this combination, pointing to movement of knowledge or potters rather than wholesale shipment of finished pots.","75","none","{}","","","","","","Inferences","","rw;arch:RW_INF_002;sim:rw_inferences_cause_effect;passage:R013;fp:1198b218b754"
"SAT_RW_13","split_batch_v9","13-front","400-800","RW13-M1-Q14","RW","1","base","14","Information and Ideas","Inferences","RW_INF_001","Draw supported conclusions","contrast","Medium","1","multiple_choice","At a public lecture on housing history, the speaker began with a series of citywide maps showing where apartment construction had increased over fifty years. Several audience members asked questions about population growth, and the discussion initially stayed at that broad scale. Midway through the talk, the speaker displayed handwritten rent ledgers from one building and read short entries noting repairs, missed payments, and changes in household size. Questions immediately shifted. Listeners began asking how tenants negotiated with owners, how long families remained in the building, and whether repair costs affected rents. The maps had established a pattern across the city, but the ledgers made the consequences of that pattern easier to imagine at the level of individual households. By the end, the speaker returned to the maps and used the audience's new questions to reconsider what the large-scale trends could and could not reveal on their own.","What can most reasonably be inferred from the text?","The audience's questions show that the rent ledgers convinced listeners that repair costs were the primary cause of citywide construction growth.","The building-level records prompted the audience to ask how broad construction trends affected households, making them reconsider the limits of citywide patterns.","The speaker introduced the rent ledgers mainly because the audience had already asked detailed questions about repairs and household size.","The speaker returned to the maps because the building-level records had disproved the construction pattern shown at the start of the lecture.","B","2","Before the ledgers, questions stay at the citywide scale; afterward, listeners ask about tenant experiences and use those questions when the speaker returns to the maps. Choice B captures that shift. A and D overstate what the ledgers established, and C reverses the sequence of the audience's questions.","75","none","{}","","","","","","Inferences","","rw;arch:RW_INF_001;sim:rw_inferences_contrast;passage:E027;fp:14284fae81b4"
"SAT_RW_13","split_batch_v9","13-front","400-800","RW13-M1-Q15","RW","1","base","15","Standard English Conventions","Boundaries","SEC.BND","Boundaries","Punctuating two independent clauses","Easy","1","multiple_choice","Moss grew thickest beside leaking downspouts____ however, patches on exposed curb edges remained sparse even after rain.","Which choice completes the text so that it conforms to the conventions of Standard English?",";",",",":",".","A","1","The blank separates two independent clauses, and the conjunctive adverb “however” begins the contrasting second clause. A semicolon correctly marks that boundary. A comma would create a comma splice, a colon does not fit the contrast, and a period would leave the fixed lowercase “however” incorrectly beginning a new sentence.","45","none","{}","","","","","","Boundaries","","rw;arch:SEC-BND-001;sim:SEC.BND:sentence_boundary_semicolon:A. minimal-context version;sec;grammar;ctx:CTX-GRM-001;tier:SEC1;fp:80ce859cc616"
"SAT_RW_13","split_batch_v9","13-front","400-800","RW13-M1-Q16","RW","1","base","16","Standard English Conventions","Boundaries","SEC.BND","Boundaries","Introductory dependent clauses","Medium","1","multiple_choice","While the curator compared the faded labels with entries in an older catalog, using a lamp to reveal erased marks____ she set aside fragments whose workshop marks could not yet be confirmed.","Which choice completes the text so that it conforms to the conventions of Standard English?"," and",";",",",":","C","3","The clause beginning with “While” is introductory and dependent, so a comma should separate it from the independent main clause. Choice C supplies that comma. The other choices either leave the sentence without a main-clause boundary or use punctuation that cannot follow the dependent clause.","45","none","{}","","","","","","Boundaries","","rw;arch:SEC-BND-017;sim:SEC.BND:introductory_subordinate_clause:B. internal punctuation nearby;sec;grammar;ctx:CTX-GRM-002;tier:SEC2;fp:da7efd0d24c8"
"SAT_RW_13","split_batch_v9","13-front","400-800","RW13-M1-Q17","RW","1","base","17","Standard English Conventions","Boundaries","SEC.BND","Boundaries","Nonessential appositive information","Medium","1","multiple_choice","Drawing on an earlier oral-history archive, the linguist chose the name Market Voices. The new field project____ will compare recordings from three neighborhoods.","Which choice completes the text so that it conforms to the conventions of Standard English?"," Market Voices,",", Market Voices,",", Market Voices",": Market Voices,","B","2","“Market Voices” is a nonessential appositive that renames the already identified field project, so it must be set off with matching commas. Choice B supplies both boundaries around the appositive; the other choices omit one comma or use an inappropriate colon.","45","none","{}","","","","","","Boundaries","","rw;arch:SEC-BND-027;sim:SEC.BND:nonessential_appositive:B. internal punctuation nearby;sec;grammar;ctx:CTX-GRM-007;tier:SEC2;fp:16c409c6ab6f"
"SAT_RW_13","split_batch_v9","13-front","400-800","RW13-M1-Q18","RW","1","base","18","Standard English Conventions","Boundaries","SEC.BND","Boundaries","Colon after a complete lead-in","Medium","1","multiple_choice","Before the first dive, the reef team set a narrow project goal. The first survey produced one precise result____ a substantially higher sea urchin count near restored kelp beds than at the comparison site.","Which choice completes the text so that it conforms to the conventions of Standard English?"," because",";",":"," which","C","3","The clause before the blank is complete, and the noun phrase after it names the precise result being introduced. A colon correctly introduces that result. A semicolon cannot precede the noun phrase, and “because” or “which” would leave the sentence structurally incomplete.","45","none","{}","","","","","","Boundaries","","rw;arch:SEC-BND-042;sim:SEC.BND:colon_after_independent_clause:B. internal punctuation nearby;sec;grammar;ctx:CTX-GRM-013;tier:SEC2;fp:d64afd379c93"
"SAT_RW_13","split_batch_v9","13-front","400-800","RW13-M1-Q19","RW","1","base","19","Standard English Conventions","Form, Structure, and Sense","SEC.FSS","Form, Structure, and Sense","Subject-verb agreement","Medium","1","multiple_choice","The narrow windows and the thick brick walls of the old library, together with its shaded courtyard, ____ the reading room cooler during summer afternoons.","Which choice completes the text so that it conforms to the conventions of Standard English?","keep","keeps","has kept","is keeping","A","1","The compound subject “the narrow windows and the thick brick walls” is plural, so it requires the plural verb “keep.” The intervening phrase about the shaded courtyard does not change the number of the subject; the other choices use singular finite verb forms.","45","none","{}","","","","","","Form, Structure, and Sense","","rw;arch:SEC-FSS-002;sim:SEC.FSS:subject_verb_agreement:B. intervening material;sec;grammar;ctx:CTX-GRM-010;tier:SEC2;fp:fe86b208d3ec"
"SAT_RW_13","split_batch_v9","13-front","400-800","RW13-M1-Q20","RW","1","base","20","Standard English Conventions","Form, Structure, and Sense","SEC.FSS","Form, Structure, and Sense","Pronoun-antecedent agreement","Medium","1","multiple_choice","Every team submitted a report. The six observing teams, each with its own telescope, compared ____ nightly logs before combining the measurements.","Which choice completes the text so that it conforms to the conventions of Standard English?","its","their","our","your","B","2","The possessive pronoun refers to the plural antecedent “the six observing teams,” so “their” agrees in number and person. The intervening phrase “each with its own telescope” does not make the plural antecedent singular; “its,” “our,” and “your” do not agree with that antecedent.","45","none","{}","","","","","","Form, Structure, and Sense","","rw;arch:SEC-FSS-017;sim:SEC.FSS:pronoun_antecedent_agreement:B. intervening material;sec;grammar;ctx:CTX-GRM-005;tier:SEC2;fp:8f95c0f9094f"
"SAT_RW_13","split_batch_v9","13-front","400-800","RW13-M1-Q21","RW","1","base","21","Standard English Conventions","Form, Structure, and Sense","SEC.FSS","Form, Structure, and Sense","Modifier placement","Medium","1","multiple_choice","After calibrating the sensor array twice, ____","Which choice completes the text so that it conforms to the conventions of Standard English?","the taped course was run under dimmer lights by the cart.","a second trial began on the taped course under dimmer lights.","the sensor array produced a new set of reflected-light readings.","the robotics club sent the cart along the taped course under dimmer lights.","D","4","The opening modifier “After calibrating the sensor array twice” must describe the agent that performed the calibration. Only choice D places “the robotics club” as the subject that logically performed that action. Choices A, B, and C are locally complete sentences, but their grammatical subjects—the course, a trial, and the sensor array—do not logically perform the calibration described by the opening phrase.","45","none","{}","","","","","","Form, Structure, and Sense","","rw;arch:SEC-FSS-028;sim:SEC.FSS:modifier_placement:C. academic register;sec;grammar;ctx:CTX-GRM-015;tier:SEC3;fp:18005713128b"
"SAT_RW_13","split_batch_v9","13-front","400-800","RW13-M1-Q22","RW","1","base","22","Expression of Ideas","Transitions","RW_TR_001","Select transition that logically connects ideas","logical_link","Medium","1","multiple_choice","A sleep study found that students who moved their bedtime thirty minutes earlier reported better alertness during the first week of morning classes. By the sixth week, students who kept their original bedtime reported nearly the same alertness scores, suggesting that some of the early difference diminished as schedules became familiar. ____ the researchers cautioned against treating the first-week advantage as a permanent effect.","Which choice most logically completes the text?","For example,","Likewise,","However,","Therefore,","C","3","The later convergence in alertness limits the importance of the first-week advantage, so the final sentence contrasts with an overly broad interpretation of the early result. “However” signals that qualification most logically.","45","none","{}","","","","","","Transitions","","rw;arch:RW_TR_001;sim:rw_transitions_logical_link;passage:R004;fp:b713a54faa14"
"SAT_RW_13","split_batch_v9","13-front","400-800","RW13-M1-Q23","RW","1","base","23","Expression of Ideas","Transitions","RW_TR_008","Select transition that logically connects ideas","contrast","Medium","1","multiple_choice","The farm dog ignored the rustle of dry leaves, the rattle of a passing wagon, and the calls of workers moving between the sheds. ____ when a faint metallic click came from the closed gate, the dog stood immediately, faced the sound, and waited without barking.","Which transition most logically fits in the blank?","For instance,","Similarly,","Yet,","Consequently,","C","3","The dog ignores several ordinary noises but reacts immediately to the faint click. “Yet” correctly marks that contrast; the other transitions suggest an example, similarity, or result that does not match the relationship.","45","none","{}","","","","","","Transitions","","rw;arch:RW_TR_008;sim:rw_transitions_contrast;passage:E014;fp:a0d6376775d5"
"SAT_RW_13","split_batch_v9","13-front","400-800","RW13-M1-Q24","RW","1","base","24","Expression of Ideas","Transitions","RW_TR_009","Select transition that logically connects ideas","cause_effect","Medium","1","multiple_choice","Interviews showed that residents who worked near the central station adopted a new expression earlier than equally distant residents who worked elsewhere. The difference remained when researchers compared people of similar ages and similar lengths of residence in their neighborhoods. Newsletter counts, meanwhile, still showed an outward geographic pattern from the station district. ____ the team added workplace contact to its diffusion model as a second route that could operate alongside neighborhood-to-neighborhood spread.","Which choice best completes the text with a logical transition?","In addition,","As a result,","Nevertheless,","For comparison,","B","2","The interview evidence points to workplace contact as a route of spread, while the newsletter counts leave room for geographic diffusion as well. The team's decision to add workplace contact to the model follows from that evidence, so “As a result” is correct. “In addition” is tempting because the passage contains multiple factors, and “Nevertheless” is tempting because the geographic pattern remains, but neither captures the final sentence's causal relation to the evidence.","45","none","{}","","","","","","Transitions","","rw;arch:RW_TR_009;sim:rw_transitions_cause_effect;passage:R010;fp:b23f07ea7040"
"SAT_RW_13","split_batch_v9","13-front","400-800","RW13-M1-Q25","RW","1","base","25","Expression of Ideas","Rhetorical Synthesis","RW_RS_001","Use notes to achieve a writing goal","revision_goal","Medium","1","multiple_choice","A student wants to compare how two book formats affected readers' study strategies.

- In a class trial, students read the same chapter either in a printed booklet or on a tablet.
- Printed-booklet readers used margin notes more often.
- Tablet readers used the search function more often.
- Both groups earned similar scores on a later quiz.","Which choice most effectively uses the notes to accomplish the stated goal?","Printed-booklet readers used margin notes more often, whereas tablet readers used search more often; despite these different strategies, the groups earned similar quiz scores.","Students who read the chapter in a printed booklet earned much higher quiz scores because they could write in the margins.","Tablet readers used the search function, showing that digital reading eliminates the need for other study strategies.","Both groups read the same chapter, and the class trial compared two formats.","A","1","Choice A directly compares the groups' different study strategies and accurately notes their similar quiz performance. The other choices either make unsupported claims or fail to emphasize the requested comparison.","60","none","{}","","","","","","Rhetorical Synthesis","","rw;arch:RW_RS_001;sim:rw_rhetorical_synthesis_revision_goal;passage:R016;fp:a5ad4a7f2315"
"SAT_RW_13","split_batch_v9","13-front","400-800","RW13-M1-Q26","RW","1","base","26","Expression of Ideas","Rhetorical Synthesis","RW_RS_009","Use notes to achieve a writing goal","contrast","Medium","1","multiple_choice","A student wants to emphasize an unexpected result from a portrait-restoration project.

- Conservators expected cleaning to reveal brighter blue paint in the sitter's coat.
- Cleaning removed a yellowed varnish layer.
- The coat remained muted rather than becoming bright blue.
- Microscopy showed that the painter had mixed gray pigment into the original blue layer.","Which choice best uses the notes to meet the student's stated goal?","Although conservators expected cleaning to reveal a brighter blue coat, the coat remained muted because gray pigment was mixed into the original blue paint.","Removing the yellowed varnish made the sitter's coat much brighter blue, exactly as conservators had predicted.","Microscopy showed that the portrait contained blue paint, and conservators cleaned away a layer of varnish.","The project demonstrated that yellowed varnish is the only reason old blue paint can appear muted.","A","1","Choice A emphasizes the unexpected outcome by contrasting the predicted brighter blue with the coat's continued muted appearance and uses the microscopy result to explain it. The other choices contradict, underuse, or overstate the notes.","60","none","{}","","","","","","Rhetorical Synthesis","","rw;arch:RW_RS_009;sim:rw_rhetorical_synthesis_contrast;passage:E019;fp:363642c2979d"
"SAT_RW_13","split_batch_v9","13-front","400-800","RW13-M1-Q27","RW","1","base","27","Expression of Ideas","Rhetorical Synthesis","RW_RS_010","Use notes to achieve a writing goal","cause_effect","Medium","1","multiple_choice","A student wants to explain a tradeoff identified in a school air-filter pilot.

- Higher-speed fan settings removed airborne particles faster.
- Higher-speed settings also produced more classroom noise.
- Teachers reported that the noisiest setting sometimes disrupted quiet reading.
- A medium setting removed particles more slowly but caused fewer complaints.","Which choice uses the notes most effectively for the stated purpose?","The highest fan setting removed airborne particles faster, so the pilot showed that classrooms should always use the fastest setting.","Teachers preferred the medium setting because it removed airborne particles faster than the highest setting.","The noisiest fan setting sometimes disrupted quiet reading, which was the only outcome measured in the pilot.","Higher fan speed removed particles faster but increased classroom noise, while a medium setting traded some removal speed for fewer complaints.","D","4","Choice D states both sides of the identified tradeoff: faster particle removal at higher speed and reduced noise complaints at medium speed. The other choices omit a side of the tradeoff or contradict the notes.","60","none","{}","","","","","","Rhetorical Synthesis","","rw;arch:RW_RS_010;sim:rw_rhetorical_synthesis_cause_effect;passage:R022;fp:392381374018"
"SAT-RW-13","split_batch_v9","13-back","650-800","RW13-M2-Q01","RW","2","hard","1","Craft and Structure","Words in Context","RW_WIC_007","Determine meaning or function of a word/phrase in context","conditional scope in an ecological restoration claim","Hard","1","multiple_choice","On a tidal island, volunteers replanted cordgrass in channels where winter storms had stripped away vegetation. By midsummer, the replanted plots held more sediment than untreated plots, and juvenile crabs appeared there more often. The restoration coordinator cautioned, however, that the apparent recovery was contingent on keeping a narrow inlet open. During two weeks when drifting sand partly blocked that inlet, water exchanged more slowly with the bay, salinity rose, and several replanted patches browned at their edges. Once crews reopened the channel, tidal exchange increased and the stressed plants resumed growth. The coordinator therefore resisted describing planting alone as the cause of recovery. Instead, she argued that the new vegetation and the inlet's circulation worked together: the grass could trap sediment and provide shelter, but those benefits reliably persisted only while tidal water continued moving through the restored channels.","What does “contingent” contribute to the author's claim about the restoration plan?","It limits the claim by making the planting's success depend on continued tidal circulation.","It treats inlet maintenance as one contributing influence among several rather than as a condition on which the planting's benefits depend.","It signals that the evidence should be regarded cautiously because the restoration was observed at a single tidal island.","It reverses the relationship by presenting tidal circulation as an outcome of plant recovery rather than as a condition for it.","A","1","The passage shows that recovery weakens when the inlet is blocked and resumes when circulation returns, so “contingent” narrows the claim by making the planting's benefits depend on continued tidal exchange. The first distractor understates that dependence, the second turns the issue into generalizability rather than the stated condition, and the third reverses the direction of the relationship.","75","none","{}","","","","","","Words in Context","","rw;passage:E003;arch:RW_WIC_007;sim:rw_words_in_context_verb_pronoun_agreement;fp:2210b0ca446a;surface:SURF_RW_WIC_007;profile:D3;wic;hard_vocab;wic_arch:WIC_PRECISION_EFFECT_01;wic_family:precision_effect;vocab:HV_128;tier:V4;target:contingent"
"SAT-RW-13","split_batch_v9","13-back","650-800","RW13-M2-Q02","RW","2","hard","2","Craft and Structure","Words in Context","RW_WIC_004","Determine meaning or function of a word/phrase in context","qualification of a research conclusion","Hard","1","multiple_choice","A city archive tested whether shorter exhibit labels helped visitors remember details from historical photographs. Visitors who saw the shorter labels recalled more names immediately after leaving the gallery than visitors who saw the original, denser labels. Yet interviews revealed a complication: several people in the short-label group confidently supplied dates that had never appeared in the exhibit, apparently filling gaps from prior knowledge. The archivists therefore decided to temper their initial conclusion that brevity improved learning. They still regarded the recall increase as meaningful, especially because it appeared across three galleries, but they distinguished remembering presented information from feeling certain about an inferred detail. In the final report, the archivists recommended concise labels paired with a small timeline for dates, reasoning that reducing verbal load may aid recall while also leaving visitors vulnerable to confident reconstruction when context is sparse.","Why does the author use “temper” when assessing the archive study's conclusion?","It signals that the recall advantage remains meaningful but must be qualified by evidence of confident reconstruction.","It indicates that the archivists rejected the recall results because visitors in both groups supplied incorrect dates.","It shows that the archivists regarded shorter labels as useful only for dates and not for remembering names.","It implies that the researchers reduced the size of the recall difference by adding a timeline during the original experiment.","A","1","The archivists do not abandon the finding that shorter labels improved name recall; they qualify it because some visitors confidently invented dates. “Temper” captures that reduction in the force of the original conclusion. The distractors overstate rejection, reverse what the labels helped visitors remember, or place the later timeline recommendation inside the original experiment.","75","none","{}","","","","","","Words in Context","","rw;passage:E006;arch:RW_WIC_004;sim:rw_words_in_context_revision_goal;fp:1e1a745e5dcb;surface:SURF_RW_WIC_004;profile:D3;wic;hard_vocab;wic_arch:WIC_CLAIM_FUNCTION_01;wic_family:claim_function;vocab:HV_123;tier:V4;target:temper"
"SAT-RW-13","split_batch_v9","13-back","650-800","RW13-M2-Q03","RW","2","hard","3","Craft and Structure","Words in Context","RW_WIC_009","Determine meaning or function of a word/phrase in context","relationship between complementary historical sources","Hard","1","multiple_choice","When curator Lena Ortiz prepared an exhibition on neighborhood grocery stores, she chose to display owners' account books separately from customers' handwritten recipe cards. She changed course after noticing that both sources recorded the same 1978 sugar shortage from different angles. The ledgers showed abrupt price increases and smaller wholesale orders, while the cards substituted corn syrup or omitted desserts altogether. Ortiz decided to juxtapose the ledgers and cards within each display case rather than group objects by document type. That arrangement lets a visitor move directly from a merchant's numerical record to a household response made during the same week. It also prevents either source from standing in for the whole community: the ledgers reveal purchasing constraints but not how families adapted, and the cards reveal adaptation without showing the commercial pressure behind it. The pairing thus makes the exhibition's argument depend on the relation between distinct kinds of evidence.","How does “juxtapose” shape the relationship between the curator's two kinds of evidence?","It presents the recipe cards as corrections to numerical errors that the account books contain.","It frames the sources as adjacent, complementary records whose differences become informative when visitors compare them directly.","It treats both sources as interchangeable records that independently provide the same complete history of the shortage.","It indicates that the curator arranges the sources chronologically so visitors can determine which document was produced first.","B","2","Ortiz places ledgers and recipe cards together because each reveals a different part of the same shortage: commercial pressure and household adaptation. The relationship depends on direct comparison of unlike evidence. The distractors incorrectly make one source a correction, make the sources interchangeable, or turn the arrangement into a chronology question.","75","none","{}","","","","","","Words in Context","","rw;passage:E018;arch:RW_WIC_009;sim:rw_words_in_context_evidence_based_inference;fp:b922b6828f44;surface:SURF_RW_WIC_009;profile:D4;wic;hard_vocab;wic_arch:WIC_RELATION_FUNCTION_01;wic_family:relation_function;vocab:HV_154;tier:V4;target:juxtapose"
"SAT-RW-13","split_batch_v9","13-back","650-800","RW13-M2-Q04","RW","2","hard","4","Craft and Structure","Words in Context","RW_WIC_011","Determine meaning or function of a word/phrase in context","degree of certainty in an engineering forecast","Hard","1","multiple_choice","An engineering group modeled how a proposed canopy might change wind around a crowded train platform. Their simulation predicted calmer air near the central stairs but stronger gusts beside two narrow exits. The model incorporated five years of local wind records and the station's current geometry, yet it treated future passenger barriers as fixed even though their placement had not been finalized. For that reason, the engineers called the forecast provisional. They did not dismiss the simulation: its repeated concentration of gusts near the exits gave planners a concrete reason to test alternative barrier layouts. Still, the label kept the numerical forecast from sounding like a settled description of conditions the rebuilt station would necessarily produce. The final memo recommended a physical scale test after the barrier design is chosen, especially because small shifts in obstacle placement can redirect air through confined spaces without changing average wind speed across the platform.","What effect does “provisional” have on the presentation of the wind forecast?","It portrays the forecast as too unreliable to justify any testing of alternative barrier layouts.","It suggests that the forecast applies only to temporary weather events rather than to the rebuilt station's design.","It casts the forecast as useful for planning while reserving judgment because an important design feature remains unsettled.","It presents the modeled gusts as a preliminary finding that the engineers expect the physical scale test to confirm exactly.","C","3","The forecast repeatedly identifies a possible gust problem, so the engineers use it to guide planning, but barrier placement is not final. Calling the forecast “provisional” preserves that usefulness while withholding finality. The other choices either dismiss the model, confuse provisional status with short-lived weather, or overstate what a later physical test is expected to do.","75","none","{}","","","","","","Words in Context","","rw;passage:E021;arch:RW_WIC_011;sim:rw_words_in_context_supporting_detail;fp:09393e2b000e;surface:SURF_RW_WIC_011;profile:D4;wic;hard_vocab;wic_arch:WIC_TONAL_EFFECT_01;wic_family:tonal_effect;vocab:HV_207;tier:V4;target:provisional"
"SAT-RW-13","split_batch_v9","13-back","650-800","RW13-M2-Q05","RW","2","hard","5","Craft and Structure","Text Structure and Purpose","RW_TSP_001","Analyze structure or purpose","function of counterevidence in a revised biological explanation","Hard","1","multiple_choice","Biologist Arun Mehta expected a moss species growing on shaded stone walls to lose water more slowly than the same species growing on exposed concrete. His first measurements seemed to confirm that expectation: after a dry afternoon, shaded samples retained substantially more moisture. <u>But when Mehta compared samples at dawn, before direct sunlight reached either surface, the moisture difference nearly disappeared.</u> He then measured wall temperature and found that the exposed concrete stayed warmer for hours after sunset, accelerating evaporation well into the night. These observations led him to revise the original explanation. Shade still mattered during daylight, but the wall's stored heat helped determine how long the difference persisted. Mehta therefore proposed that future surveys record the thermal properties of the surfaces beneath the moss rather than classify sites simply as sunny or shaded. The revised approach treats light exposure and heat retention as related but distinct influences on water loss.","What is the main function of the underlined sentence in the passage?","It establishes that the exposed samples were collected from a different moss species than the shaded samples.","It provides the strongest evidence that direct sunlight has no effect on moss moisture at any time of day.","It introduces evidence that weakens a simple shade-based explanation and motivates attention to heat retained by the wall.","It describes the final measurement procedure Mehta recommends for future surveys of moss sites.","C","3","The underlined dawn comparison shows that the daytime moisture gap nearly vanishes before direct sunlight, complicating the original shade-only explanation. That result prompts Mehta to examine retained wall heat. The other choices invent a species difference, overgeneralize the dawn result into a claim about all sunlight effects, or confuse an intermediate observation with the later recommendation.","75","none","{}","","","","","","Text Structure and Purpose","","rw;passage:E036;arch:RW_TSP_001;sim:rw_text_structure_and_purpose_purpose_sentence;fp:c9946a6c22db;surface:SURF_RW_TSP_001;profile:D3"
"SAT-RW-13","split_batch_v9","13-back","650-800","RW13-M2-Q06","RW","2","hard","6","Craft and Structure","Text Structure and Purpose","RW_TSP_011","Analyze structure or purpose","contrastive structure in a musical rehearsal account","Hard","1","multiple_choice","At a chamber-music rehearsal, a quartet spent most of the morning balancing the opening movement, whose rapid exchanges made small timing differences conspicuous. The players repeatedly stopped to coordinate entrances and agreed on unusually precise bow strokes. In the slower second movement, however, the violinist deliberately allowed several phrases to begin a fraction later than the others expected. Rather than treating those delays as mistakes, the cellist responded by extending the preceding note, and the ensemble gradually made the hesitation part of the movement's character. A reviewer attending the rehearsal later observed that the quartet pursued two kinds of unity: exact synchronization where the music depended on interlocking motion, and responsive flexibility where a phrase could gain weight from temporary imbalance. Neither approach is treated as superior; each answers a different musical demand. The performers instead adjust their coordination to the needs of each section.","Which choice best describes how the passage is organized?","It contrasts the two movements to argue that slower music requires stricter synchronization than rapid music.","It describes two timing strategies, then attributes their difference mainly to the violinist's unwillingness to follow the other players.","It compares exact synchronization with responsive flexibility but treats the latter as a temporary rehearsal technique the quartet intends to eliminate.","It contrasts two rehearsal situations to show that the quartet adapts its form of coordination to different musical demands.","D","4","The passage contrasts precise synchronization in the rapid opening movement with responsive flexibility in the slower movement, then interprets both as appropriate forms of coordination. The correct choice captures that overall structure. The distractors either reverse which movement uses stricter synchronization, invent interpersonal resistance, or wrongly treat the flexible timing as a defect to be removed.","75","none","{}","","","","","","Text Structure and Purpose","","rw;passage:E051;arch:RW_TSP_011;sim:rw_text_structure_and_purpose_contrast;fp:9ebd120ae307;surface:SURF_RW_TSP_011;profile:D3"
"SAT-RW-13","split_batch_v9","13-back","650-800","RW13-M2-Q07","RW","2","hard","7","Craft and Structure","Text Structure and Purpose","RW_TSP_012","Analyze structure or purpose","function of a discrepancy pattern in historical analysis","Hard","1","multiple_choice","Historian Mireya Santos studied a set of nineteenth-century shipping notices that listed expected arrival dates for cargo vessels. At first, the notices seemed useful mainly as schedules. Santos then matched them with merchants' letters written after the ships actually reached port. <u>The mismatches between announced and actual arrivals became evidence rather than noise: repeated delays clustered in months when prevailing winds opposed the route into the harbor.</u> The letters also showed that merchants responded by ordering larger reserves of flour and lamp oil before those months. Santos used the two kinds of records differently. The notices supplied a regular sequence against which delay could be measured, while the letters revealed how people interpreted and acted on those delays. Together, the sources allowed her to connect a recurring environmental constraint with a commercial response without assuming that every late ship produced the same reaction or that wind was the sole cause of delay.","How does the underlined sentence contribute to the historian's argument?","It shows that merchants deliberately falsified announced arrival dates so competitors would misjudge the supply of goods.","It establishes that wind was responsible for every delayed ship mentioned in the merchants' letters.","It explains why Santos discarded the shipping notices and relied on the letters as the more accurate source.","It converts discrepancies between the two record types into a recurring pattern that can be connected to seasonal wind conditions.","D","4","The underlined sentence makes the arrival mismatches analytically useful by showing that they cluster when winds oppose the harbor route. That pattern supports the later connection between environmental conditions and commercial preparation. The distractors invent deception, overstate wind as the sole cause, or reverse the passage's use of both source types.","75","none","{}","","","","","","Text Structure and Purpose","","rw;passage:E066;arch:RW_TSP_012;sim:rw_text_structure_and_purpose_cause_effect;fp:9cf632c9b331;surface:SURF_RW_TSP_012;profile:D4"
"SAT-RW-13","split_batch_v9","13-back","650-800","RW13-M2-Q08","RW","2","hard","8","Craft and Structure","Cross-Text Connections","RW_CTC_006","Compare claims across paired texts","qualification of adaptive reuse as a means of preserving public memory","Hard","1","multiple_choice","Text 1:
Architect Nia Wallace argues that converting old warehouses into housing can preserve a district's visual memory better than replacing the buildings. She notes that thick brick walls, loading bays, and irregular window spacing record the structures' industrial use even after interiors are redesigned. For Wallace, adaptation is valuable partly because residents encounter traces of earlier work in ordinary spaces.

Text 2:
Planner Emil Kwan agrees that reused warehouses can carry historical associations, but he warns that visible remnants do not by themselves preserve public memory. If conversion removes street-level access, former workers and longtime neighbors may lose places where shared stories were exchanged. Kwan therefore favors projects that pair private apartments with publicly accessible courtyards, exhibits, or meeting rooms, so that physical traces remain connected to community use.","Based on the texts, how would Kwan most likely respond to Wallace's view of warehouse conversion?","He would agree that reused physical features can evoke a district's past but argue that continued public access is also important for sustaining shared memory.","He would reject adaptive reuse because industrial features lose all historical meaning once a building contains private housing.","He would agree that visible industrial features preserve memory and therefore see public courtyards or exhibits as unnecessary additions.","He would argue that public meeting spaces matter chiefly because they make it easier to remove industrial features from converted buildings.","A","1","Kwan accepts Wallace's point that physical traces can carry history, but he qualifies it by insisting that public access and community use help keep those traces connected to shared memory. The distractors either erase his agreement, ignore his qualification, or reverse his reason for favoring public spaces.","75","none","{}","","","","","","Cross-Text Connections","","rw;passage:E015;arch:RW_CTC_006;sim:rw_cross_text_connections_paired_text_relation;fp:456ddd7e0981;surface:SURF_RW_CTC_006;profile:D4"
"SAT-RW-13","split_batch_v9","13-back","650-800","RW13-M2-Q09","RW","2","hard","9","Information and Ideas","Central Ideas and Details","RW_CID_001","Identify main idea, key detail, or summary","germination strategies under urban heat","Hard","1","multiple_choice","Ecologists tracking a desert annual plant noticed that seeds collected from hotter neighborhoods did not simply germinate earlier under warm laboratory conditions. Instead, many remained dormant until they experienced a brief sequence of cooler nights followed by rain. Seeds from cooler outskirts responded more directly to moisture alone. Genetic analysis found modest differences among populations, but transplant experiments complicated a purely genetic explanation: when plants from both areas produced seeds in the same greenhouse, some of the neighborhood differences persisted, while others narrowed. The researchers argue that urban heat has not produced a single, fixed germination strategy. Rather, populations appear to combine inherited tendencies with effects of the environment in which parent plants develop. This flexibility could matter as rainfall becomes less predictable, because a cue that delays germination may protect seeds from emerging after an isolated storm while still allowing local populations to respond differently to temperature patterns.","Which choice best states the main idea of the passage?","Seeds from hotter neighborhoods have evolved to germinate whenever rain occurs, whereas seeds from cooler areas require a preceding sequence of cool nights.","Urban populations of the plant appear to use germination strategies shaped by both inherited tendencies and parental growing conditions rather than by a single fixed response to heat.","The greenhouse experiment proves that neighborhood differences in germination are entirely environmental and do not involve inherited variation.","Temperature has little influence on germination because moisture alone determined whether most seeds from both populations emerged.","B","2","The passage emphasizes a mixed explanation: genetic differences are modest, and common-greenhouse results show that some neighborhood differences persist while others narrow. The correct choice captures inherited and parental-environment effects together. The distractors reverse the cue patterns, eliminate one source of variation too strongly, or dismiss temperature despite explicit evidence that temperature sequence matters.","75","none","{}","","","","","","Central Ideas and Details","","rw;passage:R002;arch:RW_CID_001;sim:rw_central_ideas_and_details_main_claim;fp:f245bd058058;surface:SURF_RW_CID_001;profile:D3"
"SAT-RW-13","split_batch_v9","13-back","650-800","RW13-M2-Q10","RW","2","hard","10","Information and Ideas","Central Ideas and Details","RW_CID_003","Identify main idea, key detail, or summary","benefits and limitations of tactile museum replicas","Hard","1","multiple_choice","A museum created highly detailed replicas of several carved stone panels so visitors could touch patterns that were protected behind glass on the originals. In exit interviews, many visitors said the replicas helped them understand differences in depth and texture that photographs had not conveyed. Yet curators noticed that some visitors assumed every irregularity on the replicas matched the ancient surfaces exactly. In fact, the scanning process had smoothed tiny cracks, and the printing material could not reproduce the stone's grain. The museum responded not by removing the replicas but by changing how they were introduced. New labels identified which features came directly from scans and which resulted from fabrication limits, while a nearby image magnified details present only on the original. The revised display treats tactile access as a powerful interpretive tool whose usefulness increases when the museum also makes the replica's departures from the source visible.","Which choice best captures the passage's central claim about the museum replicas?","Because visitors preferred touching replicas to viewing photographs, museums should replace protected originals with fabricated versions whenever possible.","The replicas communicate texture accurately enough that labels about scanning and printing limitations mainly distract from visitors' tactile experience.","Tactile replicas can deepen visitors' understanding, but their value is greatest when displays also identify where fabrication departs from the original objects.","Replicas are most useful for teaching visitors about digital fabrication rather than about the carved features of protected objects.","C","3","Visitors gained information about depth and texture from touch, but some misread fabrication artifacts as original features. The museum improves the display by explaining those limits. The correct answer preserves both benefits and qualification. The distractors overgeneralize replacement, deny the need for caveats, or shift the display's purpose away from interpreting the carved panels.","75","none","{}","","","","","","Central Ideas and Details","","rw;passage:R014;arch:RW_CID_003;sim:rw_central_ideas_and_details_contrast;fp:d6b047c0700c;surface:SURF_RW_CID_003;profile:D3"
"SAT-RW-13","split_batch_v9","13-back","650-800","RW13-M2-Q11","RW","2","hard","11","Information and Ideas","Central Ideas and Details","RW_CID_004","Identify main idea, key detail, or summary","floodplain side-channel reconnection and maintenance","Hard","1","multiple_choice","Engineers restoring a river floodplain reopened two abandoned side channels that had been cut off by old embankments. During moderate floods, water began entering the side channels before the main river reached the height that previously sent water across nearby fields. Sensors showed that peak water levels downstream fell slightly, but the timing of the peak changed more noticeably: the highest flow arrived later because some water moved through the longer side-channel routes. The channels also deposited fine sediment in newly wetted areas, gradually raising small bars along their margins. Those bars reduced storage space in one channel after three seasons, so the engineers cleared only a narrow section rather than dredging the entire route. The project suggests that reconnecting floodplain channels can alter both where and when floodwater moves, but the effect is not permanent without maintenance because the restored flow itself reshapes the channels that provide temporary storage.","Which choice best summarizes the passage's account of reopening the side channels?","Reopening the channels lowers downstream peak water levels primarily because the side channels permanently store fine sediment instead of returning water to the river.","The project shows that delaying a flood peak is less useful than lowering its height, so the engineers plan to close the side channels after three seasons.","Sediment deposition demonstrates that the embankments had originally increased the channels' storage capacity and should therefore be rebuilt in narrow sections.","Reconnection changes the route and timing of floodwater, but sediment deposited by the restored flow can reduce storage capacity and make selective maintenance necessary.","D","4","The side channels take in floodwater earlier and route some water along longer paths, delaying the peak; over time, deposited sediment reduces storage in one channel, prompting limited clearing. The correct choice integrates both effects. The distractors misstate the role of sediment, invent a plan to close the channels, or reverse what the embankments did.","75","none","{}","","","","","","Central Ideas and Details","","rw;passage:R026;arch:RW_CID_004;sim:rw_central_ideas_and_details_cause_effect;fp:c8ccbff5291a;surface:SURF_RW_CID_004;profile:D4"
"SAT-RW-13","split_batch_v9","13-back","650-800","RW13-M2-Q12","RW","2","hard","12","Information and Ideas","Command of Evidence","RW_COE_011","Use textual or quantitative evidence","heat-visibility tradeoff in bus shelter design","Hard","1","multiple_choice","A transit agency is considering a translucent roof for bus platforms that become uncomfortably hot in summer. Designers argue that a patterned coating could reduce direct solar heating while preserving the clear sightlines riders value for seeing approaching buses and nearby signs. A darker, opaque roof would block more sunlight, but earlier surveys showed that riders disliked structures that made the platform feel enclosed. The translucent design therefore aims for a tradeoff rather than the lowest possible temperature. Engineers built two full-size test shelters, one with the patterned coating and one with ordinary clear panels, and asked riders to complete visibility tasks while temperature sensors recorded seat and floor surfaces. The agency's conclusion would be strongest if the coated shelter demonstrably reduced heat exposure without imposing the visibility cost associated with more opaque shading. The designers plan to compare both outcomes before choosing a material for systemwide installation.","Which finding would most directly support the agency's conclusion that the patterned translucent roof achieves the intended tradeoff?","Compared with the clear-panel shelter, the coated shelter had cooler surfaces, but riders completed visibility tasks less accurately.","The coated shelter transmitted less sunlight than the clear shelter during midday, while visibility-task performance was not recorded.","Compared with the clear-panel shelter, the coated shelter had cooler seat and floor surfaces while riders completed visibility tasks with nearly the same accuracy.","Riders completed visibility tasks with similar accuracy in the coated and clear shelters, but their seat and floor temperatures were nearly identical.","C","3","The target conclusion has two parts: reducing heat exposure and preserving visibility. The correct finding directly shows both relative to the clear shelter. The first distractor shows cooling but also a visibility cost, the second supports reduced solar transmission without establishing visibility performance, and the third preserves visibility but does not show a meaningful cooling benefit.","75","none","{}","","","","","","Command of Evidence","","rw;passage:R047;arch:RW_COE_011;sim:rw_command_of_evidence_evidence_based_inference;fp:50cecbe8dfd7;surface:SURF_RW_COE_011;profile:D4"
"SAT-RW-13","split_batch_v9","13-back","650-800","RW13-M2-Q13","RW","2","hard","13","Information and Ideas","Command of Evidence","RW_COE_001","Use textual or quantitative evidence","acoustic cues in reef-fish settlement","Hard","1","multiple_choice","Marine biologists have proposed that young reef fish use the low-frequency sounds of active reefs when choosing where to settle after drifting in open water. The idea is plausible because snapping shrimp, feeding fish, and moving water create a distinctive acoustic environment around healthy reefs. However, sound could merely coincide with other cues, such as odor or light, that actually guide settlement. To separate these possibilities, a research group placed identical artificial shelters on a sandy seabed far from natural reef structure. Some shelters played recordings from active reefs, some played recordings from quiet sand flats, and others had silent speakers. The researchers kept shelter shape, depth, and lighting similar across treatments. Evidence for a specifically acoustic role would need to show that settlement differed with the playback itself, not simply that fish preferred one physical location or arrived during a particular tide.","Which finding would provide the strongest evidence that reef sound itself influences where young fish settle?","More fish arrived at all shelters on nights when the tide was strongest, regardless of which recording was played.","Shelters playing active-reef recordings attracted more settlers than both quiet-flat playback shelters and silent-speaker shelters under otherwise similar conditions.","Fish near natural reefs settled most often in shelters that were closer to living coral than to open sand.","Active-reef recordings contained more low-frequency sound than quiet-flat recordings, even though settlement was not measured during those playback trials.","B","2","Because the shelters are physically similar and far from natural reef structure, a consistent settlement increase specifically at active-reef playback shelters would isolate sound as the differing cue. The other findings concern tide, proximity to natural coral, or acoustic differences without a behavioral response, so they do not directly show that playback affects settlement.","75","none","{}","","","","","","Command of Evidence","","rw;passage:R053;arch:RW_COE_001;sim:rw_command_of_evidence_supporting_detail;fp:23512afde387;surface:SURF_RW_COE_001;profile:D3"
"SAT-RW-13","split_batch_v9","13-back","650-800","RW13-M2-Q14","RW","2","hard","14","Information and Ideas","Inferences","RW_INF_010","Draw supported conclusions","visual conditions and salmon route choice","Hard","1","multiple_choice","At a coastal hatchery, juvenile salmon were offered two routes from a holding pool to a larger channel. One route passed beneath a strip of overhead cover; the other was open to the sky. On bright days, most fish used the covered route, but on overcast days the preference weakened. When researchers placed a dark panel beside the open route without covering it, fish did not shift toward that route, suggesting that the response was not simply attraction to a dark object. Water speed and temperature were kept nearly equal between routes. The researchers also found that fish hesitated longer at the entrance to the open route when a moving shadow crossed the pool. Because overhead cover can both reduce brightness and conceal fish from aerial predators, the observations do not identify a single mechanism. They do, however, indicate that the fishes' route choice is sensitive to visual conditions above the water rather than to route geometry alone.","Which inference is best supported by the passage?","The fish treat overhead cover chiefly as a temperature cue, since the covered route became more attractive on bright days.","The fish are attracted to dark visual features themselves, because both the overhead cover and the side panel created darker areas beside a route.","The fish respond specifically to moving aerial shadows rather than to steady overhead cover, because hesitation increased when a shadow crossed the pool.","The salmon's route preference is influenced at least partly by visual conditions overhead, although the observations do not determine whether brightness reduction or perceived protection is the main cause.","D","4","Preference strengthens on bright days, weakens on overcast days, is not reproduced by a dark side panel, and hesitation increases with a moving overhead shadow. Together these cues support sensitivity to overhead visual conditions while leaving brightness reduction versus perceived protection unresolved. The distractors each preserve a real observation but overassign the response to temperature, darkness itself, or moving shadows alone.","75","none","{}","","","","","","Inferences","","rw;passage:R065;arch:RW_INF_010;sim:rw_inferences_evidence_based_inference;fp:19828d0b090f;surface:SURF_RW_INF_010;profile:D3"
"SAT-RW-13","split_batch_v9","13-back","650-800","RW13-M2-Q15","RW","2","hard","15","Information and Ideas","Inferences","RW_INF_002","Draw supported conclusions","substitution between household lighting fuels","Hard","1","multiple_choice","A historian examining household account books from a mining town found that purchases of lamp oil declined sharply during several winters in the 1880s. A simple explanation would be that families used less artificial light, perhaps because work schedules changed. Yet letters from the same households mention evening sewing and reading as often as before. At the same time, store inventories show rising sales of inexpensive candles, while newspaper advertisements promoted candles made from a newly available local wax. Prices provide another clue: lamp oil became more expensive after a distant refinery closed, whereas candle prices fell slightly. The records do not reveal exactly how much light each household used, and some families may have changed their routines. Still, taken together, the evidence suggests that the decline in oil purchases likely reflects substitution between lighting fuels more than a broad reduction in evening activities.","Which inference about the decline in lamp-oil purchases is most consistent with the evidence?","Many households probably shifted some lighting demand from lamp oil to cheaper candles while continuing evening activities at roughly similar levels.","Households likely reduced evening reading and sewing because the refinery closure raised lamp-oil prices while leaving other lighting options unattractive.","The new local wax probably caused families to use more lamp oil because candle prices rose as newspaper advertising increased.","The account books most likely underrecorded lamp-oil purchases, since the letters mention evening activities that would have required some source of light.","A","1","Letters indicate that evening activities continued, inventories show candle sales rising, and relative prices shifted against lamp oil and toward candles. Together those details support substitution rather than reduced activity. The distractors conflict with candle prices, reverse the direction of substitution, or infer recordkeeping error without evidence.","75","none","{}","","","","","","Inferences","","rw;passage:R071;arch:RW_INF_002;sim:rw_inferences_cause_effect;fp:ce68b249ad6b;surface:SURF_RW_INF_002;profile:D4"
"SAT-RW-13","split_batch_v9","13-back","650-800","RW13-M2-Q16","RW","2","hard","16","Standard English Conventions","Boundaries","SEC.BND","Boundaries","Nonessential appositive information","Hard","1","multiple_choice","Because several labels had been recopied from older cards, the library's map curator Nadiya Bell ____ compared each handwritten place name with the 1908 acquisition ledger before revising the digital catalog.","Which choice completes the text so that it conforms to the conventions of Standard English?",", a specialist in historical cartography, who",", a specialist in historical cartography, and",", a specialist in historical cartography,","; a specialist in historical cartography;","C","3","The name Nadiya Bell already identifies the curator, so “a specialist in historical cartography” is a nonessential appositive and must be set off with matching commas. Adding “who” would turn the following predicate into a relative clause and leave the main clause without a predicate; adding “and” would introduce coordination without a preceding main verb; semicolons cannot bracket a noun-phrase appositive.","55","none","{}","","","","","","Boundaries","","rw;sec;grammar;arch:SEC-BND-029;sim:SEC.BND:nonessential_appositive:D. academic register;fp:3eac554746f9;ctx:CTX-GRM-024;tier:SEC3;grammar_family:nonessential_appositive;profile:D3"
"SAT-RW-13","split_batch_v9","13-back","650-800","RW13-M2-Q17","RW","2","hard","17","Standard English Conventions","Boundaries","SEC.BND","Boundaries","Nonrestrictive relative clauses","Hard","1","multiple_choice","The harbor observatory's oldest tide gauge ____ appears in every annual calibration report because its long baseline lets analysts compare new readings with records collected before the pier was rebuilt.","Which choice completes the text so that it conforms to Standard English conventions?","which survived two pier reconstructions",", which, after two pier reconstructions,",", which survived two pier reconstructions,",", that survived two pier reconstructions,","C","3","“The harbor observatory's oldest tide gauge” identifies a specific gauge, so the added fact about surviving reconstructions is nonessential and should be enclosed by commas. The no-comma version incorrectly treats the information as restrictive. The version ending after “after two pier reconstructions” causes the following main predicate to be absorbed into the relative clause, leaving no main predicate. A nonrestrictive relative clause is not introduced by “that” in this construction.","55","none","{}","","","","","","Boundaries","","rw;sec;grammar;arch:SEC-BND-034;sim:SEC.BND:nonrestrictive_relative_clause:D. academic register;fp:2bf19c9781ca;ctx:CTX-GRM-048;tier:SEC3;grammar_family:nonrestrictive_relative_clause;profile:D3"
"SAT-RW-13","split_batch_v9","13-back","650-800","RW13-M2-Q18","RW","2","hard","18","Standard English Conventions","Boundaries","SEC.BND","Boundaries","Restrictive modifiers without commas","Hard","1","multiple_choice","Several notebooks survive from the 1946 ridge survey, but the route sequence is incomplete in most of them. The field notebook ____ has become the reference copy because that match fixes the order of three otherwise undated stations.","Which choice completes the text in accordance with the conventions of Standard English?","that archivist Leung matched to northern-ridge measurements in a separate ledger",", which archivist Leung matched to northern-ridge measurements in a separate ledger,",", which archivist Leung matched to northern-ridge measurements in a separate ledger",", that archivist Leung matched to northern-ridge measurements in a separate ledger,","A","1","The relative clause identifies which of several surviving notebooks became the reference copy, so it is essential and should not be set off by commas or dashes. The comma- and dash-bracketed “which” versions incorrectly make the identifying information supplemental, and the comma-bracketed “that” version both treats the clause as nonessential and uses punctuation inappropriate for a restrictive “that” clause.","55","none","{}","","","","","","Boundaries","","rw;sec;grammar;arch:SEC-BND-040;sim:SEC.BND:restrictive_no_comma:E. expanded syntax;fp:a060be0a5e87;ctx:CTX-GRM-112;tier:SEC4;grammar_family:restrictive_no_comma;profile:D4"
"SAT-RW-13","split_batch_v9","13-back","650-800","RW13-M2-Q19","RW","2","hard","19","Standard English Conventions","Form, Structure, and Sense","SEC.FSS","Form, Structure, and Sense","Logical verb tense","Hard","1","multiple_choice","Although annual counts fluctuated, by the time the 2026 marsh inventory began, the heron colony ____ steadily overall for eight years, and the new survey would determine whether that growth had continued into previously inaccessible plots.","Which choice completes the text so that it is grammatically correct in Standard English?","has been expanding","had been expanding","was expanding","would be expanding","B","2","The clause is viewed from a past reference point: the 2026 inventory had not yet begun, and the expansion occupied the eight years leading up to that point. The past perfect progressive “had been expanding” expresses that earlier continuing action. “Has been expanding” uses a present reference point, “was expanding” does not establish the prior-to-past relationship as precisely, and “would be expanding” projects the action forward from a past viewpoint.","55","none","{}","","","","","","Form, Structure, and Sense","","rw;sec;grammar;arch:SEC-FSS-009;sim:SEC.FSS:verb_tense_sequence:D. logic cue;fp:606e3a50d46d;ctx:CTX-GRM-063;tier:SEC3;grammar_family:verb_tense_sequence;profile:D3"
"SAT-RW-13","split_batch_v9","13-back","650-800","RW13-M2-Q20","RW","2","hard","20","Standard English Conventions","Form, Structure, and Sense","SEC.FSS","Form, Structure, and Sense","Complete sentence structure","Hard","1","multiple_choice","Because a revised zoning map included alleys that the earlier survey had omitted, ____; the apparent increase in commercial frontage therefore reflected a change in mapping practice as well as real construction.","Which choice completes the text in a way that conforms to the conventions of Standard English?","which led analysts to recalculate several block lengths before comparing the two years","and analysts recalculated several block lengths before comparing the two years","analysts, after recalculating several block lengths before comparing the two years,","analysts recalculated several block lengths before comparing the two years","D","4","The sentence begins with a dependent “Because” clause, so the blank must supply an independent main clause before the semicolon. The correct choice does so. The “which” version leaves only dependent material before the semicolon, the “and analysts” version coordinates without an independent clause to coordinate with after the introductory dependent clause, and the version with “analysts” plus a parenthetical phrase lacks a finite main verb.","55","none","{}","","","","","","Form, Structure, and Sense","","rw;sec;grammar;arch:SEC-FSS-069;sim:SEC.FSS:sentence_completeness_fss:D. logic cue;fp:62e9d8c9de46;ctx:CTX-GRM-067;tier:SEC3;grammar_family:sentence_completeness_fss;profile:D3"
"SAT-RW-13","split_batch_v9","13-back","650-800","RW13-M2-Q21","RW","2","hard","21","Standard English Conventions","Form, Structure, and Sense","SEC.FSS","Form, Structure, and Sense","Parallel structure","Hard","1","multiple_choice","The pilot audit found inconsistent search results. In response, the archive board recommended that the agency revise the date filters, that it publish the uncertainty rules used by the index, and that future database updates ____ under the same validation standard before release.","Which choice completes the text so that it follows the conventions of Standard English?","are evaluated","be evaluated","were evaluated","will be evaluated","B","2","The three coordinated clauses are governed by “recommended that.” The first two use the base-form subjunctive (“revise” and “publish”), so the parallel third clause requires “be evaluated.” The indicative forms “are evaluated,” “were evaluated,” and “will be evaluated” can be grammatical in other contexts, but they break the shared mandative structure established by “recommended that.”","55","none","{}","","","","","","Form, Structure, and Sense","","rw;sec;grammar;arch:SEC-FSS-035;sim:SEC.FSS:parallel_structure:E. expanded syntax;fp:79995dbcee73;ctx:CTX-GRM-040;tier:SEC4;grammar_family:parallel_structure;profile:D4"
"SAT-RW-13","split_batch_v9","13-back","650-800","RW13-M2-Q22","RW","2","hard","22","Standard English Conventions","Form, Structure, and Sense","SEC.FSS","Form, Structure, and Sense","Subject-verb agreement","Hard","1","multiple_choice","Since the archive was reorganized in 2022, the set of shoreline measurements that three field stations, despite repeated winter outages, have contributed to the central database ____ been the strongest basis for the revised erosion model and continues to guide annual updates.","Which choice most appropriately completes the text according to the conventions of Standard English?","have","has","had","will have","B","2","The subject of the blank's verb is the singular noun “set,” not the nearer plural noun “stations,” so the present-perfect auxiliary must be singular: “has.” The continuing interval beginning in 2022 and the present-tense “continues” also rule out past-perfect “had” and future-perfect “will have.” “Have” matches the nearby plural noun but not the true subject.","55","none","{}","","","","","","Form, Structure, and Sense","","rw;sec;grammar;arch:SEC-FSS-005;sim:SEC.FSS:subject_verb_agreement:E. expanded syntax;fp:738f02d394ed;ctx:CTX-GRM-032;tier:SEC4;grammar_family:subject_verb_agreement;profile:D4"
"SAT-RW-13","split_batch_v9","13-back","650-800","RW13-M2-Q23","RW","2","hard","23","Expression of Ideas","Transitions","RW_TR_001","Select transition that logically connects ideas","qualified generalization about rooftop pollinator diversity","Hard","1","multiple_choice","An early survey of rooftop gardens found that deeper soil beds supported more bee species. A later survey examined mostly shallow beds but found high diversity where native flowers bloomed in a staggered sequence. ____ soil depth remains an important design factor, but it does not by itself determine pollinator diversity across roofs with different planting schedules.","Which choice most logically completes the text?","For example,","Meanwhile,","Consequently,","Even so,","D","4","The second survey complicates a simple depth-diversity relationship, but the final sentence retains soil depth as one important factor. “Even so,” marks that concession. “For example,” is tempting because the shallow-bed survey is an example, but the final sentence is a qualification, not another example. “Meanwhile,” fits the presence of two surveys but not their logical relationship, and “Consequently,” overstates the second survey as directly causing the retained claim.","60","none","{}","","","","","","Transitions","","rw;passage:E009;arch:RW_TR_001;sim:rw_transitions_logical_link;fp:1325fac034ad;surface:SURF_RW_TR_001;profile:D3"
"SAT-RW-13","split_batch_v9","13-back","650-800","RW13-M2-Q24","RW","2","hard","24","Expression of Ideas","Transitions","RW_TR_008","Select transition that logically connects ideas","synthesis of differing flood maps","Hard","1","multiple_choice","Two maps of the same 1924 flood show different boundaries because one traced standing water at dawn and the other recorded the maximum inundation residents reported later. The maps disagree at several streets, yet both place the deepest water along the former creek bed. ____ their differences concern when the flood boundary was recorded, while their shared topography supports the same account of where water concentrated.","Which choice best completes the text?","Nevertheless,","In other words,","As an example,","Meanwhile,","B","2","The final sentence restates the preceding evidence in a synthesized form: it explains both why the maps differ and what they share. “In other words,” therefore fits. “Nevertheless,” is tempting because the maps disagree, but the sentence does not oppose the prior claim; it clarifies it. “As an example,” would introduce a specific instance rather than a summary, and “Meanwhile,” miscasts the relation as primarily temporal.","60","none","{}","","","","","","Transitions","","rw;passage:E024;arch:RW_TR_008;sim:rw_transitions_contrast;fp:94deb43bd199;surface:SURF_RW_TR_008;profile:D3"
"SAT-RW-13","split_batch_v9","13-back","650-800","RW13-M2-Q25","RW","2","hard","25","Expression of Ideas","Transitions","RW_TR_009","Select transition that logically connects ideas","refinement of nocturnal flowering cues","Hard","1","multiple_choice","Some nocturnal flowers begin opening before their main pollinators become active, so opening time cannot be read simply as a response to insects' arrival. In moonflower populations, buds begin loosening while hawkmoths are still scarce, but nectar production rises closer to peak moth activity. ____ different stages of flowering appear to track different cues: opening may anticipate pollinator activity, whereas nectar release more closely coincides with it.","Which choice most effectively completes the text?","More precisely,","However,","Similarly,","For instance,","A","1","The final sentence refines the preceding observation into a more specific distinction between opening and nectar production, so “More precisely,” is best. “However,” is tempting because the prior sentence contains an internal contrast, but the final sentence develops rather than reverses that contrast. “Similarly,” treats the stages as parallel when the point is their different timing, and “For instance,” mislabels the final synthesis as another example.","60","none","{}","","","","","","Transitions","","rw;passage:E039;arch:RW_TR_009;sim:rw_transitions_cause_effect;fp:6a91c44cf233;surface:SURF_RW_TR_009;profile:D4"
"SAT-RW-13","split_batch_v9","13-back","650-800","RW13-M2-Q26","RW","2","hard","26","Expression of Ideas","Rhetorical Synthesis","RW_RS_001","Use notes to achieve a writing goal","revision of an interpretation of bead production","Hard","1","multiple_choice","A student wants to emphasize how new evidence changed scholars' interpretation of glass beads found at an inland trading settlement.

- Early chemical tests showed that many beads resembled glass made in a distant coastal region.
- Scholars therefore proposed that most finished beads were imported to the settlement.
- Later excavations uncovered glass droplets, failed bead blanks, and fragments of a small furnace at the settlement.
- New chemical tests found that some finished beads matched the composition of the furnace waste.
- Scholars now think imported glass and local bead production both contributed to the settlement's bead supply.","Which choice most effectively uses the notes to accomplish the stated goal?","Early chemical tests linked many beads at the inland settlement to glass associated with a distant coastal region.","Excavators found glass droplets, failed bead blanks, and furnace fragments at the settlement, all of which provide information about craft activity.","Although scholars once interpreted the chemical resemblance as evidence that most finished beads were imported, furnace waste and matching bead compositions now support a mixed picture that includes local production.","Scholars now think the settlement obtained some imported glass and also produced some beads locally, and the settlement was located inland.","C","3","The goal is to emphasize a change in interpretation. The correct choice explicitly contrasts the earlier import-dominant view with later furnace and compositional evidence that supports local production too. The other choices use accurate notes but either present only the earlier evidence, mention new evidence without the interpretive shift, or state the current view without showing how new evidence changed it.","60","none","{}","","","","","","Rhetorical Synthesis","","rw;passage:E054;arch:RW_RS_001;sim:rw_rhetorical_synthesis_revision_goal;fp:94442403d1cb;surface:SURF_RW_RS_001;profile:D3"
"SAT-RW-13","split_batch_v9","13-back","650-800","RW13-M2-Q27","RW","2","hard","27","Expression of Ideas","Rhetorical Synthesis","RW_RS_008","Use notes to achieve a writing goal","tradeoff between urban-tree survey methods","Hard","1","multiple_choice","A student wants to compare two methods for surveying urban trees by highlighting a tradeoff between them.

- Satellite imagery can estimate canopy cover across an entire city quickly.
- Small newly planted trees may be hidden beneath larger crowns in satellite images.
- Block-by-block field surveys take much longer and require trained crews.
- Field crews can identify species, trunk condition, and newly planted trees.
- City planners sometimes combine imagery with field surveys in selected neighborhoods.","Which choice best uses the notes to achieve the stated goal?","Satellite imagery can estimate canopy cover across a whole city, and planners sometimes conduct field surveys in selected neighborhoods.","Field surveys require trained crews who can identify tree species and trunk condition while walking block by block.","Because small trees can be obscured in satellite images, city planners use field surveys in some neighborhoods to identify newly planted trees.","Satellite imagery provides fast citywide coverage, whereas slower field surveys can capture species, condition, and small trees that overhead images may miss.","D","4","The goal requires a comparison that highlights a tradeoff. The correct choice directly contrasts imagery's speed and coverage with field surveys' slower but more detailed detection. The distractors are accurate but either mention both methods without stating the tradeoff or focus mainly on the field-survey advantage.","60","none","{}","","","","","","Rhetorical Synthesis","","rw;passage:E069;arch:RW_RS_008;sim:rw_rhetorical_synthesis_supporting_detail;fp:ee9de7e07d06;surface:SURF_RW_RS_008;profile:D4"
"SAT-MATH-13","13","math_v6_batch_13","400-800","SAT-MATH-13-M1-Q01","MATH","1","base","1","Algebra","Linear Equations","ALG_LE_001","Solve a one-variable linear equation with constants on both sides","Solve a one-variable linear equation with constants on both sides","E1","1","multiple_choice","","If 5x - 7 = 18, what is the value of x?","4","6","25","5","D","4","Add 7 to both sides to get 5x = 25, then divide by 5. Thus x = 5.","75","none","{}","","","","","","solve a one-variable linear equation with constants on both sides","","math,domain:Algebra,skill:ALG_LE_001,arch:MATH_ARCH_001_LINEAR_EQUATION_ONE_VARIABLE,sim:SIM_LINEAR_EQUATIONS_AND_INEQUALITIES,fp:f9c80ca5,tier:E1"
"SAT-MATH-13","13","math_v6_batch_13","400-800","SAT-MATH-13-M1-Q02","MATH","1","base","2","Geometry and Trigonometry","Trigonometry","GEO_TRIG_001","Convert between degrees and radians","Convert between degrees and radians","E1","1","multiple_choice","","Which of the following is equivalent to 150 degrees?","π/3","2π/3","5π/6","3π/4","C","3","Convert degrees to radians by multiplying by π/180. Since 150π/180 = 5π/6, the equivalent measure is 5π/6.","75","none","{}","","","","","","convert between degrees and radians","","math,domain:Geometry and Trigonometry,skill:GEO_TRIG_001,arch:MATH_ARCH_095_RADIAN_DEGREE_CONVERSION,sim:SIM_ANGLE_UNIT_CONVERSION,fp:55a2948b,tier:E1"
"SAT-MATH-13","13","math_v6_batch_13","400-800","SAT-MATH-13-M1-Q03","MATH","1","base","3","Advanced Math","Nonlinear Functions","ADV_NF_002","Evaluate a function at a given input","Evaluate a function at a given input","M1","1","multiple_choice","","For the function f(x) = 3x^2 - 2x + 4, what is f(-2)?","12","16","20","24","C","3","Substitute -2 for x: f(-2)=3(4)-2(-2)+4=12+4+4=20.","75","none","{}","","","","","","evaluate a function at a given input","","math,domain:Advanced Math,skill:ADV_NF_002,arch:MATH_ARCH_063_FUNCTION_EVALUATE,sim:SIM_FUNCTION_NOTATION_AND_VALUES,fp:ea275e4d,tier:M1"
"SAT-MATH-13","13","math_v6_batch_13","400-800","SAT-MATH-13-M1-Q04","MATH","1","base","4","Algebra","Linear Functions","ALG_LF_001","Interpret slope and intercept in a real-world linear model","Interpret slope and intercept in a real-world linear model","M1","1","multiple_choice","","A printer has already printed 18 pages and then prints 7 pages per minute. Which expression gives the total number of pages printed after t minutes?","7 + 18t","25t","18t + 7t","18 + 7t","D","4","The starting amount is 18 pages, and 7 pages are added for each minute. The total is 18 + 7t.","75","none","{}","","","","","","interpret slope and intercept in a real-world linear model","","math,domain:Algebra,skill:ALG_LF_001,arch:MATH_ARCH_004_LINEAR_MODEL_INITIAL_RATE,sim:SIM_LINEAR_FUNCTIONS_AND_GRAPHS,fp:bd9ac7a8,tier:M1"
"SAT-MATH-13","13","math_v6_batch_13","400-800","SAT-MATH-13-M1-Q05","MATH","1","base","5","Problem-Solving and Data Analysis","Ratios Rates and Proportions","PSD_RRP_007","Convert units using one conversion factor","Convert units using one conversion factor","M1","1","multiple_choice","","A ribbon is 3.5 meters long. If 1 meter equals 100 centimeters, how many centimeters long is the ribbon?","35","350","105","300","B","2","Multiply 3.5 meters by 100 centimeters per meter to get 350 centimeters.","75","none","{}","","","","","","convert units using one conversion factor","","math,domain:Problem-Solving and Data Analysis,skill:PSD_RRP_007,arch:MATH_ARCH_038_UNIT_CONVERSION_SINGLE,sim:SIM_RATIOS_RATES_PROPORTIONS,fp:c7e834f5,tier:M1"
"SAT-MATH-13","13","math_v6_batch_13","400-800","SAT-MATH-13-M1-Q06","MATH","1","base","6","Algebra","Linear Equations","ALG_LE_002","Clear denominators to solve a linear equation with fractional coefficients","Clear denominators to solve a linear equation with fractional coefficients","M1","1","multiple_choice","","What is the solution to (x/3) + 4 = 10?","2","14","21","18","D","4","Subtract 4 from both sides to get x/3 = 6. Multiplying both sides by 3 gives x = 18.","75","none","{}","","","","","","clear denominators to solve a linear equation with fractional coefficients","","math,domain:Algebra,skill:ALG_LE_002,arch:MATH_ARCH_002_LINEAR_EQUATION_FRACTIONS,sim:SIM_LINEAR_EQUATIONS_AND_INEQUALITIES,fp:4b031d19,tier:M1"
"SAT-MATH-13","13","math_v6_batch_13","400-800","SAT-MATH-13-M1-Q07","MATH","1","base","7","Advanced Math","Equivalent Expressions","ADV_EE_001","Simplify expression using exponent rules","Simplify expression using exponent rules","M1","1","student_response","","If 2^3 · 2^5 = 2^n, what is the value of n?","","","","","","","When multiplying powers with the same base, add the exponents: 3 + 5 = 8.","75","none","{}","","","integer","8","0","simplify expression using exponent rules","","math,domain:Advanced Math,skill:ADV_EE_001,arch:MATH_ARCH_067_EXPONENT_RULES_SIMPLIFY,sim:SIM_EXPONENT_RADICALS,fp:9177f99b,tier:M1"
"SAT-MATH-13","13","math_v6_batch_13","400-800","SAT-MATH-13-M1-Q08","MATH","1","base","8","Problem-Solving and Data Analysis","Probability","PSD_PROB_001","Compute probability from a two-way table with correct denominator","Compute probability from a two-way table with correct denominator","M2","1","multiple_choice","","The table shows the activities chosen by 100 students. If one student is chosen at random from all 100 students, what is the probability that the student chose orchestra?","3/10","9/25","11/25","2/5","D","4","There are 40 students who chose orchestra out of 100 students total. The probability is 40/100 = 2/5.","75","table","{}","| Activity | Grade 10 | Grade 11 | Total |\n|---|---:|---:|---:|\n| Band | 14 | 16 | 30 |\n| Orchestra | 22 | 18 | 40 |\n| Theater | 12 | 18 | 30 |\n| Total | 48 | 52 | 100 |","","","","","compute probability from a two-way table with correct denominator","","math,domain:Problem-Solving and Data Analysis,skill:PSD_PROB_001,arch:MATH_ARCH_049_TWO_WAY_TABLE_PROBABILITY,sim:SIM_PROBABILITY_TABLES,fp:911b6436,tier:M2"
"SAT-MATH-13","13","math_v6_batch_13","400-800","SAT-MATH-13-M1-Q09","MATH","1","base","9","Geometry and Trigonometry","Triangles","GEO_TRI_003","Use Pythagorean theorem in right triangle","Use Pythagorean theorem in right triangle","M1","1","multiple_choice","","In the right triangle shown, the legs have lengths 9 and 12. What is the value of x, the length of the hypotenuse?","3","15","21","√153","B","2","By the Pythagorean theorem, x^2 = 9^2 + 12^2 = 81 + 144 = 225, so x = 15.","75","right_triangle","{""diagram_type"":""right_triangle"",""render_mode"":""exact_to_scale"",""not_to_scale"":false,""vertices"":[""A"",""B"",""C""],""right_angle_at"":""A"",""coordinates"":{""A"":[0,0],""B"":[12,0],""C"":[0,9]},""side_labels"":{""AB"":""12"",""AC"":""9"",""BC"":""x""},""target"":""BC""}","","","","","","use Pythagorean theorem in right triangle","","math,domain:Geometry and Trigonometry,skill:GEO_TRI_003,arch:MATH_ARCH_086_PYTHAGOREAN_THEOREM,sim:SIM_RIGHT_TRIANGLE_PYTHAGOREAN,fp:97b1684c,tier:M1"
"SAT-MATH-13","13","math_v6_batch_13","400-800","SAT-MATH-13-M1-Q10","MATH","1","base","10","Algebra","Linear Functions","ALG_LF_007","Identify a point satisfying a line through the origin or given equation","Identify a point satisfying a line through the origin or given equation","M1","1","multiple_choice","","Which ordered pair lies on the line y = -2x + 5?","(3, 1)","(-1, 3)","(3, -1)","(2, 3)","C","3","For x = 3, the equation gives y = -2(3) + 5 = -1. Therefore (3, -1) lies on the line.","75","none","{}","","","","","","identify a point satisfying a line through the origin or given equation","","math,domain:Algebra,skill:ALG_LF_007,arch:MATH_ARCH_010_LINEAR_GRAPH_POINT_ON_LINE,sim:SIM_LINEAR_FUNCTIONS_AND_GRAPHS,fp:2fd0fa1d,tier:M1"
"SAT-MATH-13","13","math_v6_batch_13","400-800","SAT-MATH-13-M1-Q11","MATH","1","base","11","Advanced Math","Equivalent Expressions","ADV_EE_003","Expand polynomial products","Expand polynomial products","M1","1","multiple_choice","","Which expression is equivalent to (x + 4)(x - 3)?","x^2 - x - 12","x^2 + 7x - 12","x^2 + x + 12","x^2 + x - 12","D","4","Multiply the binomials: x^2 - 3x + 4x - 12 = x^2 + x - 12.","75","none","{}","","","","","","expand polynomial products","","math,domain:Advanced Math,skill:ADV_EE_003,arch:MATH_ARCH_070_POLYNOMIAL_EXPAND,sim:SIM_POLYNOMIAL_RATIONAL_EXPRESSIONS,fp:b4920442,tier:M1"
"SAT-MATH-13","13","math_v6_batch_13","400-800","SAT-MATH-13-M1-Q12","MATH","1","base","12","Problem-Solving and Data Analysis","Percentages","PSD_PCT_002","Compute percent increase or decrease","Compute percent increase or decrease","M2","1","student_response","","A club had 80 members last year and 92 members this year. What was the percent increase in membership?","","","","","","","The increase was 92 - 80 = 12. The percent increase is 12/80 × 100 = 15.","75","none","{}","","","integer","15","0","compute percent increase or decrease","","math,domain:Problem-Solving and Data Analysis,skill:PSD_PCT_002,arch:MATH_ARCH_043_PERCENT_CHANGE,sim:SIM_PERCENT_RELATIONSHIPS,fp:4bfc9444,tier:M2"
"SAT-MATH-13","13","math_v6_batch_13","400-800","SAT-MATH-13-M1-Q13","MATH","1","base","13","Algebra","Systems of Equations","ALG_SYS_001","Determine which ordered pair solves a system of linear equations","Determine which ordered pair solves a system of linear equations","M1","1","multiple_choice","","Which ordered pair is the solution to the system 2x + y = 11 and x - y = 1?","(3, 4)","(5, 1)","(2, 7)","(4, 3)","D","4","Adding the equations gives 3x = 12, so x = 4. Then x - y = 1 gives 4 - y = 1, so y = 3.","75","none","{}","","","","","","determine which ordered pair solves a system of linear equations","","math,domain:Algebra,skill:ALG_SYS_001,arch:MATH_ARCH_015_SYSTEM_SOLUTION_ORDERED_PAIR,sim:SIM_LINEAR_SYSTEMS,fp:7cec2360,tier:M1"
"SAT-MATH-13","13","math_v6_batch_13","400-800","SAT-MATH-13-M1-Q14","MATH","1","base","14","Advanced Math","Nonlinear Functions","ADV_NF_004","Evaluate nested or composed functions","Evaluate nested or composed functions","H2","1","multiple_choice","","If f(x) = 2x + 1 and g(x) = x^2 - 3, what is f(g(4))?","27","13","31","36","A","1","First find g(4)=4^2-3=13. Then f(13)=2(13)+1=27.","75","none","{}","","","","","","evaluate nested or composed functions","","math,domain:Advanced Math,skill:ADV_NF_004,arch:MATH_ARCH_065_FUNCTION_COMPOSITION,sim:SIM_FUNCTION_NOTATION_AND_VALUES,fp:59beb312,tier:H2"
"SAT-MATH-13","13","math_v6_batch_13","400-800","SAT-MATH-13-M1-Q15","MATH","1","base","15","Algebra","Linear Functions","ALG_LF_003","Solve for input when a linear model reaches a target value","Solve for input when a linear model reaches a target value","M2","1","multiple_choice","","A water tank contains 45 gallons and is filled at a constant rate of 6 gallons per minute. After how many minutes will the tank contain 93 gallons?","6","8","7","9","B","2","Set 45 + 6t = 93. Then 6t = 48, so t = 8 minutes.","75","none","{}","","","","","","solve for input when a linear model reaches a target value","","math,domain:Algebra,skill:ALG_LF_003,arch:MATH_ARCH_006_LINEAR_MODEL_SOLVE_TARGET,sim:SIM_LINEAR_FUNCTIONS_AND_GRAPHS,fp:df3bc39b,tier:M2"
"SAT-MATH-13","13","math_v6_batch_13","400-800","SAT-MATH-13-M1-Q16","MATH","1","base","16","Problem-Solving and Data Analysis","Statistics","PSD_STAT_001","Compute mean of a list or table values","Compute mean of a list or table values","M1","1","student_response","","What is the mean of the numbers 6, 10, 11, 13, and 20?","","","","","","","The sum is 6 + 10 + 11 + 13 + 20 = 60. Dividing by 5 gives a mean of 12.","75","none","{}","","","integer","12","0","compute mean of a list or table values","","math,domain:Problem-Solving and Data Analysis,skill:PSD_STAT_001,arch:MATH_ARCH_051_MEAN_FROM_LIST,sim:SIM_STATISTICS_CENTER_SPREAD,fp:88848479,tier:M1"
"SAT-MATH-13","13","math_v6_batch_13","400-800","SAT-MATH-13-M1-Q17","MATH","1","base","17","Geometry and Trigonometry","Volume","GEO_VOL_001","Compute volume of prism, cylinder, cone, sphere, or composite solid","Compute volume of prism, cylinder, cone, sphere, or composite solid","E1","1","student_response","","A rectangular prism has length 8, width 5, and height 3. What is its volume?","","","","","","","The volume of a rectangular prism is length times width times height: 8 × 5 × 3 = 120.","75","none","{}","","","integer","120","0","compute volume of prism, cylinder, cone, sphere, or composite solid","","math,domain:Geometry and Trigonometry,skill:GEO_VOL_001,arch:MATH_ARCH_099_SOLID_VOLUME,sim:SIM_SOLID_MEASUREMENT,fp:1c074b37,tier:E1"
"SAT-MATH-13","13","math_v6_batch_13","400-800","SAT-MATH-13-M1-Q18","MATH","1","base","18","Advanced Math","Equivalent Expressions","ADV_EE_004","Factor polynomial expression","Factor polynomial expression","M2","1","multiple_choice","","Which expression is equivalent to x^2 + 7x + 12?","(x + 3)(x + 4)","(x + 2)(x + 6)","(x - 3)(x - 4)","(x + 1)(x + 12)","A","1","The numbers 3 and 4 multiply to 12 and add to 7, so x^2 + 7x + 12 = (x + 3)(x + 4).","75","none","{}","","","","","","factor polynomial expression","","math,domain:Advanced Math,skill:ADV_EE_004,arch:MATH_ARCH_071_POLYNOMIAL_FACTOR,sim:SIM_POLYNOMIAL_RATIONAL_EXPRESSIONS,fp:7fdbee60,tier:M2"
"SAT-MATH-13","13","math_v6_batch_13","400-800","SAT-MATH-13-M1-Q19","MATH","1","base","19","Algebra","Systems of Equations","ALG_SYS_002","Solve a 2x2 linear system by elimination","Solve a 2x2 linear system by elimination","M2","1","student_response","","For the system 3x + 2y = 19 and x - 2y = 1, what is the value of x?","","","","","","","Adding the equations gives 4x = 20, so x = 5.","75","none","{}","","","integer","5","0","solve a 2x2 linear system by elimination","","math,domain:Algebra,skill:ALG_SYS_002,arch:MATH_ARCH_016_SYSTEM_SOLVE_ELIMINATION,sim:SIM_LINEAR_SYSTEMS,fp:dab78841,tier:M2"
"SAT-MATH-13","13","math_v6_batch_13","400-800","SAT-MATH-13-M1-Q20","MATH","1","base","20","Advanced Math","Nonlinear Functions","ADV_NF_009","Solve quadratic equation by factoring","Solve quadratic equation by factoring","M2","1","student_response","","The equation x^2 - 9x + 20 = 0 has solutions x = 4 and x = k. What is the value of k?","","","","","","","The quadratic factors as (x - 4)(x - 5) = 0, so the other solution is 5.","75","none","{}","","","integer","5","0","solve quadratic equation by factoring","","math,domain:Advanced Math,skill:ADV_NF_009,arch:MATH_ARCH_075_QUADRATIC_SOLVE_FACTOR,sim:SIM_QUADRATIC_SOLVING,fp:4c9edef9,tier:M2"
"SAT-MATH-13","13","math_v6_batch_13","400-800","SAT-MATH-13-M1-Q21","MATH","1","base","21","Algebra","Systems of Equations","ALG_SYS_004","Combine equations to solve directly for x+y or a linear combination","Combine equations to solve directly for x+y or a linear combination","H2","1","multiple_choice","","If 4x + 3y = 26 and 2x + y = 10, what is the value of x + y?","8","6","7","9","A","1","From 2x + y = 10, y = 10 - 2x. Substitute into the first equation: 4x + 3(10 - 2x) = 26, so -2x = -4 and x = 2. Then y = 6, so x + y = 8.","75","none","{}","","","","","","combine equations to solve directly for x+y or a linear combination","","math,domain:Algebra,skill:ALG_SYS_004,arch:MATH_ARCH_018_SYSTEM_SUM_DIRECT,sim:SIM_LINEAR_SYSTEMS,fp:e14dd90b,tier:H2"
"SAT-MATH-13","13","math_v6_batch_13","400-800","SAT-MATH-13-M1-Q22","MATH","1","base","22","Advanced Math","Equivalent Expressions","ADV_EE_002","Simplify radicals and rational exponents","Simplify radicals and rational exponents","M1","1","multiple_choice","","Which expression is equivalent to √72?","3√8","6√2","8√3","12√2","B","2","Since 72 = 36 × 2, √72 = √36 · √2 = 6√2.","75","none","{}","","","","","","simplify radicals and rational exponents","","math,domain:Advanced Math,skill:ADV_EE_002,arch:MATH_ARCH_068_RADICAL_SIMPLIFY,sim:SIM_EXPONENT_RADICALS,fp:73de8503,tier:M1"
"SAT-MATH-13","13","math_v6_batch_13","400-800","SAT-MATH-13-M2-Q01","MATH","2","hard","1","Algebra","Systems of Equations","ALG_SYS_003","Solve a 2x2 linear system by substitution","Solve a 2x2 linear system by substitution","M2","1","multiple_choice","","For the system y = 3x - 4 and 2x + y = 16, what is the value of y?","4","6","10","8","D","4","Substitute y = 3x - 4 into 2x + y = 16 to get 2x + 3x - 4 = 16. Then 5x = 20, so x = 4 and y = 8.","95","none","{}","","","","","","solve a 2x2 linear system by substitution","","math,domain:Algebra,skill:ALG_SYS_003,arch:MATH_ARCH_017_SYSTEM_SOLVE_SUBSTITUTION,sim:SIM_LINEAR_SYSTEMS,fp:198e8fe8,tier:M2"
"SAT-MATH-13","13","math_v6_batch_13","400-800","SAT-MATH-13-M2-Q02","MATH","2","hard","2","Advanced Math","Equivalent Expressions","ADV_EE_006","Evaluate powers of i","Evaluate powers of i","M1","1","multiple_choice","","What is the value of i^27?","i","1","-i","-1","C","3","Powers of i repeat every 4. Since 27 has remainder 3 when divided by 4, i^27 = i^3 = -i.","95","none","{}","","","","","","evaluate powers of i","","math,domain:Advanced Math,skill:ADV_EE_006,arch:MATH_ARCH_081_COMPLEX_POWERS_I,sim:SIM_COMPLEX_NUMBERS,fp:d42d6952,tier:M1"
"SAT-MATH-13","13","math_v6_batch_13","400-800","SAT-MATH-13-M2-Q03","MATH","2","hard","3","Problem-Solving and Data Analysis","Ratios Rates and Proportions","PSD_RRP_002","Use a ratio of ingredients to find amount in a mixture","Use a ratio of ingredients to find amount in a mixture","M2","1","multiple_choice","","A trail mix uses raisins and almonds in a ratio of 3 to 5 by weight. If a batch contains 24 ounces of raisins, how many ounces of almonds does it contain?","14.4","32","45","40","D","4","The ratio raisins:almonds is 3:5. If 3 parts is 24 ounces, then 1 part is 8 ounces, so 5 parts is 40 ounces.","95","none","{}","","","","","","use a ratio of ingredients to find amount in a mixture","","math,domain:Problem-Solving and Data Analysis,skill:PSD_RRP_002,arch:MATH_ARCH_033_RATIO_MIXTURE_UNITS,sim:SIM_RATIOS_RATES_PROPORTIONS,fp:799163a4,tier:M2"
"SAT-MATH-13","13","math_v6_batch_13","400-800","SAT-MATH-13-M2-Q04","MATH","2","hard","4","Geometry and Trigonometry","Triangles","GEO_TRI_001","Use angle relationships with parallel lines and transversal","Use angle relationships with parallel lines and transversal","E1","1","multiple_choice","","Two parallel lines are cut by a transversal. One interior angle measures 68°. What is the measure, in degrees, of its same-side interior angle?","68","112","102","122","B","2","Same-side interior angles formed by parallel lines are supplementary. Therefore the measure is 180 - 68 = 112 degrees.","95","none","{}","","","","","","use angle relationships with parallel lines and transversal","","math,domain:Geometry and Trigonometry,skill:GEO_TRI_001,arch:MATH_ARCH_084_ANGLE_PAIRS_PARALLEL_LINES,sim:SIM_PARALLEL_LINES_ANGLES,fp:71fc59ec,tier:E1"
"SAT-MATH-13","13","math_v6_batch_13","400-800","SAT-MATH-13-M2-Q05","MATH","2","hard","5","Algebra","Linear Equations","ALG_LE_007","Find greatest or least expression value from a linear inequality","Find greatest or least expression value from a linear inequality","M2","1","student_response","","If 5x - 4 ≤ 31, what is the greatest integer value of x?","","","","","","","Add 4 to both sides to get 5x ≤ 35, so x ≤ 7. The greatest integer value is 7.","95","none","{}","","","integer","7","0","find greatest or least expression value from a linear inequality","","math,domain:Algebra,skill:ALG_LE_007,arch:MATH_ARCH_024_INEQUALITY_GREATEST_LEAST_VALUE,sim:SIM_LINEAR_EQUATIONS_AND_INEQUALITIES,fp:ed34b2c7,tier:M2"
"SAT-MATH-13","13","math_v6_batch_13","400-800","SAT-MATH-13-M2-Q06","MATH","2","hard","6","Advanced Math","Nonlinear Functions","ADV_NF_005","Read function value or input from graph","Read function value or input from graph","M2","1","multiple_choice","","The graph of y = f(x) is shown. What is the value of f(4)?","0","5","4","9","B","2","On the graph, the point with x-coordinate 4 has y-coordinate 5. Therefore f(4) = 5.","95","function_graph","{""diagram_type"":""function_graph"",""render_mode"":""exact_to_scale"",""x_min"":-2,""x_max"":6,""y_min"":-1,""y_max"":10,""x_label"":""x"",""y_label"":""y"",""grid"":true,""points"":[[-1,0],[0,5],[2,9],[4,5],[5,0]],""connect_points"":true,""points_only"":false,""curve_type"":""parabola"",""equation"":""y=-(x-2)^2+9"",""target"":""f(4)""}","","","","","","read function value or input from graph","","math,domain:Advanced Math,skill:ADV_NF_005,arch:MATH_ARCH_066_FUNCTION_GRAPH_VALUE,sim:SIM_FUNCTION_NOTATION_AND_VALUES,fp:5feaf769,tier:M2"
"SAT-MATH-13","13","math_v6_batch_13","400-800","SAT-MATH-13-M2-Q07","MATH","2","hard","7","Problem-Solving and Data Analysis","Percentages","PSD_PCT_003","Compute net effect of successive percent changes","Compute net effect of successive percent changes","H2","1","multiple_choice","","A price is increased by 20% and then decreased by 25%. The final price is what percent of the original price?","95%","100%","90%","105%","C","3","After a 20% increase, the price is 1.20 times the original. A 25% decrease gives 0.75(1.20)=0.90, or 90% of the original.","95","none","{}","","","","","","compute net effect of successive percent changes","","math,domain:Problem-Solving and Data Analysis,skill:PSD_PCT_003,arch:MATH_ARCH_044_SUCCESSIVE_PERCENT_CHANGE,sim:SIM_PERCENT_RELATIONSHIPS,fp:c46ffcfb,tier:H2"
"SAT-MATH-13","13","math_v6_batch_13","400-800","SAT-MATH-13-M2-Q08","MATH","2","hard","8","Geometry and Trigonometry","Trigonometry","GEO_TRIG_003","Use complementary angle trig relationships","Use complementary angle trig relationships","M1","1","multiple_choice","","If θ is an acute angle and sin θ = cos 38°, what is the value of θ?","52°","38°","42°","48°","A","1","For acute angles, sin θ = cos(90° - θ). So cos 38° = sin 52°, and θ = 52°.","95","none","{}","","","","","","use complementary angle trig relationships","","math,domain:Geometry and Trigonometry,skill:GEO_TRIG_003,arch:MATH_ARCH_097_TRIG_COMPLEMENTARY,sim:SIM_TRIGONOMETRY_RELATIONSHIPS,fp:8a0c8003,tier:M1"
"SAT-MATH-13","13","math_v6_batch_13","400-800","SAT-MATH-13-M2-Q09","MATH","2","hard","9","Algebra","Systems of Equations","ALG_SYS_005","Model counts and totals with a two-variable system","Model counts and totals with a two-variable system","M2","1","student_response","","A shipment has 17 boxes that are either small or large. Each small box weighs 4 pounds, and each large box weighs 9 pounds. The boxes weigh 113 pounds in all. How many large boxes are in the shipment?","","","","","","","Let s be the number of small boxes and l be the number of large boxes. Then s + l = 17 and 4s + 9l = 113. Substituting s = 17 - l gives 68 - 4l + 9l = 113, so 5l = 45 and l = 9.","95","none","{}","","","integer","9","0","model counts and totals with a two-variable system","","math,domain:Algebra,skill:ALG_SYS_005,arch:MATH_ARCH_019_SYSTEM_CONTEXT_COUNT_WEIGHT,sim:SIM_LINEAR_SYSTEMS,fp:82b45908,tier:M2"
"SAT-MATH-13","13","math_v6_batch_13","400-800","SAT-MATH-13-M2-Q10","MATH","2","hard","10","Problem-Solving and Data Analysis","Probability","PSD_PROB_002","Compute conditional probability from a table subset","Compute conditional probability from a table subset","H3","1","multiple_choice","","The table summarizes fruit choices for 90 students. Among the students who chose pears, what is the probability that the student is in grade 12?","1/5","3/5","2/5","8/15","B","2","Among the 30 students who chose pears, 18 are in grade 12. The conditional probability is 18/30 = 3/5.","95","table","{}","| Fruit chosen | Grade 11 | Grade 12 | Total |\n|---|---:|---:|---:|\n| Apples | 20 | 14 | 34 |\n| Pears | 12 | 18 | 30 |\n| Grapes | 10 | 16 | 26 |\n| Total | 42 | 48 | 90 |","","","","","compute conditional probability from a table subset","","math,domain:Problem-Solving and Data Analysis,skill:PSD_PROB_002,arch:MATH_ARCH_050_CONDITIONAL_PROBABILITY_TABLE,sim:SIM_PROBABILITY_TABLES,fp:a2653951,tier:H3"
"SAT-MATH-13","13","math_v6_batch_13","400-800","SAT-MATH-13-M2-Q11","MATH","2","hard","11","Advanced Math","Equivalent Expressions","ADV_EE_007","Add, subtract, or multiply complex numbers","Add, subtract, or multiply complex numbers","M1","1","multiple_choice","","What is the product (3 + 2i)(4 - i)?","10 + 5i","14 + 11i","14 + 5i","12 - 2i","C","3","Multiply: (3)(4) + (3)(-i) + (2i)(4) + (2i)(-i) = 12 - 3i + 8i - 2i^2. Since i^2 = -1, this is 14 + 5i.","95","none","{}","","","","","","add, subtract, or multiply complex numbers","","math,domain:Advanced Math,skill:ADV_EE_007,arch:MATH_ARCH_082_COMPLEX_ARITHMETIC,sim:SIM_COMPLEX_NUMBERS,fp:1581ccd0,tier:M1"
"SAT-MATH-13","13","math_v6_batch_13","400-800","SAT-MATH-13-M2-Q12","MATH","2","hard","12","Algebra","Systems of Equations","ALG_SYS_008","Find maximum possible coordinate from two linear inequalities","Find maximum possible coordinate from two linear inequalities","H2","1","student_response","","A point (x, y) satisfies x ≥ 0, y ≥ 0, x + 2y ≤ 18, and 3x + y ≤ 24. What is the greatest possible value of x + y?","","","","","","","The maximum occurs at a boundary intersection or axis intercept. Solving x + 2y = 18 and 3x + y = 24 gives x = 6 and y = 6, so x + y = 12. Axis intercepts give sums no greater than 9 or 8.","95","none","{}","","","integer","12","0","find maximum possible coordinate from two linear inequalities","","math,domain:Algebra,skill:ALG_SYS_008,arch:MATH_ARCH_027_SYSTEM_INEQUALITIES_MAX_COORDINATE,sim:SIM_LINEAR_SYSTEMS,fp:436889c9,tier:H2"
"SAT-MATH-13","13","math_v6_batch_13","400-800","SAT-MATH-13-M2-Q13","MATH","2","hard","13","Advanced Math","Nonlinear Functions","ADV_NF_006","Solve radical equation and check extraneous solution","Solve radical equation and check extraneous solution","H3","1","multiple_choice","","What is the solution to √(x + 9) = x - 3?","0","3","6","7","D","4","Since the right side must be nonnegative, x ≥ 3. Squaring gives x + 9 = (x - 3)^2 = x^2 - 6x + 9, so x^2 - 7x = 0. The candidates are 0 and 7, but only x = 7 satisfies the original equation.","95","none","{}","","","","","","solve radical equation and check extraneous solution","","math,domain:Advanced Math,skill:ADV_NF_006,arch:MATH_ARCH_069_RADICAL_EQUATION_EXTRANEOUS,sim:SIM_EXPONENT_RADICALS,fp:3758f2ce,tier:H3"
"SAT-MATH-13","13","math_v6_batch_13","400-800","SAT-MATH-13-M2-Q14","MATH","2","hard","14","Geometry and Trigonometry","Circles","GEO_CIRC_002","Find arc length or sector area from central angle","Find arc length or sector area from central angle","H3","1","multiple_choice","","In the circle shown, the radius is 6 and the shaded sector has central angle 120°. What is the area of the shaded sector?","12π","6π","18π","24π","A","1","The area of the full circle is π(6)^2 = 36π. The sector is 120/360 = 1/3 of the circle, so its area is 12π.","95","circle","{""diagram_type"":""sector"",""render_mode"":""exact_to_scale"",""not_to_scale"":false,""center_label"":""O"",""radius"":6,""radius_label"":""6"",""central_angle_degrees"":120,""central_angle_label"":""120\u00b0"",""shaded_sector"":true,""target"":""sector area""}","","","","","","find arc length or sector area from central angle","","math,domain:Geometry and Trigonometry,skill:GEO_CIRC_002,arch:MATH_ARCH_092_CIRCLE_ARC_SECTOR,sim:SIM_CIRCLE_MEASUREMENTS,fp:f4388e87,tier:H3"
"SAT-MATH-13","13","math_v6_batch_13","400-800","SAT-MATH-13-M2-Q15","MATH","2","hard","15","Algebra","Systems of Equations","ALG_SYS_009","Identify quadrants containing solutions to a system of inequalities","Identify quadrants containing solutions to a system of inequalities","H2","1","multiple_choice","","Which quadrant contains every solution to the system y > x + 4, y < -2x - 2, and y > 0?","Quadrant I","Quadrant II","Quadrant III","Quadrant IV","B","2","The first two inequalities imply x + 4 < -2x - 2, so x < -2. The third inequality gives y > 0. Thus every solution has a negative x-coordinate and a positive y-coordinate, which places it in Quadrant II.","95","none","{}","","","","","","identify quadrants containing solutions to a system of inequalities","","math,domain:Algebra,skill:ALG_SYS_009,arch:MATH_ARCH_028_SYSTEM_INEQUALITIES_REGION_QUADRANTS,sim:SIM_LINEAR_SYSTEMS,fp:32b534ff,tier:H2"
"SAT-MATH-13","13","math_v6_batch_13","400-800","SAT-MATH-13-M2-Q16","MATH","2","hard","16","Advanced Math","Nonlinear Functions","ADV_NF_007","Solve rational equation and reject excluded values","Solve rational equation and reject excluded values","H3","1","multiple_choice","","What is the solution to 3/(x - 2) + 1 = 5?","2","3/4","11/4","7/2","C","3","Subtract 1 to get 3/(x - 2) = 4. Then 3 = 4x - 8, so 4x = 11 and x = 11/4. This value is not excluded because x ≠ 2.","95","none","{}","","","","","","solve rational equation and reject excluded values","","math,domain:Advanced Math,skill:ADV_NF_007,arch:MATH_ARCH_073_RATIONAL_EQUATION_SOLVE,sim:SIM_RATIONAL_EQUATIONS,fp:647fc5e2,tier:H3"
"SAT-MATH-13","13","math_v6_batch_13","400-800","SAT-MATH-13-M2-Q17","MATH","2","hard","17","Algebra","Systems of Equations","ALG_SYS_006","Find parameter value that makes two linear equations parallel","Find parameter value that makes two linear equations parallel","H3","1","multiple_choice","","Which statement describes all values of k for which the system 4x + 6y = 12 and 2x + 3y = k has no solution?","k = 6","k = 0","k ≠ 6","all real values of k","C","3","The left side of the first equation is twice the left side of the second. The equations are equivalent only when 2k = 12, or k = 6. For every value of k except 6, the lines are parallel and distinct, so the system has no solution.","95","none","{}","","","","","","find parameter value that makes two linear equations parallel","","math,domain:Algebra,skill:ALG_SYS_006,arch:MATH_ARCH_020_SYSTEM_NO_SOLUTION_PARAMETER,sim:SIM_LINEAR_SYSTEMS,fp:e46a508e,tier:H3"
"SAT-MATH-13","13","math_v6_batch_13","400-800","SAT-MATH-13-M2-Q18","MATH","2","hard","18","Advanced Math","Nonlinear Functions","ADV_NF_011","Complete the square to find vertex or solve","Complete the square to find vertex or solve","H3","1","multiple_choice","","The function f(x) = x^2 - 10x + 18 can be written as f(x) = (x - h)^2 + k. What is the value of h + k?","-2","-7","2","8","A","1","Complete the square: x^2 - 10x + 18 = (x - 5)^2 - 25 + 18 = (x - 5)^2 - 7. Thus h = 5 and k = -7, so h + k = -2.","95","none","{}","","","","","","complete the square to find vertex or solve","","math,domain:Advanced Math,skill:ADV_NF_011,arch:MATH_ARCH_077_QUADRATIC_COMPLETE_SQUARE,sim:SIM_QUADRATIC_FEATURES,fp:bec6033b,tier:H3"
"SAT-MATH-13","13","math_v6_batch_13","400-800","SAT-MATH-13-M2-Q19","MATH","2","hard","19","Geometry and Trigonometry","Trigonometry","GEO_TRIG_004","Use benchmark unit-circle values","Use benchmark unit-circle values","H3","1","multiple_choice","","On the unit circle, what is the y-coordinate of the point corresponding to an angle of 5π/6 radians?","1/2","-1/2","√3/2","-√3/2","A","1","The angle 5π/6 is in Quadrant II with reference angle π/6. The y-coordinate is sin(5π/6)=1/2.","95","none","{}","","","","","","use benchmark unit-circle values","","math,domain:Geometry and Trigonometry,skill:GEO_TRIG_004,arch:MATH_ARCH_098_UNIT_CIRCLE_BENCHMARK,sim:SIM_TRIGONOMETRY_RELATIONSHIPS,fp:82381012,tier:H3"
"SAT-MATH-13","13","math_v6_batch_13","400-800","SAT-MATH-13-M2-Q20","MATH","2","hard","20","Algebra","Systems of Equations","ALG_SYS_007","Find parameter value that makes two equations equivalent","Find parameter value that makes two equations equivalent","H3","1","multiple_choice","","For what value of k does the system 6x - 9y = 15 and 2x - 3y = k have infinitely many solutions?","3","5","6","10","B","2","The left side of the first equation is 3 times the left side of the second. For the equations to be equivalent, 3k must equal 15, so k = 5.","95","none","{}","","","","","","find parameter value that makes two equations equivalent","","math,domain:Algebra,skill:ALG_SYS_007,arch:MATH_ARCH_021_SYSTEM_INFINITE_SOLUTIONS_PARAMETER,sim:SIM_LINEAR_SYSTEMS,fp:8341de76,tier:H3"
"SAT-MATH-13","13","math_v6_batch_13","400-800","SAT-MATH-13-M2-Q21","MATH","2","hard","21","Advanced Math","Nonlinear Functions","ADV_NF_010","Use quadratic formula to solve or analyze roots","Use quadratic formula to solve or analyze roots","H3","1","multiple_choice","","The equation 2x^2 - 7x + 3 = 0 has solutions r and s. What is the value of r - s if r > s?","5/2","1/2","3/2","7/2","A","1","Using the quadratic formula, x = (7 ± √(49 - 24))/4 = (7 ± 5)/4. The solutions are 3 and 1/2, so r - s = 3 - 1/2 = 5/2.","95","none","{}","","","","","","use quadratic formula to solve or analyze roots","","math,domain:Advanced Math,skill:ADV_NF_010,arch:MATH_ARCH_076_QUADRATIC_SOLVE_FORMULA,sim:SIM_QUADRATIC_SOLVING,fp:923cdf70,tier:H3"
"SAT-MATH-13","13","math_v6_batch_13","400-800","SAT-MATH-13-M2-Q22","MATH","2","hard","22","Advanced Math","Nonlinear Functions","ADV_NF_001","Determine parameters for a line and parabola system with two real solutions","Determine parameters for a line and parabola system with two real solutions","H3","1","multiple_choice","","Which statement describes all values of k for which the system y = x^2 - 4x + 6 and y = k has exactly two real solutions?","k > 2","k = 2","k < 2","all real values of k","A","1","The parabola y = x^2 - 4x + 6 has vertex y-value 2. A horizontal line y = k intersects it in exactly two real points exactly when it lies above the vertex, so k > 2.","95","none","{}","","","","","","determine parameters for a line and parabola system with two real solutions","","math,domain:Advanced Math,skill:ADV_NF_001,arch:MATH_ARCH_022_SYSTEM_QUADRATIC_LINE_TWO_SOLUTIONS,sim:SIM_QUADRATIC_SOLVING,fp:367deb34,tier:H3"