"test_id","exam_version","generation_batch_id","target_score_band","question_id","section","module","route","question_number","content_domain","skill_group","skill_code","skill_label","question_topic","difficulty","scoring_weight","question_type","passage","question","choice_a","choice_b","choice_c","choice_d","correct_answer","correct_choice_index","explanation","time_estimate_sec","visual_type","visual_json","table_markdown","equation_latex","student_response_type","correct_numeric_answer","answer_tolerance","primary_skill","secondary_skill","tags"
"SAT_RW_20","split_batch_v9","20-front","all","SAT_RW_20_M1_Q01","RW","1","base","1","Craft and Structure","Words in Context","RW_WIC_002","Determine meaning or function of a word/phrase in context","coral nursery growth under temporary shading","Easy","1","multiple_choice","Restoration divers worked on a shallow reef damaged by repeated storms. They attached small coral fragments to metal nursery frames before moving the healthiest colonies to open water. Some frames stood in full sunlight, while others received shade from mesh panels during the hottest part of the day. The four-month records show that shaded frames yield more living branches per fragment, even though both groups began with similar fragment sizes and were cleaned on the same schedule. Divers also recorded less bleaching on the shaded frames during two unusually warm weeks. The advantage narrowed once water temperatures fell, and several unshaded colonies recovered later in the season. Because survival differed most when heat stress was greatest, the project team decided to test temporary shading again the following summer rather than treat it as a permanent feature of every nursery. The next trial will compare different amounts of shade while keeping depth and cleaning frequency constant.","As used in the text, what does the word ""yield"" most nearly mean?","surrender","produce","postpone","expose","B","2","The passage compares coral growth on shaded and unshaded nursery frames. In that context, ""yield"" describes what the shaded frames produce: more living branches per fragment. ""Surrender"" uses a different sense of yield, while ""postpone"" and ""expose"" do not fit the measured outcome.","75","none","{}","","","","","","Words in Context","","rw,front,module1,passage:R003,arch:RW_WIC_002,sim:rw_words_in_context_purpose_sentence,fp:978ee18b8ffa,surf:SURF_RW_WIC_002,psim:rw_research_story_words_in_context_text_structure_and_purpose,profile:D1,wic,hard_vocab,wic_arch:WIC_DIRECT_MEANING_01,wic_family:direct_meaning,vocab:HV_004,tier:V3,target:yield"
"SAT_RW_20","split_batch_v9","20-front","all","SAT_RW_20_M1_Q02","RW","1","base","2","Craft and Structure","Words in Context","RW_WIC_007","Determine meaning or function of a word/phrase in context","museum label length and visitor viewing time","Medium","1","multiple_choice","A city museum replaced several long object labels with shorter labels that paired one concrete observation with a question for visitors. Staff members then compared how long visitors remained at those cases with how long they remained at nearby cases whose labels were unchanged. Average viewing time rose from 38 seconds to 44 seconds, and the pattern appeared across paintings, tools, and ceramic objects rather than in a single gallery. Exit interviews suggested that some visitors used the questions to begin conversations with companions, while others simply read the shorter labels more completely. The museum's education team gave the shorter labels a qualified endorsement. Staff did not claim that the labels transformed the visit or that wording alone caused the extra viewing time. Instead, they proposed a second trial in which the same objects would receive different label formats on alternating days, allowing the museum to separate effects of wording from differences among visitor groups.","Which choice best explains what the word ""qualified"" adds to the passage's description of the education team's endorsement?","It indicates that the team supports shorter labels only for paintings because the other object types showed no change.","It suggests that the team doubts whether viewing time was measured accurately enough to compare the two label groups.","It shows that the team's support is limited by uncertainty about what caused the gain and by the size of the observed change.","It indicates that the team has formally certified the shorter labels after obtaining conclusive evidence of their effect.","C","3","The team is encouraged by a consistent increase, but it does not claim that wording alone caused the increase and proposes another trial before broader adoption. Thus ""qualified"" marks an endorsement limited by specific reservations. The other choices invent a single-gallery restriction, measurement distrust, or conclusive certification.","75","none","{}","","","","","","Words in Context","","rw,front,module1,passage:R033,arch:RW_WIC_007,sim:rw_words_in_context_verb_pronoun_agreement,fp:359cdd8cb26c,surf:SURF_RW_WIC_007,psim:rw_research_story_words_in_context_text_structure_and_purpose,profile:D2,wic,hard_vocab,wic_arch:WIC_PRECISION_EFFECT_01,wic_family:precision_effect,vocab:HV_113,tier:V3,target:qualified"
"SAT_RW_20","split_batch_v9","20-front","all","SAT_RW_20_M1_Q03","RW","1","base","3","Craft and Structure","Words in Context","RW_WIC_012","Determine meaning or function of a word/phrase in context","star-cluster motion and dynamical coherence","Medium","1","multiple_choice","Astronomers studying a compact star cluster compared infrared images taken eleven years apart. Most stars shifted across the detector in nearly parallel directions, as expected for members traveling together through the galaxy. A small group near the cluster's edge moved differently, and spectroscopy showed that several of those stars also had distinct chemical signatures. The team therefore excluded the outliers when estimating the cluster's internal motion. The remaining stars formed a much tighter pattern, supporting the view that the cluster is dynamically coherent rather than a chance overlap of unrelated stars. Even so, the authors weigh the motion agreement among the cluster stars against the survey's limits. Faint stars below the detection threshold could alter the estimate, and eleven years covers only a short interval compared with the cluster's orbit around the galaxy. Future observations can test whether the same motion pattern persists as positional differences accumulate and weaker members become measurable.","Which choice best explains the role of the word ""weigh"" in the passage?","It treats the chemical signatures of the excluded outliers as evidence that confirms the same coherence interpretation.","It signals that the survey's limitations outweigh the common-motion evidence and make the coherence interpretation unusable.","It presents the common-motion evidence and the survey limitations as unrelated observations that must be studied separately.","It shows that the authors consider the common-motion evidence together with the survey's limitations before treating the coherence interpretation as provisional.","D","4","The passage presents a tight common-motion pattern as support for coherence but immediately places that support beside limits involving faint stars and the short time span. ""Weigh"" therefore conveys consideration of evidence together with qualifications, not rejection of the evidence or separation of the two ideas.","75","none","{}","","","","","","Words in Context","","rw,front,module1,passage:R045,arch:RW_WIC_012,sim:rw_words_in_context_contrast,fp:f51822cfe9bd,surf:SURF_RW_WIC_012,psim:rw_research_story_words_in_context_text_structure_and_purpose,profile:D3,wic,hard_vocab,wic_arch:WIC_RELATION_FUNCTION_01,wic_family:relation_function,vocab:HV_061,tier:V3,target:weigh"
"SAT_RW_20","split_batch_v9","20-front","all","SAT_RW_20_M1_Q04","RW","1","base","4","Craft and Structure","Text Structure and Purpose","RW_TSP_001","Analyze structure or purpose","recent candle use in an empty schoolroom","Easy","1","multiple_choice","Mara had been told that the schoolroom would be empty until Monday, so she entered on Saturday only to return a stack of music books. The desks stood in straight rows, and dust had settled evenly across the windowsills. On the teacher's table, however, a candle stub rested in a clean circle where the dust had been disturbed. Mara stopped with the books still in her arms. She knew the caretaker used electric lamps and disliked candles near the old curtains. From the corridor came the slow scrape of a chair, followed by silence. Instead of calling out, Mara placed the books on the nearest desk and examined the candle. Its wick was black and slightly warm. A moment later, the caretaker appeared at the doorway carrying a toolbox and looking surprised to see her. Mara said nothing about the sound in the corridor, but she slid the candle toward him before asking why he had come.","What is the main function of the detail that the candle's wick is ""black and slightly warm""?","It provides evidence that the candle was used recently, intensifying Mara's suspicion that someone has been in the room.","It explains why the caretaker routinely prefers candles to the schoolroom's electric lights.","It shifts the focus from Mara's uncertainty to a history of maintenance practices in the school building.","It shows that Mara has mistaken an old, unused candle for one that was recently lit.","A","1","The warm, blackened wick makes recent use likely, which deepens the mystery created by the supposedly empty room and the sound in the corridor. The passage specifically says the caretaker dislikes candles, provides no building history, and does not suggest that Mara is mistaken.","75","none","{}","","","","","","Text Structure and Purpose","","rw,front,module1,passage:E001,arch:RW_TSP_001,sim:rw_text_structure_and_purpose_purpose_sentence,fp:2b249c419451,surf:SURF_RW_TSP_001,psim:rw_literature_excerpt_words_in_context_text_structure_and_purpose,profile:D1"
"SAT_RW_20","split_batch_v9","20-front","all","SAT_RW_20_M1_Q05","RW","1","base","5","Craft and Structure","Text Structure and Purpose","RW_TSP_011","Analyze structure or purpose","boat noise, vegetation, and juvenile fish","Medium","1","multiple_choice","Biologists monitoring a coastal marsh placed underwater recorders at twelve sites to measure boat noise and paired those recordings with weekly counts of juvenile fish. They expected the noisiest sites to show the lowest fish counts throughout the season. Early in summer, that prediction seemed accurate: sites near the channel were both louder and less densely occupied. <u>By late August, however, fish numbers rose at several noisy sites after submerged vegetation became denser, while quieter sites with sparse vegetation changed little.</u> The shift led the team to separate the effects of sound from those of habitat cover. When vegetation density was included in the analysis, noise still had a negative association with fish abundance, but the association was smaller than the first comparison suggested. The researchers concluded that boat noise may matter, yet habitat structure can partly offset or obscure its influence. They plan to repeat the measurements before vegetation emerges next spring.","Which choice best describes the function of the underlined portion in the text?","It introduces a later seasonal observation that complicates the initial noise-only pattern and motivates considering vegetation cover.","It confirms that the loudest sites consistently had fewer fish than quieter sites throughout the entire season.","It describes a change in the recording equipment that made the late-summer measurements more accurate.","It establishes that dense vegetation completely eliminates any negative association between boat noise and fish abundance.","A","1","The underlined observation shows that fish numbers rose at some noisy sites when vegetation became denser. That complication leads the researchers to separate sound from habitat cover. The passage does not report an equipment change, a season-long unbroken noise pattern, or complete elimination of the noise association.","75","none","{}","","","","","","Text Structure and Purpose","","rw,front,module1,passage:R021,arch:RW_TSP_011,sim:rw_text_structure_and_purpose_contrast,fp:a5667068e9ba,surf:SURF_RW_TSP_011,psim:rw_research_story_words_in_context_text_structure_and_purpose,profile:D2"
"SAT_RW_20","split_batch_v9","20-front","all","SAT_RW_20_M1_Q06","RW","1","base","6","Craft and Structure","Text Structure and Purpose","RW_TSP_012","Analyze structure or purpose","returning to a changed market and recognizing a familiar detail","Medium","1","multiple_choice","After fifteen years away, Tomas returned to the covered market where his family had once sold flowers. The roof had been replaced, the stalls were painted brighter colors, and none of the vendors recognized him. At the far end, though, he saw a narrow wooden counter with a chipped green edge, exactly where his mother's stall had stood. A woman arranging wilted carnations noticed him staring and offered one at half price. Tomas laughed, then hesitated before taking it. The woman explained that the counter had been moved from storage only that morning because her usual table had cracked. Until then, Tomas had believed that returning would either restore his memories or prove them false. The accidental reappearance of the counter did neither. Instead, it made the market feel both familiar and newly independent of him, as if the place had kept fragments of his past without waiting for his return.","Which choice best describes how the text is organized?","It contrasts the market's visible changes with Tomas's memories, then concludes that the physical setting is more reliable than memory.","It follows Tomas from initial estrangement to a moment of recognition, then treats the familiar counter as evidence that his past has been fully recovered.","It establishes Tomas's expectations about returning, introduces the familiar counter, and presents his reaction as proof that the market has remained essentially unchanged.","It establishes Tomas's expectations about returning, introduces an accidental familiar detail, and uses his reaction to revise those expectations.","D","4","The text begins with Tomas's expectations about what returning will do to his memories, then introduces the accidentally restored counter, and ends by showing that this detail makes him revise his either-or expectation. Choices A, B, and C each draw on real elements of the passage but overstate what the counter proves or misstate the ending.","75","none","{}","","","","","","Text Structure and Purpose","","rw,front,module1,passage:E016,arch:RW_TSP_012,sim:rw_text_structure_and_purpose_cause_effect,fp:55864c47050d,surf:SURF_RW_TSP_012,psim:rw_literature_excerpt_words_in_context_text_structure_and_purpose,profile:D3"
"SAT_RW_20","split_batch_v9","20-front","all","SAT_RW_20_M1_Q07","RW","1","base","7","Craft and Structure","Cross-Text Connections","RW_CTC_006","Compare claims across paired texts","bilingual signage, placement, and public accessibility","Medium","1","multiple_choice","Text 1:
A neighborhood library added Spanish translations to directional signs, room labels, and self-checkout instructions. During the following month, staff recorded fewer requests for help locating basic services, especially at the entrance and computer area. Short interviews also indicated that several Spanish-speaking visitors felt more comfortable navigating the building independently. The library director argues that bilingual signs can remove small but consequential barriers when translations appear at the exact points where visitors must make decisions.

Text 2:
Bilingual signs can improve access, but their usefulness depends on more than translation. In a community center I studied, visitors still struggled with a translated registration notice because the notice was posted behind a crowded reception desk and used an unfamiliar abbreviation. After staff moved the notice beside the forms and replaced the abbreviation with a full phrase, confusion decreased. Effective signage, then, requires attention to placement and local conventions as well as language choice.","Based on the texts, how would the author of Text 2 most likely respond to Text 1's claim about bilingual signs?","By rejecting the claim on the grounds that translated signs do not measurably affect visitors' ability to navigate public spaces.","By agreeing that bilingual signs can reduce barriers while stressing that placement and locally familiar wording also affect their usefulness.","By arguing that abbreviations are generally more accessible than full phrases, a point Text 1 overlooks.","By agreeing that signs matter only when staff members stop providing in-person assistance.","B","2","Text 2 accepts the basic value of bilingual signs but adds that translation alone is insufficient: placement and familiar wording also matter. Thus it qualifies rather than rejects Text 1. The other responses either contradict Text 2 or attribute claims to it that it never makes.","90","none","{}","","","","","","Cross-Text Connections","","rw,front,module1,passage:R048,arch:RW_CTC_006,sim:rw_cross_text_connections_paired_text_relation,fp:ad46c251bb35,surf:SURF_RW_CTC_006,psim:rw_research_story_cross_text_connections_central_ideas_and_details,profile:D2"
"SAT_RW_20","split_batch_v9","20-front","all","SAT_RW_20_M1_Q08","RW","1","base","8","Information and Ideas","Central Ideas and Details","RW_CID_001","Identify main idea, key detail, or summary","urban tree canopy and heat mitigation","Easy","1","multiple_choice","On summer afternoons, two blocks of the same neighborhood can differ sharply in temperature even when their buildings are similar. A city planning team mapped surface temperatures along twelve residential streets and compared the readings with tree-canopy coverage. Streets where mature trees shaded more of the pavement were cooler during the hottest hours, particularly on west-facing sidewalks that received intense late-day sun. The team also found that newly planted saplings provided little immediate cooling because their crowns were still small. This difference matters for heat-mitigation plans: planting young trees can improve future canopy, but preserving large existing trees can protect residents during current heat waves. The planners therefore recommended combining new planting with maintenance policies that reduce unnecessary removal of healthy mature trees. They also proposed placing new trees first along routes used by pedestrians, where shade can affect people directly rather than merely lowering temperatures in unused spaces.","Which choice best states the main idea of the text?","Newly planted trees cool streets as effectively as mature trees as long as they are placed on west-facing sidewalks.","West-facing sidewalks are the only parts of a neighborhood where preserving mature trees can reduce heat exposure.","Heat-mitigation plans can address present and future needs by preserving mature shade trees while also planting new trees strategically.","Because mature trees provide immediate shade, cities should stop planting saplings until existing canopy has been fully protected.","C","3","The passage distinguishes the immediate cooling supplied by mature trees from the future canopy supplied by saplings and recommends using both preservation and new planting. Choice C captures that combined strategy without overstating one location or rejecting new planting.","75","none","{}","","","","","","Central Ideas and Details","","rw,front,module1,passage:R001,arch:RW_CID_001,sim:rw_central_ideas_and_details_main_claim,fp:448ca7cc516d,surf:SURF_RW_CID_001,psim:rw_research_story_central_ideas_and_details_inferences,profile:D1"
"SAT_RW_20","split_batch_v9","20-front","all","SAT_RW_20_M1_Q09","RW","1","base","9","Information and Ideas","Central Ideas and Details","RW_CID_003","Identify main idea, key detail, or summary","polite conversation and concealed portrait history","Medium","1","multiple_choice","Mr. Ansel arrived at the framing shop to collect a portrait that had belonged to his sister. He expected a simple exchange: payment, receipt, and the wrapped canvas. Mrs. Vale, the framer, spoke cheerfully about the weather while folding brown paper around the frame. Yet each time she reached the portrait's lower corner, her hands slowed, and she checked the knot twice. Mr. Ansel noticed a thin pencil mark on the backing board, a date from three years earlier. When he asked about it, Mrs. Vale said only that the frame had been repaired before and returned to her workbench. Her voice remained light, but she turned the portrait face down. Mr. Ansel stopped reaching for his wallet. The ordinary politeness of the conversation now seemed less reassuring than deliberate, as though both people understood that the transaction involved a history neither was ready to describe directly.","What does the contrast between Mrs. Vale's cheerful conversation and her careful handling of the portrait most clearly emphasize?","Mrs. Vale dislikes framing work but continues it because she expects Mr. Ansel to pay quickly.","Mr. Ansel is more interested in discussing the weather than in learning about the portrait's repair history.","The portrait has been physically damaged by the way Mrs. Vale wraps it at the shop.","Mrs. Vale's polite manner appears to conceal or avoid a troubling aspect of the portrait's history.","D","4","Mrs. Vale keeps her voice light while slowing at the portrait, checking the knot twice, avoiding an explanation of the date, and turning the portrait face down. Those details make her cheerfulness seem deliberately evasive. The other choices are unsupported or contradict the scene.","75","none","{}","","","","","","Central Ideas and Details","","rw,front,module1,passage:E002,arch:RW_CID_003,sim:rw_central_ideas_and_details_contrast,fp:5018b20f65a2,surf:SURF_RW_CID_003,psim:rw_literature_excerpt_central_ideas_and_details_inferences,profile:D2"
"SAT_RW_20","split_batch_v9","20-front","all","SAT_RW_20_M1_Q10","RW","1","base","10","Information and Ideas","Command of Evidence","RW_COE_001","Use textual or quantitative evidence","biochar filtration of microplastic fibers","Medium","1","multiple_choice","Engineers testing filters for storm-drain outlets built two cartridges with the same outer mesh and fiber layers. One cartridge also contained a thin bed of biochar, a porous material that can trap small particles. Both cartridges received water carrying known concentrations of microplastic fibers at several flow rates. The biochar cartridge captured a larger share of the smallest fibers, while measurements at the outlet showed only a slight difference in water pressure between the two designs. After repeated runs, however, the biochar layer began to clog when the incoming water contained large amounts of leaf debris. The team therefore proposed using the material where routine maintenance is possible rather than treating it as a universal solution. Their main claim is narrower: under ordinary debris loads, adding biochar may improve capture of fine plastic fibers without substantially restricting discharge. A follow-up test will examine whether changing the biochar grain size preserves that balance for longer periods.","Which finding, if true, would most directly support the researchers' claim about adding biochar under ordinary debris loads?","With ordinary leaf debris, biochar cartridges captured 28 percent more very small fibers than control cartridges while outlet pressure was only 2 percent lower.","With unusually heavy leaf debris, biochar cartridges clogged sooner than control cartridges and required earlier cleaning.","For large plastic fibers, both cartridge types captured similar proportions during the first test run.","Before testing began, the biochar cartridges weighed more than the control cartridges because they contained an additional material.","A","1","The claim has two parts: biochar should improve capture of fine fibers without substantially restricting discharge under ordinary debris loads. Choice A supplies direct evidence for both parts. Choice B concerns the stated heavy-debris limitation, C addresses only large fibers, and D gives no performance result.","75","none","{}","","","","","","Command of Evidence","","rw,front,module1,passage:R005,arch:RW_COE_001,sim:rw_command_of_evidence_supporting_detail,fp:f961ac31270e,surf:SURF_RW_COE_001,psim:rw_research_story_command_of_evidence_inferences,profile:D2"
"SAT_RW_20","split_batch_v9","20-front","all","SAT_RW_20_M1_Q11","RW","1","base","11","Information and Ideas","Command of Evidence","RW_COE_003","Use textual or quantitative evidence","root channels and rain-garden infiltration","Medium","1","multiple_choice","Landscape researchers compared rain-garden plots planted with either shallow-rooted annuals or deeper-rooted native perennials. Before planting, they matched the plots for soil texture and measured similar infiltration rates. During the first two simulated storms, water drained at nearly the same speed in both groups. After a month of repeated wetting and drying, however, the perennial plots absorbed later storms more quickly and produced less surface overflow. Soil cores from those plots contained more continuous channels extending below 30 centimeters, while cores from the annual plots showed most fine roots near the surface. The researchers proposed that growing roots gradually altered the soil structure, helping water move downward during later storms. They did not rule out changes in soil organisms or organic matter, which could also affect drainage. To evaluate the root-channel explanation, the team sought evidence that links the development of deeper pathways specifically to the later improvement in infiltration.","Which finding, if true, would most directly support the researchers' root-channel explanation for the later improvement in infiltration?","Before planting, the perennial and annual plots had nearly identical infiltration rates when tested under the same simulated rainfall.","Among perennial plots, increases in continuous channels below 30 centimeters closely tracked increases in later infiltration even after initial soil texture was accounted for.","After a month, perennial plots produced less surface overflow than annual plots during the same simulated storms.","The perennial plots produced more flowers than the annual plots during the final week of the experiment.","B","2","The proposed mechanism is that deeper root channels help water move downward, so the strongest supporting result would link growth of those deeper channels to the later increase in infiltration while controlling for initial texture. Choice A supports baseline comparability, and C confirms the outcome, but neither directly connects the mechanism to the improvement. D is irrelevant.","75","none","{}","","","","","","Command of Evidence","","rw,front,module1,passage:R017,arch:RW_COE_003,sim:rw_command_of_evidence_cause_effect,fp:050410597e4b,surf:SURF_RW_COE_003,psim:rw_research_story_command_of_evidence_inferences,profile:D3"
"SAT_RW_20","split_batch_v9","20-front","all","SAT_RW_20_M1_Q12","RW","1","base","12","Information and Ideas","Inferences","RW_INF_010","Draw supported conclusions","a family thimble and reconsidering a building sale","Easy","1","multiple_choice","When Mr. Pell entered the tailor's back room, he expected Mrs. Doran to apologize for missing their appointment. Instead, she placed a small brass thimble on the table between them. He recognized it as one that had belonged to his mother, who had worked in the shop years earlier. Mrs. Doran did not explain where she had found it. She merely asked whether he still planned to sell the building. Mr. Pell picked up the thimble, turned it once in his fingers, and moved his chair away from the stack of sale papers. He then asked how many people currently worked upstairs and whether the roof still leaked near the cutting room. Mrs. Doran answered each question carefully without mentioning the sale again. By the time the kettle boiled, Mr. Pell had folded the papers and slipped them back into his coat, saying that he needed another week before making any decision.","Which inference about Mr. Pell is best supported by the text?","He has permanently decided not to sell the building because Mrs. Doran returned his mother's thimble.","He believes Mrs. Doran deliberately hid the thimble in order to force him to change the sale terms.","The thimble prompts him to reconsider making an immediate decision about the sale.","The condition of the roof is the only factor he intends to consider before selling the building.","C","3","After recognizing the thimble, Mr. Pell moves away from the sale papers, asks about the building, folds the papers, and asks for another week. Those actions support reconsideration rather than a permanent decision. The text does not establish manipulation by Mrs. Doran or make the roof his only concern.","75","none","{}","","","","","","Inferences","","rw,front,module1,passage:E007,arch:RW_INF_010,sim:rw_inferences_evidence_based_inference,fp:7856be3b795e,surf:SURF_RW_INF_010,psim:rw_literature_excerpt_central_ideas_and_details_inferences,profile:D1"
"SAT_RW_20","split_batch_v9","20-front","all","SAT_RW_20_M1_Q13","RW","1","base","13","Information and Ideas","Inferences","RW_INF_001","Draw supported conclusions","pottery production and exchange of decorative practices","Medium","1","multiple_choice","Archaeologists studying pottery from three settlements along an ancient river compared decorative styles with the chemical composition of the clay. Bowls from all three sites shared a distinctive band of angled lines, a pattern that might at first suggest that finished vessels were traded widely. Chemical tests complicated that picture. Most bowls at each settlement matched clay deposits found within a few kilometers of that site, even when their painted designs closely resembled bowls from farther upstream. A small number of vessels did contain clay from distant sources, so exchange of finished pottery clearly occurred on some occasions. Still, local clay dominated the sample at every settlement. The researchers argue that the shared decorative style need not reflect large-scale movement of pots themselves. It could instead indicate that potters, travelers, or copied examples carried design ideas between communities while most vessels continued to be made near where they were used.","Which inference is best supported by the pottery evidence described in the text?","Most finished pottery was transported from the upstream settlement to the other two communities.","The chemical results prove that potters themselves migrated regularly among all three settlements.","Decorative practices may have circulated among the settlements more widely than finished vessels did.","Every vessel made from distant clay was copied locally before it was used.","C","3","Most vessels were made from local clay even though decorative styles were shared, while only a small number used distant clay. This pattern supports the inference that design ideas could travel more widely than finished pots. The other choices claim routes or behaviors the evidence does not establish.","75","none","{}","","","","","","Inferences","","rw,front,module1,passage:R013,arch:RW_INF_001,sim:rw_inferences_contrast,fp:ce9dfcecb02e,surf:SURF_RW_INF_001,psim:rw_research_story_central_ideas_and_details_inferences,profile:D2"
"SAT_RW_20","split_batch_v9","20-front","all","SAT_RW_20_M1_Q14","RW","1","base","14","Information and Ideas","Inferences","RW_INF_002","Draw supported conclusions","an indirectly delivered letter and renewed family contact","Medium","1","multiple_choice","Nora reached the riverside gate before her cousin Ellis and found an envelope wedged beneath the latch. The paper bore her name in Aunt Celia's careful handwriting, though the return address belonged to Nora's brother, James, who had not answered her messages for months. She turned the envelope over but did not open it. From the house across the river came the tune James used to whistle while repairing boats, played now on a piano by someone who missed several notes. Ellis arrived and urged her to read the letter before the ferry came. Nora instead slipped it beneath a stone and said, ""If James wanted the first word to be his, Celia would not have written my name."" When the ferry bell rang, she left the envelope where it was but glanced back twice. Ellis picked it up only after Nora had boarded, then tucked it unopened into his own coat.","Which inference about Nora is best supported by the text?","She takes the familiar tune as proof that James is inside the house and therefore sees no reason to read the letter.","She assumes James is unable to write for himself and plans to wait until Ellis can help her understand the message.","She is mainly worried that the ferry will leave before she has enough time to read and answer the letter.","She doubts that the message represents an unmistakably direct attempt by James to contact her, so she resists treating it as his own first word.","D","4","Nora focuses on the fact that Aunt Celia wrote her name and says that James's first word should be his own. Her hesitation and backward glances show interest rather than indifference, but she does not accept the envelope as clearly direct contact from James. The other inferences go beyond or conflict with the details.","75","none","{}","","","","","","Inferences","","rw,front,module1,passage:E022,arch:RW_INF_002,sim:rw_inferences_cause_effect,fp:3fa2838bc2e7,surf:SURF_RW_INF_002,psim:rw_literature_excerpt_central_ideas_and_details_inferences,profile:D3"
"SAT_RW_20","split_batch_v9","20-front","all","SAT_RW_20_M1_Q15","RW","1","base","15","Standard English Conventions","Boundaries","SEC.BND","Boundaries","Colon after a complete lead-in","Easy","1","multiple_choice","While cataloging a box of ceramic fragments, the curator recorded three identifying features ____ clay color, rim thickness, and painted pattern. Those features were entered in the museum's catalog.","Which choice completes the text so that it conforms to the conventions of Standard English?",",",";",":","because","C","3","A colon is appropriate because the words before the blank form a complete independent clause and the material after the blank is a list of the three identifying features. A comma or semicolon cannot properly introduce this noun-phrase list, and ""because"" would create an incomplete dependent structure.","50","none","{}","","","","","","Boundaries","","rw,front,module1,sec,grammar,arch:SEC-BND-041,sim:SEC.BND:colon_after_independent_clause:A. minimal-context version,fp:ac23f3c2c3a3,ctx:CTX-GRM-002,tier:SEC1,grammar_family:colon_after_independent_clause,profile:D1"
"SAT_RW_20","split_batch_v9","20-front","all","SAT_RW_20_M1_Q16","RW","1","base","16","Standard English Conventions","Boundaries","SEC.BND","Boundaries","Commas in a series","Medium","1","multiple_choice","Mira brought a tape measure ____ a stopwatch, and a plastic launch-angle guide to the gym for every trial. She used each tool with all three paper-airplane designs.","Which choice completes the text so that it conforms to the conventions of Standard English?",";",":",",","—","C","3","The sentence lists three tools: a tape measure, a stopwatch, and a launch-angle guide. A comma is required between the first and second items. A semicolon, colon, or dash would incorrectly break a simple series.","50","none","{}","","","","","","Boundaries","","rw,front,module1,sec,grammar,arch:SEC-BND-056,sim:SEC.BND:series_parallel_punctuation:A. minimal-context version,fp:c0df427546e0,ctx:CTX-GRM-003,tier:SEC2,grammar_family:series_parallel_punctuation,profile:D2"
"SAT_RW_20","split_batch_v9","20-front","all","SAT_RW_20_M1_Q17","RW","1","base","17","Standard English Conventions","Boundaries","SEC.BND","Boundaries","Introductory dependent clauses","Medium","1","multiple_choice","Although divers saw fewer sea urchins near the northern edge of the reef after the storm ____ the central transects showed little change from the previous week's count.","Which choice completes the text so that it conforms to the conventions of Standard English?",";",":","—",",","D","4","The clause beginning with ""Although"" is dependent and introduces the independent clause that follows, so a comma should separate the introductory dependent clause from the main clause. A semicolon or colon requires a complete clause before it, and a dash is not the standard boundary here.","50","none","{}","","","","","","Boundaries","","rw,front,module1,sec,grammar,arch:SEC-BND-016,sim:SEC.BND:introductory_subordinate_clause:A. minimal-context version,fp:c529be46d983,ctx:CTX-GRM-053,tier:SEC2,grammar_family:introductory_subordinate_clause,profile:D2"
"SAT_RW_20","split_batch_v9","20-front","all","SAT_RW_20_M1_Q18","RW","1","base","18","Standard English Conventions","Boundaries","SEC.BND","Boundaries","Nonessential appositive information","Medium","1","multiple_choice","The city's Green Edge project mapped moss on shaded sidewalks in three districts. Leila Ortiz ____ presented the project's first results to the local planning board.","Which choice completes the text so that it conforms to the conventions of Standard English?","the project's lead ecologist",", the project's lead ecologist,","; the project's lead ecologist,",", the project's lead ecologist;","B","2","""The project's lead ecologist"" is a nonessential appositive identifying Leila Ortiz, so it must be set off with matching punctuation on both sides. Choice B supplies the paired commas. Choice A omits the boundaries, while C and D use a semicolon where it would incorrectly separate the subject or appositive from the main predicate.","50","none","{}","","","","","","Boundaries","","rw,front,module1,sec,grammar,arch:SEC-BND-027,sim:SEC.BND:nonessential_appositive:B. internal punctuation nearby,fp:1ff055343b68,ctx:CTX-GRM-001,tier:SEC2,grammar_family:nonessential_appositive,profile:D2"
"SAT_RW_20","split_batch_v9","20-front","all","SAT_RW_20_M1_Q19","RW","1","base","19","Standard English Conventions","Form, Structure, and Sense","SEC.FSS","Form, Structure, and Sense","Subject-verb agreement","Medium","1","multiple_choice","The library's renovation committee and its preservation architect, after reviewing the original brickwork and narrow windows, ____ responsible for approving any change to the reading room this month.","Which choice completes the text so that it conforms to the conventions of Standard English?","is","are","was","has been","B","2","The grammatical subject is the compound ""committee and ... architect,"" which is plural, so the plural verb ""are"" is required. The intervening phrase does not change the subject's number. ""Is,"" ""was,"" and ""has been"" are singular forms and do not agree with the compound subject.","50","none","{}","","","","","","Form, Structure, and Sense","","rw,front,module1,sec,grammar,arch:SEC-FSS-002,sim:SEC.FSS:subject_verb_agreement:B. intervening material,fp:09109d0ed297,ctx:CTX-GRM-010,tier:SEC2,grammar_family:subject_verb_agreement,profile:D2"
"SAT_RW_20","split_batch_v9","20-front","all","SAT_RW_20_M1_Q20","RW","1","base","20","Standard English Conventions","Form, Structure, and Sense","SEC.FSS","Form, Structure, and Sense","Pronoun case","Medium","1","multiple_choice","During the linguistics workshop, the instructor played a recording for Priya and ____ before asking the rest of the class to identify the shift from formal to casual speech.","Which choice completes the text so that it conforms to the conventions of Standard English?","I","myself","me","mine","C","3","The blank is part of the object of the preposition ""for"": the instructor played a recording for Priya and me. Therefore the objective-case pronoun ""me"" is required. ""I"" is subjective, ""myself"" is reflexive without a matching antecedent use, and ""mine"" is possessive.","50","none","{}","","","","","","Form, Structure, and Sense","","rw,front,module1,sec,grammar,arch:SEC-FSS-021,sim:SEC.FSS:pronoun_case:A. single-trap version,fp:89137ee9f6e2,ctx:CTX-GRM-007,tier:SEC2,grammar_family:pronoun_case,profile:D2"
"SAT_RW_20","split_batch_v9","20-front","all","SAT_RW_20_M1_Q21","RW","1","base","21","Standard English Conventions","Form, Structure, and Sense","SEC.FSS","Form, Structure, and Sense","Relative pronoun choice","Medium","1","multiple_choice","After several storms narrowed the beach, residents began a dune-restoration project using native grasses. Coastal residents invited Dr. Nia Patel, ____ to explain how root depth can affect sand retention after storms.","Which choice completes the text so that it conforms to the conventions of Standard English?","whom several neighborhood groups said they had consulted with before choosing native dune grass,","who several neighborhood groups said they had consulted with before choosing native dune grass,","who several neighborhood groups said they had consulted before choosing native dune grass,","whom several neighborhood groups said had consulted with them before choosing native dune grass,","A","1","In choice A, the relative pronoun refers to Dr. Nia Patel and serves as the object of ""with"" inside the embedded clause ""groups said they had consulted with ___,"" so objective-case ""whom"" is required. In B and C, ""who"" incorrectly fills an object role. In D, ""whom"" incorrectly fills the subject role of ""had consulted."" Determining the case therefore requires tracing the pronoun's role through the embedded clause.","50","none","{}","","","","","","Form, Structure, and Sense","","rw,front,module1,sec,grammar,arch:SEC-FSS-056,sim:SEC.FSS:relative_pronoun_choice:A. single-trap version,fp:6d9e364ccab8,ctx:CTX-GRM-023,tier:SEC3,grammar_family:relative_pronoun_choice,profile:D3"
"SAT_RW_20","split_batch_v9","20-front","all","SAT_RW_20_M1_Q22","RW","1","base","22","Expression of Ideas","Transitions","RW_TR_001","Select transition that logically connects ideas","public-use register shift","Medium","1","multiple_choice","Researchers tracked a shortened form of address in shop signs and in recorded conversations from the same neighborhood. The shortened form appeared in 68 percent of conversations but in only 19 percent of formal signs. ____ the team concluded that spoken usage was changing faster than public written usage.","Which choice most logically completes the text?","Similarly,","Therefore,","In particular,","Nevertheless,","B","2","The difference between conversational and formal-sign usage leads directly to the conclusion that spoken usage is changing faster, so ""Therefore"" expresses the needed result relation. The other transitions indicate similarity, illustration, or concession, none of which matches the movement.","50","none","{}","","","","","","Transitions","","rw,front,module1,passage:R010,arch:RW_TR_001,sim:rw_transitions_logical_link,fp:1a939736e975,surf:SURF_RW_TR_001,psim:rw_research_story_transitions_rhetorical_synthesis,profile:D2"
"SAT_RW_20","split_batch_v9","20-front","all","SAT_RW_20_M1_Q23","RW","1","base","23","Expression of Ideas","Transitions","RW_TR_008","Select transition that logically connects ideas","rail-station information during service disruptions","Medium","1","multiple_choice","Transit researchers compared pedestrian movement at a rail station under different service conditions. During normal service, updated digital boards had little effect on walking speed or route choice. ____ during unexpected platform changes, travelers near the updated boards changed direction earlier than travelers relying on static maps.","Which transition most clearly signals the relationship between the two service conditions?","By contrast,","For example,","Therefore,","In addition,","A","1","The text contrasts the small effect of updated boards during normal service with their larger effect during unexpected platform changes. ""By contrast"" directly marks that opposition. The other choices signal illustration, result, or simple addition.","50","none","{}","","","","","","Transitions","","rw,front,module1,passage:R034,arch:RW_TR_008,sim:rw_transitions_contrast,fp:778b5865d4da,surf:SURF_RW_TR_008,psim:rw_research_story_transitions_rhetorical_synthesis,profile:D2"
"SAT_RW_20","split_batch_v9","20-front","all","SAT_RW_20_M1_Q24","RW","1","base","24","Expression of Ideas","Transitions","RW_TR_009","Select transition that logically connects ideas","cold-weather electric-bus preheating","Medium","1","multiple_choice","Cold-weather trials showed that preheating electric-bus batteries while the buses remained plugged in increased starting range, but the benefit was small on mild mornings. The fleet team also wanted to avoid using electricity when preheating offered little advantage. ____ it scheduled preheating only when overnight temperatures were forecast to fall below 5°C.","Which choice best connects the fleet team's findings and goal to its scheduling decision?","Accordingly,","For instance,","However,","Meanwhile,","A","1","The team wants the range benefit in cold conditions while avoiding unnecessary energy use in mild conditions; scheduling preheating only below a temperature threshold follows from both points. ""Accordingly"" expresses that result. The other transitions suggest an example, a reversal, or simultaneous timing.","50","none","{}","","","","","","Transitions","","rw,front,module1,passage:R040,arch:RW_TR_009,sim:rw_transitions_cause_effect,fp:03318788229f,surf:SURF_RW_TR_009,psim:rw_research_story_transitions_rhetorical_synthesis,profile:D3"
"SAT_RW_20","split_batch_v9","20-front","all","SAT_RW_20_M1_Q25","RW","1","base","25","Expression of Ideas","Rhetorical Synthesis","RW_RS_001","Use notes to achieve a writing goal","morning light timing and student attention","Medium","1","multiple_choice","A student wants to emphasize evidence that an earlier morning light schedule improved attention without increasing total sleep time.

- A school study followed 120 students for two weeks.
- During one week, students spent 20 minutes outdoors within an hour of waking.
- During the outdoor-light week, first-period reaction times improved by 7 percent.
- Average total sleep duration was essentially unchanged between the two weeks.
- The researchers proposed that the timing of light exposure, rather than additional sleep, contributed to the attention change.","Which choice most effectively uses the notes to accomplish the student's stated goal?","The school study followed 120 students for two weeks and included a week in which students spent time outdoors after waking.","Students in the study slept substantially longer during the outdoor-light week, which explains their faster first-period responses.","The outdoor-light schedule shifted students' mornings, but the researchers did not measure first-period attention during the study.","During the outdoor-light week, first-period reaction times improved by 7 percent even though total sleep duration was essentially unchanged, supporting a timing-based explanation.","D","4","The goal is to emphasize evidence that attention improved without additional sleep. Choice D directly combines the 7 percent reaction-time improvement with unchanged sleep duration. A omits the key comparison, while B and C contradict the notes.","65","none","{}","","","","","","Rhetorical Synthesis","","rw,front,module1,passage:R004,arch:RW_RS_001,sim:rw_rhetorical_synthesis_revision_goal,fp:1023e752b464,surf:SURF_RW_RS_001,psim:rw_research_story_transitions_rhetorical_synthesis,profile:D2"
"SAT_RW_20","split_batch_v9","20-front","all","SAT_RW_20_M1_Q26","RW","1","base","26","Expression of Ideas","Rhetorical Synthesis","RW_RS_009","Use notes to achieve a writing goal","print and tablet reading navigation","Medium","1","multiple_choice","A student wants to contrast how readers navigated two formats without suggesting that either format improved comprehension.

- Sixty-four students read the same 2,000-word essay.
- Half read a printed copy; half read the essay on a tablet.
- Comprehension scores were similar for the two groups.
- Tablet readers used the search function more often.
- Print readers more often turned back to reread an earlier page.","Which sentence best fulfills the student's goal using the information in the notes?","Tablet readers earned higher comprehension scores because they could search the essay more often than print readers could.","Print readers often turned back to earlier pages, a behavior that made print the more effective format overall.","The two groups used essentially the same navigation strategies, and their comprehension scores were also similar.","Although comprehension scores were similar, tablet readers searched within the essay more often, whereas print readers more often reread earlier pages.","D","4","The goal calls for a contrast in navigation without claiming a comprehension advantage. Choice D does exactly that while accurately noting similar scores. Choices A and B invent performance advantages, and C erases the documented navigation difference.","65","none","{}","","","","","","Rhetorical Synthesis","","rw,front,module1,passage:R016,arch:RW_RS_009,sim:rw_rhetorical_synthesis_contrast,fp:5e885b78d0a6,surf:SURF_RW_RS_009,psim:rw_research_story_transitions_rhetorical_synthesis,profile:D2"
"SAT_RW_20","split_batch_v9","20-front","all","SAT_RW_20_M1_Q27","RW","1","base","27","Expression of Ideas","Rhetorical Synthesis","RW_RS_008","Use notes to achieve a writing goal","air-filter maintenance and classroom particle levels","Medium","1","multiple_choice","A student wants to use a specific result to show why filter maintenance mattered for classroom air quality.

- Portable air cleaners were installed in twelve classrooms.
- Particle levels fell by about 35 percent during the first week.
- After six weeks, classrooms with biweekly filter changes maintained a 32 percent reduction.
- Classrooms whose filters were not changed maintained only a 12 percent reduction.
- Fan settings were the same across classrooms.","Which choice best uses a specific result from the notes to demonstrate the importance of filter maintenance?","With fan settings held constant, classrooms receiving biweekly filter changes maintained a 32 percent particle reduction after six weeks, compared with 12 percent where filters were not changed.","Particle levels fell by about 35 percent during the first week after portable air cleaners were installed in the classrooms.","Classrooms with lower fan settings maintained cleaner air because their filters were changed more frequently.","The study installed portable air cleaners in twelve classrooms but did not compare particle levels after the first week.","A","1","Choice A directly compares maintained particle reductions after six weeks while noting that fan settings were constant, isolating filter changes as the relevant difference. B describes only the initial improvement, and C and D conflict with the notes.","65","none","{}","","","","","","Rhetorical Synthesis","","rw,front,module1,passage:R022,arch:RW_RS_008,sim:rw_rhetorical_synthesis_supporting_detail,fp:02462a167ca5,surf:SURF_RW_RS_008,psim:rw_research_story_transitions_rhetorical_synthesis,profile:D2"
"SAT_RW_20","RW_SPLIT_V9","20_BACK","650-800","SAT_RW_20_M2_Q01","RW","2","hard","1","Craft and Structure","Words in Context","RW_WIC_007","Determine meaning or function of a word/phrase in context","claim_function","Hard","1","multiple_choice","Marine ecologists testing a new coral-restoration method attached nursery-grown fragments to matched reef plots with biodegradable ceramic sleeves. During the first six months, sleeved fragments expanded tissue faster than fragments fixed with conventional cement at both sheltered and wave-exposed sites. By the end of the warm season, however, survival differed sharply by depth: the early advantage persisted on deeper ledges but nearly disappeared on shallow plots that experienced bleaching. That summer included an unusually long heat wave, and the team had not yet repeated the trial in a cooler year or on another reef. The researchers therefore describe the coral fragments’ growth advantage under the sleeve treatment as tentative. They note that early growth was consistent across wave exposure, yet they avoid claiming that the method increases long-term coral cover under all thermal conditions. A second year will show whether the surviving fragments retain their advantage after temperatures moderate and storm damage alters the reef surface.","Which choice best describes the function of tentative in the passage?","It distinguishes the ceramic sleeves from conventional cement by emphasizing that the sleeves are designed to break down.","It indicates that the shallow-reef measurements were collected less carefully than the measurements from deeper ledges.","It limits the force of the researchers’ claim because the apparent advantage has not yet been tested across contrasting years and reefs.","It suggests that the researchers expect heat stress to erase the sleeve’s early growth advantage during the next season.","C","3","Tentative limits how strongly the researchers present the finding. The method showed an advantage, but the trial covered one reef and an unusually hot season, so broader long-term success remains untested. The other choices attach the qualification to sleeve durability, measurement quality, or a specific forecast that the passage does not make.","75","none","{}","","","","","","Words in Context","claim_function","rw;module:2;passage:R003;sim:m2_wic_claim_scope;fp:c7da869e92ba;wic;hard_vocab;arch:WIC_CLAIM_FUNCTION_01;surface_arch:RW_WIC_007;family:claim_function;vocab:HV_119;tier:V3;target:tentative"
"SAT_RW_20","RW_SPLIT_V9","20_BACK","650-800","SAT_RW_20_M2_Q02","RW","2","hard","2","Craft and Structure","Words in Context","RW_WIC_008","Determine meaning or function of a word/phrase in context","relation_function","Hard","1","multiple_choice","A transit agency compared passenger boarding times at bus stops where riders formed a single line with times at stops where riders clustered near several doors. At lightly used stops, the two arrangements produced nearly identical dwell times. At crowded downtown stops, however, the single-line arrangement reduced jostling but lengthened the distance many riders had to walk before reaching an open door. Boarding was fastest when staff marked several short queues aligned with the doors, especially when passengers could see which door had space. The agency’s analysts infer that crowd organization matters less when demand is low than when many riders arrive together. A corollary is that the marked-queue boarding advantage seen at crowded stops may disappear if the same design is transferred unchanged to a corridor with a different passenger volume. The report therefore recommends testing boarding arrangements under the passenger volumes for which they are intended rather than selecting one pattern as universally superior.","Which choice best explains the role of corollary in connecting the passage’s ideas?","It introduces an exception showing that marked queues become less useful as passenger volume increases.","It presents a further inference that follows from the finding that a queue design’s effectiveness changes with passenger demand.","It identifies the staff members’ markings as a competing explanation for the differences in boarding time.","It returns to the quiet-stop results to argue that boarding arrangements have roughly the same effect across routes.","B","2","The sentence before corollary states that crowd organization matters differently at low and high demand. The corollary draws a further implication from that pattern: a design that works on a quiet route may not transfer well to a busy one. It is not an exception, a new causal explanation, or a claim of uniform effects.","75","none","{}","","","","","","Words in Context","relation_function","rw;module:2;passage:R009;sim:m2_wic_derived_relation;fp:55f165474b05;wic;hard_vocab;arch:WIC_RELATION_FUNCTION_01;surface_arch:RW_WIC_008;family:relation_function;vocab:HV_227;tier:V4;target:corollary"
"SAT_RW_20","RW_SPLIT_V9","20_BACK","650-800","SAT_RW_20_M2_Q03","RW","2","hard","3","Craft and Structure","Words in Context","RW_WIC_011","Determine meaning or function of a word/phrase in context","tonal_effect","Hard","1","multiple_choice","Archaeologists comparing painted storage jars from two settlements initially argued that a shared spiral motif reflected direct exchange between the communities. Clay analysis supported contact: several jars at the eastern settlement were made from western clay. Yet the painted spirals appeared on many locally made vessels as well, including pieces produced before the imported jars arrived. They found potters in both settlements used similar reed tools capable of producing the same curved marks independently. The imported jars and locally made spirals together temper the team’s original interpretation of the painted motif. The evidence still indicates movement of some vessels between the settlements, but the motif alone cannot show that every decorated jar traveled through exchange. Instead, the researchers separate two claims that had first seemed inseparable: containers could circulate between communities while a visual convention could also spread through imitation, shared tools, or parallel experimentation. The revised account preserves evidence for contact without making decoration a direct map of trade.","Which choice best describes how temper shapes the researchers’ presentation of their original interpretation?","It makes the interpretation more restrained by preserving evidence of exchange while limiting what the spiral motif can establish about that exchange.","It shifts the interpretation toward certainty that potters at the two settlements developed the spiral motif independently.","It treats the imported jars as unreliable evidence and redirects attention entirely to the reed tools used for painting.","It strengthens the interpretation by presenting the shared motif as more decisive evidence of trade than the clay analysis.","A","1","The later evidence does not eliminate the possibility of exchange, but it reduces how much the shared motif alone can prove. Temper therefore captures a controlled qualification of the original interpretation. The other choices claim certainty, discard relevant evidence, or intensify confidence, none of which matches the passage’s revised account.","75","none","{}","","","","","","Words in Context","tonal_effect","rw;module:2;passage:R063;sim:m2_wic_qualified_interpretation;fp:819e527ece35;wic;hard_vocab;arch:WIC_TONAL_EFFECT_01;surface_arch:RW_WIC_011;family:tonal_effect;vocab:HV_123;tier:V4;target:temper"
"SAT_RW_20","RW_SPLIT_V9","20_BACK","650-800","SAT_RW_20_M2_Q04","RW","2","hard","4","Craft and Structure","Words in Context","RW_WIC_006","Determine meaning or function of a word/phrase in context","precision_effect","Hard","1","multiple_choice","Engineers evaluating microplastic filters tested screens with several mesh sizes in channels carrying the same mixture of water, leaves, sand, and plastic fragments. The finest screen captured the greatest share of particles smaller than one millimeter, but it also clogged fastest when leaf debris was abundant. A medium screen captured fewer tiny particles yet maintained a steadier flow during long runs. When the engineers added a settling chamber upstream, the fine screen clogged less often because heavier debris dropped out before reaching it. Those capture and discharge results circumscribe the claim that finer mesh is simply more effective. Fineness improved particle capture under controlled loads, but overall performance also depended on debris composition and pretreatment. The researchers therefore compare filter designs by both capture and sustained discharge rather than by particle retention alone. A screen that excels during a short clean-water test may not remain the best option in an outlet receiving variable storm debris.","Which choice best explains what circumscribe adds to the sentence about the original claim?","It indicates that the new tests replace the earlier claim with a separate claim about settling chambers.","It specifies that the evidence narrows the conditions under which finer mesh counts as more effective rather than simply weakening the claim in a general way.","It suggests that the researchers physically restricted the plastic fragments to a smaller section of each test channel.","It portrays the clogging observed with fine mesh as an incidental problem unrelated to how filter effectiveness should be judged.","B","2","The passage retains part of the original claim—fine mesh can improve capture—but limits its scope by showing that clogging and pretreatment affect overall performance. Circumscribe precisely conveys that narrowing. The other choices describe replacement, physical confinement, or irrelevance, none of which fits the reasoning.","75","none","{}","","","","","","Words in Context","precision_effect","rw;module:2;passage:R105;sim:m2_wic_precision_narrowing;fp:21b9ed532c15;wic;hard_vocab;arch:WIC_PRECISION_EFFECT_01;surface_arch:RW_WIC_006;family:precision_effect;vocab:HV_169;tier:V4;target:circumscribe"
"SAT_RW_20","RW_SPLIT_V9","20_BACK","650-800","SAT_RW_20_M2_Q05","RW","2","hard","5","Craft and Structure","Text Structure and Purpose","RW_TSP_001","Analyze structure or purpose","purpose_sentence","Hard","1","multiple_choice","Marine biologists tracking harbor porpoises wanted to know whether vessel noise changes where the animals feed. Hydrophones near a shipping lane recorded both porpoise clicks and engine sound, but the loudest hours also coincided with stronger tidal currents, which can move fish schools. The team therefore added a second set of hydrophones behind a rocky headland where current strength was similar but vessel noise was much lower. <u>Comparing the two locations allowed the researchers to separate a change associated with passing ships from one that merely followed the tide.</u> Porpoise feeding clicks declined near the lane during noisy periods but remained steady behind the headland at comparable current speeds. The pattern did not establish that every vessel caused avoidance; some quiet boats passed without an obvious response. Still, the comparison narrowed the explanation for the repeated decline and gave the researchers a basis for testing whether engine intensity, vessel speed, or another feature of traffic mattered most.","Which choice best describes the function of the underlined sentence in the passage?","It explains why the researchers treated tidal current as the direct cause of changes in porpoise feeding clicks.","It introduces the limitation that some quiet vessels passed without producing an observable porpoise response.","It explains how the second recording location helps distinguish an effect associated with vessel noise from an effect associated with tidal conditions.","It identifies the three traffic variables that the researchers plan to compare in the next phase of the study.","C","3","The underlined sentence states why the headland comparison matters: current strength is similar there while vessel noise is lower, so the comparison helps separate the two possible influences. The other choices refer to later limitations or future variables, or they reverse the passage by treating current as established as the cause.","75","none","{}","","","","","","Text Structure and Purpose","purpose_sentence","rw;module:2;passage:R021;sim:m2_tsp_control_function;fp:ef99d1ef2364;arch:RW_TSP_001;surface_arch:SURF_RW_TSP_001;underline"
"SAT_RW_20","RW_SPLIT_V9","20_BACK","650-800","SAT_RW_20_M2_Q06","RW","2","hard","6","Craft and Structure","Text Structure and Purpose","RW_TSP_011","Analyze structure or purpose","contrast","Hard","1","multiple_choice","When Mara returned to the small railway office, she expected the clerk to recognize the blue envelope she had carried there the week before. Instead, he studied the postmark, placed the envelope beneath a ledger, and asked whether she had come about the missing trunk. Mara almost corrected him. Then she noticed a strip of blue paper protruding from the ledger’s middle pages, the same unusual shade as her envelope. She answered his question without mentioning it. The clerk grew more cordial, explaining at length how luggage was tagged after evening trains, yet his hand remained on the ledger whenever Mara glanced toward it. As she prepared to leave, he volunteered that old correspondence was routinely burned each Friday. Mara thanked him and stepped outside before the office clock struck noon. Only then did she take from her pocket the receipt showing that the envelope had been delivered on Saturday, a day after the clerk claimed such papers were destroyed.","Which choice best describes the overall structure of the passage?","It begins with a seemingly routine encounter, accumulates details that make the clerk’s behavior increasingly suspicious, and ends with evidence that sharpens the unresolved tension.","It begins with Mara’s expectation of recognition, shifts to the clerk’s explanation of luggage procedures, and ends by resolving where her envelope went.","It alternates between Mara’s and the clerk’s private perspectives before showing that each interprets the same receipt differently.","It opens with the clerk’s claim about old correspondence, then reconstructs Mara’s earlier visit, and concludes with Mara openly challenging the clerk.","A","1","The passage moves from Mara’s ordinary expectation to increasingly suspicious details—the hidden blue paper, the clerk’s guarded hand, and his unsolicited claim—before the receipt contradicts that claim without resolving the mystery. The other descriptions use real details but misstate the order, perspective, or degree of resolution.","75","none","{}","","","","","","Text Structure and Purpose","contrast","rw;module:2;passage:E021;sim:m2_tsp_suspicion_structure;fp:4e7f3adb77b3;arch:RW_TSP_011;surface_arch:SURF_RW_TSP_011"
"SAT_RW_20","RW_SPLIT_V9","20_BACK","650-800","SAT_RW_20_M2_Q07","RW","2","hard","7","Craft and Structure","Text Structure and Purpose","RW_TSP_012","Analyze structure or purpose","cause_effect","Hard","1","multiple_choice","A museum tested two kinds of labels beside a display of ancient glass. One label emphasized manufacturing techniques; the other described how merchants moved glass across ports and inland markets. Visitors wearing optional tracking badges spent longer near cases with the trade-focused label, but they also entered that gallery earlier in their visit, when they may have been less tired. In a second gallery, the museum reversed the order of the displays while keeping object type, label length, and type size comparable. <u>The trade-focused label still drew longer stops even when visitors encountered it later.</u> Exit interviews added a complication: visitors often remembered the manufacturing details more accurately, despite spending less time beside those labels. The museum therefore distinguished attention from recall rather than treating one as a substitute for the other. The follow-up did not show that trade narratives are always better labels; it showed that the longer viewing time could not be explained simply by gallery order.","What role does the underlined sentence play in the researchers’ reasoning?","It reports a follow-up result that weakens gallery order as an explanation for the longer stops beside the trade-focused label.","It provides evidence that the trade-focused label improved factual recall more than the manufacturing-focused label did.","It shows that the tracking badges caused visitors to spend more time near the trade-focused display.","It establishes that display order and label content produced essentially the same pattern of visitor behavior.","A","1","By reversing display order and still finding longer stops for the trade-focused label, the follow-up makes simple gallery order a less adequate explanation of the viewing-time difference. The later recall result points in another direction, and the passage does not attribute the effect to tracking badges or say that order and content had the same effect.","75","none","{}","","","","","","Text Structure and Purpose","cause_effect","rw;module:2;passage:R033;sim:m2_tsp_followup_function;fp:e6f40ec8682d;arch:RW_TSP_012;surface_arch:SURF_RW_TSP_012;underline"
"SAT_RW_20","RW_SPLIT_V9","20_BACK","650-800","SAT_RW_20_M2_Q08","RW","2","hard","8","Craft and Structure","Cross-Text Connections","RW_CTC_006","Compare claims across paired texts","paired_text_relation","Hard","1","multiple_choice","Text 1:
Warehouse robots often handle objects whose shapes are not known in advance. Grippers made from soft, flexible materials can spread pressure across a surface instead of concentrating it at a few contact points. That compliance lets one gripper lift tomatoes, irregular packages, and other delicate items without a separate rigid tool for each shape. For sorting lines that change products frequently, reducing tool changes can matter as much as maximizing the force of any single grasp.

Text 2:
Flexibility is useful, but a gripper that deforms too readily can lose control when an object is dense or when its center of mass is off to one side. Engineers can address that problem with variable-stiffness fingers that remain compliant while first contacting an object and then become firmer once the object is secured. Such designs preserve some adaptability while adding the positional control needed for heavier or uneven loads.","Based on the texts, how would the author of Text 2 most likely respond to Text 1’s discussion of compliant grippers?","The author would agree that compliance helps with unfamiliar shapes but argue that Text 1 overextends that benefit by treating reduced tool changes as the main priority across sorting tasks.","The author would accept that soft contact can reduce concentrated pressure but maintain that grippers should become rigid before they first touch an object.","The author would infer that dense objects require separate rigid tools, making adaptable grippers unsuitable whenever loads are uneven.","The author would agree that compliance improves adaptability but add that adjustable stiffness can preserve that benefit while improving control for heavier or uneven objects.","D","4","Text 2 accepts the adaptability benefit emphasized in Text 1 but qualifies it: excessive flexibility can reduce control, and variable stiffness can combine compliant contact with firmer holding. The other choices overstate disagreement, move stiffening to the wrong stage, or replace the proposed adjustable design with separate rigid tools.","75","none","{}","","","","","","Cross-Text Connections","paired_text_relation","rw;module:2;passage:R018;sim:m2_ctc_compliance_qualification;fp:3b45a9894ef3;arch:RW_CTC_006;surface_arch:SURF_RW_CTC_006;paired_text"
"SAT_RW_20","RW_SPLIT_V9","20_BACK","650-800","SAT_RW_20_M2_Q09","RW","2","hard","9","Information and Ideas","Central Ideas and Details","RW_CID_001","Identify main idea, key detail, or summary","main_claim","Hard","1","multiple_choice","City planners often count tree-canopy coverage as a neighborhood-wide measure, but pedestrian heat exposure depends on where that canopy falls. In one summer survey, researchers mapped shade along walking routes at noon and compared those maps with temperatures measured at sidewalk height. Blocks with the same overall canopy percentage could differ by several degrees along the paths people actually used. Trees planted over parking lots increased the neighborhood canopy total but did little for walkers, whereas smaller rows of street trees shaded long stretches of pavement. The study also found that dense canopy beside narrow buildings sometimes slowed nighttime cooling, so locations that were comfortable at midday were not always the coolest after sunset. The researchers argue that canopy percentage remains useful for tracking broad change, but heat-reduction plans should also consider the timing and placement of shade. A city can therefore increase its tree cover without giving every pedestrian route the same thermal benefit.","Which choice best states the main idea of the passage?","Neighborhood canopy percentages obscure pedestrian heat exposure so substantially that they are unsuitable for tracking changes in urban tree cover.","Canopy coverage is useful as a broad measure, but pedestrian cooling depends on where and when shade occurs, making placement important for heat-reduction planning.","Trees planted over parking lots produce greater pedestrian cooling than street trees because they increase a neighborhood’s total canopy percentage.","Nighttime cooling in tree-covered neighborhoods is driven primarily by building width rather than by the placement of canopy.","B","2","The passage keeps canopy percentage as a useful broad measure while showing that the location and timing of shade determine the benefit walkers experience. The other choices discard the broad metric, reverse the parking-lot comparison, or elevate one nighttime detail into the passage’s main claim.","75","none","{}","","","","","","Central Ideas and Details","main_claim","rw;module:2;passage:R001;sim:m2_cid_measure_placement;fp:6f43b5a4fc01;arch:RW_CID_001;surface_arch:SURF_RW_CID_001"
"SAT_RW_20","RW_SPLIT_V9","20_BACK","650-800","SAT_RW_20_M2_Q10","RW","2","hard","10","Information and Ideas","Central Ideas and Details","RW_CID_003","Identify main idea, key detail, or summary","contrast","Hard","1","multiple_choice","Near breakfast time, Tomas entered the inn’s front room carrying an unsigned note he had found beneath his door. He held it lightly and joked that some guest had mistaken him for a messenger, but he did not leave the paper on the desk when the clerk offered to discard it. Instead, he folded it twice and slipped it inside his coat. Conversation around him remained cheerful until a shawl slid from a chair, revealing a second envelope of the same unusual paper. The clerk stopped speaking for a moment; Tomas, who had been laughing, asked whose chair it was. No one answered directly. He returned the unsigned note to his pocket without opening it and finished his coffee more slowly than before. The room’s ordinary bustle resumed, yet Tomas watched each person who passed the chair. What he had treated as a harmless mistake now seemed connected to a concern the others were unwilling to name.","Which choice best states the central idea of the passage?","Tomas becomes less concerned about the unsigned note after the clerk offers to discard it and the room returns to its usual bustle.","Tomas’s attitude shifts from casual amusement to suspicion as he notices that other people react evasively to a related envelope.","The inn’s guests deliberately conceal a second message from Tomas because they know what the unsigned note says.","Tomas concludes that the clerk wrote both notes because the clerk pauses when the second envelope is uncovered.","B","2","Tomas initially jokes about the note, but the second envelope, the clerk’s silence, and the group’s evasiveness change his attitude to suspicion. The passage does not show that anyone knows the notes’ contents or that Tomas identifies an author, and his concern increases rather than decreases.","75","none","{}","","","","","","Central Ideas and Details","contrast","rw;module:2;passage:E005;sim:m2_cid_attitude_shift;fp:fe4e23c0e742;arch:RW_CID_003;surface_arch:SURF_RW_CID_003"
"SAT_RW_20","RW_SPLIT_V9","20_BACK","650-800","SAT_RW_20_M2_Q11","RW","2","hard","11","Information and Ideas","Central Ideas and Details","RW_CID_012","Identify main idea, key detail, or summary","evidence_based_inference","Hard","1","multiple_choice","Honeybees can use both visual landmarks and patterns of polarized light in the sky to orient themselves. To examine how the cues interact, researchers trained bees to reach a feeder beside a distinctive row of stones, then released them from unfamiliar locations under different sky conditions. On clear days, many bees initially flew in the compass direction predicted by polarized light before adjusting toward the feeder after encountering familiar terrain. Under a filter that disrupted the polarization pattern, bees wandered longer, yet those released near the stone row eventually approached the feeder from the trained direction. When the researchers moved the stones, some bees followed the displaced landmark even though the sky cue still pointed elsewhere. The results indicate that bees do not rely on one navigation system in every circumstance. Instead, the influence of each cue changes with what information is available and with how close the bee is to recognizable features of the learned route.","Which choice best states the passage’s conclusion about how the bees navigate?","Polarized light determines a bee’s route whenever the sky is clear, so familiar landmarks become unnecessary after release.","Moved landmarks become the dominant navigational cue whenever they conflict with information from the sky.","Disrupting polarized light prevents successful navigation unless the familiar stone row remains in its original location.","The relative influence of sky cues and landmarks changes with cue availability and with the bee’s proximity to familiar features.","D","4","The experiments show different cues dominating at different moments and under different conditions: sky information often guides initial travel, while landmarks can redirect bees near familiar terrain. The other choices turn those conditional patterns into categorical rules not supported by the results.","75","none","{}","","","","","","Central Ideas and Details","evidence_based_inference","rw;module:2;passage:R002;sim:m2_cid_cue_weighting;fp:8234a528fb24;arch:RW_CID_012;surface_arch:SURF_RW_CID_012"
"SAT_RW_20","RW_SPLIT_V9","20_BACK","650-800","SAT_RW_20_M2_Q12","RW","2","hard","12","Information and Ideas","Command of Evidence","RW_COE_001","Use textual or quantitative evidence","supporting_detail","Hard","1","multiple_choice","Engineers testing filters for storm-water outlets were concerned that very fine screens could trap small plastic fragments while also slowing discharge enough to cause upstream pooling. They built four channels with identical pumps and added different combinations of a settling chamber and screen. Each channel received the same mixture of water, sand, leaves, and plastic fragments ranging from 0.3 to 3 millimeters. After ten runs per channel, the team measured the percentage of plastic fragments retained and the average flow rate through the outlet. The researchers expected a settling chamber to remove some heavy debris before water reached the screen, reducing blockage at the finer mesh. Their conclusion was that pairing the settling chamber with a fine screen improved plastic capture while preserving more flow than the fine screen alone. The table summarizes the average results. The identical pumps and input mixtures make the capture and flow differences among the four channel designs directly comparable.","Which finding from the table most directly supports the researchers’ conclusion about pairing a settling chamber with a fine screen?","The coarse screen alone retained 48% of plastic fragments while sustaining a flow rate of 10.5 liters per minute.","The fine screen alone retained 76% of plastic fragments while sustaining a flow rate of 7.4 liters per minute.","The settling chamber plus fine screen retained 88% of fragments at 9.1 liters per minute, compared with 76% at 7.4 liters per minute for the fine screen alone.","The settling chamber plus coarse screen retained 62% of fragments at 10.2 liters per minute, compared with 48% at 10.5 liters per minute for the coarse screen alone.","C","3","The conclusion concerns both improved capture and preserved flow relative to the fine screen alone. The settling-chamber-plus-fine configuration increases retention from 76% to 88% while raising flow from 7.4 to 9.1 L/min, so choice C directly supplies evidence for both parts of the conclusion.","75","table","{}","| Configuration | Plastic fragments retained | Average flow rate (L/min) |
|---|---:|---:|
| Coarse screen only | 48% | 10.5 |
| Fine screen only | 76% | 7.4 |
| Settling chamber + fine screen | 88% | 9.1 |
| Settling chamber + coarse screen | 62% | 10.2 |","","","","","Command of Evidence","supporting_detail","rw;module:2;passage:R005;sim:m2_coe_filter_capture_flow;fp:a5e733b0fe2e;arch:RW_COE_001;surface_arch:SURF_RW_COE_001;quantitative_evidence"
"SAT_RW_20","RW_SPLIT_V9","20_BACK","650-800","SAT_RW_20_M2_Q13","RW","2","hard","13","Information and Ideas","Command of Evidence","RW_COE_011","Use textual or quantitative evidence","evidence_based_inference","Hard","1","multiple_choice","A city redesigned several curbside rain gardens to determine whether basin layout affects how quickly water leaves the street after storms. Engineers kept the total planted area and soil volume constant but compared a single deeper basin with two shallower basins connected along the same block. Sensors recorded how long water remained ponded beside the curb after simulated storms of three intensities. The team reasoned that two entry points might distribute moderate runoff more evenly, but during very large storms both layouts could approach the soil’s infiltration limit. Their conclusion was correspondingly narrow: splitting the basin reduced street ponding after medium storms, but the advantage largely disappeared when rainfall was greatest. The table reports the median ponding time across repeated trials. Because the study held soil composition, planted area, and total storage volume constant, the comparison isolates the effect of distributing that capacity between one basin and two.","Which result in the table provides the strongest evidence for the team’s qualified claim about basin layout?","After 20 mm of rainfall, ponding lasted 18 minutes with one deep basin and 14 minutes with two shallow basins.","After 70 mm of rainfall, ponding lasted 91 minutes with one deep basin and 88 minutes with two shallow basins.","At 40 mm, two shallow basins reduced ponding from 52 to 31 minutes, whereas at 70 mm the two layouts produced similar times of 88 and 91 minutes.","Ponding with one deep basin increased from 18 minutes after 20 mm of rainfall to 91 minutes after 70 mm.","C","3","The claim has two parts: the split layout helps at a medium storm but offers little advantage at the largest storm. Choice C directly pairs the 40 mm improvement with the near-equal 70 mm results, whereas the other choices establish only one portion of that qualified conclusion or describe a general rainfall trend.","75","table","{}","| Simulated rainfall | One deep basin: ponding time | Two shallow basins: ponding time |
|---|---:|---:|
| 20 mm | 18 min | 14 min |
| 40 mm | 52 min | 31 min |
| 70 mm | 91 min | 88 min |","","","","","Command of Evidence","evidence_based_inference","rw;module:2;passage:R017;sim:m2_coe_basin_qualified_data;fp:8abf6e782915;arch:RW_COE_011;surface_arch:SURF_RW_COE_011;quantitative_evidence"
"SAT_RW_20","RW_SPLIT_V9","20_BACK","650-800","SAT_RW_20_M2_Q14","RW","2","hard","14","Information and Ideas","Inferences","RW_INF_010","Draw supported conclusions","evidence_based_inference","Hard","1","multiple_choice","Archaeologists excavating an inland market town found storage jars made from clay that geochemical analysis linked to workshops near the coast, nearly two hundred kilometers away. Several jars contained traces of marine fish oil, consistent with goods that could have traveled inland from coastal ports. Other coastal-clay jars, however, showed a different sequence: fish-oil residue lay beneath later deposits of barley starch, and patches inside the rims indicated that the vessels had been repaired before the barley was stored. Local-clay jars from the same market contained barley residue but no fish oil. The archaeologists also found coastal-style repair staples made from metal sourced near the inland town rather than the coast. Taken together, the evidence suggests that at least some imported containers remained useful after their original contents were consumed. The jars were not merely markers of a single shipment; their material histories record additional handling and reuse after they reached the inland community.","Which choice most logically follows from the evidence about the coastal-clay jars?","The coastal-clay jars were generally discarded once their fish-oil contents had been consumed at the inland market.","Inland residents repaired imported jars using metal brought from the same coastal region as the jars’ clay.","Barley was stored in the coastal-clay jars before fish oil, indicating that the vessels first traveled from inland areas toward the coast.","Some imported jars likely served new storage roles after arriving inland rather than being discarded after their original contents were removed.","D","4","Fish-oil residue beneath later barley starch, combined with inland-sourced repairs, indicates use after the jars reached the inland town. This supports reuse for new storage roles. The other choices conflict with the residue order, the metal sourcing, or the evidence that repaired jars continued in use.","75","none","{}","","","","","","Inferences","evidence_based_inference","rw;module:2;passage:R013;sim:m2_inf_container_reuse;fp:5eff745578d6;arch:RW_INF_010;surface_arch:SURF_RW_INF_010"
"SAT_RW_20","RW_SPLIT_V9","20_BACK","650-800","SAT_RW_20_M2_Q15","RW","2","hard","15","Information and Ideas","Inferences","RW_INF_002","Draw supported conclusions","cause_effect","Hard","1","multiple_choice","A transit authority tested bilingual wayfinding signs in a station used by both local commuters and international travelers. One version placed the two languages in equal-sized lines beneath a large route number; another used smaller translated text in a separate panel; a third showed only the local language but added standardized destination icons. Travelers unfamiliar with the station reached platforms fastest with the equal-line bilingual signs. The separate-panel signs reduced wrong turns compared with local-language-only signs, but users often paused to scan between panels. Icons helped travelers locate elevators and exits, yet they did little when several platforms shared similar symbols. Frequent local commuters showed almost no difference in travel time across designs. The researchers caution that adding a second language does not automatically make every sign easier to use. The results instead suggest that benefits depend on how linguistic and visual information is arranged and on whether travelers already know the station’s layout.","Which inference about travelers unfamiliar with the station is best supported by the study?","Providing translated text improves navigation to roughly the same extent regardless of whether the two languages appear together or in separate panels.","Part of the equal-line design’s advantage may come from reducing the need to search between spatially separated pieces of route information.","Standardized icons can replace translated platform information when several destinations share visually similar symbols.","Because frequent commuters showed little timing difference, bilingual signs are likely to slow travelers who already know the station well.","B","2","Unfamiliar travelers were fastest when the two languages appeared together, while users of the separate-panel version paused to scan between panels. That pattern supports the inference that integration reduces search costs. The other choices contradict the differences among layouts, overstate the usefulness of icons, or infer a slowdown that was not observed.","75","none","{}","","","","","","Inferences","cause_effect","rw;module:2;passage:R023;sim:m2_inf_wayfinding_integration;fp:2ec96b853d7d;arch:RW_INF_002;surface_arch:SURF_RW_INF_002"
"SAT_RW_20","RW_SPLIT_V9","20_BACK","650-800","SAT_RW_20_M2_Q16","RW","2","hard","16","Standard English Conventions","Boundaries","SEC.BND","Boundaries","Punctuating two independent clauses","Hard","1","multiple_choice","The laboratory’s older sensor, which had been recalibrated only at room temperature and whose ceramic housing expanded slightly as the chamber warmed, nevertheless produced repeatable values during the first hour ____ Model B, built with a metal housing but a slower response circuit, remained stable through the full six-hour trial.","Which choice completes the text so that it conforms to the conventions of Standard English?",";",",",":","; although","A","1","A semicolon correctly separates two closely related independent clauses: the first reports the older sensor’s early performance, and the second reports Model B’s longer stability. Choice B creates a comma splice. Choice C uses a colon even though the second clause contrasts the devices’ performance rather than explaining or specifying the first clause. Choice D places a semicolon before a dependent although-clause. The embedded relative and participial material makes identifying the two main clause boundaries necessary.","45","none","{}","","","","","","Boundaries","Punctuating two independent clauses","rw;module:2;source:sec_original;sim:m2_sec_semicolon_embedded;fp:3a4facccfea7;sec;grammar;arch:SEC-BND-004;ctx:CTX-GRM-175;tier:SEC3;grammar_family:sentence_boundary_semicolon"
"SAT_RW_20","RW_SPLIT_V9","20_BACK","650-800","SAT_RW_20_M2_Q17","RW","2","hard","17","Standard English Conventions","Boundaries","SEC.BND","Boundaries","Separating complete sentences","Hard","1","multiple_choice","The city's revised permit rule requires food carts to leave the plaza before midnight, even when scheduled street cleaning begins late ____ Vendors who remain after the deadline can lose priority for their usual locations the following day.","Which choice completes the text so that it conforms to the conventions of Standard English?",",",".",", therefore,","; because","B","2","A period correctly separates the complete statement about the permit rule from the complete statement about its consequence. Choice A creates a comma splice; choice C still uses only commas to join two independent clauses; and choice D places a semicolon before a dependent because-clause, leaving the material after the semicolon without an independent clause.","45","none","{}","","","","","","Boundaries","Separating complete sentences","rw;module:2;source:sec_original;sim:m2_sec_period_policy;fp:428f3bb951e5;sec;grammar;arch:SEC-BND-009;ctx:CTX-GRM-166;tier:SEC3;grammar_family:sentence_boundary_period"
"SAT_RW_20","RW_SPLIT_V9","20_BACK","650-800","SAT_RW_20_M2_Q18","RW","2","hard","18","Standard English Conventions","Boundaries","SEC.BND","Boundaries","Coordinating independent clauses","Hard","1","multiple_choice","Although the mineral coating that formed on the control samples looked intact under steady humidity, the conservators expected the treated layer to remain stable ____ it began to flake after six rapid humidity cycles, which exposed a weakness not visible during drying.","Which choice completes the text so that it conforms to the conventions of Standard English?","but","; but",", and although",", but","D","4","The main clause ending in “remain stable” and the clause beginning with “it began to flake” are independent, so a comma is required before the coordinating conjunction but. Choice A omits that comma, choice B incorrectly places a semicolon before the coordinating conjunction, and choice C begins a coordinated although-clause without supplying the independent clause that although requires. The opening subordinate and relative material makes the main-clause boundary less immediate.","45","none","{}","","","","","","Boundaries","Coordinating independent clauses","rw;module:2;source:sec_original;sim:m2_sec_fanboys_humidity;fp:fd235229a68a;sec;grammar;arch:SEC-BND-015;ctx:CTX-GRM-151;tier:SEC4;grammar_family:coordination_comma_fanboys"
"SAT_RW_20","RW_SPLIT_V9","20_BACK","650-800","SAT_RW_20_M2_Q19","RW","2","hard","19","Standard English Conventions","Form, Structure, and Sense","SEC.FSS","Form, Structure, and Sense","Pronoun-antecedent agreement","Hard","1","multiple_choice","Although the laboratory directors approved a common protocol, each laboratory had to decide whether ____ technicians would run the calibration before or after the overnight cycle, a timing choice that the directors left to the individual institution.","Which choice completes the text so that it conforms to the conventions of Standard English?","their","our","its","his or her","C","3","The pronoun must agree with its antecedent, each laboratory, which is grammatically singular; therefore its is correct. Their and our are plural first- or third-person possessives that do not agree with that antecedent, and his or her ordinarily refers to a person rather than an institution. The intervening plural laboratory directors supplies a plausible but incorrect antecedent.","45","none","{}","","","","","","Form, Structure, and Sense","Pronoun-antecedent agreement","rw;module:2;source:sec_original;sim:m2_sec_pronoun_competing_antecedent;fp:ee0ec61b24f2;sec;grammar;arch:SEC-FSS-019;ctx:CTX-GRM-123;tier:SEC3;grammar_family:pronoun_antecedent_agreement"
"SAT_RW_20","RW_SPLIT_V9","20_BACK","650-800","SAT_RW_20_M2_Q20","RW","2","hard","20","Standard English Conventions","Form, Structure, and Sense","SEC.FSS","Form, Structure, and Sense","Subject-verb agreement","Hard","1","multiple_choice","Since the archive reopened in January, the collection of field notebooks deposited by two survey teams ____ available in the reading room, even though several individual volumes are still being digitized.","Which choice completes the text so that it conforms to the conventions of Standard English?","has remained","have remained","remain","were remaining","A","1","The subject of the blank’s verb is collection, not the nearer plural noun teams. Because collection is singular, the singular auxiliary has in “has remained” is required. “Have remained,” “remain,” and “were remaining” use plural verb forms. The intervening phrase “of field notebooks deposited by two survey teams” makes agreement depend on identifying the sentence’s head noun.","45","none","{}","","","","","","Form, Structure, and Sense","Subject-verb agreement","rw;module:2;source:sec_original;sim:m2_sec_headnoun_agreement;fp:818901064d6a;sec;grammar;arch:SEC-FSS-004;ctx:CTX-GRM-144;tier:SEC3;grammar_family:subject_verb_agreement"
"SAT_RW_20","RW_SPLIT_V9","20_BACK","650-800","SAT_RW_20_M2_Q21","RW","2","hard","21","Standard English Conventions","Form, Structure, and Sense","SEC.FSS","Form, Structure, and Sense","Logical comparisons","Hard","1","multiple_choice","Conservators found that the layered glazes in Neri’s late murals, despite the single glaze used in several of her early sketches, were more chemically stable under humid conditions than ____ after equivalent exposure tests.","Which choice completes the text so that it conforms to the conventions of Standard English?","those in Ivo’s murals","that in Ivo’s murals","Ivo’s murals","Ivo","A","1","The sentence compares plural layered glazes with plural glazes in another artist’s murals, so “those in Ivo’s murals” supplies a plural substitute for glazes and keeps the comparison logical. “That in Ivo’s murals” is singular, while “Ivo’s murals” and “Ivo” compare glazes with whole artworks or a person. The nearby singular phrase about one glaze is an intervening lure, not the noun being compared.","45","none","{}","","","","","","Form, Structure, and Sense","Logical comparisons","rw;module:2;source:sec_original;sim:m2_sec_comparison_intervening_number;fp:4ea02741f671;sec;grammar;arch:SEC-FSS-040;ctx:CTX-GRM-031;tier:SEC4;grammar_family:comparison_logic"
"SAT_RW_20","RW_SPLIT_V9","20_BACK","650-800","SAT_RW_20_M2_Q22","RW","2","hard","22","Standard English Conventions","Form, Structure, and Sense","SEC.FSS","Form, Structure, and Sense","Modifier placement","Hard","1","multiple_choice","Because the excavation’s catalog had to remain internally consistent, project lead Lina Cho assigned Mira Chen alone to catalog the shell fragments that came from mixed layers, while other staff prepared trays and labels. Having cataloged the fragments and marked uncertain joins in pencil, ____ before the trays were returned to storage.","Which choice completes the text so that it conforms to the conventions of Standard English?","the technician sealed the trays","the curator stored the marked pieces","the conservator carried the trays","Mira Chen photographed the marked pieces","D","4","The opening participial phrase must describe the subject of the main clause. The preceding sentence states that Mira Chen alone performed the cataloging, so “Mira Chen photographed the marked pieces” makes the later action belong to the person described by the modifier. A technician, curator, or conservator could perform the actions named in the other choices, but those subjects conflict with the wider sentence’s identification of Mira as the cataloger.","45","none","{}","","","","","","Form, Structure, and Sense","Modifier placement","rw;module:2;source:sec_original;sim:m2_sec_modifier_agent_context;fp:8088290e3d96;sec;grammar;arch:SEC-FSS-030;ctx:CTX-GRM-043;tier:SEC4;grammar_family:modifier_placement"
"SAT_RW_20","RW_SPLIT_V9","20_BACK","650-800","SAT_RW_20_M2_Q23","RW","2","hard","23","Expression of Ideas","Transitions","RW_TR_001","Select transition that logically connects ideas","logical_link","Hard","1","multiple_choice","An archive tested noise-reduction software on recorded oral histories. In interviews with steady fan noise, preprocessing raised average transcription accuracy from 81 to 89 percent, suggesting that the filter could recover speech otherwise masked by background sound. The same filter, however, clipped portions of whispered speech, and those omissions were concentrated in already faint recordings from a small set of speakers. ____ the improved average score does not show that preprocessing benefited every interview in the collection equally.","Which choice most logically completes the text?","Nevertheless,","To illustrate,","Meanwhile,","In other words,","D","4","The preceding sentences report an overall rise in signal visibility but also note that some speakers became harder to distinguish. “In other words,” correctly restates the mixed result as a general implication: average visibility improved without a uniform benefit. “Nevertheless,” would frame the final sentence primarily as a concession, “To illustrate,” would introduce a concrete example rather than a synthesis, and “Meanwhile,” would suggest simultaneity rather than restatement.","45","none","{}","","","","","","Transitions","logical_link","rw;module:2;passage:R004;sim:m2_tr_restatement_mixed_average;fp:c4f67c94bd33;arch:RW_TR_001;surface_arch:SURF_RW_TR_001"
"SAT_RW_20","RW_SPLIT_V9","20_BACK","650-800","SAT_RW_20_M2_Q24","RW","2","hard","24","Expression of Ideas","Transitions","RW_TR_008","Select transition that logically connects ideas","contrast","Hard","1","multiple_choice","Linguists followed pronunciation changes in two neighboring towns. Younger speakers in the river town increasingly used a vowel common in the nearby city, while many older speakers retained the local vowel. Younger speakers in the hill town showed the same vowel shift, yet in informal conversation they continued to use a local consonant ending that river-town speakers were abandoning. ____ the communities are converging in one feature without undergoing identical change across the sound system.","Which choice most logically completes the passage’s final sentence?","Similarly,","By contrast,","More precisely,","For instance,","C","3","The first finding suggests similarity because both towns shifted the vowel, while the second introduces a difference in consonant treatment. “More precisely,” correctly refines the broad impression of convergence by specifying the qualified pattern. “Similarly,” attends only to the shared vowel shift, “By contrast,” attends only to the consonant difference, and “For instance,” would signal an example rather than a refinement.","45","none","{}","","","","","","Transitions","contrast","rw;module:2;passage:R010;sim:m2_tr_precision_feature_convergence;fp:fb2621c71d46;arch:RW_TR_008;surface_arch:SURF_RW_TR_008"
"SAT_RW_20","RW_SPLIT_V9","20_BACK","650-800","SAT_RW_20_M2_Q25","RW","2","hard","25","Expression of Ideas","Transitions","RW_TR_009","Select transition that logically connects ideas","cause_effect","Hard","1","multiple_choice","Students read the same history chapter either in print or as a scrolling PDF. Their immediate quiz scores were similar, but print readers returned to earlier paragraphs more often, whereas PDF readers used search to revisit names and terms. One week later, students who had taken handwritten notes remembered more in both groups than students who had not. The size of the note-taking advantage was also similar across the two formats. ____ format itself was less predictive of delayed recall than the study behaviors accompanying it.","Which choice most logically completes the text at the blank?","Taken together,","For example,","On the other hand,","Likewise,","A","1","The passage reports several findings across the two formats and then draws a broader interpretation from them, so “Taken together,” is the logical transition. “Likewise,” is tempting because immediate scores and the note-taking advantage were similar across formats, but the final sentence synthesizes multiple findings rather than adding a parallel result. “On the other hand,” is suggested by the different review behaviors, but the final sentence does not oppose one format to the other. “For example,” would incorrectly present the general interpretation as a specific instance.","45","none","{}","","","","","","Transitions","cause_effect","rw;module:2;passage:R016;sim:m2_tr_broad_synthesis_format_behavior;fp:7d52149eac3e;arch:RW_TR_009;surface_arch:SURF_RW_TR_009"
"SAT_RW_20","RW_SPLIT_V9","20_BACK","650-800","SAT_RW_20_M2_Q26","RW","2","hard","26","Expression of Ideas","Rhetorical Synthesis","RW_RS_001","Use notes to achieve a writing goal","revision_goal","Hard","1","multiple_choice","A student gathered the following notes about a school library's portable air-cleaning program.

- During wildfire-smoke alerts, the library uses portable HEPA units.
- At first, the units ran on fixed schedules, and clogged filters caused airflow to decline between inspections.
- The maintenance team later added pressure sensors that trigger a filter check when resistance rises.
- After the change, median clean-air delivery during smoke alerts increased from 210 to 285 cubic meters per hour.
- Average electricity use during alerts remained nearly unchanged.","The student wants to emphasize how the maintenance change improved the reliability of the air-cleaning program. Which choice most effectively uses the notes to accomplish this goal?","The library uses portable HEPA units during wildfire-smoke alerts, and average electricity use during those alerts remained nearly unchanged after the maintenance change.","Because clogged filters had reduced airflow between inspections, the maintenance team added pressure sensors that indicate when resistance has risen.","After pressure-sensor alerts began prompting filter checks, median clean-air delivery during smoke events rose from 210 to 285 cubic meters per hour while electricity use stayed nearly unchanged.","Pressure sensors became part of the library’s wildfire-smoke program, which had previously operated its portable HEPA units on fixed schedules.","C","3","Choice C links the maintenance mechanism to the performance outcome and shows that higher clean-air delivery was achieved without a notable increase in electricity use. The other choices use accurate notes but omit either the measured improvement, the connection between the change and reliability, or both.","70","none","{}","","","","","","Rhetorical Synthesis","revision_goal","rw;module:2;passage:R022;sim:m2_rs_maintenance_reliability;fp:125cdd1121ce;arch:RW_RS_001;surface_arch:SURF_RW_RS_001"
"SAT_RW_20","RW_SPLIT_V9","20_BACK","650-800","SAT_RW_20_M2_Q27","RW","2","hard","27","Expression of Ideas","Rhetorical Synthesis","RW_RS_007","Use notes to achieve a writing goal","main_claim","Hard","1","multiple_choice","A student gathered the following notes about a coral-restoration trial.

- Researchers compared coral fragments grown on suspended rope nurseries with fragments fixed to ceramic tiles.
- During the first four months, rope-grown fragments increased in area by 18%, compared with 12% for tile-grown fragments.
- After a major storm, 22% of the rope-grown fragments had detached, compared with 5% of the tile-grown fragments.
- Ceramic tiles cost about 30% more to install.
- Among fragments that remained attached, both methods produced continued growth after the storm.","The student wants to compare the two restoration methods and make a qualified recommendation for a storm-exposed reef. Which choice most effectively uses the notes to accomplish this goal?","Rope nurseries produced faster early growth than ceramic tiles, so they are the preferable restoration method for reefs where rapid coral expansion is a priority.","Ceramic tiles cost about 30% more to install than rope nurseries, although fragments on both methods continued growing when they remained attached after the storm.","Rope-grown fragments increased in area by 18% during the first four months, compared with 12% for tile-grown fragments, and the two methods both supported post-storm growth among attached fragments.","Although ceramic tiles had slower early growth and higher installation costs, their lower storm detachment rate suggests they may be preferable where keeping fragments attached is especially important.","D","4","Choice D compares the methods on growth, cost, and storm retention, then makes a recommendation explicitly limited to a storm-exposed setting. The other choices use accurate notes but either recommend the faster-growing method without accounting for detachment, emphasize cost without recommending, or compare outcomes without making the requested qualified recommendation.","70","none","{}","","","","","","Rhetorical Synthesis","main_claim","rw;module:2;passage:R028;sim:m2_rs_qualified_storm_recommendation;fp:d9fe10940984;arch:RW_RS_007;surface_arch:SURF_RW_RS_007"
"SAT-MATH-20",".20","math_v6_20","400-800","MATH.20.M1.Q01","MATH","1","base","1","Algebra","Linear Equations","ALG_LE_001","Solve a one-variable linear equation with constants on both sides","Solve a one-variable linear equation with constants on both sides","E1","1","multiple_choice","","Which value of x satisfies 5x - 8 = 27?","5","6","8","7","D","4","Add 8 to both sides to get 5x = 35. Dividing by 5 gives x = 7.","60","none","{}","","","","","","solve a one-variable linear equation with constants on both sides","","math,domain:Algebra,skill:ALG_LE_001,arch:MATH_ARCH_001_LINEAR_EQUATION_ONE_VARIABLE,sim:SIM_LINEAR_EQUATIONS_AND_INEQUALITIES,fp:1c46cad4,tier:E1"
"SAT-MATH-20",".20","math_v6_20","400-800","MATH.20.M1.Q02","MATH","1","base","2","Advanced Math","Nonlinear Functions","ADV_NF_002","Evaluate a function at a given input","Evaluate a function at a given input","E1","1","multiple_choice","","If f(x) = 3x^2 - 2x, what is f(4)?","40","32","44","56","A","1","Substitute 4 for x: f(4) = 3(4^2) - 2(4) = 48 - 8 = 40.","65","none","{}","","","","","","evaluate a function at a given input","","math,domain:Advanced Math,skill:ADV_NF_002,arch:MATH_ARCH_063_FUNCTION_EVALUATE,sim:SIM_FUNCTION_NOTATION_AND_VALUES,fp:e8697ffc,tier:M1"
"SAT-MATH-20",".20","math_v6_20","400-800","MATH.20.M1.Q03","MATH","1","base","3","Geometry and Trigonometry","Triangles","GEO_TRI_001","Use angle relationships with parallel lines and transversal","Use angle relationships with parallel lines and transversal","E1","1","multiple_choice","","Two parallel lines are cut by a transversal. If one acute angle formed is 68°, what is the measure of its corresponding angle?","22°","112°","68°","122°","C","3","Corresponding angles formed by a transversal with parallel lines are congruent, so the measure is 68°.","55","none","{}","","","","","","use angle relationships with parallel lines and transversal","","math,domain:Geometry and Trigonometry,skill:GEO_TRI_001,arch:MATH_ARCH_084_ANGLE_PAIRS_PARALLEL_LINES,sim:SIM_PARALLEL_LINES_ANGLES,fp:6b0b5a31,tier:E1"
"SAT-MATH-20",".20","math_v6_20","400-800","MATH.20.M1.Q04","MATH","1","base","4","Problem-Solving and Data Analysis","Ratios Rates and Proportions","PSD_RRP_001","Convert part-to-part ratio into part-to-whole fraction","Convert part-to-part ratio into part-to-whole fraction","M1","1","student_response","","A drink mix uses cranberry juice and orange juice in a ratio of 3 to 5. What fraction of the mixture is cranberry juice?","","","","","","","The total number of equal parts is 3 + 5 = 8. The cranberry portion is 3 of those 8 parts, so the fraction is 3/8.","70","none","{}","","","fraction","3/8","0","convert part-to-part ratio into part-to-whole fraction","","math,domain:Problem-Solving and Data Analysis,skill:PSD_RRP_001,arch:MATH_ARCH_032_RATIO_PART_TO_WHOLE,sim:SIM_RATIOS_RATES_PROPORTIONS,fp:43cb7e1d,tier:M1"
"SAT-MATH-20",".20","math_v6_20","400-800","MATH.20.M1.Q05","MATH","1","base","5","Algebra","Linear Equations","ALG_LE_002","Clear denominators to solve a linear equation with fractional coefficients","Clear denominators to solve a linear equation with fractional coefficients","M1","1","multiple_choice","","What is the solution to (x/3) + 4 = 10?","18","14","16","30","A","1","Subtract 4 from both sides to get x/3 = 6. Multiplying by 3 gives x = 18.","70","none","{}","","","","","","clear denominators to solve a linear equation with fractional coefficients","","math,domain:Algebra,skill:ALG_LE_002,arch:MATH_ARCH_002_LINEAR_EQUATION_FRACTIONS,sim:SIM_LINEAR_EQUATIONS_AND_INEQUALITIES,fp:7c8635b3,tier:M1"
"SAT-MATH-20",".20","math_v6_20","400-800","MATH.20.M1.Q06","MATH","1","base","6","Advanced Math","Equivalent Expressions","ADV_EE_001","Simplify expression using exponent rules","Simplify expression using exponent rules","M1","1","student_response","","For x > 0, the expression (x^5)(x^2)/x^4 is equivalent to x^n. What is n?","","","","","","","Using exponent rules, (x^5)(x^2)/x^4 = x^(5+2-4) = x^3, so n = 3.","70","none","{}","","","integer","3","0","simplify expression using exponent rules","","math,domain:Advanced Math,skill:ADV_EE_001,arch:MATH_ARCH_067_EXPONENT_RULES_SIMPLIFY,sim:SIM_EXPONENT_RADICALS,fp:21db5782,tier:M1"
"SAT-MATH-20",".20","math_v6_20","400-800","MATH.20.M1.Q07","MATH","1","base","7","Algebra","Linear Functions","ALG_LF_001","Interpret slope and intercept in a real-world linear model","Interpret slope and intercept in a real-world linear model","M1","1","multiple_choice","","A printer has already printed 18 pages and then prints 6 pages per minute. Which expression gives the total number of pages printed after m minutes?","18 + 6m","6 + 18m","18m + 6","24m","A","1","The initial amount is 18 pages, and 6 pages are added for each minute. The total is 18 + 6m.","75","none","{}","","","","","","interpret slope and intercept in a real-world linear model","","math,domain:Algebra,skill:ALG_LF_001,arch:MATH_ARCH_004_LINEAR_MODEL_INITIAL_RATE,sim:SIM_LINEAR_FUNCTIONS_AND_GRAPHS,fp:2d644206,tier:M1"
"SAT-MATH-20",".20","math_v6_20","400-800","MATH.20.M1.Q08","MATH","1","base","8","Problem-Solving and Data Analysis","Ratios Rates and Proportions","PSD_RRP_003","Solve a direct proportion from two equivalent ratios","Solve a direct proportion from two equivalent ratios","M1","1","multiple_choice","","A recipe uses 5 cups of flour to make 12 muffins. At the same rate, how many cups of flour are needed to make 30 muffins?","10","12.5","15","72","B","2","Set up 5/12 = x/30. Then x = 30(5/12) = 12.5 cups.","80","none","{}","","","","","","solve a direct proportion from two equivalent ratios","","math,domain:Problem-Solving and Data Analysis,skill:PSD_RRP_003,arch:MATH_ARCH_034_PROPORTION_DIRECT,sim:SIM_RATIOS_RATES_PROPORTIONS,fp:68787596,tier:M2"
"SAT-MATH-20",".20","math_v6_20","400-800","MATH.20.M1.Q09","MATH","1","base","9","Geometry and Trigonometry","Triangles","GEO_TRI_003","Use Pythagorean theorem in right triangle","Use Pythagorean theorem in right triangle","M1","1","multiple_choice","","In the right triangle shown, the legs have lengths 7 and 24. What is the length of the hypotenuse?","17","31","25","625","C","3","By the Pythagorean theorem, the hypotenuse c satisfies c^2 = 7^2 + 24^2 = 49 + 576 = 625. Thus c = 25.","85","right_triangle","{""diagram_type"":""right_triangle"",""render_mode"":""exact_to_scale"",""not_to_scale"":false,""vertices"":[""A"",""B"",""C""],""right_angle_at"":""B"",""side_labels"":{""AB"":""7"",""BC"":""24"",""AC"":""?""},""coordinates"":{""A"":[0,7],""B"":[0,0],""C"":[24,0]},""target"":""AC""}","","","","","","use Pythagorean theorem in right triangle","","math,domain:Geometry and Trigonometry,skill:GEO_TRI_003,arch:MATH_ARCH_086_PYTHAGOREAN_THEOREM,sim:SIM_RIGHT_TRIANGLE_PYTHAGOREAN,fp:46f4bb1a,tier:M1"
"SAT-MATH-20",".20","math_v6_20","400-800","MATH.20.M1.Q10","MATH","1","base","10","Advanced Math","Equivalent Expressions","ADV_EE_002","Simplify radicals and rational exponents","Simplify radicals and rational exponents","M1","1","multiple_choice","","Which expression is equivalent to sqrt(72)?","6sqrt(2)","3sqrt(2)","12sqrt(2)","6sqrt(12)","A","1","Since 72 = 36·2, sqrt(72) = sqrt(36)sqrt(2) = 6sqrt(2).","75","none","{}","","","","","","simplify radicals and rational exponents","","math,domain:Advanced Math,skill:ADV_EE_002,arch:MATH_ARCH_068_RADICAL_SIMPLIFY,sim:SIM_EXPONENT_RADICALS,fp:41b429f2,tier:M1"
"SAT-MATH-20",".20","math_v6_20","400-800","MATH.20.M1.Q11","MATH","1","base","11","Algebra","Linear Functions","ALG_LF_002","Build a linear equation from a starting amount and constant rate","Build a linear equation from a starting amount and constant rate","M1","1","multiple_choice","","A bike rental costs $12 plus $4 per hour. Which equation gives the total cost C, in dollars, for h hours?","C = 4 + 12h","C = 16h","C = 12 + 4h","C = 12h + 4","C","3","The fixed cost is 12 dollars and the hourly cost is 4h dollars, so C = 12 + 4h.","70","none","{}","","","","","","build a linear equation from a starting amount and constant rate","","math,domain:Algebra,skill:ALG_LF_002,arch:MATH_ARCH_005_LINEAR_MODEL_BUILD_FROM_CONTEXT,sim:SIM_LINEAR_FUNCTIONS_AND_GRAPHS,fp:dba02ee1,tier:M1"
"SAT-MATH-20",".20","math_v6_20","400-800","MATH.20.M1.Q12","MATH","1","base","12","Advanced Math","Equivalent Expressions","ADV_EE_003","Expand polynomial products","Expand polynomial products","M1","1","multiple_choice","","Which expression is equivalent to (x + 3)(x + 5)?","x^2 + 15","x^2 + 2x + 15","x^2 + 8x + 8","x^2 + 8x + 15","D","4","Multiply each term: x^2 + 5x + 3x + 15 = x^2 + 8x + 15.","75","none","{}","","","","","","expand polynomial products","","math,domain:Advanced Math,skill:ADV_EE_003,arch:MATH_ARCH_070_POLYNOMIAL_EXPAND,sim:SIM_POLYNOMIAL_RATIONAL_EXPRESSIONS,fp:0432917a,tier:M1"
"SAT-MATH-20",".20","math_v6_20","400-800","MATH.20.M1.Q13","MATH","1","base","13","Problem-Solving and Data Analysis","Probability","PSD_PROB_001","Compute probability from a two-way table with correct denominator","Compute probability from a two-way table with correct denominator","M2","1","multiple_choice","","The table shows the numbers of students in a club by grade and activity preference. If one student from the club is chosen at random, what is the probability that the student prefers art?","7/30","13/17","17/30","13/30","D","4","The total number of students is 14 + 16 + 12 + 18 = 60. The number who prefer art is 14 + 12 = 26, so the probability is 26/60 = 13/30.","95","table","{}","| Grade | Art | Robotics |\n|---|---:|---:|\n| 10 | 14 | 16 |\n| 11 | 12 | 18 |","","","","","compute probability from a two-way table with correct denominator","","math,domain:Problem-Solving and Data Analysis,skill:PSD_PROB_001,arch:MATH_ARCH_049_TWO_WAY_TABLE_PROBABILITY,sim:SIM_PROBABILITY_TABLES,fp:4cbb53e3,tier:M2"
"SAT-MATH-20",".20","math_v6_20","400-800","MATH.20.M1.Q14","MATH","1","base","14","Algebra","Linear Functions","ALG_LF_003","Solve for input when a linear model reaches a target value","Solve for input when a linear model reaches a target value","M2","1","multiple_choice","","A water tank contains 90 gallons and is being drained at a constant rate of 6 gallons per minute. After how many minutes will 36 gallons remain?","6","9","12","21","B","2","The amount after t minutes is 90 - 6t. Set 90 - 6t = 36, so 6t = 54 and t = 9.","90","none","{}","","","","","","solve for input when a linear model reaches a target value","","math,domain:Algebra,skill:ALG_LF_003,arch:MATH_ARCH_006_LINEAR_MODEL_SOLVE_TARGET,sim:SIM_LINEAR_FUNCTIONS_AND_GRAPHS,fp:5e1afee7,tier:M2"
"SAT-MATH-20",".20","math_v6_20","400-800","MATH.20.M1.Q15","MATH","1","base","15","Advanced Math","Equivalent Expressions","ADV_EE_004","Factor polynomial expression","Factor polynomial expression","M2","1","multiple_choice","","Which expression is a factorization of x^2 - 7x + 12?","(x + 3)(x + 4)","(x - 3)(x - 4)","(x - 2)(x - 6)","(x + 2)(x + 6)","B","2","Find two numbers that multiply to 12 and add to -7: -3 and -4. Thus x^2 - 7x + 12 = (x - 3)(x - 4).","85","none","{}","","","","","","factor polynomial expression","","math,domain:Advanced Math,skill:ADV_EE_004,arch:MATH_ARCH_071_POLYNOMIAL_FACTOR,sim:SIM_POLYNOMIAL_RATIONAL_EXPRESSIONS,fp:63ded8de,tier:M2"
"SAT-MATH-20",".20","math_v6_20","400-800","MATH.20.M1.Q16","MATH","1","base","16","Algebra","Systems of Equations","ALG_SYS_002","Solve a 2x2 linear system by elimination","Solve a 2x2 linear system by elimination","M2","1","student_response","","What is the value of x in the system 2x + 3y = 19 and 4x - 3y = 11?","","","","","","","Add the equations to eliminate y: 6x = 30. Therefore x = 5.","95","none","{}","","","integer","5","0","solve a 2x2 linear system by elimination","","math,domain:Algebra,skill:ALG_SYS_002,arch:MATH_ARCH_016_SYSTEM_SOLVE_ELIMINATION,sim:SIM_LINEAR_SYSTEMS,fp:03383903,tier:M2"
"SAT-MATH-20",".20","math_v6_20","400-800","MATH.20.M1.Q17","MATH","1","base","17","Advanced Math","Nonlinear Functions","ADV_NF_009","Solve quadratic equation by factoring","Solve quadratic equation by factoring","M2","1","student_response","","The equation x^2 - 9x + 20 = 0 has solutions 4 and k. What is k?","","","","","","","Factor the quadratic: x^2 - 9x + 20 = (x - 4)(x - 5). The solutions are 4 and 5, so k = 5.","90","none","{}","","","integer","5","0","solve quadratic equation by factoring","","math,domain:Advanced Math,skill:ADV_NF_009,arch:MATH_ARCH_075_QUADRATIC_SOLVE_FACTOR,sim:SIM_QUADRATIC_SOLVING,fp:c86fd3ff,tier:M2"
"SAT-MATH-20",".20","math_v6_20","400-800","MATH.20.M1.Q18","MATH","1","base","18","Geometry and Trigonometry","Trigonometry","GEO_TRIG_001","Convert between degrees and radians","Convert between degrees and radians","M2","1","multiple_choice","","Which radian measure is equivalent to 150°?","2pi/3","3pi/4","5pi/6","6pi/5","C","3","Convert degrees to radians by multiplying by pi/180. 150° = 150pi/180 = 5pi/6.","80","none","{}","","","","","","convert between degrees and radians","","math,domain:Geometry and Trigonometry,skill:GEO_TRIG_001,arch:MATH_ARCH_095_RADIAN_DEGREE_CONVERSION,sim:SIM_ANGLE_UNIT_CONVERSION,fp:f73f11b8,tier:E1"
"SAT-MATH-20",".20","math_v6_20","400-800","MATH.20.M1.Q19","MATH","1","base","19","Algebra","Systems of Equations","ALG_SYS_005","Model counts and totals with a two-variable system","Model counts and totals with a two-variable system","H1","1","student_response","","A box contains 18 coins consisting of nickels and quarters. The total value of the coins is $2.70. How many quarters are in the box?","","","","","","","Let q be the number of quarters and n be the number of nickels. Then q + n = 18 and 25q + 5n = 270. Substitute n = 18 - q to get 25q + 5(18 - q) = 270, so 20q = 180 and q = 9.","115","none","{}","","","integer","9","0","model counts and totals with a two-variable system","","math,domain:Algebra,skill:ALG_SYS_005,arch:MATH_ARCH_019_SYSTEM_CONTEXT_COUNT_WEIGHT,sim:SIM_LINEAR_SYSTEMS,fp:fe84f2c9,tier:M2"
"SAT-MATH-20",".20","math_v6_20","400-800","MATH.20.M1.Q20","MATH","1","base","20","Problem-Solving and Data Analysis","Percentages","PSD_PCT_003","Compute net effect of successive percent changes","Compute net effect of successive percent changes","H2","1","multiple_choice","","A jacket price is increased by 20% and then the new price is decreased by 10%. What is the net percent change from the original price?","8% increase","8% decrease","10% increase","30% increase","A","1","Multiplying by 1.20 and then by 0.90 gives 1.08 of the original price. The final price is 8% greater than the original.","105","none","{}","","","","","","compute net effect of successive percent changes","","math,domain:Problem-Solving and Data Analysis,skill:PSD_PCT_003,arch:MATH_ARCH_044_SUCCESSIVE_PERCENT_CHANGE,sim:SIM_PERCENT_RELATIONSHIPS,fp:aa5b2079,tier:H2"
"SAT-MATH-20",".20","math_v6_20","400-800","MATH.20.M1.Q21","MATH","1","base","21","Advanced Math","Nonlinear Functions","ADV_NF_004","Evaluate nested or composed functions","Evaluate nested or composed functions","H2","1","multiple_choice","","If f(x) = 2x - 3 and g(x) = x^2 + 1, what is f(g(4))?","15","31","34","65","B","2","First compute g(4) = 4^2 + 1 = 17. Then f(17) = 2(17) - 3 = 31.","100","none","{}","","","","","","evaluate nested or composed functions","","math,domain:Advanced Math,skill:ADV_NF_004,arch:MATH_ARCH_065_FUNCTION_COMPOSITION,sim:SIM_FUNCTION_NOTATION_AND_VALUES,fp:29318638,tier:H2"
"SAT-MATH-20",".20","math_v6_20","400-800","MATH.20.M1.Q22","MATH","1","base","22","Algebra","Systems of Equations","ALG_SYS_004","Combine equations to solve directly for x+y or a linear combination","Combine equations to solve directly for x+y or a linear combination","H2","1","multiple_choice","","If 3x + 2y = 17 and 2x + 3y = 18, what is the value of x + y?","5","6","8","7","D","4","Add the equations to get 5x + 5y = 35. Dividing by 5 gives x + y = 7.","100","none","{}","","","","","","combine equations to solve directly for x+y or a linear combination","","math,domain:Algebra,skill:ALG_SYS_004,arch:MATH_ARCH_018_SYSTEM_SUM_DIRECT,sim:SIM_LINEAR_SYSTEMS,fp:6f56d27e,tier:H2"
"SAT-MATH-20",".20","math_v6_20","400-800","MATH.20.M2.Q01","MATH","2","hard","1","Algebra","Linear Equations","ALG_LE_011","Solve inequality with discrete rounding or ceiling/floor interpretation","Solve inequality with discrete rounding or ceiling/floor interpretation","H1","1","multiple_choice","","A shuttle can carry at most 1,250 pounds of cargo. Each crate weighs 48 pounds. What is the greatest number of crates the shuttle can carry?","26","25","27","28","A","1","The number n of crates must satisfy 48n <= 1250. Since 1250/48 is about 26.04, the greatest whole number n is 26.","110","none","{}","","","","","","solve inequality with discrete rounding or ceiling/floor interpretation","","math,domain:Algebra,skill:ALG_LE_011,arch:MATH_ARCH_031_INTEGER_ROUNDING_INEQUALITY,sim:SIM_LINEAR_EQUATIONS_AND_INEQUALITIES,fp:c1f01091,tier:H2"
"SAT-MATH-20",".20","math_v6_20","400-800","MATH.20.M2.Q02","MATH","2","hard","2","Problem-Solving and Data Analysis","Ratios Rates and Proportions","PSD_RRP_010","Solve weighted average mixture with two components","Solve weighted average mixture with two components","H1","1","multiple_choice","","A 40-liter solution is 30% acid. How many liters of a 60% acid solution must be added to make a mixture that is 45% acid?","20","30","60","40","D","4","The initial acid amount is 0.30(40) = 12 liters. If x liters of 60% solution are added, then (12 + 0.60x)/(40 + x) = 0.45. Solving gives 12 + 0.60x = 18 + 0.45x, so 0.15x = 6 and x = 40.","130","none","{}","","","","","","solve weighted average mixture with two components","","math,domain:Problem-Solving and Data Analysis,skill:PSD_RRP_010,arch:MATH_ARCH_047_WEIGHTED_AVERAGE_MIXTURE,sim:SIM_WEIGHTED_AVERAGE_MIXTURE,fp:2cb38dde,tier:H2"
"SAT-MATH-20",".20","math_v6_20","400-800","MATH.20.M2.Q03","MATH","2","hard","3","Advanced Math","Nonlinear Functions","ADV_NF_015","Find imaginary solutions of a quadratic equation","Find imaginary solutions of a quadratic equation","H1","1","student_response","","The solutions to x^2 + 64 = 0 are x = ±ki, where k is positive. What is k?","","","","","","","From x^2 + 64 = 0, x^2 = -64. Therefore x = ±8i, so k = 8.","95","none","{}","","","integer","8","0","find imaginary solutions of a quadratic equation","","math,domain:Advanced Math,skill:ADV_NF_015,arch:MATH_ARCH_083_COMPLEX_QUADRATIC_ROOTS,sim:SIM_QUADRATIC_SOLVING,fp:d38da974,tier:H2"
"SAT-MATH-20",".20","math_v6_20","400-800","MATH.20.M2.Q04","MATH","2","hard","4","Geometry and Trigonometry","Area","GEO_AREA_001","Compute surface area of prism/cylinder or composite solid","Compute surface area of prism/cylinder or composite solid","H1","1","multiple_choice","","A rectangular prism has length 8, width 5, and height 3. What is its surface area?","79","142","176","158","D","4","The surface area is 2(lw + lh + wh) = 2(8·5 + 8·3 + 5·3) = 2(40 + 24 + 15) = 158.","105","none","{}","","","","","","compute surface area of prism/cylinder or composite solid","","math,domain:Geometry and Trigonometry,skill:GEO_AREA_001,arch:MATH_ARCH_100_SOLID_SURFACE_AREA,sim:SIM_SOLID_MEASUREMENT,fp:1b58fe34,tier:H3"
"SAT-MATH-20",".20","math_v6_20","400-800","MATH.20.M2.Q05","MATH","2","hard","5","Algebra","Systems of Equations","ALG_SYS_010","Translate multi-constraint budget/resource situation into inequalities","Translate multi-constraint budget/resource situation into inequalities","H2","1","multiple_choice","","A school club will buy notebooks that cost $3 each and folders that cost $2 each. The club needs at least 50 total items and can spend at most $135. If n is the number of notebooks and f is the number of folders, which system represents the constraints?","n + f >= 50, 3n + 2f <= 135, n >= 0, f >= 0","n + f <= 50, 3n + 2f <= 135, n >= 0, f >= 0","n + f >= 50, 3n + 2f >= 135, n >= 0, f >= 0","3n + 2f >= 50, n + f <= 135, n >= 0, f >= 0","A","1","The total number of items gives n + f >= 50. The cost constraint gives 3n + 2f <= 135. Also n and f must be nonnegative.","120","none","{}","","","","","","translate multi-constraint budget/resource situation into inequalities","","math,domain:Algebra,skill:ALG_SYS_010,arch:MATH_ARCH_030_BUDGET_SYSTEM_INEQUALITIES,sim:SIM_LINEAR_SYSTEMS,fp:798deede,tier:H2"
"SAT-MATH-20",".20","math_v6_20","400-800","MATH.20.M2.Q06","MATH","2","hard","6","Advanced Math","Nonlinear Functions","ADV_NF_001","Determine parameters for a line and parabola system with two real solutions","Determine parameters for a line and parabola system with two real solutions","H2","1","multiple_choice","","For what value of k does the system y = x^2 - 6x + 11 and y = k have exactly one real solution?","-2","5","2","11","C","3","The horizontal line y = k intersects the parabola exactly once when it passes through the vertex. The vertex of y = x^2 - 6x + 11 is at x = 3, with y = 9 - 18 + 11 = 2. Thus k = 2.","130","none","{}","","","","","","determine parameters for a line and parabola system with two real solutions","","math,domain:Advanced Math,skill:ADV_NF_001,arch:MATH_ARCH_022_SYSTEM_QUADRATIC_LINE_TWO_SOLUTIONS,sim:SIM_QUADRATIC_SOLVING,fp:bf504693,tier:H3"
"SAT-MATH-20",".20","math_v6_20","400-800","MATH.20.M2.Q07","MATH","2","hard","7","Problem-Solving and Data Analysis","Ratios Rates and Proportions","PSD_RRP_008","Convert units through multiple conversion factors","Convert units through multiple conversion factors","H2","1","multiple_choice","","A machine fills bottles at a rate of 18 ounces per minute. How many gallons does it fill in 2 hours? (1 gallon = 128 ounces)","14.0625","16.875","33.75","153.6","B","2","In 2 hours, there are 120 minutes. The machine fills 18(120) = 2160 ounces. Converting to gallons gives 2160/128 = 16.875 gallons.","120","none","{}","","","","","","convert units through multiple conversion factors","","math,domain:Problem-Solving and Data Analysis,skill:PSD_RRP_008,arch:MATH_ARCH_039_UNIT_CONVERSION_CHAIN,sim:SIM_RATIOS_RATES_PROPORTIONS,fp:b767d4ac,tier:H2"
"SAT-MATH-20",".20","math_v6_20","400-800","MATH.20.M2.Q08","MATH","2","hard","8","Algebra","Systems of Equations","ALG_SYS_008","Find maximum possible coordinate from two linear inequalities","Find maximum possible coordinate from two linear inequalities","H2","1","student_response","","For real numbers x and y, suppose x + y <= 14, x - y <= 2, and y >= 0. What is the greatest possible value of x?","","","","","","","To maximize x, combine the first two constraints. From x + y <= 14 and x - y <= 2, adding gives 2x <= 16. Thus x <= 8. This value is possible with y = 6, so the greatest possible x is 8.","125","none","{}","","","integer","8","0","find maximum possible coordinate from two linear inequalities","","math,domain:Algebra,skill:ALG_SYS_008,arch:MATH_ARCH_027_SYSTEM_INEQUALITIES_MAX_COORDINATE,sim:SIM_LINEAR_SYSTEMS,fp:7038a91b,tier:H2"
"SAT-MATH-20",".20","math_v6_20","400-800","MATH.20.M2.Q09","MATH","2","hard","9","Advanced Math","Nonlinear Functions","ADV_NF_006","Solve radical equation and check extraneous solution","Solve radical equation and check extraneous solution","H2","1","multiple_choice","","What is the solution to sqrt(x + 5) = x - 1?","-1","1","5","4","D","4","Because the square root is nonnegative, x - 1 must be nonnegative. Squaring gives x + 5 = (x - 1)^2 = x^2 - 2x + 1, so x^2 - 3x - 4 = 0. The candidates are x = 4 and x = -1, but only x = 4 satisfies the original equation.","135","none","{}","","","","","","solve radical equation and check extraneous solution","","math,domain:Advanced Math,skill:ADV_NF_006,arch:MATH_ARCH_069_RADICAL_EQUATION_EXTRANEOUS,sim:SIM_EXPONENT_RADICALS,fp:32701d08,tier:H3"
"SAT-MATH-20",".20","math_v6_20","400-800","MATH.20.M2.Q10","MATH","2","hard","10","Geometry and Trigonometry","Trigonometry","GEO_TRIG_004","Use benchmark unit-circle values","Use benchmark unit-circle values","H2","1","multiple_choice","","For 0 <= theta <= 2pi, if cos(theta) = -1/2 and sin(theta) < 0, what is theta?","2pi/3","4pi/3","5pi/3","7pi/6","B","2","Cosine is negative and sine is negative in Quadrant III. The reference angle for |cos(theta)| = 1/2 is pi/3, so theta = pi + pi/3 = 4pi/3.","115","none","{}","","","","","","use benchmark unit-circle values","","math,domain:Geometry and Trigonometry,skill:GEO_TRIG_004,arch:MATH_ARCH_098_UNIT_CIRCLE_BENCHMARK,sim:SIM_TRIGONOMETRY_RELATIONSHIPS,fp:f6500a68,tier:H3"
"SAT-MATH-20",".20","math_v6_20","400-800","MATH.20.M2.Q11","MATH","2","hard","11","Algebra","Systems of Equations","ALG_SYS_006","Find parameter value that makes two linear equations parallel","Find parameter value that makes two linear equations parallel","H2","1","multiple_choice","","For what value of a does the system 2x + 3y = 7 and 4x + ay = 5 have no solution?","3","5","6","14","C","3","For no solution, the lines must be parallel but distinct. Multiplying the first equation by 2 gives 4x + 6y = 14, so a = 6 makes the left sides proportional while the constants differ.","125","none","{}","","","","","","find parameter value that makes two linear equations parallel","","math,domain:Algebra,skill:ALG_SYS_006,arch:MATH_ARCH_020_SYSTEM_NO_SOLUTION_PARAMETER,sim:SIM_LINEAR_SYSTEMS,fp:9d59ea11,tier:H3"
"SAT-MATH-20",".20","math_v6_20","400-800","MATH.20.M2.Q12","MATH","2","hard","12","Problem-Solving and Data Analysis","Probability","PSD_PROB_002","Compute conditional probability from a table subset","Compute conditional probability from a table subset","H3","1","multiple_choice","","The table shows survey results. If one respondent who chose Train is selected at random, what is the probability that the respondent is an adult?","7/10","3/10","42/115","18/42","A","1","The condition restricts the denominator to respondents who chose Train: 18 + 42 = 60. Of these, 42 are adults, so the probability is 42/60 = 7/10.","125","table","{}","| Age group | Bus | Train | Bike |\n|---|---:|---:|---:|\n| Student | 25 | 18 | 12 |\n| Adult | 10 | 42 | 8 |","","","","","compute conditional probability from a table subset","","math,domain:Problem-Solving and Data Analysis,skill:PSD_PROB_002,arch:MATH_ARCH_050_CONDITIONAL_PROBABILITY_TABLE,sim:SIM_PROBABILITY_TABLES,fp:adc27320,tier:H3"
"SAT-MATH-20",".20","math_v6_20","400-800","MATH.20.M2.Q13","MATH","2","hard","13","Advanced Math","Nonlinear Functions","ADV_NF_007","Solve rational equation and reject excluded values","Solve rational equation and reject excluded values","H3","1","multiple_choice","","What is the solution to 3/(x - 2) + 1 = 5, with x not equal to 2?","2","5/4","11/4","7/4","C","3","Subtract 1 to get 3/(x - 2) = 4. Then 3 = 4(x - 2), so 3 = 4x - 8 and x = 11/4. This value is not excluded.","130","none","{}","","","","","","solve rational equation and reject excluded values","","math,domain:Advanced Math,skill:ADV_NF_007,arch:MATH_ARCH_073_RATIONAL_EQUATION_SOLVE,sim:SIM_RATIONAL_EQUATIONS,fp:f65a6b86,tier:H3"
"SAT-MATH-20",".20","math_v6_20","400-800","MATH.20.M2.Q14","MATH","2","hard","14","Algebra","Systems of Equations","ALG_SYS_007","Find parameter value that makes two equations equivalent","Find parameter value that makes two equations equivalent","H3","1","multiple_choice","","For what value of b does the system 3x - 2y = 8 and 6x - 4y = b have infinitely many solutions?","4","16","8","12","B","2","For infinitely many solutions, the second equation must be an exact multiple of the first. Since 6x - 4y is twice 3x - 2y, the constant must be 2(8) = 16.","115","none","{}","","","","","","find parameter value that makes two equations equivalent","","math,domain:Algebra,skill:ALG_SYS_007,arch:MATH_ARCH_021_SYSTEM_INFINITE_SOLUTIONS_PARAMETER,sim:SIM_LINEAR_SYSTEMS,fp:d9197f99,tier:H3"
"SAT-MATH-20",".20","math_v6_20","400-800","MATH.20.M2.Q15","MATH","2","hard","15","Advanced Math","Nonlinear Functions","ADV_NF_008","Model exponential growth or decay","Model exponential growth or decay","H3","1","multiple_choice","","A population is modeled by P(t) = 800(1.25)^t, where t is measured in years. What is the percent increase in the population over 2 years?","25%","50%","56.25%","156.25%","C","3","The two-year factor is (1.25)^2 = 1.5625. That is 56.25% greater than the initial amount.","120","none","{}","","","","","","model exponential growth or decay","","math,domain:Advanced Math,skill:ADV_NF_008,arch:MATH_ARCH_074_EXPONENTIAL_GROWTH_DECAY,sim:SIM_EXPONENTIAL_MODELS,fp:57911f3d,tier:H3"
"SAT-MATH-20",".20","math_v6_20","400-800","MATH.20.M2.Q16","MATH","2","hard","16","Geometry and Trigonometry","Triangles","GEO_TRI_004","Use 30-60-90 or 45-45-90 triangle ratios","Use 30-60-90 or 45-45-90 triangle ratios","H3","1","multiple_choice","","In the 30°-60°-90° right triangle shown, the side opposite the 30° angle has length 9. What is the length of the hypotenuse?","9sqrt(3)","12","27","18","D","4","In a 30°-60°-90° triangle, the hypotenuse is twice the side opposite the 30° angle. Therefore the hypotenuse is 2(9) = 18.","125","right_triangle","{""diagram_type"":""right_triangle"",""render_mode"":""near_to_scale"",""not_to_scale"":true,""vertices"":[""A"",""B"",""C""],""right_angle_at"":""B"",""angle_labels"":{""A"":""30\u00b0"",""C"":""60\u00b0"",""B"":""90\u00b0""},""side_labels"":{""BC"":""9"",""AC"":""?""},""target"":""AC""}","","","","","","use 30-60-90 or 45-45-90 triangle ratios","","math,domain:Geometry and Trigonometry,skill:GEO_TRI_004,arch:MATH_ARCH_087_SPECIAL_RIGHT_TRIANGLES,sim:SIM_SPECIAL_RIGHT_TRIANGLES,fp:df12df1a,tier:H3"
"SAT-MATH-20",".20","math_v6_20","400-800","MATH.20.M2.Q17","MATH","2","hard","17","Advanced Math","Nonlinear Functions","ADV_NF_010","Use quadratic formula to solve or analyze roots","Use quadratic formula to solve or analyze roots","H3","1","multiple_choice","","The equation 2x^2 - 5x - 3 = 0 has two solutions. What is the greater solution?","3","-1/2","1/2","5/2","A","1","Using the quadratic formula, x = (5 ± sqrt(25 + 24))/4 = (5 ± 7)/4. The solutions are 3 and -1/2, so the greater solution is 3.","135","none","{}","","","","","","use quadratic formula to solve or analyze roots","","math,domain:Advanced Math,skill:ADV_NF_010,arch:MATH_ARCH_076_QUADRATIC_SOLVE_FORMULA,sim:SIM_QUADRATIC_SOLVING,fp:879ed598,tier:H3"
"SAT-MATH-20",".20","math_v6_20","400-800","MATH.20.M2.Q18","MATH","2","hard","18","Algebra","Linear Equations","ALG_LE_005","Solve a literal equation with parameters in terms of other variables","Solve a literal equation with parameters in terms of other variables","H3","1","multiple_choice","","If p(q - r) = 3q + r and p != 3, which expression gives q in terms of p and r?","r(p - 1)/(p - 3)","r(p + 1)/(p + 3)","r(p + 1)/(p - 3)","(p - 3)/(r(p + 1))","C","3","Expand to get pq - pr = 3q + r. Move q terms to one side: pq - 3q = pr + r. Factor q(p - 3) = r(p + 1), so q = r(p + 1)/(p - 3).","145","none","{}","","","","","","solve a literal equation with parameters in terms of other variables","","math,domain:Algebra,skill:ALG_LE_005,arch:MATH_ARCH_014_LITERAL_EQUATION_PARAMETER,sim:SIM_LINEAR_EQUATIONS_AND_INEQUALITIES,fp:4fbddd23,tier:H3"
"SAT-MATH-20",".20","math_v6_20","400-800","MATH.20.M2.Q19","MATH","2","hard","19","Geometry and Trigonometry","Triangles","GEO_TRI_006","Use similar triangles and scale factors","Use similar triangles and scale factors","H3","1","multiple_choice","","In the similar triangles shown, triangle ABC corresponds to triangle DEF with A to D, B to E, and C to F. If AB = 6, BC = 10, DE = 9, and EF = x, what is x?","12","15","18","20","B","2","Corresponding sides are proportional. The scale factor from triangle ABC to triangle DEF is DE/AB = 9/6 = 3/2. Since BC corresponds to EF, x = 10(3/2) = 15.","140","triangle","{""diagram_type"":""similar_triangles"",""render_mode"":""near_to_scale"",""not_to_scale"":true,""triangles"":[{""triangle_id"":""ABC"",""vertices"":[""A"",""B"",""C""],""side_labels"":{""AB"":""6"",""BC"":""10""},""angle_labels"":{}},{""triangle_id"":""DEF"",""vertices"":[""D"",""E"",""F""],""side_labels"":{""DE"":""9"",""EF"":""x""},""angle_labels"":{}}],""correspondence"":{""A"":""D"",""B"":""E"",""C"":""F""},""target"":""EF""}","","","","","","use similar triangles and scale factors","","math,domain:Geometry and Trigonometry,skill:GEO_TRI_006,arch:MATH_ARCH_089_SIMILAR_TRIANGLES_SCALE,sim:SIM_SIMILAR_TRIANGLES,fp:981c8b81,tier:H3"
"SAT-MATH-20",".20","math_v6_20","400-800","MATH.20.M2.Q20","MATH","2","hard","20","Advanced Math","Nonlinear Functions","ADV_NF_011","Complete the square to find vertex or solve","Complete the square to find vertex or solve","H3","1","multiple_choice","","What is the minimum value of f(x) = x^2 - 10x + 18?","-25","-7","-5","18","B","2","Complete the square: x^2 - 10x + 18 = (x - 5)^2 - 25 + 18 = (x - 5)^2 - 7. The square term is minimized at 0, so the minimum value is -7.","130","none","{}","","","","","","complete the square to find vertex or solve","","math,domain:Advanced Math,skill:ADV_NF_011,arch:MATH_ARCH_077_QUADRATIC_COMPLETE_SQUARE,sim:SIM_QUADRATIC_FEATURES,fp:a4eb1fc7,tier:H3"
"SAT-MATH-20",".20","math_v6_20","400-800","MATH.20.M2.Q21","MATH","2","hard","21","Algebra","Systems of Equations","ALG_SYS_009","Identify quadrants containing solutions to a system of inequalities","Identify quadrants containing solutions to a system of inequalities","H2","1","multiple_choice","","Which quadrant contains all solutions to the system x < 0, y > -2x + 5, and y < x + 8?","Quadrant I","Quadrant III","Quadrant IV","Quadrant II","D","4","For solutions to exist, -2x + 5 < x + 8, so x > -1. Together with x < 0, this gives -1 < x < 0. In this interval, y must be greater than -2x + 5, which is greater than 5, so y is positive. Thus all solutions have negative x-values and positive y-values, placing them in Quadrant II.","125","none","{}","","","","","","identify quadrants containing solutions to a system of inequalities","","math,domain:Algebra,skill:ALG_SYS_009,arch:MATH_ARCH_028_SYSTEM_INEQUALITIES_REGION_QUADRANTS,sim:SIM_LINEAR_SYSTEMS,fp:434af4fb,tier:H2"
"SAT-MATH-20",".20","math_v6_20","400-800","MATH.20.M2.Q22","MATH","2","hard","22","Advanced Math","Nonlinear Functions","ADV_NF_014","Use discriminant to determine number/type of solutions","Use discriminant to determine number/type of solutions","H3","1","student_response","","For what value of c does the equation x^2 - 12x + c = 0 have exactly one real solution?","","","","","","","A quadratic has exactly one real solution when its discriminant is 0. Here b^2 - 4ac = (-12)^2 - 4(1)c = 144 - 4c. Setting 144 - 4c = 0 gives c = 36.","130","none","{}","","","integer","36","0","use discriminant to determine number/type of solutions","","math,domain:Advanced Math,skill:ADV_NF_014,arch:MATH_ARCH_080_QUADRATIC_DISCRIMINANT,sim:SIM_QUADRATIC_SOLVING,fp:23792b2f,tier:H3"