"test_id","exam_version","generation_batch_id","target_score_band","question_id","section","module","route","question_number","content_domain","skill_group","skill_code","skill_label","question_topic","difficulty","scoring_weight","question_type","passage","question","choice_a","choice_b","choice_c","choice_d","correct_answer","correct_choice_index","explanation","time_estimate_sec","visual_type","visual_json","table_markdown","equation_latex","student_response_type","correct_numeric_answer","answer_tolerance","primary_skill","secondary_skill","tags"
"SAT_RW_25","rw_section_v1","batch_25","RW adaptive practice","RW25-M1-Q01","RW","1","base","1","Craft and Structure","Words in Context","RW.WIC","Words in Context","contextual vocabulary meaning","Easy","1","multiple_choice","For five summers, volunteers at a coastal wetland counted the same groups of marsh sparrows every week. The project began as a short survey, but the organizers sustained it by training new volunteers before older ones left and by keeping the counting routes unchanged. They also stored field notes in a shared archive rather than in personal notebooks. As a result, the records did not end when the original team graduated from college. The continuity allowed biologists to compare bird activity across unusually dry and unusually wet years.","As used in the text, “sustained” most nearly means","injured","proved","delayed","maintained","D","4","The organizers kept the survey going over multiple summers, so “sustained” means maintained.","70","none","{}","","","","","","Words in Context","Words in Context","passage:R001 arch:RW_WIC_001 sim:rw_words_in_context_cause_effect fp:f7a993dbbf50 wic hard_vocab vocab:HV_001 tier:V3 target:sustain"
"SAT_RW_25","rw_section_v1","batch_25","RW adaptive practice","RW25-M1-Q02","RW","1","base","2","Craft and Structure","Words in Context","RW.WIC","Words in Context","contextual vocabulary meaning","Easy","1","multiple_choice","When cartographer Lena Ortiz compared old harbor drawings with recent satellite images, she noticed that the sandbar had not truly shifted as much as the drawings suggested. The older maps used a different scale, placed the lighthouse too far inland, and compressed the distance between two piers. Those choices rendered the channel narrower than it was, creating an impression of dramatic change where only a modest change had occurred. Ortiz concluded that some apparent shoreline movement reflected mapping conventions rather than erosion.","Which choice best states the meaning of “rendered” as used in the text?","painted","translated","made","paid","C","3","The maps' scale and placement made the channel appear narrower; “rendered” means made.","70","none","{}","","","","","","Words in Context","Words in Context","passage:R002 arch:RW_WIC_002 sim:rw_words_in_context_purpose_sentence fp:8c3d235f4fea wic hard_vocab vocab:HV_002 tier:V3 target:render"
"SAT_RW_25","rw_section_v1","batch_25","RW adaptive practice","RW25-M1-Q03","RW","1","base","3","Craft and Structure","Words in Context","RW.WIC","Words in Context","word function in claim","Medium","1","multiple_choice","A team studying ceramic bowls from a mountain village found that most bowls shared the same clay mixture, but a few contained minerals from a distant valley. The researchers describe their conclusion as modest: the evidence suggests occasional exchange with neighboring communities, not a permanent trade network or migration. That wording matters because the sample includes only thirty-eight bowls from one storage room, and none of the bowls can be dated to a precise year. The evidence points to contact, but not to its scale.","Which choice best describes the function of “modest” in the passage?","It limits the strength of the researchers’ conclusion to fit the available evidence.","It suggests that the bowls were plain rather than decorated.","It emphasizes that the distant valley was economically unimportant.","It indicates that the researchers rejected all explanations involving exchange.","A","1","The word “modest” signals that the researchers are making a limited claim because the sample is small.","70","none","{}","","","","","","Words in Context","Words in Context","passage:R003 arch:RW_WIC_003 sim:rw_words_in_context_word_function fp:6a7d7aed3f20 wic hard_vocab vocab:HV_099 tier:V3 target:modest"
"SAT_RW_25","rw_section_v1","batch_25","RW adaptive practice","RW25-M1-Q04","RW","1","base","4","Craft and Structure","Text Structure and Purpose","RW.TSP","Text Structure and Purpose","overall structure","Medium","1","multiple_choice","For years, museum labels described a bronze tool as a farming implement because its curved edge resembled a sickle. Recent microscopic analysis complicates that identification. The edge lacks the plant polish usually left by harvesting, but the handle contains traces of mineral pigment. Those traces appear in the small grooves where a user's fingers would have pressed. Conservator Mei Han therefore proposes that the object may have been used to grind colored powders for ritual painting rather than to cut grain.","Which choice best describes the overall structure of the text?","It compares two museums’ methods for displaying the same object and judges one method to be more accurate.","It presents an older classification, introduces new evidence against that classification, and offers a revised interpretation.","It lists several uses for bronze tools and concludes that none can be verified.","It explains how bronze tools were manufactured before describing why few examples survive.","B","2","The text moves from the traditional farming identification to microscopic evidence that challenges it and then to a new interpretation.","70","none","{}","","","","","","Text Structure and Purpose","Text Structure and Purpose","passage:R004 arch:RW_TSP_001 sim:rw_text_structure_and_purpose_purpose_sentence fp:58f7f9ff865c"
"SAT_RW_25","rw_section_v1","batch_25","RW adaptive practice","RW25-M1-Q05","RW","1","base","5","Craft and Structure","Text Structure and Purpose","RW.TSP","Text Structure and Purpose","function of sentence","Medium","1","multiple_choice","In the early 1900s, violin maker Sofia Bellini began saving scraps from damaged instruments instead of discarding them. The practice seemed eccentric to some customers, who expected every repair to use new wood. Bellini argued that old wood often matched the density and dryness of an instrument more closely than freshly cut material did. Her repair ledgers show that she sometimes tested several scraps before choosing one. Today, restorers use a similar approach when they choose replacement pieces that will vibrate like the original structure.","What is the main purpose of the sentence “The practice seemed eccentric to some customers, who expected every repair to use new wood”?","To explain why Bellini stopped repairing instruments for customers","To show that Bellini’s method initially conflicted with common expectations","To establish that Bellini’s customers understood acoustics better than she did","To suggest that new wood was unavailable to instrument makers at the time","B","2","The sentence shows that customers expected new wood, so Bellini’s use of scraps seemed unusual.","70","none","{}","","","","","","Text Structure and Purpose","Text Structure and Purpose","passage:R005 arch:RW_TSP_002 sim:rw_text_structure_and_purpose_word_function fp:b3363c221d8b"
"SAT_RW_25","rw_section_v1","batch_25","RW adaptive practice","RW25-M1-Q06","RW","1","base","6","Craft and Structure","Text Structure and Purpose","RW.TSP","Text Structure and Purpose","contrast in organization","Medium","1","multiple_choice","Printed trail maps rarely update quickly after storms, so hikers may find that a marked bridge is gone or a path is blocked. Digital maps can be corrected within hours, and users may receive notices about closures before reaching a trailhead. They introduce a different problem, however: they depend on batteries and cellular signals that often fail in remote areas. Many park rangers now recommend carrying both formats, treating each as a safeguard against the other’s weakness.","Which choice best describes the function of the last sentence in the text?","It rejects digital maps because they are less reliable than printed maps in all situations.","It introduces a historical explanation for why hikers began using trail maps.","It gives an example of a storm that damaged a specific park trail.","It draws a practical conclusion from the contrasting strengths and weaknesses discussed earlier.","D","4","The final sentence recommends using both map types because the earlier sentences explain different limitations of each.","70","none","{}","","","","","","Text Structure and Purpose","Text Structure and Purpose","passage:R006 arch:RW_TSP_003 sim:rw_text_structure_and_purpose_revision_goal fp:a26a5218668c"
"SAT_RW_25","rw_section_v1","batch_25","RW adaptive practice","RW25-M1-Q07","RW","1","base","7","Craft and Structure","Cross-Text Connections","RW.CTC","Cross-Text Connections","paired text relation","Medium","1","multiple_choice","Text 1: Community seed banks preserve crop varieties that large commercial suppliers often overlook. By storing and sharing locally adapted seeds, these banks help farmers recover after droughts, floods, or market disruptions. They can also keep regional food traditions alive because farmers retain access to beans, grains, and vegetables suited to local soils. In some towns, seed exchanges have become annual gatherings where farmers compare growing conditions. Text 2: Seed banks can be valuable, but they work best when farmers continue planting the stored varieties in fields. Seeds kept only on shelves may remain viable for a time, yet farmers lose practical knowledge about when and where those varieties thrive. Regular planting also reveals whether a variety still resists pests or heat under changing conditions.","Based on the texts, how would the author of Text 2 most likely respond to the claim in Text 1?","By arguing that commercial suppliers are better at preserving locally adapted seeds than community banks are","By agreeing that seed banks are useful while emphasizing that stored seeds should remain connected to active farming practices","By denying that droughts or floods threaten farmers who use locally adapted crops","By claiming that seed banks should focus exclusively on rare ornamental plants rather than crops","B","2","Text 2 accepts the value of seed banks but adds that farmers must keep planting and learning from the varieties.","70","none","{}","","","","","","Cross-Text Connections","Cross-Text Connections","passage:R007 arch:RW_CTC_001 sim:rw_cross_text_connections_word_function fp:f854b06f4295"
"SAT_RW_25","rw_section_v1","batch_25","RW adaptive practice","RW25-M1-Q08","RW","1","base","8","Information and Ideas","Central Ideas and Details","RW.CID","Central Ideas and Details","central idea","Easy","1","multiple_choice","In the 1880s, several newspapers praised mechanical typesetting machines as devices that would eliminate the need for skilled compositors. The prediction was only partly right. Operators still had to judge line breaks, correct spacing, and repair jams quickly enough to keep presses on schedule. Some newspapers even created new training routines so workers could learn to monitor the machines while reading proofs. Instead of making skill unnecessary, the new machines shifted skill from arranging individual letters by hand to supervising a faster and more complex process.","Which choice best states the central idea of the text?","Mechanical typesetting was rejected by newspapers because it slowed the printing process.","Skilled compositors prevented newspapers from purchasing mechanical typesetting machines.","Mechanical typesetting changed the kind of expertise printers needed rather than removing the need for expertise.","Mechanical typesetting machines were used mainly to print books rather than newspapers.","C","3","The text explains that the machines did not eliminate skill; they changed where skill was applied.","70","none","{}","","","","","","Central Ideas and Details","Central Ideas and Details","passage:R008 arch:RW_CID_001 sim:rw_central_ideas_and_details_main_claim fp:712ab61087cd"
"SAT_RW_25","rw_section_v1","batch_25","RW adaptive practice","RW25-M1-Q09","RW","1","base","9","Information and Ideas","Central Ideas and Details","RW.CID","Central Ideas and Details","supporting detail","Easy","1","multiple_choice","Botanist Amina Patel studied a desert shrub whose leaves fold during the hottest part of the day. At first, Patel assumed that folding reduced water loss by covering the leaf surface. Measurements showed a different benefit: folded leaves reflected more sunlight onto the pale ground beneath the plant, cooling the air around the stem. The effect was small for one leaf but significant across thousands of leaves on a single shrub, especially during cloudless afternoons when reflected light was strongest.","According to the text, what did Patel’s measurements show about the shrub’s folded leaves?","They prevented the plant from producing new leaves during hot weather.","They helped cool the air near the stem by reflecting sunlight toward the ground.","They trapped warm air against the stem throughout the afternoon.","They absorbed more sunlight than unfolded leaves did.","B","2","The passage says the folded leaves reflected sunlight onto the pale ground and cooled the air around the stem.","70","none","{}","","","","","","Central Ideas and Details","Central Ideas and Details","passage:R009 arch:RW_CID_002 sim:rw_central_ideas_and_details_supporting_detail fp:1c94a09ab27b"
"SAT_RW_25","rw_section_v1","batch_25","RW adaptive practice","RW25-M1-Q10","RW","1","base","10","Information and Ideas","Command of Evidence","RW.COE","Command of Evidence","evidence support","Medium","1","multiple_choice","Historian Mateo Rivas argues that a neighborhood orchestra became influential not because it played in elite concert halls but because it performed repeatedly in public squares. He notes that the orchestra’s surviving programs list more outdoor concerts than formal theater appearances. City diaries from the same period mention hearing the group during market days, festivals, and evening walks. Rivas also observes that several later musicians recalled first encountering orchestral music while passing through those crowded public spaces.","Which detail from the text best supports Rivas’s argument?","The orchestra’s surviving programs list more outdoor concerts than formal theater appearances.","The orchestra became influential during the period Rivas studies.","Some city residents kept diaries during the same period.","The orchestra performed music at a variety of events.","A","1","Programs showing more outdoor concerts than theater appearances directly support the claim about public-square influence.","70","none","{}","","","","","","Command of Evidence","Command of Evidence","passage:R010 arch:RW_COE_001 sim:rw_command_of_evidence_supporting_detail fp:7c4e199de243"
"SAT_RW_25","rw_section_v1","batch_25","RW adaptive practice","RW25-M1-Q11","RW","1","base","11","Information and Ideas","Command of Evidence","RW.COE","Command of Evidence","hypothesis support","Medium","1","multiple_choice","A materials scientist testing biodegradable packaging suspects that a starch-based film breaks down faster when it is thin but only if the surrounding soil stays moist. In a preliminary trial, thick and thin samples decomposed at nearly the same rate in dry soil. The scientist plans a second trial to compare the same film thicknesses under controlled moisture levels. To avoid confusing thickness with other factors, all samples will be cut from the same batch and buried at the same temperature.","Which finding from the second trial would most directly support the scientist’s suspicion?","In dry soil, both thick and thin samples kept their shape for the entire trial.","In moist soil, all samples absorbed water before the trial began.","In dry soil, thick samples were easier to weigh than thin samples were.","In moist soil, thin samples decomposed much faster than thick samples, while in dry soil the difference remained small.","D","4","The suspicion predicts a large thickness effect in moist soil but not in dry soil; the correct finding matches that pattern.","70","none","{}","","","","","","Command of Evidence","Command of Evidence","passage:R011 arch:RW_COE_002 sim:rw_command_of_evidence_contrast fp:328ac58cc910"
"SAT_RW_25","rw_section_v1","batch_25","RW adaptive practice","RW25-M1-Q12","RW","1","base","12","Information and Ideas","Inferences","RW.INF","Inferences","reasonable inference","Medium","1","multiple_choice","At a community theater, director Jun Park removed several large set pieces from a play and replaced them with painted screens that actors could move between scenes. The screens were designed to suggest the same locations as the original furniture and walls, so the story remained visually clear. Ticket sales did not change, but backstage delays decreased sharply. Actors also reported that scene changes felt less stressful because fewer people had to lift heavy objects in the dark.","What can reasonably be inferred from the text?","The theater increased ticket prices after Park changed the set design.","The painted screens helped the production run more smoothly without reducing audience interest.","Actors preferred the old set pieces because they looked more realistic.","The play became shorter because Park removed several scenes.","B","2","The passage says sales stayed the same while delays and stress decreased, implying smoother operations without reduced interest.","70","none","{}","","","","","","Inferences","Inferences","passage:R012 arch:RW_INF_001 sim:rw_inferences_contrast fp:0b23ae43c919"
"SAT_RW_25","rw_section_v1","batch_25","RW adaptive practice","RW25-M1-Q13","RW","1","base","13","Information and Ideas","Inferences","RW.INF","Inferences","implicit cause","Medium","1","multiple_choice","A city library placed its most borrowed cookbooks on a cart near the entrance for one month. During that month, cookbook borrowing rose, but borrowing of travel books on nearby shelves fell slightly. Librarians noticed that visitors often stopped at the cart and then left without walking farther into the nonfiction section. The pattern was strongest on weekday evenings, when many patrons said they were making quick visits after work rather than browsing for a long time.","Which inference is best supported by the text?","Travel books became less popular because the library removed many of them.","The cookbook cart may have changed how some visitors moved through the library.","The cart was introduced because visitors had complained about cookbook quality.","Cookbook borrowing rose because the library purchased more cookbooks.","B","2","Visitors stopped at the cart and left without going farther, suggesting the cart changed movement through the section.","70","none","{}","","","","","","Inferences","Inferences","passage:R013 arch:RW_INF_002 sim:rw_inferences_cause_effect fp:ddfa6e80818c"
"SAT_RW_25","rw_section_v1","batch_25","RW adaptive practice","RW25-M1-Q14","RW","1","base","14","Information and Ideas","Inferences","RW.INF","Inferences","interpretation of evidence","Medium","1","multiple_choice","When a school installed a small greenhouse, science teachers expected it to be used mainly for biology classes. Instead, art classes reserved it almost as often. Students sketched leaf patterns, studied shadows on glass panels, and mixed paints to match plant colors. A photography club also used the space to practice controlling light. Because teachers from different departments scheduled the greenhouse for unrelated assignments, it became less a single-department resource than a shared space for careful observation in several kinds of coursework.","Which choice best describes what the text suggests about the greenhouse?","It was too small to be useful for biology classes.","It replaced the school’s need for a separate art classroom.","It was built after art teachers requested a place to store supplies.","It supported learning activities beyond the subject for which it was originally intended.","D","4","The art examples show that the greenhouse became useful outside biology.","70","none","{}","","","","","","Inferences","Inferences","passage:R014 arch:RW_INF_003 sim:rw_inferences_purpose_sentence fp:721c8efca7c7"
"SAT_RW_25","rw_section_v1","batch_25","RW adaptive practice","RW25-M1-Q15","RW","1","base","15","Standard English Conventions","Boundaries","SEC.BND","Boundaries","semicolon between independent clauses","Medium","1","multiple_choice","During the first week of the survey, the river gauge recorded steady levels [___] the downstream sensor showed a sudden drop after the storm drain opened.","Which choice completes the text with the correct punctuation?",",",":","because",";","D","4","A semicolon correctly joins two closely related independent clauses without a coordinating conjunction.","55","none","{}","","","","","","Boundaries","Boundaries","sec grammar arch:SEC-BND-001 sim:SEC.BND:sentence_boundary_semicolon:A._minimal-context_version fp:9bc82608e013 ctx:CTX-GRM-001 tier:SEC1"
"SAT_RW_25","rw_section_v1","batch_25","RW adaptive practice","RW25-M1-Q16","RW","1","base","16","Standard English Conventions","Boundaries","SEC.BND","Boundaries","introductory phrase punctuation","Medium","1","multiple_choice","After testing several paper coatings [___] the conservation team selected the one that resisted moisture without changing the ink color.","Which choice completes the text so that it conforms to the conventions of Standard English?",",",";",":","no punctuation","A","1","A comma is needed after the introductory phrase “After testing several paper coatings.”","55","none","{}","","","","","","Boundaries","Boundaries","sec grammar arch:SEC-BND-021 sim:SEC.BND:introductory_phrase_comma:A._minimal-context_version fp:82dd3862a828 ctx:CTX-GRM-002 tier:SEC2"
"SAT_RW_25","rw_section_v1","batch_25","RW adaptive practice","RW25-M1-Q17","RW","1","base","17","Standard English Conventions","Boundaries","SEC.BND","Boundaries","colon after independent clause","Medium","1","multiple_choice","The restoration crew needed three tools before work could begin [___] a soft brush, a magnifying lamp, and a humidity meter.","Which choice completes the text with the most appropriate punctuation?",",",":",";","and","B","2","A colon is correct after a complete independent clause that introduces a list.","55","none","{}","","","","","","Boundaries","Boundaries","sec grammar arch:SEC-BND-041 sim:SEC.BND:colon_after_independent_clause:A._minimal-context_version fp:a2a3643c9484 ctx:CTX-GRM-003 tier:SEC1"
"SAT_RW_25","rw_section_v1","batch_25","RW adaptive practice","RW25-M1-Q18","RW","1","base","18","Standard English Conventions","Boundaries","SEC.BND","Boundaries","dash interruption","Medium","1","multiple_choice","The lead engineer approved the final adjustment [___] before the prototype was packed for shipping.","Which choice completes the text so that punctuation is used correctly?","— a three-millimeter shift in the bracket —","; a three-millimeter shift in the bracket ;",", a three-millimeter shift in the bracket","a three-millimeter shift in the bracket,","A","1","Matching dashes correctly set off the nonessential interruption within the sentence.","55","none","{}","","","","","","Boundaries","Boundaries","sec grammar arch:SEC-BND-046 sim:SEC.BND:dash_emphasis_interruption:A._minimal-context_version fp:73a5a8afd20e ctx:CTX-GRM-004 tier:SEC1"
"SAT_RW_25","rw_section_v1","batch_25","RW adaptive practice","RW25-M1-Q19","RW","1","base","19","Standard English Conventions","Form, Structure, and Sense","SEC.FSS","Form, Structure, and Sense","subject verb agreement","Medium","1","multiple_choice","The collection of field notes from the two expeditions [___] now stored in the university archive.","Which choice completes the text so that it conforms to the conventions of Standard English?","are","were","is","have been","C","3","The singular subject “collection” requires the singular verb “is.”","55","none","{}","","","","","","Form, Structure, and Sense","Form, Structure, and Sense","sec grammar arch:SEC-FSS-001 sim:SEC.FSS:subject_verb_agreement:A._single-trap_version fp:8f3b77842983 ctx:CTX-GRM-005 tier:SEC1"
"SAT_RW_25","rw_section_v1","batch_25","RW adaptive practice","RW25-M1-Q20","RW","1","base","20","Standard English Conventions","Form, Structure, and Sense","SEC.FSS","Form, Structure, and Sense","pronoun antecedent agreement","Medium","1","multiple_choice","Each of the robotics teams submitted [___] design plan before the regional competition.","Which choice completes the text with the correct pronoun?","its","their","they're","them","A","1","The singular antecedent “Each” requires the singular possessive pronoun “its.”","55","none","{}","","","","","","Form, Structure, and Sense","Form, Structure, and Sense","sec grammar arch:SEC-FSS-016 sim:SEC.FSS:pronoun_antecedent_agreement:A._single-trap_version fp:026449bcad00 ctx:CTX-GRM-006 tier:SEC2"
"SAT_RW_25","rw_section_v1","batch_25","RW adaptive practice","RW25-M1-Q21","RW","1","base","21","Standard English Conventions","Form, Structure, and Sense","SEC.FSS","Form, Structure, and Sense","parallel structure","Medium","1","multiple_choice","The workshop teaches students to collect samples, to label them carefully, and [___].","Which choice completes the text so that the sentence is parallel?","to record their observations","recording their observations","their observations recorded","observations that they record","A","1","The phrase “to record their observations” is parallel with “to collect” and “to label.”","55","none","{}","","","","","","Form, Structure, and Sense","Form, Structure, and Sense","sec grammar arch:SEC-FSS-031 sim:SEC.FSS:parallel_structure:A._single-trap_version fp:be388aaba02c ctx:CTX-GRM-007 tier:SEC2"
"SAT_RW_25","rw_section_v1","batch_25","RW adaptive practice","RW25-M1-Q22","RW","1","base","22","Expression of Ideas","Transitions","RW.TR","Transitions","contrast transition","Medium","1","multiple_choice","Many small museums digitize their catalogs to make collections easier to search. [___] they still keep handwritten accession books because those books sometimes include notes that were never entered into the database.","Which transition most logically introduces the contrast in the next sentence?","For instance,","Consequently,","However,","Similarly,","C","3","The second sentence contrasts digital catalogs with the continued use of handwritten books, so “However,” is logical.","55","none","{}","","","","","","Transitions","Transitions","passage:R015 arch:RW_TR_001 sim:rw_transitions_logical_link fp:8add8cfb7205"
"SAT_RW_25","rw_section_v1","batch_25","RW adaptive practice","RW25-M1-Q23","RW","1","base","23","Expression of Ideas","Transitions","RW.TR","Transitions","example transition","Medium","1","multiple_choice","Sound engineers often add fabric panels to recording studios to reduce echoes. [___] a theater may hang heavy curtains along a bare wall to keep spoken lines from sounding harsh.","Which transition best introduces the example that follows?","Nevertheless,","In contrast,","For example,","As a result,","C","3","The theater curtain sentence gives an example of using fabric to control sound.","55","none","{}","","","","","","Transitions","Transitions","passage:R016 arch:RW_TR_002 sim:rw_transitions_punctuation_boundary fp:da1d49798b65"
"SAT_RW_25","rw_section_v1","batch_25","RW adaptive practice","RW25-M1-Q24","RW","1","base","24","Expression of Ideas","Transitions","RW.TR","Transitions","cause effect transition","Medium","1","multiple_choice","The city replaced several downtown trash cans with bins that had narrow lids. [___] fewer gulls were able to pull food scraps into the street.","Which transition best shows that the second sentence is a result of the first?","As a result,","On the other hand,","For instance,","Likewise,","A","1","The second sentence describes the effect of changing the bins, so “As a result,” fits.","55","none","{}","","","","","","Transitions","Transitions","passage:R017 arch:RW_TR_003 sim:rw_transitions_verb_pronoun_agreement fp:6884e32dd7f8"
"SAT_RW_25","rw_section_v1","batch_25","RW adaptive practice","RW25-M1-Q25","RW","1","base","25","Expression of Ideas","Rhetorical Synthesis","RW.RS","Rhetorical Synthesis","synthesize notes for goal","Medium","1","multiple_choice","While researching a topic, a student has taken the following notes: The novelist Nella Larsen published Passing in 1929; the novel examines identity and social expectation; modern critics often discuss its concise style; several recent stage adaptations emphasize the novel’s tense conversations.","The student wants to introduce the novel and mention why it remains relevant to critics and adapters. Which choice most effectively uses relevant information from the notes to accomplish this goal?","Nella Larsen published Passing in 1929, and the book includes tense conversations that some stage adaptations emphasize.","Modern critics often discuss concise style, while stage adaptations often include conversations.","Nella Larsen’s 1929 novel Passing continues to attract attention because its treatment of identity and social expectation invites both critical discussion and stage adaptation.","Passing was published in 1929 by Nella Larsen before several recent stage adaptations were created.","C","3","The correct choice introduces the novel and connects its themes to ongoing critical and theatrical interest.","55","none","{}","","","","","","Rhetorical Synthesis","Rhetorical Synthesis","passage:R018 arch:RW_RS_001 sim:rw_rhetorical_synthesis_revision_goal fp:caa0bdcd3d82"
"SAT_RW_25","rw_section_v1","batch_25","RW adaptive practice","RW25-M1-Q26","RW","1","base","26","Expression of Ideas","Rhetorical Synthesis","RW.RS","Rhetorical Synthesis","combine notes with comparison","Medium","1","multiple_choice","While researching a topic, a student has taken the following notes: The prickly pear cactus stores water in thick pads; it opens pores mostly at night; this timing reduces daytime water loss; many desert plants use similar nighttime gas exchange.","The student wants to explain how one feature of the prickly pear helps it survive dry conditions. Which choice most effectively uses relevant information from the notes to accomplish this goal?","The prickly pear cactus stores water in thick pads, and many desert plants live in dry environments.","By opening its pores mostly at night, the prickly pear limits daytime water loss, a strategy that helps it survive in dry environments.","Many desert plants use nighttime gas exchange, including plants that are not prickly pears.","The prickly pear has thick pads and pores, two features that researchers study in desert plants.","B","2","The correct choice explains the survival benefit of nighttime pore opening.","55","none","{}","","","","","","Rhetorical Synthesis","Rhetorical Synthesis","passage:R019 arch:RW_RS_002 sim:rw_rhetorical_synthesis_logical_link fp:3f86fc685899"
"SAT_RW_25","rw_section_v1","batch_25","RW adaptive practice","RW25-M1-Q27","RW","1","base","27","Expression of Ideas","Rhetorical Synthesis","RW.RS","Rhetorical Synthesis","emphasize contrast","Medium","1","multiple_choice","While researching a topic, a student has taken the following notes: Early electric cars were quiet and produced no exhaust on city streets; their batteries held limited charge; gasoline cars could travel farther between stops; by the 1920s, gasoline cars dominated the US market.","The student wants to contrast an advantage of early electric cars with a limitation that helped gasoline cars become more common. Which choice most effectively uses relevant information from the notes to accomplish this goal?","Although early electric cars were quiet and produced no street exhaust, their limited battery charge made gasoline cars more practical for longer trips.","Early electric cars were quiet, and by the 1920s gasoline cars dominated the US market.","Gasoline cars could travel farther between stops because electric cars produced no exhaust on city streets.","The US market included both electric cars and gasoline cars before the 1920s.","A","1","The correct choice clearly contrasts electric cars’ urban advantages with their battery limitation.","55","none","{}","","","","","","Rhetorical Synthesis","Rhetorical Synthesis","passage:R020 arch:RW_RS_003 sim:rw_rhetorical_synthesis_punctuation_boundary fp:4116999a7de4"
"SAT_RW_25","rw_section_v1","batch_25","RW adaptive practice","RW25-M2-Q01","RW","2","hard","1","Craft and Structure","Words in Context","RW.WIC","Words in Context","word function in claim","Hard","1","multiple_choice","Ecologist Mara Lin measured fungi in restored prairie plots and found more fungal species where grasses had been replanted densely. She nevertheless qualifies her claim: dense planting may encourage fungal diversity in the first three years after restoration, but the study cannot show whether the pattern persists once shrubs and taller plants return. Her caution reflects the short duration of the data and the fact that the plots were all located in the same county. A broader study might reveal a different pattern.","Why does the author use “qualifies” when presenting Lin’s claim?","It indicates that Lin becomes eligible to publish her results after completing fieldwork.","It indicates that Lin trains other researchers to identify fungal species accurately.","It indicates that Lin limits the scope of her conclusion rather than presenting it as universally established.","It indicates that Lin rejects the connection between grass density and fungal diversity.","C","3","The word “qualifies” signals that Lin narrows or limits her claim because the data cover only the early years.","70","none","{}","","","","","","Words in Context","Words in Context","passage:R021 arch:RW_WIC_004 sim:rw_words_in_context_revision_goal fp:efdd62eb4b3e wic hard_vocab vocab:HV_121 tier:V4 target:qualify"
"SAT_RW_25","rw_section_v1","batch_25","RW adaptive practice","RW25-M2-Q02","RW","2","hard","2","Craft and Structure","Words in Context","RW.WIC","Words in Context","relation function","Hard","1","multiple_choice","A study of bilingual signage in train stations found that signs with icons helped visitors choose exits faster than text-only signs did. The effect was not direct for every traveler, however. Familiarity with the station mediated the benefit: first-time visitors gained the most from icons, while daily commuters showed little change because they already knew the exits. The researchers therefore argued that icons are most useful in places where many users are navigating an unfamiliar layout.","How does the word “mediated” help establish the relationship between signage and visitor speed?","It shows that the effect of icons depended on another factor: how familiar visitors were with the station.","It shows that station staff settled a disagreement between visitors and sign designers.","It shows that icons completely replaced visitors’ need to read any text.","It shows that familiar commuters benefited more from icons than first-time visitors did.","A","1","The word “mediated” identifies familiarity as a factor that shaped how much icons affected visitor speed.","70","none","{}","","","","","","Words in Context","Words in Context","passage:R022 arch:RW_WIC_005 sim:rw_words_in_context_logical_link fp:9238ae32f762 wic hard_vocab vocab:HV_124 tier:V4 target:mediate"
"SAT_RW_25","rw_section_v1","batch_25","RW adaptive practice","RW25-M2-Q03","RW","2","hard","3","Craft and Structure","Words in Context","RW.WIC","Words in Context","precision effect","Hard","1","multiple_choice","A laboratory filter removed most dye particles from wastewater in still tanks, but its performance changed when water moved quickly through pipes. Rapid flow attenuated the filter’s effect: the water leaving the pipe was cleaner than untreated water, yet it retained more dye than water left in still contact with the filter. The researchers therefore tested slower flow rates next and measured whether longer contact time restored the filter’s performance without requiring a larger device.","Which choice best describes the function of “attenuated” in the passage?","It precisely indicates that rapid flow weakened, but did not eliminate, the filter’s cleaning effect.","It suggests that rapid flow lengthened the filter so that it could hold more dye.","It implies that rapid flow clarified why dye particles formed in the wastewater.","It signals that rapid flow made the filter unnecessary in still tanks.","A","1","The passage says the filter still worked but less strongly under rapid flow, so “attenuated” means weakened in degree.","70","none","{}","","","","","","Words in Context","Words in Context","passage:R023 arch:RW_WIC_006 sim:rw_words_in_context_punctuation_boundary fp:c92c3a78e8dd wic hard_vocab vocab:HV_129 tier:V4 target:attenuate"
"SAT_RW_25","rw_section_v1","batch_25","RW adaptive practice","RW25-M2-Q04","RW","2","hard","4","Craft and Structure","Words in Context","RW.WIC","Words in Context","claim function","Hard","1","multiple_choice","Literary scholar Imani Cho argues that a poet’s notebooks substantiate a disputed interpretation of one poem. The notebooks contain drafts in which the poet repeatedly links the poem’s river imagery to factory runoff, a connection only hinted at in the published version. Cho does not treat the notebooks as replacing the poem; she uses them as evidence that the environmental reading is not accidental. Without the drafts, the interpretation would rest mainly on a few ambiguous images.","Which choice best explains the role of “substantiate” in the passage?","It suggests that the notebooks exaggerate the importance of the poem’s river imagery.","It shows that the notebooks provide evidence for an interpretation that might otherwise seem uncertain.","It indicates that the notebooks turn the poem into a physical object.","It implies that the notebooks are unrelated to the published poem.","B","2","The notebooks support Cho’s interpretation with draft evidence, so “substantiate” marks evidentiary support.","70","none","{}","","","","","","Words in Context","Words in Context","passage:R024 arch:RW_WIC_007 sim:rw_words_in_context_verb_pronoun_agreement fp:20fc37cbd878 wic hard_vocab vocab:HV_130 tier:V4 target:substantiate"
"SAT_RW_25","rw_section_v1","batch_25","RW adaptive practice","RW25-M2-Q05","RW","2","hard","5","Craft and Structure","Text Structure and Purpose","RW.TSP","Text Structure and Purpose","complex structure","Hard","1","multiple_choice","Many historians once described early radio audiences as passive listeners gathered silently around a household receiver. Letters sent to stations in the 1920s challenge that image. Listeners requested songs, corrected announcers’ mistakes, and organized local clubs around favorite programs. Some even threatened to stop tuning in unless stations changed their schedules. Such letters reveal radio not merely as a technology that delivered sound but as a medium through which audiences tried to influence what they heard.","Which choice best describes the structure of the text?","It narrates the invention of a technology, then explains why the invention quickly became obsolete.","It compares radio with several later media and argues that radio was less interactive than they were.","It describes a set of letters in chronological order and concludes that most letters were never delivered.","It introduces a common view, uses archival evidence to complicate that view, and states a broader implication of the evidence.","D","4","The text begins with the passive-audience view, presents letters that complicate it, and draws a broader conclusion.","70","none","{}","","","","","","Text Structure and Purpose","Text Structure and Purpose","passage:R025 arch:RW_TSP_004 sim:rw_text_structure_and_purpose_logical_link fp:7cfe02132797"
"SAT_RW_25","rw_section_v1","batch_25","RW adaptive practice","RW25-M2-Q06","RW","2","hard","6","Craft and Structure","Text Structure and Purpose","RW.TSP","Text Structure and Purpose","purpose of detail","Hard","1","multiple_choice","The shell of the chambered nautilus grows by adding larger compartments as the animal matures. Popular illustrations often present this shell as a perfect mathematical spiral. Real shells, however, vary subtly: growth can slow when food is scarce, and repaired injuries may leave slight distortions. Water temperature can also affect how quickly new shell material forms. Biologist Ren Ito uses these variations to remind students that living organisms rarely match the clean diagrams used to introduce them.","What is the main purpose of the examples of scarce food and repaired injuries?","To show that nautiluses repair their shells more effectively than other marine animals do","To identify the mathematical formula that describes every nautilus shell","To argue that popular illustrations are more accurate than biological specimens","To explain why actual nautilus shells can differ from idealized diagrams","D","4","The examples identify conditions that create variations, supporting the point that real shells differ from perfect diagrams.","70","none","{}","","","","","","Text Structure and Purpose","Text Structure and Purpose","passage:R026 arch:RW_TSP_005 sim:rw_text_structure_and_purpose_punctuation_boundary fp:22f66461bf83"
"SAT_RW_25","rw_section_v1","batch_25","RW adaptive practice","RW25-M2-Q07","RW","2","hard","7","Craft and Structure","Text Structure and Purpose","RW.TSP","Text Structure and Purpose","paragraph function","Hard","1","multiple_choice","In a study of medieval ink, chemists found that two manuscripts from distant monasteries contained the same unusual copper compound. The finding might suggest that one monastery copied the other’s recipe. Yet the compound also appears in a mineral deposit located between the two sites. Because merchants traveled through that region carrying pigments and other writing materials, the shared ingredient may reflect a common supply route rather than direct contact between scribes. The chemical match is therefore suggestive, but it does not identify who knew whose methods.","Which choice best describes how the text develops its explanation?","It presents a possible conclusion from chemical evidence, then offers an alternative explanation based on geography and trade.","It argues that merchants wrote most medieval manuscripts before monasteries began copying them.","It lists several minerals used in ink and ranks them from most to least common.","It describes a copying error in one manuscript and explains how chemists corrected it.","A","1","The text first notes that the compound could imply direct copying, then proposes a supply-route explanation.","70","none","{}","","","","","","Text Structure and Purpose","Text Structure and Purpose","passage:R027 arch:RW_TSP_006 sim:rw_text_structure_and_purpose_verb_pronoun_agreement fp:4a55a09aee37"
"SAT_RW_25","rw_section_v1","batch_25","RW adaptive practice","RW25-M2-Q08","RW","2","hard","8","Craft and Structure","Cross-Text Connections","RW.CTC","Cross-Text Connections","paired text tension","Hard","1","multiple_choice","Text 1: Urban rooftop gardens can reduce summer heat inside buildings. Soil and leaves absorb sunlight that would otherwise strike dark roofing materials, and the plants release water vapor that cools the surrounding air. In dense neighborhoods, even small reductions in roof temperature can lessen demand for air conditioning during afternoon peaks. Rooftop plantings may also slow stormwater runoff by holding rain briefly before it enters drains. Text 2: Rooftop gardens offer environmental benefits, but building managers must evaluate roof strength before installing them. Wet soil can be heavy, and older structures may require reinforcement that makes a garden financially impractical. Maintenance access, drainage, and insurance costs can also determine whether a roof is a realistic place for planting. safely.","Based on the texts, how would the author of Text 2 most likely respond to the discussion in Text 1?","By disputing that plants release water vapor into the surrounding air","By claiming that dark roofs cool buildings more effectively than planted roofs do","By suggesting that rooftop gardens should be installed only on buildings without managers","By acknowledging the cooling benefits of rooftop gardens while stressing that structural and financial constraints may limit their use","D","4","Text 2 does not reject the benefits; it qualifies them by adding roof-strength and cost concerns.","70","none","{}","","","","","","Cross-Text Connections","Cross-Text Connections","passage:R028 arch:RW_CTC_002 sim:rw_cross_text_connections_revision_goal fp:8fdfcf95e2e7"
"SAT_RW_25","rw_section_v1","batch_25","RW adaptive practice","RW25-M2-Q09","RW","2","hard","9","Information and Ideas","Central Ideas and Details","RW.CID","Central Ideas and Details","central idea hard","Hard","1","multiple_choice","Researchers studying ancient textile dyes often assumed that purple threads in one coastal region came from imported shellfish dye, a costly material associated with elite trade. New chemical tests on several cloth fragments found a plant-based purple dye instead. Because the plant grows locally and can be processed with simple tools, the findings suggest that some purple textiles may have been produced by local workshops rather than imported through luxury networks. The result does not rule out trade, but it expands the range of possible producers.","Which choice best summarizes the text?","Plant-based dyes were always more costly than shellfish dyes in ancient coastal regions.","Researchers have proved that no coastal textiles were traded through luxury networks.","Chemical evidence suggests that some purple textiles once attributed to imported luxury dye may instead reflect local production.","Local workshops avoided purple dyes because the plants needed to make them were rare.","C","3","The text explains that tests revealed local plant dye, challenging the assumption of imported shellfish dye.","70","none","{}","","","","","","Central Ideas and Details","Central Ideas and Details","passage:R029 arch:RW_CID_003 sim:rw_central_ideas_and_details_contrast fp:4ffbc6a3f544"
"SAT_RW_25","rw_section_v1","batch_25","RW adaptive practice","RW25-M2-Q10","RW","2","hard","10","Information and Ideas","Central Ideas and Details","RW.CID","Central Ideas and Details","detail relationship","Hard","1","multiple_choice","Composer Ruth Crawford Seeger often arranged folk melodies without surrounding them with the lush harmonies common in concert music of her time. In several arrangements, she lets a melody begin alone and then adds sparse supporting lines that avoid covering the tune. This restraint does not make the music simple; instead, it directs attention to small rhythmic shifts that might disappear in a denser texture. Listeners can hear how a repeated phrase changes when its accent falls differently.","According to the text, what is one effect of Seeger’s sparse supporting lines?","They make the melody sound like the lush concert music of her time.","They help listeners notice subtle rhythmic changes in the melody.","They prevent the melody from beginning alone.","They remove the folk origins of the melody from the arrangement.","B","2","The text says sparse lines direct attention to small rhythmic shifts.","70","none","{}","","","","","","Central Ideas and Details","Central Ideas and Details","passage:R030 arch:RW_CID_004 sim:rw_central_ideas_and_details_cause_effect fp:ee6210185ba6"
"SAT_RW_25","rw_section_v1","batch_25","RW adaptive practice","RW25-M2-Q11","RW","2","hard","11","Information and Ideas","Central Ideas and Details","RW.CID","Central Ideas and Details","central contrast","Hard","1","multiple_choice","A team examining old weather diaries found that many entries described “heavy fog” on mornings when modern reconstructions show only moderate humidity. The discrepancy puzzled the team until they considered fuel use. Coal smoke in the city likely mixed with ordinary mist, making the air seem thicker to observers. The diaries may therefore record not just weather conditions but also the sensory effects of urban pollution. Such records can be valuable, but they must be read alongside evidence about the built environment.","Which choice best describes the main point of the text?","The diaries are unreliable because their authors never recorded morning conditions.","Modern reconstructions show that humidity was absent on most foggy mornings.","Coal smoke prevented diary writers from seeing any changes in the weather.","Descriptions in the diaries may reflect a combination of weather and pollution rather than weather alone.","D","4","The text concludes that the diary descriptions may include both weather and pollution effects.","70","none","{}","","","","","","Central Ideas and Details","Central Ideas and Details","passage:R031 arch:RW_CID_005 sim:rw_central_ideas_and_details_purpose_sentence fp:f356446e6777"
"SAT_RW_25","rw_section_v1","batch_25","RW adaptive practice","RW25-M2-Q12","RW","2","hard","12","Information and Ideas","Command of Evidence","RW.COE","Command of Evidence","quantitative evidence","Hard","1","multiple_choice","Marine biologist Keiko Sato hypothesizes that removing algae from young coral fragments improves growth mainly when the fragments also receive strong light. She tests fragments under four conditions and records their average growth after eight weeks. Each tank contains fragments of the same coral species, and the water temperature is held constant so that light level and algae removal are the main variables being compared. Sato predicts that algae removal will matter less when light is limited.","Which choice best describes data from the table that support Sato’s hypothesis?","Fragments grew less under high light than under low light regardless of algae removal.","Removing algae caused the same growth increase under both light conditions.","Fragments with algae removed grew 2.4 mm less under high light than under low light.","Removing algae increased growth by 2.8 mm under high light but by only 0.3 mm under low light.","D","4","The table shows a much larger algae-removal benefit under high light than under low light.","70","table","{}","| Trial condition | Average coral fragment growth after 8 weeks |
|---|---:|
| Low light, no algae removed | 2.1 mm |
| Low light, algae removed | 2.4 mm |
| High light, no algae removed | 3.0 mm |
| High light, algae removed | 5.8 mm |","","","","","Command of Evidence","Command of Evidence","passage:R032 arch:RW_COE_003 sim:rw_command_of_evidence_cause_effect fp:bc8f2235f2a9"
"SAT_RW_25","rw_section_v1","batch_25","RW adaptive practice","RW25-M2-Q13","RW","2","hard","13","Information and Ideas","Command of Evidence","RW.COE","Command of Evidence","quantitative inference","Hard","1","multiple_choice","An urban planner argues that neighborhoods with more tree canopy tend to have lower median block temperatures during summer afternoons. The table summarizes measurements from four neighborhoods collected on the same day. All measurements were taken between 2:00 and 3:00 p.m., and the planner notes that the neighborhoods have similar street widths, making canopy coverage a plausible explanation for the observed temperature differences. The planner is looking for a pattern across neighborhoods rather than a single isolated example.","Which choice best uses data from the table to support the planner’s argument?","Neighborhood A had the lowest canopy coverage and the lowest median block temperature.","The neighborhoods with the greatest tree canopy coverage, C and D, also had the lowest median block temperatures.","Neighborhood B was warmer than Neighborhood A despite having more tree canopy coverage.","Neighborhood D had less canopy coverage than Neighborhood C but a higher median block temperature.","B","2","The data show an inverse pattern: C and D have the most canopy and the lowest temperatures.","70","table","{}","| Neighborhood | Median block temperature | Tree canopy coverage |
|---|---:|---:|
| A | 32.4°C | 9% |
| B | 31.8°C | 14% |
| C | 29.6°C | 33% |
| D | 28.9°C | 41% |","","","","","Command of Evidence","Command of Evidence","passage:R033 arch:RW_COE_004 sim:rw_command_of_evidence_purpose_sentence fp:820cac9ec555"
"SAT_RW_25","rw_section_v1","batch_25","RW adaptive practice","RW25-M2-Q14","RW","2","hard","14","Information and Ideas","Inferences","RW.INF","Inferences","complex inference","Hard","1","multiple_choice","A linguist recorded conversations in a fishing village where younger speakers often used a shortened form of a traditional greeting. Older speakers used the shortened form too, but mainly when talking with younger relatives. In public ceremonies, speakers of all ages used the longer form. The linguist concludes that the shortened greeting is not simply replacing the older one. Instead, the two forms appear to carry different social meanings that speakers can choose among depending on formality and audience.","Which choice describes a reasonable inference from the text?","Younger speakers are unable to understand the longer greeting form.","Speakers choose between the two greeting forms partly according to social setting and audience.","Older speakers never use the shortened greeting outside public ceremonies.","The village has stopped using traditional greetings in ceremonial contexts.","B","2","The greeting form varies by age, audience, and ceremony, so it is conditioned by social context rather than simple replacement.","70","none","{}","","","","","","Inferences","Inferences","passage:R034 arch:RW_INF_004 sim:rw_inferences_word_function fp:1ed595b6d8d8"
"SAT_RW_25","rw_section_v1","batch_25","RW adaptive practice","RW25-M2-Q15","RW","2","hard","15","Information and Ideas","Inferences","RW.INF","Inferences","hard inference","Hard","1","multiple_choice","A paleontologist comparing fossil shells found that specimens from deeper layers were thicker than those from shallower layers. The change could reflect evolution over time, but the deeper shells were also recovered from a rock layer formed in rougher water. Because rough water can favor sturdier shells, the paleontologist hesitates to treat thickness as evidence of a simple chronological trend. More samples from calm-water deposits of the same age would help separate age from habitat.","Which choice best states what the text suggests about the shell evidence?","The thinner shells must have been transported from deeper layers by rough water.","The fossil record proves that shell thickness never changes over time.","The difference in shell thickness may be related to ancient water conditions rather than only to the age of the fossils.","The paleontologist believes all specimens came from the same water conditions.","C","3","The paleontologist notes rougher water in deeper layers as an alternative explanation for thicker shells.","70","none","{}","","","","","","Inferences","Inferences","passage:R035 arch:RW_INF_005 sim:rw_inferences_revision_goal fp:2ea1975cee5a"
"SAT_RW_25","rw_section_v1","batch_25","RW adaptive practice","RW25-M2-Q16","RW","2","hard","16","Standard English Conventions","Boundaries","SEC.BND","Boundaries","conjunctive adverb boundary","Hard","1","multiple_choice","The archive’s oldest map shows a road crossing the marsh [___] however, later surveys place the road along the ridge.","Which choice completes the text with the correct punctuation around the conjunctive adverb?",", however,",". however,","; however,","however,","C","3","A semicolon before and a comma after “however” correctly connect two independent clauses.","55","none","{}","","","","","","Boundaries","Boundaries","sec grammar arch:SEC-BND-051 sim:SEC.BND:conjunctive_adverb_boundary:A._minimal-context_version fp:7df995bc399a ctx:CTX-GRM-008 tier:SEC3"
"SAT_RW_25","rw_section_v1","batch_25","RW adaptive practice","RW25-M2-Q17","RW","2","hard","17","Standard English Conventions","Boundaries","SEC.BND","Boundaries","restrictive modifier punctuation","Hard","1","multiple_choice","The specimens [___] were stored separately from the spring samples.","Which choice completes the text so that punctuation is used correctly?",", collected during the winter survey,","collected during the winter survey,","; collected during the winter survey","collected during the winter survey","D","4","The modifier is essential because it identifies which specimens were stored separately, so no commas are needed.","55","none","{}","","","","","","Boundaries","Boundaries","sec grammar arch:SEC-BND-036 sim:SEC.BND:restrictive_no_comma:A._minimal-context_version fp:dc73ac71a801 ctx:CTX-GRM-009 tier:SEC3"
"SAT_RW_25","rw_section_v1","batch_25","RW adaptive practice","RW25-M2-Q18","RW","2","hard","18","Standard English Conventions","Boundaries","SEC.BND","Boundaries","nonrestrictive relative clause","Hard","1","multiple_choice","The Kinora Bridge [___] was completed in 1912, still carries pedestrian traffic across the canal.","Which choice completes the text with the correct relative-clause punctuation?",", which was completed in 1912,","which was completed in 1912","; which was completed in 1912,","which was completed in 1912,","A","1","The nonrestrictive relative clause adds extra information about a specific bridge and should be set off with commas.","55","none","{}","","","","","","Boundaries","Boundaries","sec grammar arch:SEC-BND-031 sim:SEC.BND:nonrestrictive_relative_clause:A._minimal-context_version fp:54ddb331482d ctx:CTX-GRM-010 tier:SEC3"
"SAT_RW_25","rw_section_v1","batch_25","RW adaptive practice","RW25-M2-Q19","RW","2","hard","19","Standard English Conventions","Form, Structure, and Sense","SEC.FSS","Form, Structure, and Sense","logical subject after modifier","Hard","1","multiple_choice","While reviewing the soil samples under a microscope [___]","Which choice completes the sentence with a logical subject for the introductory modifier?","several grains of volcanic glass were noticed by the geologist.","the geologist noticed several grains of volcanic glass.","the microscope revealed several grains of volcanic glass to the geologist.","there were several grains of volcanic glass noticed by the geologist.","B","2","The introductory modifier “While reviewing...” must logically describe the geologist, not the microscope or the grains.","55","none","{}","","","","","","Form, Structure, and Sense","Form, Structure, and Sense","sec grammar arch:SEC-FSS-061 sim:SEC.FSS:logical_subject_after_modifier:A._single-trap_version fp:b300d2d4a63d ctx:CTX-GRM-011 tier:SEC3"
"SAT_RW_25","rw_section_v1","batch_25","RW adaptive practice","RW25-M2-Q20","RW","2","hard","20","Standard English Conventions","Form, Structure, and Sense","SEC.FSS","Form, Structure, and Sense","relative pronoun choice","Hard","1","multiple_choice","The archivist interviewed the photographer [___] images of the strike had appeared in several local newspapers.","Which choice completes the text with the correct relative pronoun?","who","whom","whose","which","C","3","“Whose” correctly shows possession: the images belonged to or were made by the photographer.","55","none","{}","","","","","","Form, Structure, and Sense","Form, Structure, and Sense","sec grammar arch:SEC-FSS-056 sim:SEC.FSS:relative_pronoun_choice:A._single-trap_version fp:85b988c56663 ctx:CTX-GRM-012 tier:SEC3"
"SAT_RW_25","rw_section_v1","batch_25","RW adaptive practice","RW25-M2-Q21","RW","2","hard","21","Standard English Conventions","Form, Structure, and Sense","SEC.FSS","Form, Structure, and Sense","comparison logic","Hard","1","multiple_choice","The energy use of the new kiln is lower than [___].","Which choice completes the text so that the comparison is logical?","the older model","those of the older model","the older model’s efficiency","that of the older model","D","4","The sentence compares energy use with energy use, so “that of the older model” is logical and grammatical.","55","none","{}","","","","","","Form, Structure, and Sense","Form, Structure, and Sense","sec grammar arch:SEC-FSS-040 sim:SEC.FSS:comparison_logic:E._expanded_syntax fp:5b061700614d ctx:CTX-GRM-013 tier:SEC4"
"SAT_RW_25","rw_section_v1","batch_25","RW adaptive practice","RW25-M2-Q22","RW","2","hard","22","Standard English Conventions","Form, Structure, and Sense","SEC.FSS","Form, Structure, and Sense","verb tense sequence","Hard","1","multiple_choice","By the time the second expedition reached the glacier, the first team [___] its sensors for three months.","Which choice completes the text with the correct sequence of verb tenses?","operates","will operate","had been operating","is operating","C","3","The past perfect progressive “had been operating” correctly describes an action already ongoing before another past event.","55","none","{}","","","","","","Form, Structure, and Sense","Form, Structure, and Sense","sec grammar arch:SEC-FSS-010 sim:SEC.FSS:verb_tense_sequence:E._expanded_syntax fp:b4ca81d4e9e6 ctx:CTX-GRM-014 tier:SEC4"
"SAT_RW_25","rw_section_v1","batch_25","RW adaptive practice","RW25-M2-Q23","RW","2","hard","23","Expression of Ideas","Transitions","RW.TR","Transitions","qualification transition","Hard","1","multiple_choice","Researchers found that the new coating reduced heat loss in laboratory tests. [___] they cautioned that outdoor trials were still needed because wind and rain could affect performance.","Which transition best signals the caution that follows?","Therefore,","Even so,","For example,","Similarly,","B","2","The second sentence qualifies the positive result by adding a caution, so “Even so,” is appropriate.","55","none","{}","","","","","","Transitions","Transitions","passage:R036 arch:RW_TR_004 sim:rw_transitions_paired_text_relation fp:47bbf66058e2"
"SAT_RW_25","rw_section_v1","batch_25","RW adaptive practice","RW25-M2-Q24","RW","2","hard","24","Expression of Ideas","Transitions","RW.TR","Transitions","reinforcement transition","Hard","1","multiple_choice","The poet’s early notebooks reveal her interest in astronomy. [___] her later essays frequently compare poetic form to the movement of planets.","Which transition best connects the second sentence to a related point in the first?","Instead,","However,","Likewise,","As a result,","C","3","The second sentence adds a related example of the poet's interest in astronomy, so “Likewise,” fits.","55","none","{}","","","","","","Transitions","Transitions","passage:R037 arch:RW_TR_005 sim:rw_transitions_evidence_based_inference fp:6c3a7f93ab64"
"SAT_RW_25","rw_section_v1","batch_25","RW adaptive practice","RW25-M2-Q25","RW","2","hard","25","Expression of Ideas","Transitions","RW.TR","Transitions","cause transition","Hard","1","multiple_choice","The trial garden used sensors to release water only when soil moisture dropped below a set point. [___] the garden used less water than neighboring plots irrigated on a fixed schedule.","Which transition best indicates that the second sentence is a result of the first?","Consequently,","Nevertheless,","In other words,","For example,","A","1","The lower water use is a result of sensor-based irrigation, so “Consequently,” is logical.","55","none","{}","","","","","","Transitions","Transitions","passage:R038 arch:RW_TR_006 sim:rw_transitions_main_claim fp:5d72f8aa08ff"
"SAT_RW_25","rw_section_v1","batch_25","RW adaptive practice","RW25-M2-Q26","RW","2","hard","26","Expression of Ideas","Rhetorical Synthesis","RW.RS","Rhetorical Synthesis","select relevant details","Hard","1","multiple_choice","While researching a topic, a student has taken the following notes: In 1973, artist Betye Saar created The Liberation of Aunt Jemima; the assemblage includes found objects; it challenges racist stereotypes in American visual culture; Saar’s work helped shape later conversations about representation in art.","The student wants to describe the artwork’s significance. Which choice most effectively uses relevant information from the notes to accomplish this goal?","Betye Saar created The Liberation of Aunt Jemima in 1973 using materials that are known as found objects.","Found objects appear in assemblage art, and many artists use them to create three-dimensional works.","The Liberation of Aunt Jemima was created in 1973 before later conversations about art took place.","Betye Saar’s 1973 assemblage The Liberation of Aunt Jemima is significant because it uses found objects to challenge racist stereotypes and influence later discussions of representation.","D","4","The correct choice explains the artwork’s significance by connecting its method, challenge to stereotypes, and influence.","55","none","{}","","","","","","Rhetorical Synthesis","Rhetorical Synthesis","passage:R039 arch:RW_RS_004 sim:rw_rhetorical_synthesis_verb_pronoun_agreement fp:200d6161597f"
"SAT_RW_25","rw_section_v1","batch_25","RW adaptive practice","RW25-M2-Q27","RW","2","hard","27","Expression of Ideas","Rhetorical Synthesis","RW.RS","Rhetorical Synthesis","rhetorical synthesis from provided notes","Hard","1","multiple_choice","While researching a topic, a student has taken the following notes: Buses on the route often bunch together downtown; the pilot assigns dispatchers to adjust departure times; drivers receive live updates; riders can see corrected arrival estimates.","The student wants to explain how the pilot program addresses bus bunching and improves the rider experience. Which choice most effectively uses relevant information from the notes to accomplish this goal?","Because riders can see corrected arrival estimates, the buses on the route no longer need drivers or dispatchers downtown.","The pilot program focuses on downtown buses, a route where riders receive live updates about dispatchers.","Drivers receive live updates, and riders can see corrected arrival estimates on a route that often travels downtown.","To reduce downtown bus bunching, the pilot uses dispatchers and live driver updates to adjust departures while giving riders corrected arrival estimates.","D","4","The correct choice connects the dispatching strategy to the problem of bus bunching and to corrected information for riders.","55","none","{}","","","","","","Rhetorical Synthesis","Rhetorical Synthesis","passage:R040 arch:RW_RS_005 sim:rw_rhetorical_synthesis_paired_text_relation fp:6ab7ffa9a453"
"SAT-MATH-25","25","math_v6_batch_25","full_range","SATMATH25-M1-Q01","MATH","1","base","1","Algebra","Linear Equations","ALG_LE_001","Solve a one-variable linear equation with constants on both sides","Solve a one-variable linear equation with constants on both sides","E1","1","multiple_choice","","What is the solution to 4(x−3)+7=3x+5?","−10","5","10","17","C","3","Distribute and combine terms: 4x−12+7=3x+5, so 4x−5=3x+5. Subtracting 3x gives x−5=5, so x=10.","55","none","{}","","","","","","solve a one-variable linear equation with constants on both sides","","math,domain:Algebra,skill:ALG_LE_001,arch:MATH_ARCH_001_LINEAR_EQUATION_ONE_VARIABLE,sim:SIM_LINEAR_EQUATIONS_AND_INEQUALITIES,fp:f5e45927,tier:E1"
"SAT-MATH-25","25","math_v6_batch_25","full_range","SATMATH25-M1-Q02","MATH","1","base","2","Geometry and Trigonometry","Triangles","GEO_TRI_001","Use angle relationships with parallel lines and transversal","Use angle relationships with parallel lines and transversal","E1","1","multiple_choice","","Two parallel lines are cut by a transversal. One angle is labeled (3x+12)° and the corresponding angle is labeled (5x−18)°. What is the degree measure of either of these angles?","33","66","57","123","C","3","Corresponding angles formed by parallel lines are equal, so 3x+12=5x−18. This gives x=15, and the angle measure is 3(15)+12=57°.","55","none","{}","","","","","","use angle relationships with parallel lines and transversal","","math,domain:Geometry and Trigonometry,skill:GEO_TRI_001,arch:MATH_ARCH_084_ANGLE_PAIRS_PARALLEL_LINES,sim:SIM_PARALLEL_LINES_ANGLES,fp:74451478,tier:E1"
"SAT-MATH-25","25","math_v6_batch_25","full_range","SATMATH25-M1-Q03","MATH","1","base","3","Advanced Math","Nonlinear Functions","ADV_NF_002","Evaluate a function at a given input","Evaluate a function at a given input","M1","1","multiple_choice","","If f(x)=2x^2−3x+4, what is f(−2)?","18","6","14","22","A","1","Substitute −2 for x: f(−2)=2(−2)^2−3(−2)+4=8+6+4=18.","70","none","{}","","","","","","evaluate a function at a given input","","math,domain:Advanced Math,skill:ADV_NF_002,arch:MATH_ARCH_063_FUNCTION_EVALUATE,sim:SIM_FUNCTION_NOTATION_AND_VALUES,fp:42df475a,tier:M1"
"SAT-MATH-25","25","math_v6_batch_25","full_range","SATMATH25-M1-Q04","MATH","1","base","4","Problem-Solving and Data Analysis","Ratios Rates and Proportions","PSD_RRP_007","Convert units using one conversion factor","Convert units using one conversion factor","M1","1","multiple_choice","","A recipe uses 3 quarts of broth. If 1 quart is equal to 4 cups, how many cups of broth does the recipe use?","7","9","12","16","C","3","Multiply 3 quarts by 4 cups per quart: 3×4=12 cups.","70","none","{}","","","","","","convert units using one conversion factor","","math,domain:Problem-Solving and Data Analysis,skill:PSD_RRP_007,arch:MATH_ARCH_038_UNIT_CONVERSION_SINGLE,sim:SIM_RATIOS_RATES_PROPORTIONS,fp:7bb2e4b5,tier:M1"
"SAT-MATH-25","25","math_v6_batch_25","full_range","SATMATH25-M1-Q05","MATH","1","base","5","Algebra","Linear Equations","ALG_LE_006","Solve a one-variable linear inequality, including sign reversal","Solve a one-variable linear inequality, including sign reversal","E1","1","multiple_choice","","Which inequality is equivalent to −3(2x−5)>21?","x>−1","x<1","x>6","x<−1","D","4","Distribute to get −6x+15>21. Then −6x>6. Dividing by −6 reverses the inequality, so x<−1.","55","none","{}","","","","","","solve a one-variable linear inequality, including sign reversal","","math,domain:Algebra,skill:ALG_LE_006,arch:MATH_ARCH_023_INEQUALITY_ONE_VARIABLE,sim:SIM_LINEAR_EQUATIONS_AND_INEQUALITIES,fp:00088ea3,tier:E1"
"SAT-MATH-25","25","math_v6_batch_25","full_range","SATMATH25-M1-Q06","MATH","1","base","6","Algebra","Linear Equations","ALG_LE_002","Clear denominators to solve a linear equation with fractional coefficients","Clear denominators to solve a linear equation with fractional coefficients","M1","1","multiple_choice","","What is the solution to (x+4)/3 − (x−2)/6 = 5?","10","20","16","30","B","2","Multiply both sides by 6: 2(x+4)−(x−2)=30. This simplifies to 2x+8−x+2=30, so x+10=30 and x=20.","70","none","{}","","","","","","clear denominators to solve a linear equation with fractional coefficients","","math,domain:Algebra,skill:ALG_LE_002,arch:MATH_ARCH_002_LINEAR_EQUATION_FRACTIONS,sim:SIM_LINEAR_EQUATIONS_AND_INEQUALITIES,fp:0681a015,tier:M1"
"SAT-MATH-25","25","math_v6_batch_25","full_range","SATMATH25-M1-Q07","MATH","1","base","7","Advanced Math","Equivalent Expressions","ADV_EE_001","Simplify expression using exponent rules","Simplify expression using exponent rules","M1","1","student_response","","What is the value of (2^5·2^3)/2^4?","","","","","","","Use exponent rules with the same base: 2^5·2^3=2^8, and 2^8/2^4=2^4=16.","70","none","{}","","","integer","16","0","simplify expression using exponent rules","","math,domain:Advanced Math,skill:ADV_EE_001,arch:MATH_ARCH_067_EXPONENT_RULES_SIMPLIFY,sim:SIM_EXPONENT_RADICALS,fp:45e5810d,tier:M1"
"SAT-MATH-25","25","math_v6_batch_25","full_range","SATMATH25-M1-Q08","MATH","1","base","8","Problem-Solving and Data Analysis","Ratios Rates and Proportions","PSD_RRP_005","Use direct proportionality to scale a quantity","Use direct proportionality to scale a quantity","M1","1","multiple_choice","","The cost y, in dollars, of x identical notebooks varies directly with x. When x=6, the cost is $18. What is the cost, in dollars, when x=11?","24","29","36","33","D","4","Direct variation has the form y=kx. Since 18=6k, k=3 dollars per notebook. When x=11, y=3(11)=33 dollars.","70","none","{}","","","","","","use direct proportionality to scale a quantity","","math,domain:Problem-Solving and Data Analysis,skill:PSD_RRP_005,arch:MATH_ARCH_036_DIRECT_VARIATION,sim:SIM_RATIOS_RATES_PROPORTIONS,fp:58ec8ec2,tier:M1"
"SAT-MATH-25","25","math_v6_batch_25","full_range","SATMATH25-M1-Q09","MATH","1","base","9","Geometry and Trigonometry","Triangles","GEO_TRI_003","Use Pythagorean theorem in right triangle","Use Pythagorean theorem in right triangle","M1","1","multiple_choice","","In right triangle ABC shown, angle B is a right angle, AB=9, and BC=12. What is the length of AC?","15","21","√63","13","A","1","AC is the hypotenuse. By the Pythagorean theorem, AC^2=9^2+12^2=81+144=225, so AC=15.","70","right_triangle","{""diagram_type"":""right_triangle"",""render_mode"":""exact_to_scale"",""not_to_scale"":false,""vertices"":[""A"",""B"",""C""],""right_angle_at"":""B"",""side_labels"":{""AB"":""9"",""BC"":""12"",""AC"":""x""},""target"":""AC"",""coordinates"":{""A"":[0,9],""B"":[0,0],""C"":[12,0]}}","","","","","","use Pythagorean theorem in right triangle","","math,domain:Geometry and Trigonometry,skill:GEO_TRI_003,arch:MATH_ARCH_086_PYTHAGOREAN_THEOREM,sim:SIM_RIGHT_TRIANGLE_PYTHAGOREAN,fp:fb5f9f03,tier:M1"
"SAT-MATH-25","25","math_v6_batch_25","full_range","SATMATH25-M1-Q10","MATH","1","base","10","Algebra","Linear Functions","ALG_LF_001","Interpret slope and intercept in a real-world linear model","Interpret slope and intercept in a real-world linear model","M1","1","multiple_choice","","A lab model gives the number of bacteria after t hours as B(t)=120−8t. In this model, what does 120 represent?","The number of bacteria lost each hour","The number of hours until no bacteria remain","The initial number of bacteria","The number of bacteria after 8 hours","C","3","In a linear model of the form initial amount plus rate times time, the constant term is the value when t=0. Therefore, 120 is the initial number of bacteria.","70","none","{}","","","","","","interpret slope and intercept in a real-world linear model","","math,domain:Algebra,skill:ALG_LF_001,arch:MATH_ARCH_004_LINEAR_MODEL_INITIAL_RATE,sim:SIM_LINEAR_FUNCTIONS_AND_GRAPHS,fp:b10f4ff3,tier:M1"
"SAT-MATH-25","25","math_v6_batch_25","full_range","SATMATH25-M1-Q11","MATH","1","base","11","Advanced Math","Equivalent Expressions","ADV_EE_002","Simplify radicals and rational exponents","Simplify radicals and rational exponents","M1","1","multiple_choice","","Which expression is equivalent to √72?","12√6","6√2","8√2","36","B","2","Since 72=36·2 and √36=6, √72=√(36·2)=6√2.","70","none","{}","","","","","","simplify radicals and rational exponents","","math,domain:Advanced Math,skill:ADV_EE_002,arch:MATH_ARCH_068_RADICAL_SIMPLIFY,sim:SIM_EXPONENT_RADICALS,fp:ac12dad0,tier:M1"
"SAT-MATH-25","25","math_v6_batch_25","full_range","SATMATH25-M1-Q12","MATH","1","base","12","Problem-Solving and Data Analysis","Percentages","PSD_PCT_001","Compute a percent of a whole or identify percent from part/whole","Compute a percent of a whole or identify percent from part/whole","M1","1","multiple_choice","","A theater sold 240 tickets for a concert. If 35% of the tickets were student tickets, how many student tickets were sold?","60","84","68","96","B","2","Convert 35% to 0.35 and multiply by the total number of tickets: 0.35×240=84 student tickets.","70","none","{}","","","","","","compute a percent of a whole or identify percent from part/whole","","math,domain:Problem-Solving and Data Analysis,skill:PSD_PCT_001,arch:MATH_ARCH_042_PERCENT_OF_WHOLE,sim:SIM_PERCENT_RELATIONSHIPS,fp:be23e64d,tier:M1"
"SAT-MATH-25","25","math_v6_batch_25","full_range","SATMATH25-M1-Q13","MATH","1","base","13","Geometry and Trigonometry","Trigonometry","GEO_TRIG_003","Use complementary angle trig relationships","Use complementary angle trig relationships","M1","1","multiple_choice","","For an acute angle A, sin(A)=cos(38°). What is the value of A?","38","90","52","128","C","3","For acute angles, sin(A)=cos(90°−A). Therefore 90°−A=38°, so A=52°.","70","none","{}","","","","","","use complementary angle trig relationships","","math,domain:Geometry and Trigonometry,skill:GEO_TRIG_003,arch:MATH_ARCH_097_TRIG_COMPLEMENTARY,sim:SIM_TRIGONOMETRY_RELATIONSHIPS,fp:fbc91170,tier:M1"
"SAT-MATH-25","25","math_v6_batch_25","full_range","SATMATH25-M1-Q14","MATH","1","base","14","Advanced Math","Equivalent Expressions","ADV_EE_003","Expand polynomial products","Expand polynomial products","M1","1","multiple_choice","","Which expression is equivalent to (3x−4)(2x+5)?","6x^2+7x−20","6x^2+23x−20","5x^2+x−20","6x^2−7x−20","A","1","Multiply the binomials: (3x)(2x)+(3x)(5)+(−4)(2x)+(−4)(5)=6x^2+15x−8x−20=6x^2+7x−20.","70","none","{}","","","","","","expand polynomial products","","math,domain:Advanced Math,skill:ADV_EE_003,arch:MATH_ARCH_070_POLYNOMIAL_EXPAND,sim:SIM_POLYNOMIAL_RATIONAL_EXPRESSIONS,fp:ea72028e,tier:M1"
"SAT-MATH-25","25","math_v6_batch_25","full_range","SATMATH25-M1-Q15","MATH","1","base","15","Algebra","Systems of Equations","ALG_SYS_002","Solve a 2x2 linear system by elimination","Solve a 2x2 linear system by elimination","M2","1","student_response","","For the system of equations 3x+2y=19 and x−2y=5, what is the value of x?","","","","","","","Add the two equations to eliminate y: (3x+2y)+(x−2y)=19+5, so 4x=24 and x=6.","85","none","{}","","","integer","6","0","solve a 2x2 linear system by elimination","","math,domain:Algebra,skill:ALG_SYS_002,arch:MATH_ARCH_016_SYSTEM_SOLVE_ELIMINATION,sim:SIM_LINEAR_SYSTEMS,fp:fa436630,tier:M2"
"SAT-MATH-25","25","math_v6_batch_25","full_range","SATMATH25-M1-Q16","MATH","1","base","16","Problem-Solving and Data Analysis","Statistics","PSD_STAT_002","Find median interval/value from frequency table","Find median interval/value from frequency table","M2","1","multiple_choice","","The table shows the frequency of scores on a quiz. What is the median score?","3","4","4.5","5","B","2","There are 1+3+4+2+2=12 scores, so the median is the average of the 6th and 7th scores. In order, positions 5 through 8 are all 4, so the median is 4.","85","table","{}","| Score | Frequency |\n|---:|---:|\n| 2 | 1 |\n| 3 | 3 |\n| 4 | 4 |\n| 5 | 2 |\n| 6 | 2 |","","","","","find median interval/value from frequency table","","math,domain:Problem-Solving and Data Analysis,skill:PSD_STAT_002,arch:MATH_ARCH_052_MEDIAN_FROM_FREQUENCY,sim:SIM_STATISTICS_CENTER_SPREAD,fp:cd18dec7,tier:M2"
"SAT-MATH-25","25","math_v6_batch_25","full_range","SATMATH25-M1-Q17","MATH","1","base","17","Advanced Math","Equivalent Expressions","ADV_EE_004","Factor polynomial expression","Factor polynomial expression","M2","1","multiple_choice","","Which expression is equivalent to 6x^2+11x+3?","(6x+1)(x+3)","(3x+3)(2x+1)","(3x+1)(2x+3)","(6x+3)(x+1)","C","3","The factors of 6x^2 and 3 that give a middle term of 11x are (3x+1)(2x+3), since 9x+2x=11x.","85","none","{}","","","","","","factor polynomial expression","","math,domain:Advanced Math,skill:ADV_EE_004,arch:MATH_ARCH_071_POLYNOMIAL_FACTOR,sim:SIM_POLYNOMIAL_RATIONAL_EXPRESSIONS,fp:860117a7,tier:M2"
"SAT-MATH-25","25","math_v6_batch_25","full_range","SATMATH25-M1-Q18","MATH","1","base","18","Algebra","Linear Functions","ALG_LF_006","Write the equation of a line through two points","Write the equation of a line through two points","M2","1","multiple_choice","","A line passes through the points (−2,7) and (4,−5). Which equation represents the line?","y=2x+11","y=−2x−3","y=−3x+1","y=−2x+3","D","4","The slope is (−5−7)/(4−(−2))=−12/6=−2. Using y=mx+b with (−2,7), 7=−2(−2)+b, so b=3. The equation is y=−2x+3.","85","none","{}","","","","","","write the equation of a line through two points","","math,domain:Algebra,skill:ALG_LF_006,arch:MATH_ARCH_009_LINEAR_GRAPH_EQUATION_FROM_POINTS,sim:SIM_LINEAR_FUNCTIONS_AND_GRAPHS,fp:098fc903,tier:M2"
"SAT-MATH-25","25","math_v6_batch_25","full_range","SATMATH25-M1-Q19","MATH","1","base","19","Algebra","Systems of Equations","ALG_SYS_004","Combine equations to solve directly for x+y or a linear combination","Combine equations to solve directly for x+y or a linear combination","H2","1","multiple_choice","","If 2x+3y=31 and 3x+2y=29, what is the value of x+y?","12","10","15","60","A","1","Add the equations: 5x+5y=60. Divide by 5 to get x+y=12.","105","none","{}","","","","","","combine equations to solve directly for x+y or a linear combination","","math,domain:Algebra,skill:ALG_SYS_004,arch:MATH_ARCH_018_SYSTEM_SUM_DIRECT,sim:SIM_LINEAR_SYSTEMS,fp:cc6c22b8,tier:H2"
"SAT-MATH-25","25","math_v6_batch_25","full_range","SATMATH25-M1-Q20","MATH","1","base","20","Advanced Math","Nonlinear Functions","ADV_NF_011","Complete the square to find vertex or solve","Complete the square to find vertex or solve","H3","1","multiple_choice","","The function f(x)=x^2−10x+18 can be written in the form f(x)=(x−h)^2+k. What is the value of k?","7","−5","−7","5","C","3","Complete the square: x^2−10x+18=(x^2−10x+25)−25+18=(x−5)^2−7. Thus k=−7.","120","none","{}","","","","","","complete the square to find vertex or solve","","math,domain:Advanced Math,skill:ADV_NF_011,arch:MATH_ARCH_077_QUADRATIC_COMPLETE_SQUARE,sim:SIM_QUADRATIC_FEATURES,fp:a7195cf8,tier:H3"
"SAT-MATH-25","25","math_v6_batch_25","full_range","SATMATH25-M1-Q21","MATH","1","base","21","Advanced Math","Equivalent Expressions","ADV_EE_006","Evaluate powers of i","Evaluate powers of i","M1","1","multiple_choice","","What is the value of i^43?","i","1","−1","−i","D","4","Powers of i repeat every 4: i, −1, −i, 1. Since 43 leaves a remainder of 3 when divided by 4, i^43=i^3=−i.","70","none","{}","","","","","","evaluate powers of i","","math,domain:Advanced Math,skill:ADV_EE_006,arch:MATH_ARCH_081_COMPLEX_POWERS_I,sim:SIM_COMPLEX_NUMBERS,fp:d8fdcfa0,tier:M1"
"SAT-MATH-25","25","math_v6_batch_25","full_range","SATMATH25-M1-Q22","MATH","1","base","22","Algebra","Systems of Equations","ALG_SYS_008","Find maximum possible coordinate from two linear inequalities","Find maximum possible coordinate from two linear inequalities","H2","1","student_response","","A delivery cart carries x large boxes and y small boxes, where x and y are nonnegative integers. The load must satisfy x+2y≤34 and 3x+y≤45. What is the greatest possible value of x?","","","","","","","To maximize x, use the smallest allowed value of y, which is 0. Then x≤34 from the first inequality and 3x≤45 from the second, so x≤15. Thus the greatest possible value of x is 15 large boxes.","105","none","{}","","","integer","15","0","find maximum possible coordinate from two linear inequalities","","math,domain:Algebra,skill:ALG_SYS_008,arch:MATH_ARCH_027_SYSTEM_INEQUALITIES_MAX_COORDINATE,sim:SIM_LINEAR_SYSTEMS,fp:4643ffb7,tier:H2"
"SAT-MATH-25","25","math_v6_batch_25","full_range","SATMATH25-M2-Q01","MATH","2","hard","1","Algebra","Equivalent Expressions","ALG_EE_001","Select an equivalent linear expression after distribution and combining terms","Select an equivalent linear expression after distribution and combining terms","M2","1","student_response","","After the expression 5(2x−3)−4(x+7) is simplified, what is the coefficient of x?","","","","","","","Distribute and combine like terms: 5(2x−3)−4(x+7)=10x−15−4x−28=6x−43. The coefficient of x is 6.","85","none","{}","","","integer","6","0","select an equivalent linear expression after distribution and combining terms","","math,domain:Algebra,skill:ALG_EE_001,arch:MATH_ARCH_003_LINEAR_EXPRESSION_EQUIVALENT,sim:SIM_LINEAR_EQUIVALENT_EXPRESSIONS,fp:6564f982,tier:M2"
"SAT-MATH-25","25","math_v6_batch_25","full_range","SATMATH25-M2-Q02","MATH","2","hard","2","Problem-Solving and Data Analysis","Ratios Rates and Proportions","PSD_RRP_002","Use a ratio of ingredients to find amount in a mixture","Use a ratio of ingredients to find amount in a mixture","M2","1","multiple_choice","","A dry mix contains sugar and flour in a ratio of 3:5 by volume. If a batch contains 64 cups of the dry mix, how many cups of flour are in the batch?","40","24","32","56","A","1","The ratio has 3+5=8 total parts. Flour is 5 of the 8 parts, so the amount of flour is (5/8)(64)=40 cups.","85","none","{}","","","","","","use a ratio of ingredients to find amount in a mixture","","math,domain:Problem-Solving and Data Analysis,skill:PSD_RRP_002,arch:MATH_ARCH_033_RATIO_MIXTURE_UNITS,sim:SIM_RATIOS_RATES_PROPORTIONS,fp:2e9c4b69,tier:M2"
"SAT-MATH-25","25","math_v6_batch_25","full_range","SATMATH25-M2-Q03","MATH","2","hard","3","Advanced Math","Nonlinear Functions","ADV_NF_009","Solve quadratic equation by factoring","Solve quadratic equation by factoring","M2","1","student_response","","The equation x^2−7x+12=0 has two solutions. What is the greater solution?","","","","","","","Factor the quadratic: x^2−7x+12=(x−3)(x−4). The solutions are 3 and 4, so the greater solution is 4.","85","none","{}","","","integer","4","0","solve quadratic equation by factoring","","math,domain:Advanced Math,skill:ADV_NF_009,arch:MATH_ARCH_075_QUADRATIC_SOLVE_FACTOR,sim:SIM_QUADRATIC_SOLVING,fp:4e47037d,tier:M2"
"SAT-MATH-25","25","math_v6_batch_25","full_range","SATMATH25-M2-Q04","MATH","2","hard","4","Algebra","Systems of Equations","ALG_SYS_003","Solve a 2x2 linear system by substitution","Solve a 2x2 linear system by substitution","M2","1","multiple_choice","","If y=2x+1 and 3x+y=21, what is the value of y?","9","4","8","21","A","1","Substitute y=2x+1 into 3x+y=21 to get 3x+2x+1=21. Then 5x=20, so x=4. Therefore y=2(4)+1=9.","85","none","{}","","","","","","solve a 2x2 linear system by substitution","","math,domain:Algebra,skill:ALG_SYS_003,arch:MATH_ARCH_017_SYSTEM_SOLVE_SUBSTITUTION,sim:SIM_LINEAR_SYSTEMS,fp:fd4f2e91,tier:M2"
"SAT-MATH-25","25","math_v6_batch_25","full_range","SATMATH25-M2-Q05","MATH","2","hard","5","Problem-Solving and Data Analysis","Percentages","PSD_PCT_003","Compute net effect of successive percent changes","Compute net effect of successive percent changes","H2","1","multiple_choice","","A store raises the price of an item by 20% and then lowers the new price by 25%. Compared with the original price, the final price is","5% less","10% more","10% less","No change","C","3","The two percent changes multiply: 1.20×0.75=0.90. The final price is 90% of the original, which is 10% less than the original.","105","none","{}","","","","","","compute net effect of successive percent changes","","math,domain:Problem-Solving and Data Analysis,skill:PSD_PCT_003,arch:MATH_ARCH_044_SUCCESSIVE_PERCENT_CHANGE,sim:SIM_PERCENT_RELATIONSHIPS,fp:12b9c310,tier:H2"
"SAT-MATH-25","25","math_v6_batch_25","full_range","SATMATH25-M2-Q06","MATH","2","hard","6","Algebra","Systems of Equations","ALG_SYS_009","Identify quadrants containing solutions to a system of inequalities","Identify quadrants containing solutions to a system of inequalities","H2","1","multiple_choice","","A point (x,y) satisfies the system x<−2 and y>3. In which quadrant must the point lie?","Quadrant I","Quadrant II","Quadrant III","Quadrant IV","B","2","Since x is negative and y is positive, every point satisfying the system lies in Quadrant II.","105","none","{}","","","","","","identify quadrants containing solutions to a system of inequalities","","math,domain:Algebra,skill:ALG_SYS_009,arch:MATH_ARCH_028_SYSTEM_INEQUALITIES_REGION_QUADRANTS,sim:SIM_LINEAR_SYSTEMS,fp:607f80c7,tier:H2"
"SAT-MATH-25","25","math_v6_batch_25","full_range","SATMATH25-M2-Q07","MATH","2","hard","7","Advanced Math","Nonlinear Functions","ADV_NF_015","Find imaginary solutions of a quadratic equation","Find imaginary solutions of a quadratic equation","H2","1","student_response","","The solutions to x^2+49=0 are x=ki and x=−ki for a positive real number k. What is k?","","","","","","","From x^2+49=0, x^2=−49, so x=±7i. Therefore k=7.","105","none","{}","","","integer","7","0","find imaginary solutions of a quadratic equation","","math,domain:Advanced Math,skill:ADV_NF_015,arch:MATH_ARCH_083_COMPLEX_QUADRATIC_ROOTS,sim:SIM_QUADRATIC_SOLVING,fp:00c9391b,tier:H2"
"SAT-MATH-25","25","math_v6_batch_25","full_range","SATMATH25-M2-Q08","MATH","2","hard","8","Algebra","Systems of Equations","ALG_SYS_010","Translate multi-constraint budget/resource situation into inequalities","Translate multi-constraint budget/resource situation into inequalities","H2","1","multiple_choice","","A club buys n notebooks and p pens. Each notebook costs $3 and each pen costs $2. The club must buy at least 10 total items and spend no more than $24. Which system of inequalities represents this situation?","n+p≤10 and 3n+2p≥24","3n+2p≥10 and n+p≤24","n+p≥24 and 3n+2p≤10","n+p≥10 and 3n+2p≤24","D","4","At least 10 total items gives n+p≥10. Spending no more than $24 gives 3n+2p≤24.","105","none","{}","","","","","","translate multi-constraint budget/resource situation into inequalities","","math,domain:Algebra,skill:ALG_SYS_010,arch:MATH_ARCH_030_BUDGET_SYSTEM_INEQUALITIES,sim:SIM_LINEAR_SYSTEMS,fp:300c17c7,tier:H2"
"SAT-MATH-25","25","math_v6_batch_25","full_range","SATMATH25-M2-Q09","MATH","2","hard","9","Advanced Math","Nonlinear Functions","ADV_NF_004","Evaluate nested or composed functions","Evaluate nested or composed functions","H2","1","multiple_choice","","Functions f and g are defined by f(x)=3x−2 and g(x)=x^2−5. What is g(f(4))?","37","67","145","95","D","4","First find f(4)=3(4)−2=10. Then g(f(4))=g(10)=10^2−5=95.","105","none","{}","","","","","","evaluate nested or composed functions","","math,domain:Advanced Math,skill:ADV_NF_004,arch:MATH_ARCH_065_FUNCTION_COMPOSITION,sim:SIM_FUNCTION_NOTATION_AND_VALUES,fp:dac7a19c,tier:H2"
"SAT-MATH-25","25","math_v6_batch_25","full_range","SATMATH25-M2-Q10","MATH","2","hard","10","Algebra","Linear Equations","ALG_LE_011","Solve inequality with discrete rounding or ceiling/floor interpretation","Solve inequality with discrete rounding or ceiling/floor interpretation","H2","1","multiple_choice","","A freight container can hold at most 48 pounds. Each crate has a mass of 5.5 pounds. What is the greatest whole number of these crates that can be placed in the container?","7","9","8","10","C","3","Let c be the number of crates. Then 5.5c≤48, so c≤48/5.5≈8.72. The greatest whole number possible is 8.","105","none","{}","","","","","","solve inequality with discrete rounding or ceiling/floor interpretation","","math,domain:Algebra,skill:ALG_LE_011,arch:MATH_ARCH_031_INTEGER_ROUNDING_INEQUALITY,sim:SIM_LINEAR_EQUATIONS_AND_INEQUALITIES,fp:6d592a90,tier:H2"
"SAT-MATH-25","25","math_v6_batch_25","full_range","SATMATH25-M2-Q11","MATH","2","hard","11","Advanced Math","Nonlinear Functions","ADV_NF_001","Determine parameters for a line and parabola system with two real solutions","Determine parameters for a line and parabola system with two real solutions","H3","1","multiple_choice","","For which value of k does the line y=k intersect the parabola y=(x−3)^2+2 at exactly two points?","2","5","1","−3","B","2","The parabola has vertex (3,2) and opens upward. A horizontal line y=k intersects it at two points only when k>2. Among the choices, only 5 is greater than 2.","120","none","{}","","","","","","determine parameters for a line and parabola system with two real solutions","","math,domain:Advanced Math,skill:ADV_NF_001,arch:MATH_ARCH_022_SYSTEM_QUADRATIC_LINE_TWO_SOLUTIONS,sim:SIM_QUADRATIC_SOLVING,fp:94d26853,tier:H3"
"SAT-MATH-25","25","math_v6_batch_25","full_range","SATMATH25-M2-Q12","MATH","2","hard","12","Problem-Solving and Data Analysis","Probability","PSD_PROB_002","Compute conditional probability from a table subset","Compute conditional probability from a table subset","H3","1","multiple_choice","","The table summarizes 70 students. Among the students who take art, what is the probability that a randomly selected student plays an instrument?","2/5","3/7","3/5","2/7","A","1","Condition on the students who take art, so the denominator is 30. Of those students, 12 play an instrument. The probability is 12/30=2/5.","120","table","{}","| | Takes art | Does not take art | Total |\n|---|---:|---:|---:|\n| Plays instrument | 12 | 18 | 30 |\n| Does not play instrument | 18 | 22 | 40 |\n| Total | 30 | 40 | 70 |","","","","","compute conditional probability from a table subset","","math,domain:Problem-Solving and Data Analysis,skill:PSD_PROB_002,arch:MATH_ARCH_050_CONDITIONAL_PROBABILITY_TABLE,sim:SIM_PROBABILITY_TABLES,fp:e714fcbe,tier:H3"
"SAT-MATH-25","25","math_v6_batch_25","full_range","SATMATH25-M2-Q13","MATH","2","hard","13","Geometry and Trigonometry","Triangles","GEO_TRI_006","Use similar triangles and scale factors","Use similar triangles and scale factors","H3","1","multiple_choice","","Triangles ABC and DEF are similar, with A corresponding to D, B corresponding to E, and C corresponding to F. In the diagram, AB=6, BC=9, and DE=10. What is EF?","15","12","13.5","18","A","1","Corresponding sides are proportional. The scale factor from triangle ABC to triangle DEF is DE/AB=10/6=5/3. Since BC corresponds to EF, EF=9(5/3)=15.","120","triangle","{""diagram_type"":""similar_triangles"",""render_mode"":""near_to_scale"",""not_to_scale"":true,""triangles"":[{""triangle_id"":""ABC"",""vertices"":[""A"",""B"",""C""],""side_labels"":{""AB"":""6"",""BC"":""9""},""angle_labels"":{}},{""triangle_id"":""DEF"",""vertices"":[""D"",""E"",""F""],""side_labels"":{""DE"":""10"",""EF"":""x""},""angle_labels"":{}}],""correspondence"":{""A"":""D"",""B"":""E"",""C"":""F""},""target"":""EF""}","","","","","","use similar triangles and scale factors","","math,domain:Geometry and Trigonometry,skill:GEO_TRI_006,arch:MATH_ARCH_089_SIMILAR_TRIANGLES_SCALE,sim:SIM_SIMILAR_TRIANGLES,fp:77631758,tier:H3"
"SAT-MATH-25","25","math_v6_batch_25","full_range","SATMATH25-M2-Q14","MATH","2","hard","14","Algebra","Systems of Equations","ALG_SYS_006","Find parameter value that makes two linear equations parallel","Find parameter value that makes two linear equations parallel","H3","1","multiple_choice","","For what value of a does the system 2x+3y=7 and 4x+ay=20 have no solution?","3","10","6","14","C","3","For no solution, the lines must be parallel but have different intercepts. The x-coefficients have ratio 4/2=2, so the y-coefficient in the second equation must be 2·3=6. The constants 20 and 7 do not have ratio 2, so a=6 gives parallel distinct lines.","120","none","{}","","","","","","find parameter value that makes two linear equations parallel","","math,domain:Algebra,skill:ALG_SYS_006,arch:MATH_ARCH_020_SYSTEM_NO_SOLUTION_PARAMETER,sim:SIM_LINEAR_SYSTEMS,fp:2b6febf3,tier:H3"
"SAT-MATH-25","25","math_v6_batch_25","full_range","SATMATH25-M2-Q15","MATH","2","hard","15","Advanced Math","Nonlinear Functions","ADV_NF_006","Solve radical equation and check extraneous solution","Solve radical equation and check extraneous solution","H3","1","multiple_choice","","What is the solution to √(x+9)=x−3?","0","7","3","9","B","2","The right side requires x≥3. Squaring gives x+9=(x−3)^2=x^2−6x+9, so x^2−7x=0 and x=0 or x=7. Checking the domain and original equation leaves x=7.","120","none","{}","","","","","","solve radical equation and check extraneous solution","","math,domain:Advanced Math,skill:ADV_NF_006,arch:MATH_ARCH_069_RADICAL_EQUATION_EXTRANEOUS,sim:SIM_EXPONENT_RADICALS,fp:dba607e8,tier:H3"
"SAT-MATH-25","25","math_v6_batch_25","full_range","SATMATH25-M2-Q16","MATH","2","hard","16","Geometry and Trigonometry","Circles","GEO_CIRC_002","Find arc length or sector area from central angle","Find arc length or sector area from central angle","H3","1","multiple_choice","","A sector of a circle has radius 12 and central angle 60°. What is the area of the sector?","12π","24π","48π","144π","B","2","The sector is 60/360=1/6 of the circle. The circle's area is π(12)^2=144π, so the sector area is (1/6)(144π)=24π.","120","circle","{""diagram_type"":""sector"",""render_mode"":""exact_to_scale"",""not_to_scale"":false,""center_label"":""O"",""radius"":12,""radius_label"":""12"",""central_angle_degrees"":60,""central_angle_label"":""60°"",""shaded_sector"":true,""target"":""sector_area""}","","","","","","find arc length or sector area from central angle","","math,domain:Geometry and Trigonometry,skill:GEO_CIRC_002,arch:MATH_ARCH_092_CIRCLE_ARC_SECTOR,sim:SIM_CIRCLE_MEASUREMENTS,fp:db7e0e32,tier:H3"
"SAT-MATH-25","25","math_v6_batch_25","full_range","SATMATH25-M2-Q17","MATH","2","hard","17","Advanced Math","Equivalent Expressions","ADV_EE_005","Simplify rational expression with restrictions","Simplify rational expression with restrictions","H3","1","student_response","","For x≠4, the expression (x^2−16)/(x−4) is equivalent to x+k. What is the value of k?","","","","","","","Factor the numerator: x^2−16=(x−4)(x+4). For x≠4, (x^2−16)/(x−4)=x+4, so k=4.","120","none","{}","","","integer","4","0","simplify rational expression with restrictions","","math,domain:Advanced Math,skill:ADV_EE_005,arch:MATH_ARCH_072_RATIONAL_EXPRESSION_SIMPLIFY,sim:SIM_POLYNOMIAL_RATIONAL_EXPRESSIONS,fp:6ea53066,tier:H3"
"SAT-MATH-25","25","math_v6_batch_25","full_range","SATMATH25-M2-Q18","MATH","2","hard","18","Advanced Math","Nonlinear Functions","ADV_NF_007","Solve rational equation and reject excluded values","Solve rational equation and reject excluded values","H3","1","multiple_choice","","What is the solution to 2/(x−1)+3/(x+1)=6/(x^2−1), where x≠1 and x≠−1?","1","−1","5/7","7/5","D","4","Multiply both sides by x^2−1=(x−1)(x+1): 2(x+1)+3(x−1)=6. This simplifies to 5x−1=6, so x=7/5. This value is not excluded.","120","none","{}","","","","","","solve rational equation and reject excluded values","","math,domain:Advanced Math,skill:ADV_NF_007,arch:MATH_ARCH_073_RATIONAL_EQUATION_SOLVE,sim:SIM_RATIONAL_EQUATIONS,fp:aae813da,tier:H3"
"SAT-MATH-25","25","math_v6_batch_25","full_range","SATMATH25-M2-Q19","MATH","2","hard","19","Advanced Math","Nonlinear Functions","ADV_NF_008","Model exponential growth or decay","Model exponential growth or decay","H3","1","multiple_choice","","A population of 800 bacteria increases by 15% each hour. Which expression gives the population after 3 hours?","800(1.15)^3","800(0.15)^3","800+3(1.15)","800(1.03)^15","A","1","A 15% hourly increase means multiplying by 1.15 each hour. After 3 hours, the population is 800(1.15)^3.","120","none","{}","","","","","","model exponential growth or decay","","math,domain:Advanced Math,skill:ADV_NF_008,arch:MATH_ARCH_074_EXPONENTIAL_GROWTH_DECAY,sim:SIM_EXPONENTIAL_MODELS,fp:852a5309,tier:H3"
"SAT-MATH-25","25","math_v6_batch_25","full_range","SATMATH25-M2-Q20","MATH","2","hard","20","Geometry and Trigonometry","Trigonometry","GEO_TRIG_004","Use benchmark unit-circle values","Use benchmark unit-circle values","H3","1","multiple_choice","","What is the value of sin(5π/6)?","−1/2","√3/2","−√3/2","1/2","D","4","The angle 5π/6 is in Quadrant II with reference angle π/6. Sine is positive in Quadrant II, and sin(π/6)=1/2.","120","none","{}","","","","","","use benchmark unit-circle values","","math,domain:Geometry and Trigonometry,skill:GEO_TRIG_004,arch:MATH_ARCH_098_UNIT_CIRCLE_BENCHMARK,sim:SIM_TRIGONOMETRY_RELATIONSHIPS,fp:a0a131f7,tier:H3"
"SAT-MATH-25","25","math_v6_batch_25","full_range","SATMATH25-M2-Q21","MATH","2","hard","21","Algebra","Systems of Equations","ALG_SYS_007","Find parameter value that makes two equations equivalent","Find parameter value that makes two equations equivalent","H3","1","multiple_choice","","For what value of k does the system 6x+9y=15 and 2x+ky=5 have infinitely many solutions?","2","3","6","9","B","2","For infinitely many solutions, one equation must be a constant multiple of the other. Multiplying 2x+ky=5 by 3 gives 6x+3ky=15. Matching 6x+9y=15 gives 3k=9, so k=3.","120","none","{}","","","","","","find parameter value that makes two equations equivalent","","math,domain:Algebra,skill:ALG_SYS_007,arch:MATH_ARCH_021_SYSTEM_INFINITE_SOLUTIONS_PARAMETER,sim:SIM_LINEAR_SYSTEMS,fp:6374ced3,tier:H3"
"SAT-MATH-25","25","math_v6_batch_25","full_range","SATMATH25-M2-Q22","MATH","2","hard","22","Geometry and Trigonometry","Area","GEO_AREA_001","Compute surface area of prism/cylinder or composite solid","Compute surface area of prism/cylinder or composite solid","H3","1","multiple_choice","","A solid is formed by drilling a cylindrical hole of radius 1 through the center of a cylinder of radius 4 and height 9. The hole goes all the way through the cylinder. What is the total surface area of the resulting solid, including the inner wall of the hole?","90π","102π","138π","120π","D","4","The outer curved surface area is 2π(4)(9)=72π. The inner curved surface area of the hole is 2π(1)(9)=18π. The top and bottom are annuli, each with area π(4^2−1^2)=15π, so together they add 30π. The total is 72π+18π+30π=120π.","120","none","{}","","","","","","compute surface area of prism/cylinder or composite solid","","math,domain:Geometry and Trigonometry,skill:GEO_AREA_001,arch:MATH_ARCH_100_SOLID_SURFACE_AREA,sim:SIM_SOLID_MEASUREMENT,fp:21db70c0,tier:H3"
