"test_id","exam_version","generation_batch_id","target_score_band","question_id","section","module","route","question_number","content_domain","skill_group","skill_code","skill_label","question_topic","difficulty","scoring_weight","question_type","passage","question","choice_a","choice_b","choice_c","choice_d","correct_answer","correct_choice_index","explanation","time_estimate_sec","visual_type","visual_json","table_markdown","equation_latex","student_response_type","correct_numeric_answer","answer_tolerance","primary_skill","secondary_skill","tags"
"SAT_RW_42","RW_SECTION_42","42","1200-1600","SAT_RW_42_M1_Q01","RW","1","base","1","Craft and Structure","Words in Context","RW_WIC_002","Words in Context","contextual meaning","Easy","1","multiple_choice","Ceramic artist Lian Ortiz tested several firing schedules for a copper-based glaze. At lower temperatures, the glaze remained translucent, allowing the clay beneath it to show through. A brief period at a higher temperature, however, caused tiny crystals to form throughout the coating and rendered the glaze opaque. Ortiz repeated the schedule on six additional pieces and observed the same shift each time, suggesting that the final temperature—not the total firing time—produced the cloudy finish.","As used in the text, what does “rendered” most nearly mean?","returned to an earlier state","caused to become","depicted in an image","translated into another form","B","2","In context, the higher temperature “rendered the glaze opaque,” meaning that it caused the glaze to become opaque. The other choices reflect different common senses of “render” that do not fit the described physical change.","70","none","{}","","","","","","Words in Context","","rw,passage:E131,arch:RW_WIC_002,sim:rw_words_in_context_purpose_sentence,surf:SURF_RW_WIC_002,fp:4acffac21fe448b7,wic,hard_vocab,vocab:HV_002,tier:V3,target:render,wic_family:direct_meaning"
"SAT_RW_42","RW_SECTION_42","42","1200-1600","SAT_RW_42_M1_Q02","RW","1","base","2","Craft and Structure","Words in Context","RW_WIC_007","Words in Context","claim qualification","Medium","1","multiple_choice","Ecologists comparing rooftop gardens recorded insect visits during one unusually dry summer. Roofs with deeper soil hosted more bee species than shallow-soil roofs, but the researchers lacked data from wetter years and from roofs outside the city center. They therefore described the connection between soil depth and bee diversity as tentative. The pattern was consistent across the sampled buildings, yet the team emphasized that a longer study could reveal whether rainfall or neighborhood vegetation accounts for part of the difference.","Why does the author use the word “tentative” when presenting the connection between soil depth and bee diversity?","It indicates that the researchers expect the pattern to disappear immediately.","It dismisses the observed pattern as too weak to merit further study.","It marks the connection as plausible but not yet established across broader conditions.","It presents soil depth as the only possible cause of bee diversity.","C","3","“Tentative” limits the certainty of the connection because the study covered only one dry summer and a restricted area. The word does not reject the pattern, predict its disappearance, or exclude alternative causes.","75","none","{}","","","","","","Words in Context","","rw,passage:E148,arch:RW_WIC_007,sim:rw_words_in_context_verb_pronoun_agreement,surf:SURF_RW_WIC_007,fp:16be4a5e3aeedc14,wic,hard_vocab,vocab:HV_119,tier:V3,target:tentative,wic_family:claim_function"
"SAT_RW_42","RW_SECTION_42","42","1200-1600","SAT_RW_42_M1_Q03","RW","1","base","3","Craft and Structure","Words in Context","RW_WIC_003","Words in Context","tonal effect","Medium","1","multiple_choice","Historian Mara Bell examined letters written by merchants after a new canal opened in 1848. Some letters celebrated lower shipping costs, while others complained that toll schedules changed without notice. Bell offers a measured assessment: the canal improved access to inland markets, she writes, but its early benefits varied sharply by route and season. By pairing the merchants’ enthusiasm with their practical complaints, Bell avoids treating the project as either an immediate triumph or a complete disappointment.","Which choice best describes the effect of the word “measured” in the passage?","It suggests that Bell converted the merchants’ comments into numerical data.","It characterizes Bell’s assessment as deliberately balanced rather than absolute.","It implies that Bell was reluctant to examine evidence that challenged her view.","It portrays Bell’s assessment as unusually lengthy and detailed.","B","2","The surrounding sentences show Bell weighing benefits against limitations, so “measured” signals a controlled, balanced judgment. Nothing indicates numerical conversion, excessive length, or avoidance of contrary evidence.","75","none","{}","","","","","","Words in Context","","rw,passage:E143,arch:RW_WIC_003,sim:rw_words_in_context_word_function,surf:SURF_RW_WIC_003,fp:4bb62f4934253933,wic,hard_vocab,vocab:HV_108,tier:V3,target:measured,wic_family:tonal_effect"
"SAT_RW_42","RW_SECTION_42","42","1200-1600","SAT_RW_42_M1_Q04","RW","1","base","4","Craft and Structure","Text Structure and Purpose","RW_TSP_008","Text Structure and Purpose","overall structure","Medium","1","multiple_choice","For years, astronomers attributed brief dimming events in the star KX-91 to a single orbiting planet. New observations complicate that explanation. The intervals between dimming events vary too much for one planet on a stable orbit, and infrared measurements reveal a faint disk of dust around the star. A team now proposes that irregular clumps within the disk periodically block the star’s light. The planetary explanation has not been ruled out entirely, but the dust model better accounts for both the timing and wavelength of the observed changes.","Which choice best describes how the passage is organized?","It presents an established explanation, introduces evidence that strains it, and offers an alternative that better fits the observations.","It compares two stars in order to show that dimming events occur for identical reasons.","It lists several unrelated explanations and concludes that none can be tested.","It describes a new instrument, explains how it was built, and reports its first failure.","A","1","The passage begins with the one-planet explanation, then gives timing and infrared evidence that complicates it, and finally presents the dust-clump model as a better fit. The other choices do not match the sequence or content.","80","none","{}","","","","","","Text Structure and Purpose","","rw,passage:E021,arch:RW_TSP_008,sim:rw_text_structure_and_purpose_evidence_based_inference,surf:SURF_RW_TSP_008,fp:837bfdcd150c61b7"
"SAT_RW_42","RW_SECTION_42","42","1200-1600","SAT_RW_42_M1_Q05","RW","1","base","5","Craft and Structure","Text Structure and Purpose","RW_TSP_001","Text Structure and Purpose","function of a detail","Medium","1","multiple_choice","When Mira reached the bakery before dawn, the front windows were still black mirrors. Inside, her uncle had left a bowl of dough beneath a cloth and a note that read, “It will tell you when it is ready.” Mira checked the clock twice, then pressed a finger into the dough. The dent slowly filled. She remembered watching her uncle judge the same sign without ever looking at a timer. By the time the first bus passed, Mira had turned on the ovens and folded the note into her pocket.","What is the main function of the uncle’s note in the passage?","It warns Mira that the bakery’s ovens are unsafe to operate before sunrise.","It explains why Mira’s uncle has decided to close the bakery permanently.","It reveals that Mira has forgotten the recipe needed to prepare the dough.","It prompts Mira to rely on observation and remembered practice rather than on the clock alone.","D","4","The note directs Mira’s attention to the dough itself. She tests its readiness, recalls her uncle’s method, and acts without waiting for a set time. The note does not concern oven safety, closure, or a missing recipe.","75","none","{}","","","","","","Text Structure and Purpose","","rw,passage:E031,arch:RW_TSP_001,sim:rw_text_structure_and_purpose_purpose_sentence,surf:SURF_RW_TSP_001,fp:b1256fce8aec2096"
"SAT_RW_42","RW_SECTION_42","42","1200-1600","SAT_RW_42_M1_Q06","RW","1","base","6","Craft and Structure","Text Structure and Purpose","RW_TSP_010","Text Structure and Purpose","development of an argument","Medium","1","multiple_choice","Early city maps often omitted the narrow lanes where informal vendors worked, making those businesses difficult for historians to trace. To address the gap, researcher Nia Coleman compared tax receipts, fire-insurance diagrams, and newspaper advertisements from the same blocks. A receipt might name a fruit seller, while an insurance diagram located a wooden stall behind a larger shop. By aligning such records, Coleman reconstructed commercial spaces that no single source documented completely and showed how temporary markets shaped neighborhood life.","Which choice best describes the role of the examples involving a tax receipt and an insurance diagram?","They illustrate how evidence from different records can be combined to locate activity missing from official maps.","They show that insurance companies deliberately removed markets from their diagrams.","They establish that fruit sellers were the only vendors omitted from early city maps.","They demonstrate that tax receipts were generally more accurate than every other historical source.","A","1","The examples show complementary evidence: one record identifies a vendor, and another helps locate the stall. Together they demonstrate Coleman’s method of reconstructing spaces absent from maps. The passage does not rank sources absolutely or support the narrower claims in the distractors.","80","none","{}","","","","","","Text Structure and Purpose","","rw,passage:E086,arch:RW_TSP_010,sim:rw_text_structure_and_purpose_supporting_detail,surf:SURF_RW_TSP_010,fp:09da0c69d7e448c6"
"SAT_RW_42","RW_SECTION_42","42","1200-1600","SAT_RW_42_M1_Q07","RW","1","base","7","Craft and Structure","Cross-Text Connections","RW_CTC_006","Cross-Text Connections","agreement and qualification","Medium","1","multiple_choice","Text 1: Street trees can lower summer surface temperatures, especially where wide crowns shade pavement during the afternoon. In one neighborhood pilot, shaded sidewalks were several degrees cooler than nearby unshaded blocks at the same hour. Because heat exposure is often greatest on blocks with little existing canopy, planting programs should prioritize those blocks rather than distribute trees evenly across a city. Text 2: Expanding canopy in hot neighborhoods is valuable, but survival rates depend on species choice and reliable watering during the first years after planting. A program that counts saplings without funding maintenance may produce little lasting shade. Cities should therefore pair planting targets with plans for water, soil volume, and replacement, and they should evaluate success by surviving canopy rather than by the number of trees initially planted.","Based on the texts, how would the author of Text 2 most likely respond to Text 1’s recommendation?","Prioritizing low-canopy blocks is sensible, but the program must also provide the conditions needed for trees to survive.","Planting in hot neighborhoods should be abandoned because young trees require water.","Trees should be distributed evenly because shade has no effect on surface temperature.","Maintenance matters only after a neighborhood already has a mature tree canopy.","A","1","Text 2 accepts the value of expanding canopy in hot neighborhoods but adds that maintenance and site conditions determine whether planting creates lasting shade. Thus, it would qualify rather than reject Text 1’s priority.","90","none","{}","","","","","","Cross-Text Connections","","rw,passage:E120,arch:RW_CTC_006,sim:rw_cross_text_connections_paired_text_relation,surf:SURF_RW_CTC_006,fp:a7229a5d4f683a31"
"SAT_RW_42","RW_SECTION_42","42","1200-1600","SAT_RW_42_M1_Q08","RW","1","base","8","Information and Ideas","Central Ideas and Details","RW_CID_001","Central Ideas and Details","main idea","Medium","1","multiple_choice","Ecologists tracking the spread of a woodland herb noticed that new patches often appeared downhill from established plants, even though the seeds lack wings or hooks. Motion-sensitive cameras revealed that deer visited the plants after rainfall and carried mud on their hooves. In greenhouse tests, seeds mixed into wet soil remained viable after being pressed into a hoof-shaped surface. The researchers propose that deer transport seeds in clinging mud, a mechanism that could explain both the direction and the uneven spacing of the new patches.","Which choice best states the main idea of the text?","Greenhouse conditions prevent the herb’s seeds from remaining viable in wet soil.","Evidence from field observations and tests suggests that deer may disperse the herb’s seeds in mud on their hooves.","The herb’s seeds travel mainly by wind because they are too small for animals to notice.","Deer avoid the herb after rainfall, causing its seeds to accumulate near mature plants.","B","2","The cameras, downhill pattern, and viability test jointly support the proposed hoof-mud dispersal mechanism. The distractors contradict the seed traits, deer visits, or test results.","75","none","{}","","","","","","Central Ideas and Details","","rw,passage:E010,arch:RW_CID_001,sim:rw_central_ideas_and_details_main_claim,surf:SURF_RW_CID_001,fp:592f17eaf6e54217"
"SAT_RW_42","RW_SECTION_42","42","1200-1600","SAT_RW_42_M1_Q09","RW","1","base","9","Information and Ideas","Central Ideas and Details","RW_CID_004","Central Ideas and Details","character development","Medium","1","multiple_choice","Jonas had repaired the town clock for thirty years, but on the morning of his retirement he left the case open and invited Leena, his apprentice, to make the final adjustment. She reached toward the familiar brass screw, then paused when the minute hand shuddered. Jonas said nothing. Leena listened to the mechanism, selected a thinner tool, and eased a bent spring back into place. Only after the clock struck noon did Jonas close the case. “You heard what it needed,” he said, handing her the key.","Which choice best describes what happens in the text?","Jonas discovers that Leena has secretly damaged the clock and dismisses her.","Jonas gives Leena room to diagnose a problem independently, confirming her readiness to take over his work.","Jonas decides to postpone retirement because the town clock cannot be fixed.","Leena follows Jonas’s detailed instructions but remains unable to repair the mechanism.","B","2","Jonas remains silent while Leena notices and corrects the spring problem, then gives her the key. This sequence shows trust in her independent judgment, not failure, dismissal, or postponed retirement.","75","none","{}","","","","","","Central Ideas and Details","","rw,passage:E045,arch:RW_CID_004,sim:rw_central_ideas_and_details_cause_effect,surf:SURF_RW_CID_004,fp:f74099401ef5f1be"
"SAT_RW_42","RW_SECTION_42","42","1200-1600","SAT_RW_42_M1_Q10","RW","1","base","10","Information and Ideas","Command of Evidence","RW_COE_001","Command of Evidence","quantitative evidence","Medium","1","multiple_choice","Biologists testing nest boxes for a small desert bat compared boxes painted pale gray with otherwise identical boxes painted dark brown. They predicted that the pale boxes would remain cooler during the afternoon and therefore be occupied more often in midsummer. Across twenty matched sites, the pale boxes averaged 34°C at 3 p.m., while the dark boxes averaged 41°C. Bats occupied 15 of the 20 pale boxes but only 6 of the 20 dark boxes.","Which finding from the study most directly supports the prediction?","The pale boxes were both cooler in the afternoon and occupied at more than twice the rate of the dark boxes.","The two box types were installed at the same twenty sites.","Some bats occupied dark boxes despite their higher temperature.","The dark boxes reached an average temperature above 40°C.","A","1","The prediction links lower afternoon temperature with greater occupancy. Only the correct choice combines both relevant results: 34°C versus 41°C and 15 occupied boxes versus 6.","80","none","{}","","","","","","Command of Evidence","Quantitative evidence","rw,passage:E058,arch:RW_COE_001,sim:rw_command_of_evidence_supporting_detail,surf:SURF_RW_COE_001,fp:3b5a85cb855b270c"
"SAT_RW_42","RW_SECTION_42","42","1200-1600","SAT_RW_42_M1_Q11","RW","1","base","11","Information and Ideas","Command of Evidence","RW_COE_011","Command of Evidence","supporting detail","Medium","1","multiple_choice","Scholar Priya Nwosu argues that the anonymous 1912 travel diary was intended for a small circle of acquaintances rather than for immediate publication. The writer refers to companions by first name only, leaves several local jokes unexplained, and repeatedly asks a particular reader to remember shared events. The notebook also contains crossed-out shopping lists between entries, suggesting that it remained a working personal object rather than a polished manuscript. It has no title page or introductory explanation for readers unfamiliar with the journey.","Which detail from the text most directly supports Nwosu’s claim about the diary’s intended audience?","The diary was written in 1912 rather than in the present day.","The notebook contains entries about travel to several locations.","The writer alludes to shared people and experiences without explaining them to unfamiliar readers.","The manuscript’s author has not been identified by scholars.","C","3","Unexplained first names, local jokes, and appeals to shared memories presume an audience already familiar with the writer’s circle. The other details do not identify the intended readership.","75","none","{}","","","","","","Command of Evidence","","rw,passage:E078,arch:RW_COE_011,sim:rw_command_of_evidence_evidence_based_inference,surf:SURF_RW_COE_011,fp:9f6b1c11ebd2e193"
"SAT_RW_42","RW_SECTION_42","42","1200-1600","SAT_RW_42_M1_Q12","RW","1","base","12","Information and Ideas","Inferences","RW_INF_002","Inferences","scientific inference","Medium","1","multiple_choice","Conservators examining a blue area in a sixteenth-century mural found particles of both azurite and charcoal. Under magnification, the charcoal lay in a thin layer beneath the blue mineral rather than being mixed throughout it. X-ray imaging showed that the dark layer followed the boundaries of the blue shapes closely. In a reconstructed sample, blue paint applied over a dark underlayer appeared deeper in color while using less azurite, an expensive pigment. No charcoal was found beneath nearby green or red sections.","Which conclusion is best supported by the text?","The mural’s blue areas were originally green and changed color over time.","All colors in the mural were applied over identical dark underlayers.","Charcoal was the most expensive material available to the painter.","The painter may have used a charcoal underlayer selectively to intensify the blue while conserving azurite.","D","4","The layered particles, reconstruction, and absence of charcoal under other colors support a selective technique that deepened blue and reduced azurite use. The alternatives contradict the evidence.","80","none","{}","","","","","","Inferences","","rw,passage:E072,arch:RW_INF_002,sim:rw_inferences_cause_effect,surf:SURF_RW_INF_002,fp:1b5711a36694dc2a"
"SAT_RW_42","RW_SECTION_42","42","1200-1600","SAT_RW_42_M1_Q13","RW","1","base","13","Information and Ideas","Inferences","RW_INF_001","Inferences","behavioral inference","Medium","1","multiple_choice","Researchers gave scrub jays two trays in which to hide food. While one bird cached, a second bird either watched from an adjacent enclosure or was blocked by an opaque screen. Later, when allowed to revisit the trays alone, birds that had been watched moved a larger share of their food to new locations. Birds that had cached behind the screen rarely moved the food. The two groups had hidden similar amounts initially, and both groups accurately returned to the original trays.","Which inference is most strongly supported by the study?","Scrub jays can remember food locations only when another bird is present.","Scrub jays may adjust the location of stored food when another bird has observed the original hiding place.","Opaque screens prevent scrub jays from recognizing food as edible.","Watching another bird cache food causes scrub jays to hide less food initially.","B","2","The key difference was whether another bird observed caching, and only the watched birds frequently relocated food. Initial amounts were similar, so the result supports sensitivity to observation rather than memory loss or reduced caching.","80","none","{}","","","","","","Inferences","","rw,passage:E017,arch:RW_INF_001,sim:rw_inferences_contrast,surf:SURF_RW_INF_001,fp:ffbd3e93ad7ff449"
"SAT_RW_42","RW_SECTION_42","42","1200-1600","SAT_RW_42_M1_Q14","RW","1","base","14","Information and Ideas","Inferences","RW_INF_010","Inferences","literary inference","Medium","1","multiple_choice","At the station, Amara unfolded the map her brother had marked for her. His route was drawn in thick blue ink, with three cafés circled and a warning beside the steepest bridge. She had planned to follow it exactly. But when a violinist began playing under the eastern arch, Amara turned toward the music and slipped the map into her coat without refolding it. She could still see the blue line through the thin fabric as she walked away.","What can reasonably be inferred about Amara?","She values her brother’s guidance but chooses to depart from his planned route.","She has decided to abandon the trip and return home.","She cannot read the map because the ink has faded.","She believes her brother intentionally marked the wrong route.","A","1","Amara initially intends to follow the marked route and keeps the map, indicating that the guidance matters, yet she turns toward the music instead. The text does not suggest deception, cancellation, or illegibility.","75","none","{}","","","","","","Inferences","","rw,passage:E062,arch:RW_INF_010,sim:rw_inferences_evidence_based_inference,surf:SURF_RW_INF_010,fp:ae992e48fbb3e0bc"
"SAT_RW_42","RW_SECTION_42","42","1200-1600","SAT_RW_42_M1_Q15","RW","1","base","15","Standard English Conventions","Boundaries","SEC.BND","Boundaries","Punctuating two independent clauses","Easy","1","multiple_choice","A summer field study focused on small plants that survive in heavily used public spaces. City planners mapped moss growing on shaded sidewalks ____ the survey revealed that even heavily traveled surfaces can support small ecosystems.","Which choice completes the text so that it conforms to the conventions of Standard English?",",","and","; because",";","D","4","A semicolon correctly joins the two closely related independent clauses. A comma alone creates a comma splice, “and” lacks the comma required before a coordinating conjunction joining independent clauses, and “; because” incorrectly places a semicolon before a dependent clause.","60","none","{}","","","","","","Boundaries","","sec,grammar,arch:SEC-BND-001,sim:SEC.BND:sentence_boundary_semicolon:A. minimal-context version,ctx:CTX-GRM-001,tier:SEC1,fp:06c468d2e55e142e"
"SAT_RW_42","RW_SECTION_42","42","1200-1600","SAT_RW_42_M1_Q16","RW","1","base","16","Standard English Conventions","Boundaries","SEC.BND","Boundaries","Coordinating independent clauses","Easy","1","multiple_choice","Residents had requested more protection from afternoon heat while waiting for transit. The town council approved shaded bus shelters for three stops ____ but it postponed a decision about adding shelters on the remaining routes.","Which choice completes the text in accordance with Standard English conventions?",";","no punctuation",",",":","C","3","A comma is required before the coordinating conjunction “but” because it joins two independent clauses. A semicolon should not be used directly before “but,” a colon does not introduce an explanation or list, and no punctuation fails to mark the clause boundary.","60","none","{}","","","","","","Boundaries","","sec,grammar,arch:SEC-BND-011,sim:SEC.BND:coordination_comma_fanboys:A. minimal-context version,ctx:CTX-GRM-006,tier:SEC1,fp:ed94dde3795c578e"
"SAT_RW_42","RW_SECTION_42","42","1200-1600","SAT_RW_42_M1_Q17","RW","1","base","17","Standard English Conventions","Boundaries","SEC.BND","Boundaries","Introductory modifying phrases","Medium","1","multiple_choice","A school astronomy club gathered observations on clear nights throughout the winter. After tracking a variable star for six months ____ students compared their brightness measurements with data from a professional observatory.","Which choice should replace the blank to create a correctly punctuated sentence?",",","—",";",":","A","1","The introductory prepositional phrase ends at “months,” so a comma should separate it from the main clause. A semicolon cannot follow a phrase that is not an independent clause, and neither a colon nor a dash is appropriate at this routine introductory boundary.","60","none","{}","","","","","","Boundaries","","sec,grammar,arch:SEC-BND-021,sim:SEC.BND:introductory_phrase_comma:A. minimal-context version,ctx:CTX-GRM-005,tier:SEC2,fp:cd6c95c91160e1c8"
"SAT_RW_42","RW_SECTION_42","42","1200-1600","SAT_RW_42_M1_Q18","RW","1","base","18","Standard English Conventions","Boundaries","SEC.BND","Boundaries","Nonrestrictive relative clauses","Medium","1","multiple_choice","Students tested several paper-airplane designs during a practical after-school physics activity. Mr. Alvarez ____ asked the students to record launch angle as well as distance.","Which choice completes the text so that the nonrestrictive clause is punctuated correctly?",", who supervised the paper-airplane trials after school,","who supervised the paper-airplane trials after school",", who supervised the paper-airplane trials after school","; who supervised the paper-airplane trials after school;","A","1","The clause “who supervised the paper-airplane trials after school” adds nonessential information about the already identified Mr. Alvarez, so it must be set off by commas on both sides. The unpunctuated version fails to mark the clause, the one-comma version leaves it unclosed, and semicolons cannot separate a name from a nonrestrictive relative clause.","60","none","{}","","","","","","Boundaries","","sec,grammar,arch:SEC-BND-034,sim:SEC.BND:nonrestrictive_relative_clause:D. academic register,ctx:CTX-GRM-003,tier:SEC3,fp:53770ffb970a9a39"
"SAT_RW_42","RW_SECTION_42","42","1200-1600","SAT_RW_42_M1_Q19","RW","1","base","19","Standard English Conventions","Form, Structure, and Sense","SEC.FSS","Form, Structure, and Sense","Subject-verb agreement","Easy","1","multiple_choice","The building was designed before mechanical cooling became common in the region. A series of narrow windows along the old library’s south wall ____ the reading room cool during summer afternoons.","Which choice completes the text with the correct subject-verb agreement?","have kept","keeps","keep","were keeping","B","2","The subject is the singular noun “series,” not the plural noun “windows” inside the prepositional phrase, so the singular verb “keeps” is required. The other choices use plural agreement or a tense and aspect not supported by the sentence.","60","none","{}","","","","","","Form, Structure, and Sense","","sec,grammar,arch:SEC-FSS-002,sim:SEC.FSS:subject_verb_agreement:B. intervening material,ctx:CTX-GRM-010,tier:SEC2,fp:2e66f3f78d7a1d44"
"SAT_RW_42","RW_SECTION_42","42","1200-1600","SAT_RW_42_M1_Q20","RW","1","base","20","Standard English Conventions","Form, Structure, and Sense","SEC.FSS","Form, Structure, and Sense","Logical verb tense","Medium","1","multiple_choice","The study examined how merchants shifted between formal and casual speech. By the time the linguist began comparing formal and casual greetings, she ____ more than forty hours of conversations in the market.","Which choice completes the text with the most logical verb tense?","had recorded","recorded","will record","has recorded","A","1","The recording occurred before another past action, “began comparing,” so the past perfect “had recorded” correctly establishes the sequence. Simple past does not mark the earlier action as clearly, present perfect conflicts with the past reference point, and future tense is illogical.","60","none","{}","","","","","","Form, Structure, and Sense","","sec,grammar,arch:SEC-FSS-009,sim:SEC.FSS:verb_tense_sequence:D. logic cue,ctx:CTX-GRM-007,tier:SEC3,fp:a213a16f87e5edad"
"SAT_RW_42","RW_SECTION_42","42","1200-1600","SAT_RW_42_M1_Q21","RW","1","base","21","Standard English Conventions","Form, Structure, and Sense","SEC.FSS","Form, Structure, and Sense","Parallel structure","Medium","1","multiple_choice","A station mural was created through a series of supervised weekend workshops. During the mural workshop, volunteers learned to sketch bird outlines, mix weatherproof pigments, and ____ each finished panel with a protective seal.","Which choice completes the series with a parallel grammatical structure?","coating","the coating of","coated","coat","D","4","The first two items are base-form verbs—“sketch” and “mix”—so the third item must also be the base-form verb “coat.” The other choices break the parallel structure by shifting to a past-tense form, a participle, or a noun phrase.","60","none","{}","","","","","","Form, Structure, and Sense","","sec,grammar,arch:SEC-FSS-034,sim:SEC.FSS:parallel_structure:D. logic cue,ctx:CTX-GRM-018,tier:SEC3,fp:e834d2a4a8c87b12"
"SAT_RW_42","RW_SECTION_42","42","1200-1600","SAT_RW_42_M1_Q22","RW","1","base","22","Expression of Ideas","Transitions","RW_TR_008","Transitions","contrast","Easy","1","multiple_choice","A community garden installed a rain barrel to reduce its use of tap water. During the first month, the barrel supplied enough water for the herb beds. ____ a long dry period in July emptied the barrel, and gardeners had to supplement it with municipal water.","Which choice completes the text with the most logical transition?","Accordingly,","However,","Similarly,","For example,","B","2","“However,” logically signals the contrast between the barrel’s initial success and its inability to meet demand during the dry period. The other transitions indicate result, example, or similarity rather than contrast.","55","none","{}","","","","","","Transitions","","rw,passage:E029,arch:RW_TR_008,sim:rw_transitions_contrast,surf:SURF_RW_TR_008,fp:b27dfbeebd97fb01"
"SAT_RW_42","RW_SECTION_42","42","1200-1600","SAT_RW_42_M1_Q23","RW","1","base","23","Expression of Ideas","Transitions","RW_TR_009","Transitions","cause and effect","Medium","1","multiple_choice","Engineers added a textured coating to the footbridge after rain made its smooth surface slippery. Tests showed that the coating increased friction without trapping water. ____ the city approved the material for the full length of the bridge.","Which transition best connects the test results to the city’s decision?","In particular,","Meanwhile,","Nevertheless,","Consequently,","D","4","“Consequently,” shows that the successful test results led to the city’s approval. The other choices express simultaneity, specification, or concession, none of which fits the causal relationship.","55","none","{}","","","","","","Transitions","","rw,passage:E129,arch:RW_TR_009,sim:rw_transitions_cause_effect,surf:SURF_RW_TR_009,fp:4a77e4f252189c77"
"SAT_RW_42","RW_SECTION_42","42","1200-1600","SAT_RW_42_M1_Q24","RW","1","base","24","Expression of Ideas","Transitions","RW_TR_010","Transitions","example","Medium","1","multiple_choice","Some museums are making collection data easier for the public to reuse. ____ one natural-history museum released high-resolution images and standardized labels for thousands of specimens, allowing teachers and researchers to build their own digital exhibits.","Which choice most logically introduces the specific case that follows?","Conversely,","In addition,","For instance,","Therefore,","C","3","“For instance,” correctly introduces the museum’s action as an example of the general trend described in the first sentence. The other transitions signal opposition, result, or simple addition rather than exemplification.","55","none","{}","","","","","","Transitions","","rw,passage:E059,arch:RW_TR_010,sim:rw_transitions_purpose_sentence,surf:SURF_RW_TR_010,fp:a157d41a013c12c1"
"SAT_RW_42","RW_SECTION_42","42","1200-1600","SAT_RW_42_M1_Q25","RW","1","base","25","Expression of Ideas","Rhetorical Synthesis","RW_RS_010","Rhetorical Synthesis","emphasizing a finding","Medium","1","multiple_choice","A student has taken the following notes: Researchers tested biodegradable pots made from rice husks; seedlings in rice-husk pots and plastic pots grew to similar heights after six weeks; rice-husk pots lost strength when kept in standing water; the researchers recommend using trays that drain freely. The student wants to emphasize the study’s practical recommendation.","Which choice most effectively uses relevant information from the notes to accomplish this goal?","Seedlings were grown for six weeks in both rice-husk and plastic pots.","Rice husks can be formed into biodegradable pots for seedlings.","Because rice-husk pots weakened in standing water, the researchers recommend placing them in trays that drain freely.","The seedlings reached similar heights, so the researchers concluded that standing water strengthens rice-husk pots.","C","3","The correct choice directly connects the observed weakness in standing water to the practical recommendation for free-draining trays. The other choices omit the recommendation or misstate the finding.","70","none","{}","","","","","","Rhetorical Synthesis","","rw,passage:E079,arch:RW_RS_010,sim:rw_rhetorical_synthesis_cause_effect,surf:SURF_RW_RS_010,fp:7a77c831bc910f75"
"SAT_RW_42","RW_SECTION_42","42","1200-1600","SAT_RW_42_M1_Q26","RW","1","base","26","Expression of Ideas","Rhetorical Synthesis","RW_RS_009","Rhetorical Synthesis","comparison","Medium","1","multiple_choice","A student has taken the following notes: Architect Lina Morel designed two library reading rooms; the east room has tall north-facing windows and receives diffuse light; the west room has smaller south-facing windows and uses adjustable shades; both rooms maintain similar average brightness during open hours. The student wants to compare how the two rooms achieve similar lighting.","Which choice most effectively uses the notes to make the comparison?","Lina Morel designed two reading rooms for the same library.","Although both rooms maintain similar average brightness, the east room relies on diffuse north light while the west room uses smaller south-facing windows with adjustable shades.","The east room has tall windows, and both rooms are open during the day.","The west room’s adjustable shades prove that south-facing windows always provide better light than north-facing windows.","B","2","The correct choice states the shared outcome and contrasts the different design strategies. The other choices omit the comparison or make an unsupported generalization.","70","none","{}","","","","","","Rhetorical Synthesis","","rw,passage:E114,arch:RW_RS_009,sim:rw_rhetorical_synthesis_contrast,surf:SURF_RW_RS_009,fp:fac6895b1df283bd"
"SAT_RW_42","RW_SECTION_42","42","1200-1600","SAT_RW_42_M1_Q27","RW","1","base","27","Expression of Ideas","Rhetorical Synthesis","RW_RS_011","Rhetorical Synthesis","chronological relationship","Medium","1","multiple_choice","A student has taken the following notes: In 1968, chemist Amina Patel developed a heat-resistant adhesive; early versions bonded metal well but became brittle in cold conditions; in 1971, Patel added a flexible polymer; the revised adhesive remained strong across a wider temperature range. The student wants to show how Patel improved the adhesive over time.","Which choice most effectively uses the notes to accomplish the goal?","Patel’s first adhesive remained strong at every temperature, so the later polymer was unnecessary.","The revised adhesive contained a flexible polymer, whereas the year 1971 followed 1968.","After early versions became brittle in cold conditions, Patel added a flexible polymer in 1971, producing an adhesive that stayed strong across a wider temperature range.","Patel developed a heat-resistant adhesive in 1968, and metal can be bonded with many materials.","C","3","The correct choice presents the initial limitation, the later modification, and the improved result in chronological order. The distractors omit the development, state a trivial relationship, or contradict the notes.","70","none","{}","","","","","","Rhetorical Synthesis","","rw,passage:E034,arch:RW_RS_011,sim:rw_rhetorical_synthesis_purpose_sentence,surf:SURF_RW_RS_011,fp:a387432474d74fc0"
"SAT_RW_42","RW_SECTION_42","42","1200-1600","SAT_RW_42_M2_Q01","RW","2","hard","1","Craft and Structure","Words in Context","RW_WIC_004","Words in Context","claim qualification","Hard","1","multiple_choice","A survey of coastal marshes found that sites restored with tidal channels accumulated sediment faster than unrestored sites. Yet the restored sites also differed in plant density and distance from boat traffic. To qualify the claim that channel restoration alone caused the increase, the authors report results from a second analysis that accounts for those differences. The adjusted analysis still shows an effect, though a smaller one, leading the authors to argue for restoration’s contribution without treating it as the sole explanation.","What function does the word “qualify” serve in the passage?","It indicates that the authors are replacing evidence with expert training.","It announces that the causal claim has met a formal eligibility requirement.","It signals that the causal claim is being limited to reflect competing explanations.","It strengthens the causal claim by excluding all other contributing factors.","C","3","The authors “qualify” the claim by narrowing its force: restoration contributes to the result but is not necessarily the only cause. The other choices invoke unrelated senses of the word or reverse its limiting effect.","80","none","{}","","","","","","Words in Context","","rw,passage:E026,arch:RW_WIC_004,sim:rw_words_in_context_revision_goal,surf:SURF_RW_WIC_004,fp:0e1fb0af96eba5cc,wic,hard_vocab,vocab:HV_121,tier:V4,target:qualify,wic_family:claim_function"
"SAT_RW_42","RW_SECTION_42","42","1200-1600","SAT_RW_42_M2_Q02","RW","2","hard","2","Craft and Structure","Words in Context","RW_WIC_005","Words in Context","evidentiary relation","Hard","1","multiple_choice","Linguists studying an endangered language first inferred from audio recordings that a rising pitch marked questions. Because the recordings came from only three speakers, the team examined handwritten lesson notes produced decades earlier by a teacher fluent in the language. Those notes independently describe the same pitch pattern. The researchers argue that the notes corroborate the interpretation drawn from the recordings, while acknowledging that neither source reveals whether younger speakers used the pattern in informal conversation.","How does the word “corroborate” help establish the relationship between the lesson notes and the audio recordings?","It treats the notes and recordings as products of the same observation session.","It presents the notes as independent evidence that reinforces the interpretation of the recordings.","It portrays the notes as a substitute that makes the recordings irrelevant.","It indicates that the notes contradict the pitch pattern heard in the recordings.","B","2","The notes were produced separately and describe the same pitch pattern, so they “corroborate” the interpretation by providing independent confirmation. They neither replace nor contradict the recordings, and they were not created in the same session.","80","none","{}","","","","","","Words in Context","","rw,passage:E048,arch:RW_WIC_005,sim:rw_words_in_context_logical_link,surf:SURF_RW_WIC_005,fp:7223ae9d96e2423f,wic,hard_vocab,vocab:HV_136,tier:V4,target:corroborate,wic_family:relation_function"
"SAT_RW_42","RW_SECTION_42","42","1200-1600","SAT_RW_42_M2_Q03","RW","2","hard","3","Craft and Structure","Words in Context","RW_WIC_006","Words in Context","precision of causal force","Hard","1","multiple_choice","In a laboratory study, a porous coating reduced the vibration transmitted through a lightweight panel. Researchers tested tones across a wide frequency range and measured the panel’s motion with laser sensors. The effect was strongest at midrange frequencies and nearly absent at the lowest frequencies tested. The researchers therefore say that the coating attenuates vibration rather than eliminates it. That verb preserves an important distinction: the panel still moves, but the amplitude of some vibrations is diminished under specific conditions, and the reduction varies with frequency.","Why is “attenuates” more precise than “eliminates” in the researchers’ description?","It indicates a reduction in vibration while preserving the fact that some vibration remains.","It suggests that the coating makes the source of vibration easier to identify.","It implies that the coating lengthens the duration of every vibration.","It claims that the coating redirects all vibration into a different material.","A","1","The passage explicitly states that the panel still moves and that only some amplitudes are reduced. Thus, “attenuates” accurately conveys weakening, whereas the other choices introduce effects the study did not report.","80","none","{}","","","","","","Words in Context","","rw,passage:E081,arch:RW_WIC_006,sim:rw_words_in_context_punctuation_boundary,surf:SURF_RW_WIC_006,fp:2fd9dc0ea075327c,wic,hard_vocab,vocab:HV_129,tier:V4,target:attenuate,wic_family:precision_effect"
"SAT_RW_42","RW_SECTION_42","42","1200-1600","SAT_RW_42_M2_Q04","RW","2","hard","4","Craft and Structure","Words in Context","RW_WIC_001","Words in Context","scope limitation","Hard","1","multiple_choice","A literary scholar argues that the surviving notebooks of poet Ren Ito illuminate how Ito revised images of weather, but the scholar is careful to circumscribe the notebooks’ value. Several volumes are missing, and the remaining pages say little about the poet’s decisions after a draft left the notebook. The scholar therefore treats the notebooks as evidence about one stage of composition, not as a complete record of how every poem reached its published form.","What does the word “circumscribe” indicate about the scholar’s treatment of the notebooks?","It indicates that the scholar literally marks each notebook with a circular boundary.","It indicates that the scholar arranges the notebooks according to publication date.","It indicates that the scholar treats the notebooks as a comprehensive account of revision.","It indicates that the scholar defines strict limits on what the notebooks can establish.","D","4","The missing volumes and limited coverage lead the scholar to restrict the notebooks’ evidentiary scope. “Circumscribe” therefore means to define limits, not to draw a literal circle, organize chronology, or claim completeness.","85","none","{}","","","","","","Words in Context","","rw,passage:E106,arch:RW_WIC_001,sim:rw_words_in_context_cause_effect,surf:SURF_RW_WIC_001,fp:04aa5d9b37be8232,wic,hard_vocab,vocab:HV_169,tier:V4,target:circumscribe,wic_family:precision_effect"
"SAT_RW_42","RW_SECTION_42","42","1200-1600","SAT_RW_42_M2_Q05","RW","2","hard","5","Craft and Structure","Text Structure and Purpose","RW_TSP_012","Text Structure and Purpose","comparison and synthesis","Hard","1","multiple_choice","To estimate the age of a long-lived desert shrub, botanists can count annual growth rings in a cut stem, but doing so damages the plant and may miss years when rings are faint. An alternative method measures the accumulation of a stable carbon isotope in outer tissues; this method leaves the shrub intact but depends on a regional calibration curve. In a recent study, researchers applied both methods to fallen stems. The close agreement between the estimates suggests that isotope measurements can extend age studies to living shrubs, provided that local calibration remains accurate.","How does the passage develop its discussion of the two age-estimation methods?","It argues that the methods measure unrelated features and therefore cannot be compared.","It dismisses both methods as unreliable before proposing visual inspection as a replacement.","It presents isotope measurement as universally accurate and growth-ring counting as unnecessary.","It identifies a limitation and an advantage of each method, then uses their agreement to justify a conditional application of the less destructive one.","D","4","The passage contrasts damage and ring visibility with calibration dependence, then uses agreement on fallen stems to support careful use of isotope measurement on living shrubs. The conclusion is conditional, not universal.","85","none","{}","","","","","","Text Structure and Purpose","","rw,passage:E096,arch:RW_TSP_012,sim:rw_text_structure_and_purpose_cause_effect,surf:SURF_RW_TSP_012,fp:3daee264b1dccfe4"
"SAT_RW_42","RW_SECTION_42","42","1200-1600","SAT_RW_42_M2_Q06","RW","2","hard","6","Craft and Structure","Text Structure and Purpose","RW_TSP_002","Text Structure and Purpose","concession and qualification","Hard","1","multiple_choice","Neighborhood tool libraries are often praised for reducing the need to purchase rarely used equipment. That benefit is real, but membership records from three libraries show that borrowing is concentrated among residents who live within a short walk of a branch. Extending weekend hours increased total loans without substantially changing that geographic pattern. These findings do not undermine the libraries’ usefulness; rather, they suggest that access depends not only on operating hours but also on where branches are placed and how tools are transported.","What is the main purpose of the sentence “That benefit is real”?","It signals that the passage will reject all concerns about unequal access.","It defines the statistical method used to analyze membership records.","It concedes a recognized advantage before the passage narrows the conditions under which that advantage is broadly available.","It introduces evidence that tool libraries cause residents to buy more equipment.","C","3","The sentence acknowledges the purchasing benefit, after which the passage qualifies its reach by discussing distance, placement, and transport. It neither introduces contrary purchasing evidence nor rejects access concerns or explain a method.","80","none","{}","","","","","","Text Structure and Purpose","","rw,passage:E001,arch:RW_TSP_002,sim:rw_text_structure_and_purpose_word_function,surf:SURF_RW_TSP_002,fp:b64c30603db04b54"
"SAT_RW_42","RW_SECTION_42","42","1200-1600","SAT_RW_42_M2_Q07","RW","2","hard","7","Craft and Structure","Text Structure and Purpose","RW_TSP_011","Text Structure and Purpose","critical reinterpretation","Hard","1","multiple_choice","At first glance, painter Salma Vey’s Harbor at Noon appears meticulously ordered: ropes form parallel diagonals, windows repeat at regular intervals, and the horizon divides the canvas cleanly. Yet the repeated forms do not produce calm. Several ropes terminate abruptly, reflections bend in conflicting directions, and a figure near the dock is partly obscured by a crate. These disruptions turn apparent order into a source of unease, suggesting that the painting’s precision is less a celebration of stability than a way of showing how easily stability can fracture.","Which choice best describes the passage’s approach to the painting?","It argues that the painting’s subject is historically inaccurate because the harbor lacks detail.","It traces the painter’s technique from an early sketch to the completed canvas.","It contrasts the painting with another work that uses disorder to create a peaceful mood.","It begins with features that seem orderly and then reinterprets those features by attending to disruptions within them.","D","4","The passage first notes regular, orderly forms, then focuses on abrupt endings, conflicting reflections, and obstruction to reinterpret the precision as uneasy. No production history, historical-accuracy claim, or comparison with another painting appears.","85","none","{}","","","","","","Text Structure and Purpose","","rw,passage:E036,arch:RW_TSP_011,sim:rw_text_structure_and_purpose_contrast,surf:SURF_RW_TSP_011,fp:b240ef2bdef93cde"
"SAT_RW_42","RW_SECTION_42","42","1200-1600","SAT_RW_42_M2_Q08","RW","2","hard","8","Craft and Structure","Cross-Text Connections","RW_CTC_010","Cross-Text Connections","methodological tension","Hard","1","multiple_choice","Text 1: Digital translation tools can assist speakers who are documenting a language with few published resources. Even an imperfect system can help search recordings, compare repeated phrases, and produce draft transcriptions, provided that community members review the output and decide how materials are shared. Such tools can reduce time spent on mechanical searching and leave more time for annotation and teaching. Text 2: For languages with limited digital data, automated systems often learn most from schoolbooks or formal archives. The resulting models may treat regional or conversational forms as errors. Community review can catch some mistakes, but it cannot recover varieties that were never represented in the training material. A system may therefore reproduce the archive’s gaps even when every generated transcript is carefully checked.","Which choice best captures a point of tension between the texts?","Text 1 claims automated systems are error-free, whereas Text 2 gives examples of minor errors.","Text 1 opposes community control of language materials, whereas Text 2 requires it.","Text 1 focuses on well-documented languages, whereas Text 2 focuses on languages with abundant training data.","Text 1 emphasizes how supervised tools can aid documentation, whereas Text 2 stresses a limitation that review alone may not remedy.","D","4","Text 1 presents imperfect tools as useful when communities supervise them. Text 2 argues that supervision cannot supply language varieties absent from the training data, identifying a deeper representational limit. The other choices misstate both texts.","95","none","{}","","","","","","Cross-Text Connections","","rw,passage:E115,arch:RW_CTC_010,sim:rw_cross_text_connections_contrast,surf:SURF_RW_CTC_010,fp:50bedb51e0f02f13"
"SAT_RW_42","RW_SECTION_42","42","1200-1600","SAT_RW_42_M2_Q09","RW","2","hard","9","Information and Ideas","Central Ideas and Details","RW_CID_003","Central Ideas and Details","main claim","Hard","1","multiple_choice","Excavations at an inland settlement uncovered marine-shell beads in houses dating from three different centuries. Earlier researchers treated the beads as evidence of continuous trade with coastal communities. Chemical analysis now shows that the oldest beads came from a northern coast, whereas later beads came from a southern estuary. The quantity also fell sharply in the middle period before recovering. Rather than documenting one stable route, the beads reveal that residents repeatedly reorganized long-distance exchange as political and environmental conditions changed.","Which choice best states the central claim of the text?","The settlement produced its own marine shells despite being located inland.","Chemical analysis cannot distinguish shells from different coastal regions.","The shell beads indicate shifting trade connections over time rather than a single continuous coastal route.","Trade ceased permanently after the earliest beads reached the settlement.","C","3","Changes in source region and quantity show that exchange networks were reorganized across periods. The passage explicitly rejects the idea of one stable route and does not support the distractors.","85","none","{}","","","","","","Central Ideas and Details","","rw,passage:E005,arch:RW_CID_003,sim:rw_central_ideas_and_details_contrast,surf:SURF_RW_CID_003,fp:dd78ea3d2a646490"
"SAT_RW_42","RW_SECTION_42","42","1200-1600","SAT_RW_42_M2_Q10","RW","2","hard","10","Information and Ideas","Central Ideas and Details","RW_CID_012","Central Ideas and Details","summary of findings","Hard","1","multiple_choice","A city replaced a low-frequency bus route with an on-demand shuttle that riders could request by phone or app. Ridership rose among people living far from fixed stops, but average trip time also increased because the shuttle sometimes detoured to collect multiple passengers. Survey responses showed that riders valued the expanded coverage more than speed for medical and grocery trips, while commuters traveling at fixed hours preferred the old route. The pilot’s results suggest that flexible transit can improve geographic access, though not uniformly for every trip purpose.","Which choice most accurately summarizes the pilot’s results?","The old bus route was preferred for medical and grocery trips because its stops were farther apart.","Riders rejected the shuttle because it could be requested by phone as well as by app.","The shuttle reduced travel time for every rider while serving the same area as the bus.","The shuttle expanded access for some riders but imposed time costs that mattered more to riders with fixed schedules.","D","4","The passage contrasts broader geographic access with longer trips and different rider priorities. The correct choice preserves both effects; the alternatives reverse or invent the findings.","85","none","{}","","","","","","Central Ideas and Details","","rw,passage:E050,arch:RW_CID_012,sim:rw_central_ideas_and_details_evidence_based_inference,surf:SURF_RW_CID_012,fp:fff343ca8bc5b636"
"SAT_RW_42","RW_SECTION_42","42","1200-1600","SAT_RW_42_M2_Q11","RW","2","hard","11","Information and Ideas","Central Ideas and Details","RW_CID_005","Central Ideas and Details","interpretive claim","Hard","1","multiple_choice","Translator Elena Park retains abrupt sentence fragments in her English version of Ko Min’s novel, even where standard English would allow smoother connections. In the original, those fragments appear when the narrator recalls events she cannot fully explain. Park argues that converting them into complete, flowing sentences would make the narrator seem more certain than she is. Her translation therefore prioritizes the pattern of hesitation over conventional fluency, treating grammatical roughness as part of the novel’s characterization rather than as a defect to be repaired.","What is the main idea of the text?","Park believes a translation should always sound smoother than its source text.","Park preserves the original’s fragmented style because it conveys the narrator’s uncertainty and is central to characterization.","The original novel uses fragments only because its author lacked grammatical skill.","Park removes fragments so that English readers can follow the plot more easily.","B","2","The text explains that fragments signal hesitation and that Park keeps them to preserve characterization. The other choices directly contradict her stated approach.","80","none","{}","","","","","","Central Ideas and Details","","rw,passage:E110,arch:RW_CID_005,sim:rw_central_ideas_and_details_purpose_sentence,surf:SURF_RW_CID_005,fp:6d000535267ef3ba"
"SAT_RW_42","RW_SECTION_42","42","1200-1600","SAT_RW_42_M2_Q12","RW","2","hard","12","Information and Ideas","Command of Evidence","RW_COE_003","Command of Evidence","quantitative support","Hard","1","multiple_choice","Researchers tested whether roadside salt affects the germination of a native grass. Seeds were watered with solutions containing 0, 1, 2, or 4 grams of salt per liter. Each treatment was repeated in five trays kept under the same light and temperature. After fourteen days, 86% of seeds in the salt-free group had germinated, compared with 79%, 61%, and 28% in the three increasingly salty groups. The researchers concluded that germination declines as salt concentration rises, especially above 1 gram per liter.","Which choice best uses the results to support the researchers’ conclusion?","Four different solution concentrations were included in the experiment.","The salt-free group contained seeds of the same species as the other groups.","Germination fell from 79% at 1 gram per liter to 28% at 4 grams per liter as salt concentration increased.","More than one-quarter of the seeds germinated at the highest salt concentration.","C","3","The cited decline across increasing concentrations directly demonstrates the proposed negative relationship and the stronger effect above 1 gram per liter. The other facts do not establish that pattern.","80","none","{}","","","","","","Command of Evidence","Quantitative evidence","rw,passage:E038,arch:RW_COE_003,sim:rw_command_of_evidence_cause_effect,surf:SURF_RW_COE_003,fp:fc9edf7f7bfde0e7"
"SAT_RW_42","RW_SECTION_42","42","1200-1600","SAT_RW_42_M2_Q13","RW","2","hard","13","Information and Ideas","Command of Evidence","RW_COE_012","Command of Evidence","hypothesis support","Hard","1","multiple_choice","A historian hypothesizes that two unsigned maps in separate archives were drawn by the same workshop. The maps share an unusual symbol for marshland, but that symbol also appears in several printed atlases of the period. Their paper and ink were also common in the region. More distinctive is a sequence of tiny pinholes along both maps’ coastlines, possibly left by transferring a master outline. The historian plans to compare the spacing and order of the pinholes at high resolution.","Which finding would most directly support the historian’s hypothesis?","The pinholes on the two maps match in position and sequence closely enough to indicate transfer from the same master outline.","The marshland symbol appears in an atlas owned by a different workshop.","The paper used for both maps was widely sold throughout the region.","One map depicts a larger geographic area than the other.","A","1","A detailed match in the distinctive pinhole pattern would link both maps to the same transfer source and thus the same workshop. Shared common symbols or materials are much weaker evidence.","85","none","{}","","","","","","Command of Evidence","","rw,passage:E043,arch:RW_COE_012,sim:rw_command_of_evidence_main_claim,surf:SURF_RW_COE_012,fp:8b41aa58264ea9ba"
"SAT_RW_42","RW_SECTION_42","42","1200-1600","SAT_RW_42_M2_Q14","RW","2","hard","14","Information and Ideas","Inferences","RW_INF_011","Inferences","paleoenvironmental inference","Hard","1","multiple_choice","Sediment cores from Lake Orin contain layers of pollen deposited over eight thousand years. In one interval, pollen from moisture-loving alder declines while pollen from drought-tolerant sage increases. The same layers contain more windblown mineral dust than the layers above and below them, and microscopic algae associated with shallow water become more common. Radiocarbon dates place the interval several centuries before large-scale farming began in the region, reducing the likelihood that land clearing caused the shift.","Which inference is best supported by the evidence?","The lake disappeared completely and left no sediment during the interval.","Farmers probably removed alder forests during the dated interval.","Sage pollen was carried into the region primarily by agricultural trade.","The region likely experienced a relatively dry period during the dated interval.","D","4","The pollen shift toward drought-tolerant plants and increased dust both indicate drier conditions, and the predating of farming weakens a land-clearing explanation. The other inferences conflict with the record.","85","none","{}","","","","","","Inferences","","rw,passage:E067,arch:RW_INF_011,sim:rw_inferences_main_claim,surf:SURF_RW_INF_011,fp:58b9d32903e11966"
"SAT_RW_42","RW_SECTION_42","42","1200-1600","SAT_RW_42_M2_Q15","RW","2","hard","15","Information and Ideas","Inferences","RW_INF_012","Inferences","social-science inference","Hard","1","multiple_choice","At community meetings, facilitators first used an open microphone: anyone could speak as soon as the previous speaker finished. Later meetings used a numbered queue displayed on a screen. The total number of comments changed little, but participation broadened. Under the queue system, first-time speakers contributed 31% of comments, compared with 12% under the open microphone, while the average length of each comment decreased slightly. Meeting topics and attendance were similar across the two formats.","Which inference is most strongly supported by the text?","A visible speaking queue may distribute opportunities more broadly without reducing the overall amount of participation.","First-time speakers made longer comments than experienced speakers under both formats.","Changing meeting topics was the main reason participation broadened.","The queue system caused fewer people to attend the meetings.","A","1","The number of comments stayed about the same while first-time speakers contributed a much larger share under the queue system. Similar attendance and topics make the distractors unsupported.","85","none","{}","","","","","","Inferences","","rw,passage:E097,arch:RW_INF_012,sim:rw_inferences_supporting_detail,surf:SURF_RW_INF_012,fp:85dda45a3e9baa06"
"SAT_RW_42","RW_SECTION_42","42","1200-1600","SAT_RW_42_M2_Q16","RW","2","hard","16","Standard English Conventions","Boundaries","SEC.BND","Boundaries","Colon after a complete lead-in","Hard","1","multiple_choice","Several fragments had faded labels, so the curator compared their clay patterns and painted marks. After cataloging the ceramic fragments, the curator reached one conclusion ____ several pieces came from the same workshop.","Which choice most appropriately punctuates the relationship between the two clauses?",":","namely","that:",", which","A","1","The words before the blank form a complete clause, and the clause after the blank explains the curator’s conclusion, so a colon is appropriate. “, which” does not create a valid relative clause, “that:” incorrectly inserts a colon after a subordinating word, and “namely” lacks the punctuation needed to introduce the explanation.","60","none","{}","","","","","","Boundaries","","sec,grammar,arch:SEC-BND-042,sim:SEC.BND:colon_after_independent_clause:B. internal punctuation nearby,ctx:CTX-GRM-002,tier:SEC2,fp:552f251498442c79"
"SAT_RW_42","RW_SECTION_42","42","1200-1600","SAT_RW_42_M2_Q17","RW","2","hard","17","Standard English Conventions","Boundaries","SEC.BND","Boundaries","Conjunctive adverbs between independent clauses","Hard","1","multiple_choice","The archive project preserved records from a theater company that toured throughout the region. Volunteers had scanned every surviving program from the theater company ____ several touring schedules remained incomplete because the original letters were missing.","Which choice completes the text with the correct boundary before the conjunctive adverb?",". however,",", however,","however,","; however,","D","4","The text contains two independent clauses linked by the conjunctive adverb “however,” so a semicolon must precede the adverb and a comma must follow it. A comma creates a splice, a period followed by lowercase “however” is incorrectly capitalized, and no punctuation creates a run-on.","60","none","{}","","","","","","Boundaries","","sec,grammar,arch:SEC-BND-052,sim:SEC.BND:conjunctive_adverb_boundary:B. internal punctuation nearby,ctx:CTX-GRM-012,tier:SEC3,fp:9b1b0ab112121709"
"SAT_RW_42","RW_SECTION_42","42","1200-1600","SAT_RW_42_M2_Q18","RW","2","hard","18","Standard English Conventions","Boundaries","SEC.BND","Boundaries","Punctuation before trailing modifiers","Hard","1","multiple_choice","Riverbank sensors recorded water temperature and soil moisture throughout the rainy season. To avoid readings distorted by maintenance work, the researchers excluded soil-moisture measurements ____ during periods when pumps temporarily lowered the river level.","Which choice completes the text so that the modifier is attached clearly and correctly?",": collected","collected","—collected—",", collected,","B","2","The phrase “collected during periods when pumps temporarily lowered the river level” restricts which measurements were excluded, so no punctuation should separate “measurements” from “collected.” Commas or dashes would incorrectly make the modifier nonessential, and a colon cannot divide a noun from its restrictive modifier.","60","none","{}","","","","","","Boundaries","","sec,grammar,arch:SEC-BND-070,sim:SEC.BND:modifier_boundary_after_noun:E. expanded syntax,ctx:CTX-GRM-008,tier:SEC4,fp:c9d0dc990af94681"
"SAT_RW_42","RW_SECTION_42","42","1200-1600","SAT_RW_42_M2_Q19","RW","2","hard","19","Standard English Conventions","Form, Structure, and Sense","SEC.FSS","Form, Structure, and Sense","Pronoun-antecedent agreement","Hard","1","multiple_choice","A coach asked six rowing teams to test different recovery routines over four weeks. Each of the six rowing teams submitted ____ recovery log after the final practice, allowing the coach to compare routines across teams.","Which choice completes the text with a pronoun that agrees with its antecedent?","it’s","their","its","there","C","3","The antecedent “Each” is singular, so the singular possessive pronoun “its” is required. “Their” is plural, “it’s” means “it is,” and “there” is not a possessive pronoun.","60","none","{}","","","","","","Form, Structure, and Sense","","sec,grammar,arch:SEC-FSS-018,sim:SEC.FSS:pronoun_antecedent_agreement:C. academic register,ctx:CTX-GRM-011,tier:SEC2,fp:b32f2e05e14512cd"
"SAT_RW_42","RW_SECTION_42","42","1200-1600","SAT_RW_42_M2_Q20","RW","2","hard","20","Standard English Conventions","Form, Structure, and Sense","SEC.FSS","Form, Structure, and Sense","Logical comparisons","Hard","1","multiple_choice","Two history classes used the same set of primary sources but met at different times of day. Although both classes improved after the source-based lesson, the increase in the morning class’s average score was greater than ____.","Which choice completes the comparison logically and grammatically?","those in the afternoon class","the afternoon class increased","that in the afternoon class","the afternoon class","C","3","The sentence compares one increase with another, so “that in the afternoon class” supplies a parallel noun phrase. The other choices compare an increase with a class, use the plural “those” for a singular increase, or create an ungrammatical clause after “than.”","60","none","{}","","","","","","Form, Structure, and Sense","","sec,grammar,arch:SEC-FSS-039,sim:SEC.FSS:comparison_logic:D. logic cue,ctx:CTX-GRM-014,tier:SEC3,fp:a033780ae32b2068"
"SAT_RW_42","RW_SECTION_42","42","1200-1600","SAT_RW_42_M2_Q21","RW","2","hard","21","Standard English Conventions","Form, Structure, and Sense","SEC.FSS","Form, Structure, and Sense","Relative pronoun choice","Hard","1","multiple_choice","Repeated storms had damaged a dune that protected several houses near the beach. The coastal engineers consulted residents ____ homes had been repeatedly threatened by erosion before revising the dune-restoration plan.","Which choice completes the relative clause with the appropriate pronoun?","whom","whose","who","which","B","2","“Whose” is the possessive relative pronoun linking the residents to their homes. “Who” and “whom” do not express possession, and “which” is not used here for people and would still fail to show the relationship.","60","none","{}","","","","","","Form, Structure, and Sense","","sec,grammar,arch:SEC-FSS-060,sim:SEC.FSS:relative_pronoun_choice:E. expanded syntax,ctx:CTX-GRM-023,tier:SEC4,fp:e53f7d48069251d6"
"SAT_RW_42","RW_SECTION_42","42","1200-1600","SAT_RW_42_M2_Q22","RW","2","hard","22","Standard English Conventions","Form, Structure, and Sense","SEC.FSS","Form, Structure, and Sense","Dangling modifiers and logical subjects","Hard","1","multiple_choice","Farmers tested a new bean variety in fields with different soil conditions and irrigation schedules. After comparing the drought-resistant beans with the standard variety across three fields, ____.","Which choice completes the sentence so that the introductory modifier has a logical subject?","a higher yield was apparent in the agronomists’ data","the new variety’s yield estimate was revised by the agronomists","the three fields showed the agronomists a difference in yield","the agronomists revised their estimate of the new variety’s yield","D","4","The introductory phrase describes the people who performed the comparison, so the main clause must begin with “the agronomists.” In each distractor, the grammatical subject is a yield, fields, or an estimate—none of which can logically compare bean varieties.","60","none","{}","","","","","","Form, Structure, and Sense","","sec,grammar,arch:SEC-FSS-065,sim:SEC.FSS:logical_subject_after_modifier:E. expanded syntax,ctx:CTX-GRM-019,tier:SEC4,fp:9008d85bf676ece7"
"SAT_RW_42","RW_SECTION_42","42","1200-1600","SAT_RW_42_M2_Q23","RW","2","hard","23","Expression of Ideas","Transitions","RW_TR_011","Transitions","concession","Hard","1","multiple_choice","The archive’s new search tool occasionally returns irrelevant results when a name has several spellings. Its filters and date ranges, however, allow users to narrow a broad search quickly. ____ the tool remains useful for locating records that would be difficult to find through a single spelling.","Which choice best signals that the final claim holds despite the limitation?","Specifically,","Even so,","As a result,","Likewise,","B","2","“Even so,” acknowledges the irrelevant results yet indicates that the tool remains useful despite that drawback. The other choices signal specification, similarity, or a direct result.","60","none","{}","","","","","","Transitions","","rw,passage:E134,arch:RW_TR_011,sim:rw_transitions_word_function,surf:SURF_RW_TR_011,fp:2caedef4d8135170"
"SAT_RW_42","RW_SECTION_42","42","1200-1600","SAT_RW_42_M2_Q24","RW","2","hard","24","Expression of Ideas","Transitions","RW_TR_001","Transitions","sequence","Hard","1","multiple_choice","The research team first calibrated the underwater microphones in a quiet harbor. It then deployed the instruments near a busy shipping channel for three months. ____ the team compared the channel recordings with the harbor baseline to estimate how much vessel traffic raised ambient noise.","Which transition most clearly marks the next step in the procedure?","In other words,","Thus,","Subsequently,","On the contrary,","C","3","“Subsequently,” indicates that the comparison occurred after calibration and deployment. The alternatives express contradiction, result, or restatement rather than temporal sequence.","60","none","{}","","","","","","Transitions","","rw,passage:E144,arch:RW_TR_001,sim:rw_transitions_logical_link,surf:SURF_RW_TR_001,fp:604513622c2e0a92"
"SAT_RW_42","RW_SECTION_42","42","1200-1600","SAT_RW_42_M2_Q25","RW","2","hard","25","Expression of Ideas","Transitions","RW_TR_004","Transitions","comparison","Hard","1","multiple_choice","One species of alpine flower opens soon after snowmelt, when pollinators are scarce but sunlight is abundant. A related species at lower elevation opens later, when insect activity is high but competing plants cast more shade. ____ the lower-elevation species gains access to more pollinators but faces more shade than its alpine relative.","Which choice most logically introduces the comparison in the final sentence?","Instead,","Ultimately,","By comparison,","Moreover,","C","3","“By comparison,” appropriately introduces a direct comparison between the lower-elevation species and its alpine relative. The other choices signal conclusion, addition, or replacement rather than comparison.","60","none","{}","","","","","","Transitions","","rw,passage:E064,arch:RW_TR_004,sim:rw_transitions_paired_text_relation,surf:SURF_RW_TR_004,fp:5fb90ea1606d0a77"
"SAT_RW_42","RW_SECTION_42","42","1200-1600","SAT_RW_42_M2_Q26","RW","2","hard","26","Expression of Ideas","Rhetorical Synthesis","RW_RS_001","Rhetorical Synthesis","explaining a solution","Hard","1","multiple_choice","A student has taken the following notes: Buses on the route often bunch together downtown; the pilot assigns dispatchers to adjust departure times; drivers receive live updates; riders can see corrected arrival estimates. The student wants to explain how the pilot both addresses bunching and keeps riders informed.","Which choice most effectively uses the notes to accomplish this goal?","To reduce downtown bunching, dispatchers adjust departure times and send live updates to drivers, while riders receive corrected arrival estimates.","The route serves downtown, where riders can see buses and dispatchers at work.","Drivers receive live updates, but the pilot does not change departure times or rider information.","Corrected arrival estimates explain why buses always leave downtown at identical intervals.","A","1","The correct choice connects the operational response—dispatcher adjustments and driver updates—with the rider-facing corrected estimates. The distractors omit or contradict essential notes.","75","none","{}","","","","","","Rhetorical Synthesis","","rw,passage:E069,arch:RW_RS_001,sim:rw_rhetorical_synthesis_revision_goal,surf:SURF_RW_RS_001,fp:4a5aaf81b66bcf19"
"SAT_RW_42","RW_SECTION_42","42","1200-1600","SAT_RW_42_M2_Q27","RW","2","hard","27","Expression of Ideas","Rhetorical Synthesis","RW_RS_005","Rhetorical Synthesis","synthesizing contrasting results","Hard","1","multiple_choice","A student has taken the following notes: Study A found that background music improved performance on repetitive sorting tasks; Study B found that background music reduced accuracy on tasks requiring close reading; both studies used the same volume level; the researchers suggest that task type influences whether music helps or hinders performance. The student wants to synthesize the studies’ contrasting results and their shared implication.","Which choice best synthesizes the studies’ contrasting results and their shared implication?","At the same volume, background music aided repetitive sorting but reduced close-reading accuracy, suggesting that its effect depends on the type of task.","Because music improved sorting, the researchers concluded that it improves accuracy on all demanding tasks.","Study A examined repetitive sorting, whereas Study B did not report any measure of performance.","Both studies used background music at the same volume, so they reached identical conclusions about every task.","A","1","The correct choice accurately contrasts the two outcomes and states the researchers’ shared implication about task type. The other choices erase the contrast, omit a reported result, or overgeneralize.","75","none","{}","","","","","","Rhetorical Synthesis","","rw,passage:E089,arch:RW_RS_005,sim:rw_rhetorical_synthesis_paired_text_relation,surf:SURF_RW_RS_005,fp:1cdd5b057f7d7466"
"SAT_Math_42","42","math42","400-800","MATH42_M1_Q01","MATH","1","base","1","Algebra","Linear Equations","ALG_LE_001","Solve a one-variable linear equation with constants on both sides","Solve a one-variable linear equation with constants on both sides","E1","1","multiple_choice","","For what value of x is 7x - 5 = 3x + 19?","4","6","5","8","B","2","Subtracting 3x and adding 5 gives 4x=24, so x=6.","75","none","{}","","","","","","solve a one-variable linear equation with constants on both sides","","math,domain:Algebra,skill:ALG_LE_001,arch:MATH_ARCH_001_LINEAR_EQUATION_ONE_VARIABLE,sim:SIM_LINEAR_EQUATIONS_AND_INEQUALITIES,fp:b6ede520,tier:E1"
"SAT_Math_42","42","math42","400-800","MATH42_M1_Q02","MATH","1","base","2","Algebra","Linear Equations","ALG_LE_006","Solve a one-variable linear inequality, including sign reversal","Solve a one-variable linear inequality, including sign reversal","E1","1","multiple_choice","","Which inequality is equivalent to -3x + 4 > 19?","x > -5","x < 5","x < -5","x > 5","C","3","Subtract 4 to get -3x>15. Dividing by -3 reverses the inequality, so x<-5.","75","none","{}","","","","","","solve a one-variable linear inequality, including sign reversal","","math,domain:Algebra,skill:ALG_LE_006,arch:MATH_ARCH_023_INEQUALITY_ONE_VARIABLE,sim:SIM_LINEAR_EQUATIONS_AND_INEQUALITIES,fp:47accddf,tier:E1"
"SAT_Math_42","42","math42","400-800","MATH42_M1_Q03","MATH","1","base","3","Advanced Math","Nonlinear Functions","ADV_NF_002","Evaluate a function at a given input","Evaluate a function at a given input","M1","1","multiple_choice","","If f(x)=2x^2-3x+1, what is f(3)?","4","7","10","16","C","3","f(3)=2(9)-9+1=10.","75","none","{}","","","","","","evaluate a function at a given input","","math,domain:Advanced Math,skill:ADV_NF_002,arch:MATH_ARCH_063_FUNCTION_EVALUATE,sim:SIM_FUNCTION_NOTATION_AND_VALUES,fp:c272d7aa,tier:M1"
"SAT_Math_42","42","math42","400-800","MATH42_M1_Q04","MATH","1","base","4","Advanced Math","Equivalent Expressions","ADV_EE_006","Evaluate powers of i","Evaluate powers of i","M1","1","multiple_choice","","What is the value of i^18, where i^2=-1?","-1","1","i","-i","A","1","Powers of i repeat every 4. Since 18 leaves remainder 2, i^18=i^2=-1.","75","none","{}","","","","","","evaluate powers of i","","math,domain:Advanced Math,skill:ADV_EE_006,arch:MATH_ARCH_081_COMPLEX_POWERS_I,sim:SIM_COMPLEX_NUMBERS,fp:39fcd71d,tier:M1"
"SAT_Math_42","42","math42","400-800","MATH42_M1_Q05","MATH","1","base","5","Geometry and Trigonometry","Triangles","GEO_TRI_001","Use angle relationships with parallel lines and transversal","Use angle relationships with parallel lines and transversal","E1","1","multiple_choice","","Two parallel lines are cut by a transversal. One acute angle measures 68°. What is the measure, in degrees, of any obtuse angle formed?","68","112","22","292","B","2","Adjacent angles are supplementary, so the obtuse angle is 180-68=112.","75","none","{}","","","","","","use angle relationships with parallel lines and transversal","","math,domain:Geometry and Trigonometry,skill:GEO_TRI_001,arch:MATH_ARCH_084_ANGLE_PAIRS_PARALLEL_LINES,sim:SIM_PARALLEL_LINES_ANGLES,fp:705522b0,tier:E1"
"SAT_Math_42","42","math42","400-800","MATH42_M1_Q06","MATH","1","base","6","Algebra","Linear Equations","ALG_LE_002","Clear denominators to solve a linear equation with fractional coefficients","Clear denominators to solve a linear equation with fractional coefficients","M1","1","multiple_choice","","What is the solution to (x-2)/3 + (x+1)/2 = 7?","19/5","21/5","43/5","23/5","C","3","Multiplying by 6 gives 2(x-2)+3(x+1)=42, so 5x-1=42 and x=43/5.","75","none","{}","","","","","","clear denominators to solve a linear equation with fractional coefficients","","math,domain:Algebra,skill:ALG_LE_002,arch:MATH_ARCH_002_LINEAR_EQUATION_FRACTIONS,sim:SIM_LINEAR_EQUATIONS_AND_INEQUALITIES,fp:9d425e7f,tier:M1"
"SAT_Math_42","42","math42","400-800","MATH42_M1_Q07","MATH","1","base","7","Algebra","Linear Functions","ALG_LF_001","Interpret slope and intercept in a real-world linear model","Interpret slope and intercept in a real-world linear model","M1","1","multiple_choice","","A water tank contains 120 liters and is filled at 8 liters per minute. In the model V=120+8t, what does 8 represent?","the initial number of liters","the number of minutes until full","the total capacity in liters","the number of liters added each minute","D","4","The coefficient of t is the constant rate of change, 8 liters per minute.","75","none","{}","","","","","","interpret slope and intercept in a real-world linear model","","math,domain:Algebra,skill:ALG_LF_001,arch:MATH_ARCH_004_LINEAR_MODEL_INITIAL_RATE,sim:SIM_LINEAR_FUNCTIONS_AND_GRAPHS,fp:575ef31c,tier:M1"
"SAT_Math_42","42","math42","400-800","MATH42_M1_Q08","MATH","1","base","8","Algebra","Linear Functions","ALG_LF_004","Find slope from two coordinate points","Find slope from two coordinate points","M1","1","multiple_choice","","A line passes through (-2,5) and (4,-7). What is its slope?","-1/2","2","1/2","-2","D","4","The slope is (-7-5)/(4-(-2))=-12/6=-2.","75","none","{}","","","","","","find slope from two coordinate points","","math,domain:Algebra,skill:ALG_LF_004,arch:MATH_ARCH_007_LINEAR_GRAPH_SLOPE_FROM_POINTS,sim:SIM_LINEAR_FUNCTIONS_AND_GRAPHS,fp:c6b04405,tier:M1"
"SAT_Math_42","42","math42","400-800","MATH42_M1_Q09","MATH","1","base","9","Algebra","Linear Functions","ALG_LF_008","Find the x-intercept of a linear equation","Find the x-intercept of a linear equation","M1","1","student_response","","The line 4x+3y=24 crosses the x-axis at (a,0). What is a?","","","","","","","At the x-intercept y=0, so 4x=24 and x=6.","75","none","{}","","","integer","6","0","find the x-intercept of a linear equation","","math,domain:Algebra,skill:ALG_LF_008,arch:MATH_ARCH_011_LINEAR_X_INTERCEPT,sim:SIM_LINEAR_FUNCTIONS_AND_GRAPHS,fp:82b0a078,tier:M1"
"SAT_Math_42","42","math42","400-800","MATH42_M1_Q10","MATH","1","base","10","Advanced Math","Nonlinear Functions","ADV_NF_003","Interpret f(x) notation in a real-world relationship","Interpret f(x) notation in a real-world relationship","M1","1","student_response","","The function f(t)=72-4.5t gives the number of liters of fuel in a tank t hours after a trip begins. What is f(8)?","","","","","","","f(8)=72-4.5(8)=72-36=36 liters.","75","none","{}","","","integer","36","0","interpret f(x) notation in a real-world relationship","","math,domain:Advanced Math,skill:ADV_NF_003,arch:MATH_ARCH_064_FUNCTION_NOTATION_CONTEXT,sim:SIM_FUNCTION_NOTATION_AND_VALUES,fp:81234682,tier:M1"
"SAT_Math_42","42","math42","400-800","MATH42_M1_Q11","MATH","1","base","11","Advanced Math","Equivalent Expressions","ADV_EE_007","Add, subtract, or multiply complex numbers","Add, subtract, or multiply complex numbers","M1","1","multiple_choice","","What is (3+2i)(1-4i)?","11-10i","-5-10i","11+10i","-5+10i","A","1","Multiplying gives 3-12i+2i-8i^2=11-10i.","75","none","{}","","","","","","add, subtract, or multiply complex numbers","","math,domain:Advanced Math,skill:ADV_EE_007,arch:MATH_ARCH_082_COMPLEX_ARITHMETIC,sim:SIM_COMPLEX_NUMBERS,fp:cd4b6ae6,tier:M1"
"SAT_Math_42","42","math42","400-800","MATH42_M1_Q12","MATH","1","base","12","Advanced Math","Equivalent Expressions","ADV_EE_001","Simplify expression using exponent rules","Simplify expression using exponent rules","M1","1","student_response","","If 2^a · 2^5 = 2^12, what is a?","","","","","","","With equal bases, add exponents: a+5=12, so a=7.","75","none","{}","","","integer","7","0","simplify expression using exponent rules","","math,domain:Advanced Math,skill:ADV_EE_001,arch:MATH_ARCH_067_EXPONENT_RULES_SIMPLIFY,sim:SIM_EXPONENT_RADICALS,fp:6fa03229,tier:M1"
"SAT_Math_42","42","math42","400-800","MATH42_M1_Q13","MATH","1","base","13","Advanced Math","Equivalent Expressions","ADV_EE_003","Expand polynomial products","Expand polynomial products","M1","1","multiple_choice","","Which expression is equivalent to (2x-3)(x+5)?","2x^2+13x-15","2x^2+7x+15","2x^2+7x-15","2x^2-7x-15","C","3","Expanding gives 2x^2+10x-3x-15=2x^2+7x-15.","75","none","{}","","","","","","expand polynomial products","","math,domain:Advanced Math,skill:ADV_EE_003,arch:MATH_ARCH_070_POLYNOMIAL_EXPAND,sim:SIM_POLYNOMIAL_RATIONAL_EXPRESSIONS,fp:16d7dc2a,tier:M1"
"SAT_Math_42","42","math42","400-800","MATH42_M1_Q14","MATH","1","base","14","Problem-Solving and Data Analysis","Percentages","PSD_PCT_002","Compute percent increase or decrease","Compute percent increase or decrease","M2","1","student_response","","A quantity increases from 80 to 92. What is the percent increase?","","","","","","","The increase is 12. Dividing by the original 80 gives 12/80=0.15, or 15%.","75","none","{}","","","integer","15","0","compute percent increase or decrease","","math,domain:Problem-Solving and Data Analysis,skill:PSD_PCT_002,arch:MATH_ARCH_043_PERCENT_CHANGE,sim:SIM_PERCENT_RELATIONSHIPS,fp:90cb1494,tier:M2"
"SAT_Math_42","42","math42","400-800","MATH42_M1_Q15","MATH","1","base","15","Algebra","Systems of Equations","ALG_SYS_002","Solve a 2x2 linear system by elimination","Solve a 2x2 linear system by elimination","M2","1","student_response","","The system 2x+3y=19 and 2x-y=7 has solution (x,y). What is y?","","","","","","","Subtract the second equation from the first: 4y=12, so y=3.","75","none","{}","","","integer","3","0","solve a 2x2 linear system by elimination","","math,domain:Algebra,skill:ALG_SYS_002,arch:MATH_ARCH_016_SYSTEM_SOLVE_ELIMINATION,sim:SIM_LINEAR_SYSTEMS,fp:cce4b547,tier:M2"
"SAT_Math_42","42","math42","400-800","MATH42_M1_Q16","MATH","1","base","16","Advanced Math","Equivalent Expressions","ADV_EE_004","Factor polynomial expression","Factor polynomial expression","M2","1","multiple_choice","","Which expression is a factorization of 6x^2-x-2?","(3x+2)(2x-1)","(6x-1)(x+2)","(3x-2)(2x+1)","(3x-1)(2x+2)","C","3","Expanding (3x-2)(2x+1) gives 6x^2-x-2.","75","none","{}","","","","","","factor polynomial expression","","math,domain:Advanced Math,skill:ADV_EE_004,arch:MATH_ARCH_071_POLYNOMIAL_FACTOR,sim:SIM_POLYNOMIAL_RATIONAL_EXPRESSIONS,fp:bc9a2f81,tier:M2"
"SAT_Math_42","42","math42","400-800","MATH42_M1_Q17","MATH","1","base","17","Problem-Solving and Data Analysis","Probability","PSD_PROB_001","Compute probability from a two-way table with correct denominator","Compute probability from a two-way table with correct denominator","M2","1","multiple_choice","","The table summarizes attendance at an event. If one person is selected at random from all 120 people, what is the probability that the person is a member who attended?","3/10","7/12","2/5","7/20","D","4","There are 42 members who attended out of 120 people, so the probability is 42/120=7/20.","75","table","{}","| Membership | Attended | Did not attend | Total |\n|---|---:|---:|---:|\n| Member | 42 | 18 | 60 |\n| Nonmember | 28 | 32 | 60 |\n| Total | 70 | 50 | 120 |","","","","","compute probability from a two-way table with correct denominator","","math,domain:Problem-Solving and Data Analysis,skill:PSD_PROB_001,arch:MATH_ARCH_049_TWO_WAY_TABLE_PROBABILITY,sim:SIM_PROBABILITY_TABLES,fp:dc3b5ce3,tier:M2"
"SAT_Math_42","42","math42","400-800","MATH42_M1_Q18","MATH","1","base","18","Geometry and Trigonometry","Triangles","GEO_TRI_002","Find angle measures using triangle angle sum and exterior angle","Find angle measures using triangle angle sum and exterior angle","M2","1","multiple_choice","","In triangle ABC, angle A is 47° and angle B is 68°. What is the measure of angle C?","55","65","75","115","B","2","Triangle angles sum to 180°, so C=180-47-68=65.","75","triangle","{""diagram_type"":""triangle"",""render_mode"":""near_to_scale"",""not_to_scale"":true,""vertices"":[""A"",""B"",""C""],""angle_labels"":{""A"":""47\u00b0"",""B"":""68\u00b0"",""C"":""x\u00b0""},""side_labels"":{},""target"":""angle C""}","","","","","","find angle measures using triangle angle sum and exterior angle","","math,domain:Geometry and Trigonometry,skill:GEO_TRI_002,arch:MATH_ARCH_085_TRIANGLE_ANGLE_SUM,sim:SIM_TRIANGLE_ANGLE_RELATIONSHIPS,fp:f3921888,tier:M2"
"SAT_Math_42","42","math42","400-800","MATH42_M1_Q19","MATH","1","base","19","Algebra","Systems of Equations","ALG_SYS_005","Model counts and totals with a two-variable system","Model counts and totals with a two-variable system","H1","1","student_response","","A theater sold 120 tickets. Adult tickets cost $14 and student tickets cost $9, and total revenue was $1,380. How many adult tickets were sold?","","","","","","","Let a be adult tickets. Then 14a+9(120-a)=1380, so 5a=300 and a=60.","75","none","{}","","","integer","60","0","model counts and totals with a two-variable system","","math,domain:Algebra,skill:ALG_SYS_005,arch:MATH_ARCH_019_SYSTEM_CONTEXT_COUNT_WEIGHT,sim:SIM_LINEAR_SYSTEMS,fp:7e922f12,tier:H1"
"SAT_Math_42","42","math42","400-800","MATH42_M1_Q20","MATH","1","base","20","Problem-Solving and Data Analysis","Ratios Rates and Proportions","PSD_RRP_002","Use a ratio of ingredients to find amount in a mixture","Use a ratio of ingredients to find amount in a mixture","M2","1","multiple_choice","","A drink is mixed in the ratio 3 parts concentrate to 5 parts water. How many cups of concentrate are in 24 cups of the drink?","6","12","15","9","D","4","Concentrate is 3/8 of the mixture, and (3/8)(24)=9.","75","none","{}","","","","","","use a ratio of ingredients to find amount in a mixture","","math,domain:Problem-Solving and Data Analysis,skill:PSD_RRP_002,arch:MATH_ARCH_033_RATIO_MIXTURE_UNITS,sim:SIM_RATIOS_RATES_PROPORTIONS,fp:8201ab45,tier:M2"
"SAT_Math_42","42","math42","400-800","MATH42_M1_Q21","MATH","1","base","21","Problem-Solving and Data Analysis","Percentages","PSD_PCT_005","Use revenue, cost percentage, and profit percentage","Use revenue, cost percentage, and profit percentage","M2","1","multiple_choice","","A seller receives 12% commission on sales. After paying the commission, a store keeps $1,760 from a sale. What was the sale price?","$2,000","$1,548.80","$1,971.20","$2,112","A","1","The store keeps 88% of the sale price, so 0.88p=1760 and p=2000.","75","none","{}","","","","","","use revenue, cost percentage, and profit percentage","","math,domain:Problem-Solving and Data Analysis,skill:PSD_PCT_005,arch:MATH_ARCH_046_COMMISSION_PROFIT_PERCENT,sim:SIM_PERCENT_RELATIONSHIPS,fp:1c6a3eec,tier:M2"
"SAT_Math_42","42","math42","400-800","MATH42_M1_Q22","MATH","1","base","22","Geometry and Trigonometry","Trigonometry","GEO_TRIG_003","Use complementary angle trig relationships","Use complementary angle trig relationships","H1","1","multiple_choice","","For an acute angle θ, sin θ = 5/13. What is cos(90°-θ)?","5/13","12/13","13/5","5/12","A","1","By the cofunction identity, cos(90°-θ)=sin θ=5/13.","75","none","{}","","","","","","use complementary angle trig relationships","","math,domain:Geometry and Trigonometry,skill:GEO_TRIG_003,arch:MATH_ARCH_097_TRIG_COMPLEMENTARY,sim:SIM_TRIGONOMETRY_RELATIONSHIPS,fp:6984a5dc,tier:H1"
"SAT_Math_42","42","math42","400-800","MATH42_M2_Q01","MATH","2","hard","1","Algebra","Linear Functions","ALG_LF_006","Write the equation of a line through two points","Write the equation of a line through two points","M2","1","multiple_choice","","A line passes through (2,-1) and (6,7). Which equation represents the line?","y=2x+3","y=(1/2)x-2","y=-2x+3","y=2x-5","D","4","Slope=(7+1)/(6-2)=2. Using (2,-1), -1=4+b, so b=-5.","75","none","{}","","","","","","write the equation of a line through two points","","math,domain:Algebra,skill:ALG_LF_006,arch:MATH_ARCH_009_LINEAR_GRAPH_EQUATION_FROM_POINTS,sim:SIM_LINEAR_FUNCTIONS_AND_GRAPHS,fp:95132f27,tier:M2"
"SAT_Math_42","42","math42","400-800","MATH42_M2_Q02","MATH","2","hard","2","Algebra","Systems of Equations","ALG_SYS_003","Solve a 2x2 linear system by substitution","Solve a 2x2 linear system by substitution","M2","1","multiple_choice","","The system y=2x+1 and 3x+2y=24 has solution (x,y). What is x?","22/7","3","23/7","10/3","A","1","Substitute y=2x+1: 3x+4x+2=24, so 7x=22 and x=22/7.","75","none","{}","","","","","","solve a 2x2 linear system by substitution","","math,domain:Algebra,skill:ALG_SYS_003,arch:MATH_ARCH_017_SYSTEM_SOLVE_SUBSTITUTION,sim:SIM_LINEAR_SYSTEMS,fp:cbff7a7c,tier:M2"
"SAT_Math_42","42","math42","400-800","MATH42_M2_Q03","MATH","2","hard","3","Advanced Math","Nonlinear Functions","ADV_NF_004","Evaluate nested or composed functions","Evaluate nested or composed functions","H1","1","multiple_choice","","If f(x)=x^2-4 and g(x)=3x+1, what is f(g(2))?","45","21","33","53","A","1","g(2)=7, then f(7)=49-4=45.","75","none","{}","","","","","","evaluate nested or composed functions","","math,domain:Advanced Math,skill:ADV_NF_004,arch:MATH_ARCH_065_FUNCTION_COMPOSITION,sim:SIM_FUNCTION_NOTATION_AND_VALUES,fp:24a4c0bc,tier:H1"
"SAT_Math_42","42","math42","400-800","MATH42_M2_Q04","MATH","2","hard","4","Advanced Math","Equivalent Expressions","ADV_EE_002","Simplify radicals and rational exponents","Simplify radicals and rational exponents","H1","1","multiple_choice","","Which expression is equivalent to sqrt(288)?","6sqrt(8)","8sqrt(3)","24sqrt(2)","12sqrt(2)","D","4","288=144·2, so sqrt(288)=12sqrt(2).","75","none","{}","","","","","","simplify radicals and rational exponents","","math,domain:Advanced Math,skill:ADV_EE_002,arch:MATH_ARCH_068_RADICAL_SIMPLIFY,sim:SIM_EXPONENT_RADICALS,fp:92c78580,tier:H1"
"SAT_Math_42","42","math42","400-800","MATH42_M2_Q05","MATH","2","hard","5","Algebra","Systems of Equations","ALG_SYS_004","Combine equations to solve directly for x+y or a linear combination","Combine equations to solve directly for x+y or a linear combination","H2","1","multiple_choice","","Given 3x+2y=17 and 2x+3y=18, what is x+y?","5","7","6","8","B","2","Adding the equations gives 5x+5y=35, so x+y=7.","75","none","{}","","","","","","combine equations to solve directly for x+y or a linear combination","","math,domain:Algebra,skill:ALG_SYS_004,arch:MATH_ARCH_018_SYSTEM_SUM_DIRECT,sim:SIM_LINEAR_SYSTEMS,fp:a9cd3f0f,tier:H2"
"SAT_Math_42","42","math42","400-800","MATH42_M2_Q06","MATH","2","hard","6","Algebra","Linear Equations","ALG_LE_007","Find greatest or least expression value from a linear inequality","Find greatest or least expression value from a linear inequality","H2","1","student_response","","If 4x-7≤29 and x is an integer, what is the greatest possible value of 3x+2?","","","","","","","4x≤36, so x≤9. The greatest integer x is 9, giving 3(9)+2=29.","75","none","{}","","","integer","29","0","find greatest or least expression value from a linear inequality","","math,domain:Algebra,skill:ALG_LE_007,arch:MATH_ARCH_024_INEQUALITY_GREATEST_LEAST_VALUE,sim:SIM_LINEAR_EQUATIONS_AND_INEQUALITIES,fp:006bf79f,tier:H2"
"SAT_Math_42","42","math42","400-800","MATH42_M2_Q07","MATH","2","hard","7","Advanced Math","Nonlinear Functions","ADV_NF_011","Complete the square to find vertex or solve","Complete the square to find vertex or solve","H2","1","multiple_choice","","The quadratic x^2-8x+11 is rewritten as (x-h)^2+k. What is h+k?","-5","-1","3","13","B","2","Completing the square gives (x-4)^2-5, so h=4 and k=-5. Thus h+k=-1.","75","none","{}","","","","","","complete the square to find vertex or solve","","math,domain:Advanced Math,skill:ADV_NF_011,arch:MATH_ARCH_077_QUADRATIC_COMPLETE_SQUARE,sim:SIM_QUADRATIC_FEATURES,fp:2443d9cd,tier:H2"
"SAT_Math_42","42","math42","400-800","MATH42_M2_Q08","MATH","2","hard","8","Problem-Solving and Data Analysis","Ratios Rates and Proportions","PSD_RRP_010","Solve weighted average mixture with two components","Solve weighted average mixture with two components","H2","1","multiple_choice","","How many liters of a 40% solution should be mixed with 10 liters of a 10% solution to make a 25% solution?","5","15","20","10","D","4","Let x be liters of 40% solution. Then .40x+1=.25(x+10), so .15x=1.5 and x=10.","75","none","{}","","","","","","solve weighted average mixture with two components","","math,domain:Problem-Solving and Data Analysis,skill:PSD_RRP_010,arch:MATH_ARCH_047_WEIGHTED_AVERAGE_MIXTURE,sim:SIM_WEIGHTED_AVERAGE_MIXTURE,fp:c50eccb2,tier:H2"
"SAT_Math_42","42","math42","400-800","MATH42_M2_Q09","MATH","2","hard","9","Geometry and Trigonometry","Triangles","GEO_TRI_004","Use 30-60-90 or 45-45-90 triangle ratios","Use 30-60-90 or 45-45-90 triangle ratios","H2","1","multiple_choice","","In a 30°-60°-90° triangle, the side opposite 30° has length 7. What is the length of the side opposite 60°?","14","7sqrt(2)","14sqrt(3)","7sqrt(3)","D","4","The side ratio is 1:sqrt(3):2, so the longer leg is 7sqrt(3).","75","right_triangle","{""diagram_type"":""right_triangle"",""render_mode"":""near_to_scale"",""not_to_scale"":true,""vertices"":[""A"",""B"",""C""],""right_angle_at"":""C"",""angle_labels"":{""A"":""30\u00b0"",""B"":""60\u00b0"",""C"":""90\u00b0""},""side_labels"":{""BC"":""7"",""AC"":""x""},""target"":""AC""}","","","","","","use 30-60-90 or 45-45-90 triangle ratios","","math,domain:Geometry and Trigonometry,skill:GEO_TRI_004,arch:MATH_ARCH_087_SPECIAL_RIGHT_TRIANGLES,sim:SIM_SPECIAL_RIGHT_TRIANGLES,fp:93bef90b,tier:H2"
"SAT_Math_42","42","math42","400-800","MATH42_M2_Q10","MATH","2","hard","10","Algebra","Systems of Equations","ALG_SYS_008","Find maximum possible coordinate from two linear inequalities","Find maximum possible coordinate from two linear inequalities","H2","1","student_response","","For nonnegative integers x and y satisfying 2x+y≤14 and x+3y≤18, what is the greatest possible value of x+y?","","","","","","","For x+y=9, the integer point (5,4) satisfies both inequalities: 2(5)+4=14 and 5+3(4)=17. For x+y=10, the first inequality requires x≤4 while the second requires x≥6, impossible. Thus the maximum is 9.","75","none","{}","","","integer","8","0","find maximum possible coordinate from two linear inequalities","","math,domain:Algebra,skill:ALG_SYS_008,arch:MATH_ARCH_027_SYSTEM_INEQUALITIES_MAX_COORDINATE,sim:SIM_LINEAR_SYSTEMS,fp:62f53ce7,tier:H2"
"SAT_Math_42","42","math42","400-800","MATH42_M2_Q11","MATH","2","hard","11","Advanced Math","Nonlinear Functions","ADV_NF_008","Model exponential growth or decay","Model exponential growth or decay","H2","1","multiple_choice","","A culture begins with 500 cells and grows by 18% every 3 hours. Which expression gives the number of cells after t hours?","500(1.18)^(t/3)","500(1.18)^(3t)","500(0.82)^(t/3)","500+0.18(t/3)","A","1","Each 3-hour interval multiplies the count by 1.18, and there are t/3 intervals.","75","none","{}","","","","","","model exponential growth or decay","","math,domain:Advanced Math,skill:ADV_NF_008,arch:MATH_ARCH_074_EXPONENTIAL_GROWTH_DECAY,sim:SIM_EXPONENTIAL_MODELS,fp:adaaf0ec,tier:H2"
"SAT_Math_42","42","math42","400-800","MATH42_M2_Q12","MATH","2","hard","12","Algebra","Systems of Equations","ALG_SYS_006","Find parameter value that makes two linear equations parallel","Find parameter value that makes two linear equations parallel","H3","1","multiple_choice","","For what value of k does the system 4x+6y=15 and kx+9y=30 have no solution?","4","6","8","10","B","2","No solution requires proportional left sides but a different constant ratio. Since 9/6=3/2, k/4=3/2, so k=6; the constants 30/15=2 are not proportional.","75","none","{}","","","","","","find parameter value that makes two linear equations parallel","","math,domain:Algebra,skill:ALG_SYS_006,arch:MATH_ARCH_020_SYSTEM_NO_SOLUTION_PARAMETER,sim:SIM_LINEAR_SYSTEMS,fp:a779d35e,tier:H3"
"SAT_Math_42","42","math42","400-800","MATH42_M2_Q13","MATH","2","hard","13","Problem-Solving and Data Analysis","Ratios Rates and Proportions","PSD_RRP_006","Use constant work rate to compare sessions, jobs, or completion times","Use constant work rate to compare sessions, jobs, or completion times","H3","1","multiple_choice","","Six identical machines complete a job in 15 hours. After working for 5 hours, two machines stop. How many additional hours are needed to finish the job?","15","10","12.5","20","A","1","The job requires 90 machine-hours. The first 5 hours use 30, leaving 60. Four machines need 60/4=15 more hours.","75","none","{}","","","","","","use constant work rate to compare sessions, jobs, or completion times","","math,domain:Problem-Solving and Data Analysis,skill:PSD_RRP_006,arch:MATH_ARCH_037_INVERSE_RATE_WORK,sim:SIM_RATIOS_RATES_PROPORTIONS,fp:a0fb7e8f,tier:H3"
"SAT_Math_42","42","math42","400-800","MATH42_M2_Q14","MATH","2","hard","14","Advanced Math","Nonlinear Functions","ADV_NF_006","Solve radical equation and check extraneous solution","Solve radical equation and check extraneous solution","H3","1","multiple_choice","","What is the solution to sqrt(x+6)=x?","3","-2","-3","6","A","1","Squaring gives x+6=x^2, so (x-3)(x+2)=0. Checking the original equation keeps x=3 and rejects x=-2.","75","none","{}","","","","","","solve radical equation and check extraneous solution","","math,domain:Advanced Math,skill:ADV_NF_006,arch:MATH_ARCH_069_RADICAL_EQUATION_EXTRANEOUS,sim:SIM_EXPONENT_RADICALS,fp:09113b87,tier:H3"
"SAT_Math_42","42","math42","400-800","MATH42_M2_Q15","MATH","2","hard","15","Advanced Math","Nonlinear Functions","ADV_NF_007","Solve rational equation and reject excluded values","Solve rational equation and reject excluded values","H3","1","multiple_choice","","What is the greater solution to 1/(x-2)+1/(x+2)=1/3?","3-sqrt(13)","3+sqrt(13)","2+sqrt(10)","6","B","2","Combining gives 2x/(x^2-4)=1/3, so x^2-6x-4=0. The solutions are 3±sqrt(13), and the greater is 3+sqrt(13).","75","none","{}","","","","","","solve rational equation and reject excluded values","","math,domain:Advanced Math,skill:ADV_NF_007,arch:MATH_ARCH_073_RATIONAL_EQUATION_SOLVE,sim:SIM_RATIONAL_EQUATIONS,fp:cd7118e5,tier:H3"
"SAT_Math_42","42","math42","400-800","MATH42_M2_Q16","MATH","2","hard","16","Advanced Math","Nonlinear Functions","ADV_NF_010","Use quadratic formula to solve or analyze roots","Use quadratic formula to solve or analyze roots","H3","1","multiple_choice","","The equation 2x^2-5x-7=0 has two solutions. What is the positive solution?","-1","1","7/2","5/2","C","3","The discriminant is 25+56=81. Thus x=(5±9)/4, giving 7/2 and -1.","75","none","{}","","","","","","use quadratic formula to solve or analyze roots","","math,domain:Advanced Math,skill:ADV_NF_010,arch:MATH_ARCH_076_QUADRATIC_SOLVE_FORMULA,sim:SIM_QUADRATIC_SOLVING,fp:515df3c8,tier:H3"
"SAT_Math_42","42","math42","400-800","MATH42_M2_Q17","MATH","2","hard","17","Algebra","Linear Equations","ALG_LE_005","Solve a literal equation with parameters in terms of other variables","Solve a literal equation with parameters in terms of other variables","H3","1","multiple_choice","","The equation ax+b=cx+d has solution x=5. If a-c=4 and b=7, what is d?","-13","13","27","-27","C","3","Rearrange to (a-c)x=d-b. Substituting x=5 and a-c=4 gives 20=d-7, so d=27.","75","none","{}","","","","","","solve a literal equation with parameters in terms of other variables","","math,domain:Algebra,skill:ALG_LE_005,arch:MATH_ARCH_014_LITERAL_EQUATION_PARAMETER,sim:SIM_LINEAR_EQUATIONS_AND_INEQUALITIES,fp:2b91a084,tier:H3"
"SAT_Math_42","42","math42","400-800","MATH42_M2_Q18","MATH","2","hard","18","Advanced Math","Nonlinear Functions","ADV_NF_001","Determine parameters for a line and parabola system with two real solutions","Determine parameters for a line and parabola system with two real solutions","H3","1","multiple_choice","","For which value of k does the line y=k intersect the parabola y=x^2-6x+13 at exactly two distinct points?","4","5","3","2","B","2","Set x^2-6x+13=k. Its discriminant is 36-4(13-k)=4k-16. Two distinct intersections require k>4, so only 5 works.","75","none","{}","","","","","","determine parameters for a line and parabola system with two real solutions","","math,domain:Advanced Math,skill:ADV_NF_001,arch:MATH_ARCH_022_SYSTEM_QUADRATIC_LINE_TWO_SOLUTIONS,sim:SIM_QUADRATIC_SOLVING,fp:9dccdf21,tier:H3"
"SAT_Math_42","42","math42","400-800","MATH42_M2_Q19","MATH","2","hard","19","Problem-Solving and Data Analysis","Probability","PSD_PROB_002","Compute conditional probability from a table subset","Compute conditional probability from a table subset","H3","1","multiple_choice","","The table shows survey responses. Given that a respondent chose option B, what is the probability the respondent was in group 2?","3/10","3/5","2/5","1/2","B","2","Among the 50 option-B responses, 30 are from group 2, so the conditional probability is 30/50=3/5.","75","table","{}","| Group | Option A | Option B | Total |\n|---|---:|---:|---:|\n| 1 | 40 | 20 | 60 |\n| 2 | 20 | 30 | 50 |\n| Total | 60 | 50 | 110 |","","","","","compute conditional probability from a table subset","","math,domain:Problem-Solving and Data Analysis,skill:PSD_PROB_002,arch:MATH_ARCH_050_CONDITIONAL_PROBABILITY_TABLE,sim:SIM_PROBABILITY_TABLES,fp:0f25d07f,tier:H3"
"SAT_Math_42","42","math42","400-800","MATH42_M2_Q20","MATH","2","hard","20","Geometry and Trigonometry","Triangles","GEO_TRI_006","Use similar triangles and scale factors","Use similar triangles and scale factors","H3","1","multiple_choice","","Triangles ABC and DEF are similar with A↔D, B↔E, and C↔F. If AB=6, BC=9, and DE=10, what is EF?","12","13.5","15","18","C","3","The scale factor from ABC to DEF is 10/6=5/3. Thus EF=9(5/3)=15.","75","triangle","{""diagram_type"":""similar_triangles"",""render_mode"":""near_to_scale"",""not_to_scale"":true,""triangles"":[{""triangle_id"":""ABC"",""vertices"":[""A"",""B"",""C""],""side_labels"":{""AB"":""6"",""BC"":""9""},""angle_labels"":{}},{""triangle_id"":""DEF"",""vertices"":[""D"",""E"",""F""],""side_labels"":{""DE"":""10"",""EF"":""x""},""angle_labels"":{}}],""correspondence"":{""A"":""D"",""B"":""E"",""C"":""F""},""target"":""EF""}","","","","","","use similar triangles and scale factors","","math,domain:Geometry and Trigonometry,skill:GEO_TRI_006,arch:MATH_ARCH_089_SIMILAR_TRIANGLES_SCALE,sim:SIM_SIMILAR_TRIANGLES,fp:9640f365,tier:H3"
"SAT_Math_42","42","math42","400-800","MATH42_M2_Q21","MATH","2","hard","21","Geometry and Trigonometry","Trigonometry","GEO_TRIG_004","Use benchmark unit-circle values","Use benchmark unit-circle values","H3","1","multiple_choice","","If θ is in quadrant II and cos θ=-sqrt(3)/2, what is sin(2θ)?","sqrt(3)/2","-1/2","1/2","-sqrt(3)/2","D","4","In quadrant II, θ=150°, so 2θ=300° and sin(300°)=-sqrt(3)/2.","75","none","{}","","","","","","use benchmark unit-circle values","","math,domain:Geometry and Trigonometry,skill:GEO_TRIG_004,arch:MATH_ARCH_098_UNIT_CIRCLE_BENCHMARK,sim:SIM_TRIGONOMETRY_RELATIONSHIPS,fp:3795d168,tier:H3"
"SAT_Math_42","42","math42","400-800","MATH42_M2_Q22","MATH","2","hard","22","Geometry and Trigonometry","Area","GEO_AREA_001","Compute surface area of prism/cylinder or composite solid","Compute surface area of prism/cylinder or composite solid","H3","1","multiple_choice","","A closed cylinder has radius 3 and height 8. A hemisphere of radius 3 is attached to one circular base, replacing that base as an exterior surface. What is the total exterior surface area?","66π","84π","75π","93π","C","3","Exterior area includes the cylinder's lateral area 2πrh=48π, one exposed circular base 9π, and the hemisphere's curved area 2πr^2=18π. Total=75π.","75","none","{}","","","","","","compute surface area of prism/cylinder or composite solid","","math,domain:Geometry and Trigonometry,skill:GEO_AREA_001,arch:MATH_ARCH_100_SOLID_SURFACE_AREA,sim:SIM_SOLID_MEASUREMENT,fp:d7b14a6b,tier:H3"
