"test_id","exam_version","generation_batch_id","target_score_band","question_id","section","module","route","question_number","content_domain","skill_group","skill_code","skill_label","question_topic","difficulty","scoring_weight","question_type","passage","question","choice_a","choice_b","choice_c","choice_d","correct_answer","correct_choice_index","explanation","time_estimate_sec","visual_type","visual_json","table_markdown","equation_latex","student_response_type","correct_numeric_answer","answer_tolerance","primary_skill","secondary_skill","tags"
"SAT_RW_10","RW_split_v9","10-front","mixed","RW10-M1-Q01","RW","1","base","1","Craft and Structure","Words in Context","RW_WIC_005","Determine meaning or function of a word/phrase in context","contextual meaning","Easy","1","multiple_choice","A coastal restoration team tested two ways of attaching young corals to damaged reef rock. Some fragments were fixed with rigid cement plugs, while others were secured with flexible clips that allowed slight movement in waves. During calm weeks, both groups grew at nearly the same rate. After several storms, however, more clipped fragments remained attached, and the surviving clipped corals added new branches sooner than the cemented ones. The researchers cautioned that the clips did not improve growth under every condition: in sheltered pools, attachment method made little difference. Even so, they argued that a flexible fastening method could yield larger gains in clipped-fragment survival at exposed reef sites than a stiffer method could. The team therefore plans to compare several clip designs during the next storm season, when differences in wave force should make the tradeoffs among flexibility, durability, and installation time easier to observe.","As used in the text, ""yield"" most nearly means","surrender","produce","postpone","recognize","B","2","The passage says flexible clips could yield larger gains at exposed sites after storms; in that context, the clips could produce those gains. ""Surrender,"" ""postpone,"" and ""recognize"" do not fit the relationship between the attachment method and improved outcomes.","75","none","{}","","","","","","Words in Context","","rw,passage:R003,arch:RW_WIC_005,sim:rw_words_in_context_logical_link,surf:SURF_RW_WIC_005,profile:D1,wic,hard_vocab,wic_arch:WIC_DIRECT_MEANING_01,wic_family:direct_meaning,vocab:HV_004,tier:V3,target:yield,fp:ad05fd899c000563,csig:c49ed2ffc00a"
"SAT_RW_10","RW_split_v9","10-front","mixed","RW10-M1-Q02","RW","1","base","2","Craft and Structure","Words in Context","RW_WIC_007","Determine meaning or function of a word/phrase in context","claim qualification","Medium","1","multiple_choice","A museum redesigned the labels beside a group of unfamiliar mechanical instruments. One version gave visitors a short name and date; another added a question asking what motion the visitor expected the device to make before reading the explanation. Observers recorded where visitors paused and whether they returned to an object after moving on. The question-based labels were followed by longer first looks, but they did not consistently increase total time in the gallery. Visitors also returned more often to devices whose motion was difficult to predict, regardless of label type, suggesting that object difficulty may shape the effect. Because visitors responded differently across labels in the same gallery, the curators kept their interpretation tentative and postponed a broader redesign. Because the trial covered only one gallery and a limited range of devices, the museum plans to repeat it with paintings and everyday tools before changing labels throughout the building.","Which choice best describes the function of ""tentative"" in the passage?","It presents the curators as doubtful that the observed behavior occurred at all.","It indicates that the question-based labels were intended only as a temporary installation.","It marks the museum's interpretation as provisional because the observed pattern may not generalize beyond the limited trial.","It shifts attention from visitor behavior to the physical construction of the instruments.","C","3","The interpretation follows a limited one-gallery trial and is followed by reasons it may not generalize. Calling it tentative appropriately lowers the certainty of the claim without denying the observed pattern. The other choices either overstate doubt, confuse the claim with a temporary installation, or shift to an unrelated topic.","75","none","{}","","","","","","Words in Context","","rw,passage:R033,arch:RW_WIC_007,sim:rw_words_in_context_verb_pronoun_agreement,surf:SURF_RW_WIC_007,profile:D2,wic,hard_vocab,wic_arch:WIC_CLAIM_FUNCTION_01,wic_family:claim_function,vocab:HV_119,tier:V3,target:tentative,fp:497764e9896c61b2,csig:ffa0c80ec6dc"
"SAT_RW_10","RW_split_v9","10-front","mixed","RW10-M1-Q03","RW","1","base","3","Craft and Structure","Words in Context","RW_WIC_011","Determine meaning or function of a word/phrase in context","evaluative stance","Medium","1","multiple_choice","In greenhouse trays, agronomists grew the same bean variety in soils collected from farms that had used different crop rotations. Half of each soil sample was gently heated to reduce microbial activity; the other half was left untreated. Plants in untreated soil developed slightly denser root systems, especially in samples from fields that had alternated beans with grasses for several years. Leaf mass, however, differed little between treated and untreated soils during the eight-week trial. The researchers described the microbial advantage in root growth as modest rather than transformative. Root growth was measurably greater in some conditions, but the effect was small beside differences associated with soil moisture and initial nutrient levels. The team argues that microbial communities may still matter for crop resilience over a full season, when small early differences can accumulate. Longer field trials will be needed to determine whether the greenhouse pattern persists under drought, pests, and changing temperatures.","Which choice best explains how ""modest"" shapes the tone of the passage?","It conveys disappointment that reducing microbial activity produced no measurable difference.","It portrays the root response as unexpectedly dramatic relative to other soil factors.","It expresses confidence that the greenhouse result will transfer unchanged to field conditions.","It keeps the evaluation restrained by presenting the microbial benefit as real but limited in size.","D","4","The passage reports a measurable root advantage but repeatedly places it beside larger effects from moisture and nutrients. ""Modest"" keeps the evaluation measured: the benefit is real yet limited. The other choices imply no effect, a dramatic effect, or unwarranted certainty about field results.","75","none","{}","","","","","","Words in Context","","rw,passage:R057,arch:RW_WIC_011,sim:rw_words_in_context_supporting_detail,surf:SURF_RW_WIC_011,profile:D2,wic,hard_vocab,wic_arch:WIC_TONAL_EFFECT_01,wic_family:tonal_effect,vocab:HV_099,tier:V3,target:modest,fp:98044ffb2006699d,csig:58b6f0ba2a41"
"SAT_RW_10","RW_split_v9","10-front","mixed","RW10-M1-Q04","RW","1","base","4","Craft and Structure","Text Structure and Purpose","RW_TSP_001","Analyze structure or purpose","purpose_sentence","Medium","1","multiple_choice","Biologists monitoring a coastal reserve placed underwater speakers near three reef habitats and played recordings of small boat engines at realistic volumes. In open sandy areas, several fish species left feeding patches soon after the sound began and returned only after the playback stopped. Responses were weaker around reefs with deep crevices, where fish could remain close to shelter while continuing to forage. <u>At the most structurally complex reef, feeding activity fell briefly during the first playback but returned to its earlier level even while later engine recordings continued.</u> That pattern led the team to question whether sound level alone predicts disruption. Habitat structure may alter how risky the same noise seems by changing the distance fish must travel to reach cover. The researchers therefore recommend that future noise studies compare habitats directly rather than treating a single response measured in one location as typical of an entire coastline.","Which choice best describes the function of the underlined sentence in the passage?","It supplies a case in which fish adjusted to continued noise, helping motivate the passage's claim that habitat structure can affect responses.","It suggests that repeated exposure by itself fully explains why responses weakened at the complex reef.","It provides evidence that engine noise had no effect on feeding at the most complex reef.","It introduces a measurement method that was used only at the most complex reef.","A","1","The underlined sentence shows that at the most complex reef, feeding recovered even while later engine recordings continued. That case helps motivate the later claim that habitat structure can alter responses to noise. It does not show that noise had no effect, isolate repetition as the full explanation, or introduce a new measurement method.","75","none","{}","","","","","","Text Structure and Purpose","","rw,passage:R021,arch:RW_TSP_001,sim:rw_text_structure_and_purpose_purpose_sentence,surf:SURF_RW_TSP_001,profile:D2,fp:9dbd66a18c56929e,csig:bddc9d9b21b7"
"SAT_RW_10","RW_split_v9","10-front","mixed","RW10-M1-Q05","RW","1","base","5","Craft and Structure","Text Structure and Purpose","RW_TSP_011","Analyze structure or purpose","contrast","Medium","1","multiple_choice","Transit planners considering electric buses often focus on battery range, but route timing can matter just as much. On one city loop, planners first modeled a schedule in which every bus returned to the depot for a long midday charge. The model kept batteries well above the required level, yet it also removed several buses from service during the busiest hour. A second model used shorter charging periods at terminal stops between trips. That approach kept more buses available, although it required chargers to be distributed across the route and left less margin for unexpected delays. When planners added realistic traffic variation, neither strategy was best in every case: depot charging performed better on routes with long layovers, whereas terminal charging helped routes with frequent departures. The comparison suggests that charging plans should be matched to the rhythm of a route rather than chosen solely by battery capacity.","Which choice best describes how the text is organized?","It traces a historical shift from diesel buses to electric buses and argues that battery capacity is the main remaining obstacle.","It describes the failure of depot charging and recommends terminal charging for all routes.","It catalogs several charger technologies and ranks them primarily by installation cost.","It presents two charging strategies, weighs how each performs under different route conditions, and concludes that route patterns should guide the choice between them.","D","4","The text first sets up a scheduling problem, then compares depot charging with terminal charging, tests both under traffic variation, and concludes that route conditions should determine which strategy fits best. The other choices incorrectly describe a historical account, a universal recommendation, or a ranking of charger technologies.","75","none","{}","","","","","","Text Structure and Purpose","","rw,passage:R015,arch:RW_TSP_011,sim:rw_text_structure_and_purpose_contrast,surf:SURF_RW_TSP_011,profile:D3,fp:2893ec1602e73db1,csig:890d30b7b607"
"SAT_RW_10","RW_split_v9","10-front","mixed","RW10-M1-Q06","RW","1","base","6","Craft and Structure","Text Structure and Purpose","RW_TSP_012","Analyze structure or purpose","cause_effect","Medium","1","multiple_choice","Celia returned to the market arcade after twelve years away. She expected memory to guide her more reliably than the faded directory above the doors. The fruit sellers had moved, but the tiled floor and iron roof seemed exactly as she remembered them. Then she noticed a wilted carnation in a narrow bottle beside a tea stall. She could not recall whether flowers had ever stood there, and the uncertainty made other familiar details seem suddenly doubtful. A blue shawl slipped from the neighboring chair. Celia caught it before it reached the floor and, after hesitating, placed it across the chair back. The stall keeper looked at her for a long moment before thanking her with a cautious smile. Celia lifted the shawl once more to straighten it, recognizing a stitched pattern she had seen years before. The small discovery did not restore her past all at once; instead, it made recognition arrive slowly, mixed with uncertainty and welcome.","What is the main function of the wilted carnation in the passage?","It establishes that the tea stall has been neglected since Celia last visited the arcade.","It unsettles Celia's confidence that the arcade matches her memory, beginning the gradual and uncertain recognition that follows.","It confirms that the stall keeper has deliberately arranged familiar objects to test whether Celia remembers the place.","It shows that Celia immediately recognizes the stall keeper before the two interact.","B","2","The carnation interrupts Celia's initial sense that the arcade is exactly as she remembers it; after noticing it, she begins doubting other familiar details, and recognition develops only gradually. The other choices claim neglect, a deliberate test, or immediate recognition, none of which the passage establishes.","75","none","{}","","","","","","Text Structure and Purpose","","rw,passage:E016,arch:RW_TSP_012,sim:rw_text_structure_and_purpose_cause_effect,surf:SURF_RW_TSP_012,profile:D2,fp:e16896a6df12be53,csig:3ac4af027784"
"SAT_RW_10","RW_split_v9","10-front","mixed","RW10-M1-Q07","RW","1","base","7","Craft and Structure","Cross-Text Connections","RW_CTC_006","Compare claims across paired texts","paired_text_relation","Medium","1","multiple_choice","Text 1:
When transit agencies add bilingual signs, they often translate every line of existing text. That approach can help riders who know either language well, but crowded panels may be difficult to scan quickly. A better design may pair a few essential words with standardized symbols, leaving more space around route numbers and platform directions. Riders approaching a platform have only seconds to identify the information they need, so visual hierarchy matters as much as the amount of language provided.

Text 2:
Symbols can reduce visual clutter, but their meaning is not equally obvious to every traveler. A suitcase icon may be clear at an airport yet confusing on a commuter rail map where luggage is irrelevant. Agencies should test icons with local riders and visitors, then retain brief bilingual wording wherever a symbol produces inconsistent interpretations. The goal should not be to replace language whenever possible, but to discover which combination of words and images communicates most reliably in a particular setting.","Based on the texts, how would the author of Text 2 most likely respond to the recommendation in Text 1?","Text 2 would reject the use of symbols and insist that every existing line of text be translated in full.","Text 2 would argue that visual hierarchy matters only to frequent riders, so visitors need more text rather than fewer words.","Text 2 would likely agree that symbols can reduce clutter but would add that agencies should test those symbols and retain brief bilingual wording when icons are unclear.","Text 2 would claim that standardized symbols make local testing unnecessary because their meanings are universal.","C","3","Text 1 favors combining essential bilingual wording with symbols to reduce clutter. Text 2 accepts the potential value of symbols but qualifies the recommendation by requiring local testing and retaining wording when icons are unclear. The other choices make Text 2 reject symbols, misstate its audience, or treat symbols as universally understood.","75","none","{}","","","","","","Cross-Text Connections","","rw,passage:R048,arch:RW_CTC_006,sim:rw_cross_text_connections_paired_text_relation,surf:SURF_RW_CTC_006,profile:D3,fp:00c54fb668807264,csig:0ce92ecc304b"
"SAT_RW_10","RW_split_v9","10-front","mixed","RW10-M1-Q08","RW","1","base","8","Information and Ideas","Central Ideas and Details","RW_CID_001","Identify main idea, key detail, or summary","main_claim","Easy","1","multiple_choice","Mrs. Bell had invited Nora to the parlor after receiving a note that promised “a necessary conversation.” Nora assumed her old friend wanted an apology for their sharp exchange the previous week. Yet when she arrived, Mrs. Bell pointed first to a book lying open near the window, its cover darkened by rain. She asked whether Nora remembered lending it years earlier. Nora examined the swollen pages and answered too brightly that books survived worse things. Neither woman mentioned the argument. Mrs. Bell turned to a pressed fern inside the book, then asked about Nora's garden; Nora responded with equal cheerfulness, though she kept smoothing the same damp corner of the page. Their conversation wandered through harmless subjects while the open book remained between them. Only when Nora prepared to leave did Mrs. Bell say that some things were difficult to return unchanged. Nora closed the book carefully, understanding that the remark concerned more than paper.","Which choice best states the central idea of the passage?","Nora realizes that repairing the rain-damaged book is more important to Mrs. Bell than discussing their recent disagreement.","Mrs. Bell uses the damaged book primarily to prove that Nora has been careless with belongings entrusted to her.","An ordinary object allows Nora and Mrs. Bell to approach an unresolved conflict indirectly, giving their polite conversation an uneasy significance.","Nora and Mrs. Bell restore their friendship by agreeing that their earlier argument resulted from a simple misunderstanding.","C","3","The damp book repeatedly redirects the conversation and carries implications that neither woman states directly, so the scene centers on how an ordinary object bears the weight of their unresolved conflict. The passage does not make book repair the main concern, accuse Nora of carelessness, or show the disagreement being fully resolved.","75","none","{}","","","","","","Central Ideas and Details","","rw,passage:E017,arch:RW_CID_001,sim:rw_central_ideas_and_details_main_claim,surf:SURF_RW_CID_001,profile:D1,fp:cadb0d941f35c979,csig:8192caa64a2c"
"SAT_RW_10","RW_split_v9","10-front","mixed","RW10-M1-Q09","RW","1","base","9","Information and Ideas","Central Ideas and Details","RW_CID_002","Identify main idea, key detail, or summary","supporting_detail","Medium","1","multiple_choice","A city forestry office compared summer temperatures on residential blocks planted with different mixtures of street trees. Blocks dominated by one fast-growing species had broad shade by midday, but many of those trees lost leaves early during a dry spell. Blocks with three or more species produced slightly less shade in June, yet their canopy cover changed much less through August because the species responded differently to heat and drought. Pavement temperatures followed the same pattern: the single-species blocks were coolest early in the summer, while the mixed blocks stayed more consistently cool later. The foresters did not conclude that diversity automatically creates more shade. Instead, they emphasized stability. A planting plan that spreads risk across species may preserve cooling when weather stresses one kind of tree more than another. The office is now evaluating whether maintenance costs differ enough among mixed plantings to offset that seasonal advantage.","Which detail from the passage most directly supports the foresters' emphasis on stability?","Mixed-species blocks lost less canopy cover through August because the species responded differently to heat and drought.","Single-species blocks had the coolest pavement temperatures early in the summer.","The forestry office has not yet determined whether mixed plantings cost more to maintain.","All blocks produced the same amount of shade in June before the dry spell began.","A","1","The mixed-species blocks kept their canopy cover more consistently through August because different species responded differently to stress. That detail directly supports the foresters’ emphasis on stability. Early-season cooling on single-species blocks, unknown maintenance costs, and the claim that all June shade was identical do not provide the same support.","75","none","{}","","","","","","Central Ideas and Details","","rw,passage:R001,arch:RW_CID_002,sim:rw_central_ideas_and_details_supporting_detail,surf:SURF_RW_CID_002,profile:D2,fp:dd94fb4775934761,csig:0e36654d31b5"
"SAT_RW_10","RW_split_v9","10-front","mixed","RW10-M1-Q10","RW","1","base","10","Information and Ideas","Command of Evidence","RW_COE_001","Use textual or quantitative evidence","supporting_detail","Medium","1","multiple_choice","Engineers designing a filter for laundry wastewater tested meshes made from several layers of woven fiber. A very fine single layer trapped many microplastic fragments, but it also clogged quickly, reducing water flow. A coarse layer maintained flow but allowed numerous small fragments to pass. The team then arranged three layers from coarse to fine, expecting larger debris to be captured before water reached the narrowest openings. In bench tests, the layered design collected fragments across a wider range of sizes than either single-layer design. The researchers proposed that this sequence could improve filtration without imposing the severe flow penalty associated with using only the finest mesh. Because laboratory water contained a controlled mixture of fibers and lint, the team cautioned that household wastewater might produce different clogging patterns. They plan to test the layered filter over longer cycles before recommending it for washing machines.","Which finding, if true, would most directly support the researchers' proposal about the layered filter?","The coarse single layer remained unclogged for the longest time but allowed most of the smallest fragments to pass.","The layered filter weighed less than the finest single-layer filter before either design was tested.","During the first minute, the finest single layer captured slightly more fragments than the layered filter did.","The layered filter trapped 89% of small fragments while retaining 84% of its initial flow rate; the finest single layer trapped 91% but retained only 43% of its initial flow rate.","D","4","The keyed finding directly measures both parts of the proposal: the layered filter captures nearly as many small fragments as the finest mesh while preserving much more flow. The coarse-layer result concerns a different design, filter weight is irrelevant to the claim, and the first-minute capture result does not address the flow penalty.","75","none","{}","","","","","","Command of Evidence","","rw,passage:R005,arch:RW_COE_001,sim:rw_command_of_evidence_supporting_detail,surf:SURF_RW_COE_001,profile:D2,fp:3fdb8d1eb1fa3ac6,csig:f2662d6303b0"
"SAT_RW_10","RW_split_v9","10-front","mixed","RW10-M1-Q11","RW","1","base","11","Information and Ideas","Command of Evidence","RW_COE_003","Use textual or quantitative evidence","cause_effect","Medium","1","multiple_choice","Landscape researchers compared rain-garden beds built with shallow and deep layers of engineered soil. During simulated storms, deeper beds stored more water before runoff reached the drain, especially when rainfall arrived in short, intense bursts. Yet sensors showed that water also remained around plant roots longer in the deepest beds after the storm ended. Most test plants tolerated that delay during cool weather, but two species showed reduced leaf firmness when warm conditions increased root stress. The researchers concluded that increasing soil depth can improve short-term stormwater capture while also creating a drainage tradeoff for plants that are sensitive to prolonged saturation. They therefore recommended matching bed depth to both local rainfall patterns and the species selected for planting. A follow-up trial will compare intermediate depths and different soil textures to see whether designers can preserve the storage benefit without keeping root zones wet for as long.","Which finding, if true, would most directly support the researchers' conclusion about deeper rain-garden beds?","The deeper and shallower beds cost approximately the same amount to construct.","Plants in the shallow beds produced slightly more flowers during the coolest week of the trial.","The deeper beds retained 35% more stormwater during intense simulated rain, but their root zones stayed saturated six hours longer and the sensitive species showed greater wilting.","Moisture sensors in both bed types gave nearly identical readings when they were tested before the experiment.","C","3","The keyed finding provides evidence for both sides of the stated tradeoff: deeper beds store more stormwater but remain saturated longer and are harder on sensitive plants. Construction cost, flower count during one cool week, and pretrial sensor agreement do not directly establish that storage-versus-drainage relationship.","75","none","{}","","","","","","Command of Evidence","","rw,passage:R017,arch:RW_COE_003,sim:rw_command_of_evidence_cause_effect,surf:SURF_RW_COE_003,profile:D3,fp:f6feb29420fefc3c,csig:c27522e235b5"
"SAT_RW_10","RW_split_v9","10-front","mixed","RW10-M1-Q12","RW","1","base","12","Information and Ideas","Inferences","RW_INF_010","Draw supported conclusions","evidence_based_inference","Medium","1","multiple_choice","A workplace study examined whether brief movement breaks affected attention during repetitive computer tasks. One group received a reminder every forty minutes and was asked to walk for three minutes; another group could take the same break whenever participants wished. Both groups completed the same number of task blocks. The reminder group took nearly all scheduled breaks, while the self-directed group often postponed breaks until late in a session. Accuracy declined slightly across time for both groups, but the decline was smaller among participants who actually walked before their third task block, regardless of which group they belonged to. Participants who delayed all movement until the final block showed no comparable advantage. The researchers noted that the timing pattern does not prove walking itself caused the difference, since people who chose earlier breaks may have differed in other ways. Still, the results suggest that simply allowing breaks may not ensure that workers take them when they could be most useful.","Which inference is best supported by the study described in the passage?","Movement breaks are equally useful whether they occur early or only at the end of a work session.","Participants in the self-directed group could not benefit from walking because they lacked scheduled reminders.","Accuracy rose from one task block to the next among participants in the reminder group.","The smaller decline in accuracy may be associated more closely with taking a break early enough than with receiving a reminder itself.","D","4","Across both groups, participants who walked before the third task block showed the smaller decline in accuracy, whereas those who delayed movement did not. This supports an inference about timing rather than reminders alone. The other choices contradict the reported pattern or claim improvement the passage does not report.","75","none","{}","","","","","","Inferences","","rw,passage:R025,arch:RW_INF_010,sim:rw_inferences_evidence_based_inference,surf:SURF_RW_INF_010,profile:D2,fp:13193490dc8a9a81,csig:6e85927d1b7c"
"SAT_RW_10","RW_split_v9","10-front","mixed","RW10-M1-Q13","RW","1","base","13","Information and Ideas","Inferences","RW_INF_001","Draw supported conclusions","contrast","Medium","1","multiple_choice","Mira usually hurried along the riverside path and complained whenever her cousin Tomas stopped to inspect boats or birds. That afternoon, however, she slowed beside a drooping flower growing through a crack in the stone wall. From a house across the water came a few uncertain notes on a violin, the same melody their grandmother used to hum. Tomas started to ask whether Mira had received the letter that morning, but she raised one hand without looking at him. She took the envelope from her coat, turned it over twice, and rested it on the wall. For several moments she listened to the music. Then she slid the still-sealed letter back into her pocket. “It probably says nothing that can't wait,” she said, already walking again. Her voice sounded brisk, yet she did not resume her usual pace. Tomas noticed that she glanced once toward the house before the path curved away from the river.","Which inference about Mira is best supported by the passage?","Mira leaves the letter unread because she believes Tomas already knows everything written in it.","Mira's brisk dismissal of the letter masks a hesitation to confront its contents, which matter to her more than she admits aloud.","Mira is annoyed that the violin music interrupts her walk and intends to avoid the riverside path in the future.","Mira plans to return the unopened letter to the house across the river because she thinks it was delivered to her by mistake.","B","2","Mira turns the envelope over, listens before putting it away unopened, calls its contents unimportant, then continues more slowly and looks back. Her behavior therefore suggests that the letter matters to her despite her dismissive words. The passage gives no evidence that Tomas knows the contents, that Mira resents the music, or that the letter was misdelivered.","75","none","{}","","","","","","Inferences","","rw,passage:E022,arch:RW_INF_001,sim:rw_inferences_contrast,surf:SURF_RW_INF_001,profile:D2,fp:59720560ad620e96,csig:3e27bdf390d8"
"SAT_RW_10","RW_split_v9","10-front","mixed","RW10-M1-Q14","RW","1","base","14","Information and Ideas","Inferences","RW_INF_002","Draw supported conclusions","cause_effect","Medium","1","multiple_choice","Hydrologists studying a mountain watershed compared streamflow records with satellite estimates of seasonal snow and glacier ice. In years with heavy winter snow, summer flow peaked soon after the main snowmelt and then declined steadily. During several low-snow years, however, the river remained unusually high late in the summer even though little seasonal snow was left. Satellite images from those same years showed greater exposure of dark glacier ice and a larger loss of ice area by early autumn. The researchers reasoned that glacier melt was temporarily compensating for reduced snowmelt, keeping the river supplied after the usual seasonal source had diminished. They also warned that this buffering cannot continue indefinitely if the glacier continues to shrink. A smaller glacier would contain less stored ice available to melt during future dry summers, so the same watershed could eventually experience lower late-season flows precisely when downstream demand is highest.","Which conclusion about the watershed is most strongly supported by the passage?","In low-snow years, glacier melt can temporarily sustain late-summer river flow, but continued glacier shrinkage could weaken that buffering effect.","Years with heavy winter snow are likely to produce the greatest loss of glacier ice by early autumn.","Exposed dark glacier ice probably reduces melting enough to preserve the glacier during dry summers.","Rising downstream water demand is the main cause of the glacier's shrinking ice area.","A","1","Low-snow years coincide with unusually high late-summer flow and greater glacier-ice loss, supporting the idea that glacier melt temporarily substitutes for diminished snowmelt. The passage then explains why continued glacier shrinkage would reduce that reserve. The other choices reverse or invent relationships.","75","none","{}","","","","","","Inferences","","rw,passage:R011,arch:RW_INF_002,sim:rw_inferences_cause_effect,surf:SURF_RW_INF_002,profile:D3,fp:04be69d210d98223,csig:cd7f84aedcc4"
"SAT_RW_10","RW_split_v9","10-front","mixed","RW10-M1-Q15","RW","1","base","15","Standard English Conventions","Boundaries","SEC.BND","Boundaries","Punctuating two independent clauses","Easy","1","multiple_choice","Volunteers mapped moss on shaded sidewalks across the northern district for a neighborhood ecology survey ____ another team surveyed lichen on the riverfront and recorded the results separately.","Which choice completes the text so that it conforms to the conventions of Standard English?",",",";","and",", which","B","2","A semicolon correctly joins the two independent clauses: the volunteers mapped moss, and another team surveyed lichen. A comma alone creates a comma splice; ""and"" without the required comma does not properly punctuate the two independent clauses; "", which"" creates an ill-formed relative clause.","55","none","{}","","","","","","Boundaries","","rw,sec,grammar,boundaries_or_fss,arch:SEC-BND-001,sim:SEC.BND:sentence_boundary_semicolon:A. minimal-context version,ctx:CTX-GRM-001,tier:SEC1,grammar_family:sentence_boundary_semicolon,profile:D1,fp:df8877a31d530ce5,csig:ec7ebf704b7c"
"SAT_RW_10","RW_split_v9","10-front","mixed","RW10-M1-Q16","RW","1","base","16","Standard English Conventions","Boundaries","SEC.BND","Boundaries","Coordinating independent clauses","Medium","1","multiple_choice","During the hottest month of summer, the town tested shaded bus shelters on two busy routes, where afternoon temperatures often climbed sharply ____ residents reported that the new shelters reduced the time they spent waiting in direct sun.","Which choice completes the text so that it conforms to the conventions of Standard English?","and",", and","; and",", and,","B","2","A comma is required before the coordinating conjunction ""and"" because it joins two independent clauses. Omitting the comma fails to mark the clause boundary, a semicolon should not be placed directly before a coordinating conjunction in this construction, and an extra comma after ""and"" incorrectly separates the conjunction from its clause.","55","none","{}","","","","","","Boundaries","","rw,sec,grammar,boundaries_or_fss,arch:SEC-BND-012,sim:SEC.BND:coordination_comma_fanboys:B. internal punctuation nearby,ctx:CTX-GRM-006,tier:SEC2,grammar_family:coordination_comma_fanboys,profile:D2,fp:5e2a6bed96e60e95,csig:520c0810087d"
"SAT_RW_10","RW_split_v9","10-front","mixed","RW10-M1-Q17","RW","1","base","17","Standard English Conventions","Boundaries","SEC.BND","Boundaries","Nonessential appositive information","Medium","1","multiple_choice","The linguistics team named the River Ledger after a phrase in an early field notebook. The project ____ opened to community researchers after the recordings were cataloged, indexed, and linked to neighborhood maps.","Which choice completes the text so that it conforms to the conventions of Standard English?","a searchable archive of street-vendor recordings,",", a searchable archive of street-vendor recordings","; a searchable archive of street-vendor recordings,",", a searchable archive of street-vendor recordings,","D","4","The phrase ""a searchable archive of street-vendor recordings"" is a nonessential appositive renaming ""The project,"" so it must be set off with matching commas. The other choices omit one comma or use a semicolon before a phrase that is not an independent clause.","55","none","{}","","","","","","Boundaries","","rw,sec,grammar,boundaries_or_fss,arch:SEC-BND-027,sim:SEC.BND:nonessential_appositive:B. internal punctuation nearby,ctx:CTX-GRM-007,tier:SEC2,grammar_family:nonessential_appositive,profile:D2,fp:725ca40cbc0bb91d,csig:9ca8c4a5173c"
"SAT_RW_10","RW_split_v9","10-front","mixed","RW10-M1-Q18","RW","1","base","18","Standard English Conventions","Boundaries","SEC.BND","Boundaries","Colon after a complete lead-in","Medium","1","multiple_choice","After several revisions to the tutoring pilot's measurement protocol, the program's goal was precise ____ to reduce the average response time by ten seconds during the afternoon test period.","Which choice completes the text so that it conforms to the conventions of Standard English?",",",";",":","and","C","3","The clause before the blank is complete, and the following infinitive phrase explains the precise goal, so a colon is appropriate. A comma or semicolon cannot correctly separate a complete clause from this explanatory infinitive phrase, and ""and"" creates an unparallel construction after ""was precise.""","55","none","{}","","","","","","Boundaries","","rw,sec,grammar,boundaries_or_fss,arch:SEC-BND-042,sim:SEC.BND:colon_after_independent_clause:B. internal punctuation nearby,ctx:CTX-GRM-014,tier:SEC2,grammar_family:colon_after_independent_clause,profile:D2,fp:897b05ed82c7c5e6,csig:b9559c7f3685"
"SAT_RW_10","RW_split_v9","10-front","mixed","RW10-M1-Q19","RW","1","base","19","Standard English Conventions","Form, Structure, and Sense","SEC.FSS","Form, Structure, and Sense","Subject-verb agreement","Medium","1","multiple_choice","The library's narrow windows and thick brick walls, despite several later renovations to the interior, ____ the reading room cool during summer afternoons when direct sunlight reaches the south side.","Which choice completes the text so that it conforms to the conventions of Standard English?","keep","keeps","has kept","keeping","A","1","The compound subject is ""narrow windows and thick brick walls,"" which is plural, so the plural verb ""keep"" agrees with it. ""Keeps"" and ""has kept"" are singular, while ""keeping"" is nonfinite and cannot serve as the sentence’s main verb here.","55","none","{}","","","","","","Form, Structure, and Sense","","rw,sec,grammar,boundaries_or_fss,arch:SEC-FSS-002,sim:SEC.FSS:subject_verb_agreement:B. intervening material,ctx:CTX-GRM-010,tier:SEC2,grammar_family:subject_verb_agreement,profile:D2,fp:8a61e6fdbb140122,csig:df38fd087d02"
"SAT_RW_10","RW_split_v9","10-front","mixed","RW10-M1-Q20","RW","1","base","20","Standard English Conventions","Form, Structure, and Sense","SEC.FSS","Form, Structure, and Sense","Logical comparisons","Medium","1","multiple_choice","Although the two related grass species produced similar leaf mass under intermittent misting, the average root depth of dune grass at the end of six weeks was greater than ____.","Which choice completes the text so that it conforms to the conventions of Standard English?","that of the marsh grass under the same misting schedule","that of the leaf mass recorded for the marsh grass","the marsh grass under the same misting schedule","those of the marsh grass under the same misting schedule","A","1","The sentence compares one quantity—the average root depth of dune grass—with the corresponding root-depth quantity for the related marsh grass. ""That of the marsh grass under the same misting schedule"" supplies the matching singular quantity. The leaf-mass choice compares unlike measurements, the bare marsh-grass choice compares a depth with a plant, and ""those"" does not agree with the singular noun ""depth.""","55","none","{}","","","","","","Form, Structure, and Sense","","rw,sec,grammar,boundaries_or_fss,arch:SEC-FSS-039,sim:SEC.FSS:comparison_logic:D. logic cue,ctx:CTX-GRM-148,tier:SEC3,grammar_family:comparison_logic,profile:D3,fp:f1028e2e605bfb76,csig:0fee7f92e6dd"
"SAT_RW_10","RW_split_v9","10-front","mixed","RW10-M1-Q21","RW","1","base","21","Standard English Conventions","Form, Structure, and Sense","SEC.FSS","Form, Structure, and Sense","Parallel structure","Medium","1","multiple_choice","According to observers stationed near the redesigned intersection during the busiest hour, the new signal sequence not only shortened the average wait for cyclists but also ____ for riders approaching from side streets.","Which choice completes the text so that it conforms to the conventions of Standard English?","making the turning instructions easier to interpret","the turning instructions were easier to interpret","to make the turning instructions easier to interpret","made the turning instructions easier to interpret","D","4","The ""not only ... but also"" construction coordinates two past-tense verb phrases: ""shortened the average wait"" and ""made the turning instructions easier to interpret."" The gerund, full clause, and infinitive choices break that parallel structure.","55","none","{}","","","","","","Form, Structure, and Sense","","rw,sec,grammar,boundaries_or_fss,arch:SEC-FSS-032,sim:SEC.FSS:parallel_structure:B. intervening material,ctx:CTX-GRM-141,tier:SEC2,grammar_family:parallel_structure,profile:D2,fp:3de7d48564028222,csig:e7e674bbfcdb"
"SAT_RW_10","RW_split_v9","10-front","mixed","RW10-M1-Q22","RW","1","base","22","Expression of Ideas","Transitions","RW_TR_001","Select transition that logically connects ideas","logical_link","Easy","1","multiple_choice","A sleep study found that students who moved their bedtimes thirty minutes earlier performed better on a morning attention task, even though their total sleep time changed little. ____ the researchers cautioned that the trial lasted only six nights and did not show whether the improvement would persist over a full semester.","Which choice completes the text with the most logical transition?","For example,","However,","Similarly,","Consequently,","B","2","The second sentence limits the positive result by noting the trial’s short duration and uncertain long-term effect, so ""However,"" most logically marks the shift. The other choices signal an example, similarity, or consequence rather than a qualification.","55","none","{}","","","","","","Transitions","","rw,passage:R004,arch:RW_TR_001,sim:rw_transitions_logical_link,surf:SURF_RW_TR_001,profile:D1,fp:295d42d0e2b152ff,csig:dcba273aad57"
"SAT_RW_10","RW_split_v9","10-front","mixed","RW10-M1-Q23","RW","1","base","23","Expression of Ideas","Transitions","RW_TR_009","Select transition that logically connects ideas","cause_effect","Medium","1","multiple_choice","Linguists expected a new vowel pronunciation to spread outward from the city center. Recordings collected over five years instead showed the earliest increase in two suburban districts connected by frequent commuter travel. ____ the team revised its diffusion model to give transportation links a larger role.","Which choice most logically completes the text?","For instance,","Meanwhile,","Consequently,","Nevertheless,","C","3","The recordings conflicted with the original center-outward model, and the team revised that model as a result. ""Consequently,"" expresses this result relation. The other choices signal an example, simultaneous event, or concession.","55","none","{}","","","","","","Transitions","","rw,passage:R010,arch:RW_TR_009,sim:rw_transitions_cause_effect,surf:SURF_RW_TR_009,profile:D2,fp:de490e813d96de80,csig:2001d44bc76d"
"SAT_RW_10","RW_split_v9","10-front","mixed","RW10-M1-Q24","RW","1","base","24","Expression of Ideas","Transitions","RW_TR_008","Select transition that logically connects ideas","contrast","Medium","1","multiple_choice","Students using searchable digital textbooks located isolated facts faster than students using printed books. Students using print, however, more accurately remembered whether a diagram had appeared near the beginning or end of a chapter. ____ the researchers concluded that neither format offered the same advantage for every kind of reading task.","Which transition best connects the ideas in the text?","In particular,","In contrast,","Accordingly,","Meanwhile,","C","3","The preceding sentences show that digital and print formats each had a different advantage. ""Accordingly,"" introduces the conclusion drawn from those results: no single format was best for every task. The other choices signal an example, a new contrast, or simultaneity.","55","none","{}","","","","","","Transitions","","rw,passage:R016,arch:RW_TR_008,sim:rw_transitions_contrast,surf:SURF_RW_TR_008,profile:D2,fp:f5d1a72547998591,csig:a50ef615a4de"
"SAT_RW_10","RW_split_v9","10-front","mixed","RW10-M1-Q25","RW","1","base","25","Expression of Ideas","Rhetorical Synthesis","RW_RS_001","Use notes to achieve a writing goal","revision_goal","Easy","1","multiple_choice","A student wants to explain how a classroom air-filter pilot improved air quality while limiting energy use.

- Portable filters used sensor-controlled fans.
- Fan speed increased only when fine-particle readings rose.
- Average fine-particle exposure fell by 28%.
- Electricity use was 12% lower than in a comparison setup whose fans ran continuously at high speed.","Which choice most effectively uses the notes to accomplish the stated goal?","The classroom pilot used portable, sensor-controlled filters that increased fan speed when fine-particle readings rose and recorded a 28% decline in exposure.","Using sensor readings to raise fan speed only when particle levels increased, the pilot lowered fine-particle exposure by 28% while using 12% less electricity than continuous high-speed operation.","Fine-particle exposure fell by 28% in the pilot, while the comparison setup kept its fans at high speed throughout the classroom monitoring period.","The portable filters used sensor-controlled fans, and electricity use was 12% lower than in the continuous high-speed comparison setup during the pilot.","B","2","The keyed sentence connects the sensor-controlled mechanism with both outcomes the student wants to emphasize: lower fine-particle exposure and lower electricity use than continuous high-speed operation. The other choices mention accurate notes but omit either the mechanism or one side of the stated goal.","70","none","{}","","","","","","Rhetorical Synthesis","","rw,passage:R022,arch:RW_RS_001,sim:rw_rhetorical_synthesis_revision_goal,surf:SURF_RW_RS_001,profile:D1,fp:06fbd7684800768d,csig:18f745ba5aab"
"SAT_RW_10","RW_split_v9","10-front","mixed","RW10-M1-Q26","RW","1","base","26","Expression of Ideas","Rhetorical Synthesis","RW_RS_009","Use notes to achieve a writing goal","contrast","Medium","1","multiple_choice","A student wants to compare two methods for attaching young corals and emphasize the tradeoff between installation effort and storm performance.

- Ceramic plugs took less time to install than mesh cradles.
- After a major storm, 61% of corals on ceramic plugs remained attached.
- After the same storm, 82% of corals in mesh cradles remained attached.
- At a calm lagoon site, survival was similar for the two methods.","Which choice best uses information from the notes to meet the student's goal?","Mesh cradles took longer to install than ceramic plugs but retained more young corals after the storm, while survival at the calm lagoon site was similar for the two methods.","Ceramic plugs were faster to install than mesh cradles, and 61% of corals on plugs remained attached after the storm.","At the calm lagoon site, the two attachment methods had similar survival, so installation time was the only meaningful difference between them.","After the storm, mesh cradles retained 82% of corals, showing that ceramic plugs should not be used at any restoration site.","A","1","The keyed sentence directly compares the methods on both requested dimensions: mesh cradles took longer to install but retained more corals after the storm, while calm-site survival was similar. The other choices omit part of the tradeoff or overgeneralize the results.","70","none","{}","","","","","","Rhetorical Synthesis","","rw,passage:R028,arch:RW_RS_009,sim:rw_rhetorical_synthesis_contrast,surf:SURF_RW_RS_009,profile:D2,fp:92bb5b4ed3b7749a,csig:232c66f1caf5"
"SAT_RW_10","RW_split_v9","10-front","mixed","RW10-M1-Q27","RW","1","base","27","Expression of Ideas","Rhetorical Synthesis","RW_RS_008","Use notes to achieve a writing goal","supporting_detail","Medium","1","multiple_choice","A student wants to highlight how passenger movement changed over time after a station installed new directional arrows.

- In the first week, 18% of observed passengers doubled back before reaching the correct platform.
- By the fourth week, 9% doubled back.
- Overall passenger volume stayed about the same.
- Observers noted more direct routes among occasional riders by week four.","Which choice most effectively synthesizes the notes to fulfill the student's goal?","The station installed new directional arrows, and observers later reported that occasional riders followed more direct routes during the fourth week of the study.","Overall passenger volume stayed about the same across the four weeks, although some travelers still doubled back before reaching the correct platform.","In the first week after installation, 18% of passengers doubled back, while observers separately noted that occasional riders sometimes took indirect routes.","After the arrows were installed, doubling back fell from 18% in week one to 9% by week four while passenger volume stayed stable, showing more direct movement over time.","D","4","The keyed sentence uses the week-one and week-four percentages together with stable passenger volume to emphasize a change in movement over time. The other choices mention the installation, a single week, or stable volume without synthesizing the temporal improvement requested by the goal.","70","none","{}","","","","","","Rhetorical Synthesis","","rw,passage:R034,arch:RW_RS_008,sim:rw_rhetorical_synthesis_supporting_detail,surf:SURF_RW_RS_008,profile:D3,fp:7b4d22454b0d5544,csig:27597b86b8c4"
"SAT_RW_10","1","RW_10_BACK","High","RW10_M2_Q01","RW","2","hard","1","Craft and Structure","Words in Context","RW_WIC_001","Determine meaning or function of a word/phrase in context","cause_effect","Hard","1","multiple_choice","A museum conservator examining nineteenth-century blueprints noticed that several annotations had faded more rapidly than the architectural lines around them. The team photographed each sheet under visible and ultraviolet light, then compared areas written with different inks. Iron-gall notes remained comparatively dark, whereas a violet copying ink nearly disappeared where the paper had been exposed to prolonged daylight. Yet the pattern was not uniform: annotations covered for decades by folded edges retained much more color. The conservator therefore argued that light exposure, rather than simple age, had attenuated the violet ink. Humidity records complicated the picture because the most exposed sheets had also spent years in a damp storage room. Still, protected portions of those same sheets preserved their violet marks, giving the team a within-page comparison. The evidence does not eliminate humidity as a contributor, but it makes light exposure a more precise explanation for the sharpest losses.","Which choice best describes how “attenuated” functions in the passage?","It presents humidity as a mechanism that completely replaces the role of light.","It narrows the proposed cause by describing a reduced intensity in one observable feature.","It characterizes the violet ink as chemically stronger than the iron-gall ink.","It marks the conservator’s conclusion as a chronological description rather than a causal interpretation.","B","2","The passage uses “attenuated” to describe the weakening of the violet ink under light exposure. This supports a causal interpretation while leaving humidity as a possible contributor.","90","none","{}","","","","","","Words in Context","","passage:R003;arch:RW_WIC_001;sim:rw_words_in_context_cause_effect;fp:509c82838d;surface:SURF_RW_WIC_001;wic;hard_vocab;vocab:HV_129;tier:V4;target:attenuated;wic_arch:WIC_PRECISION_EFFECT_01"
"SAT_RW_10","1","RW_10_BACK","High","RW10_M2_Q02","RW","2","hard","2","Craft and Structure","Words in Context","RW_WIC_002","Determine meaning or function of a word/phrase in context","purpose_sentence","Hard","1","multiple_choice","In a study of urban heat, ecologists placed temperature sensors beneath street trees in four neighborhoods. Mature trees lowered midday pavement temperatures substantially, but the size of the effect varied with canopy shape. Broad crowns shaded large areas continuously, while narrow crowns produced patches of shade that shifted during the afternoon. The researchers initially expected total leaf area to predict cooling well. Instead, two species with similar leaf area differed markedly because one held its leaves in a dense horizontal layer and the other distributed them along upright branches. This finding qualifies a simple claim that planting any large tree will produce the same thermal benefit. It does not diminish the value of tree planting; rather, it shows that architecture matters alongside size. The distinction is important for streets where planting pits are scarce, because selecting a species with a broad crown may provide more useful shade without requiring additional planting locations.","Which choice best describes the effect of “qualifies” in the passage?","It rejects the usefulness of tree planting because canopy shapes vary among species.","It shifts attention from street temperature to the cost of planting additional trees.","It limits a broad generalization by showing that trees of similar size can differ in cooling performance.","It treats leaf area as a measurement error that the researchers later corrected.","C","3","“Qualifies” introduces a limitation on the simple claim that any large tree provides the same benefit: canopy architecture changes the outcome.","90","none","{}","","","","","","Words in Context","","passage:R009;arch:RW_WIC_002;sim:rw_words_in_context_purpose_sentence;fp:b3642240d7;surface:SURF_RW_WIC_002;wic;hard_vocab;vocab:HV_121;tier:V4;target:qualifies;wic_arch:WIC_CLAIM_FUNCTION_01"
"SAT_RW_10","1","RW_10_BACK","High","RW10_M2_Q03","RW","2","hard","3","Craft and Structure","Words in Context","RW_WIC_003","Determine meaning or function of a word/phrase in context","word_function","Hard","1","multiple_choice","A literary historian studying serialized fiction compared early magazine installments with later book editions of the same novels. Editors often assumed that revisions in the books simply corrected hurried magazine prose. The historian found a more complicated pattern. Some book passages were indeed tightened, but others added repetitions, pauses, and seemingly unnecessary descriptive details. Those additions clustered around scenes in which characters hesitate before making consequential decisions. In the magazine versions, such scenes moved quickly toward action; in the books, the added delays made uncertainty more conspicuous. The historian argues that the revisions frame hesitation as an important part of characterization rather than as material to be edited away. This interpretation also accounts for why the added details are unevenly distributed: routine scenes changed little. Because the revisions repeatedly slow moments of choice while leaving surrounding events brisk, they appear to alter readers' attention, not merely to polish sentences.","Which choice best describes how “frame” contributes to the passage?","It suggests that editors physically enclosed the revised scenes with decorative material.","It portrays the magazine installments as more psychologically complex than the books.","It identifies hesitation as evidence that the book revisions were made without a consistent purpose.","It presents hesitation as a deliberate characterization effect of the revisions.","D","4","The historian interprets the added delays as shaping how readers understand hesitation—as characterization—rather than as mere polishing.","90","none","{}","","","","","","Words in Context","","passage:R015;arch:RW_WIC_003;sim:rw_words_in_context_word_function;fp:573ad4a558;surface:SURF_RW_WIC_003;wic;hard_vocab;vocab:HV_005;tier:V3;target:frame;wic_arch:WIC_RELATION_FUNCTION_01"
"SAT_RW_10","1","RW_10_BACK","High","RW10_M2_Q04","RW","2","hard","4","Craft and Structure","Words in Context","RW_WIC_004","Determine meaning or function of a word/phrase in context","revision_goal","Hard","1","multiple_choice","Engineers evaluating a coastal footbridge tested how pedestrians responded to subtle lateral motion. The bridge was safe under ordinary loads, yet walkers sometimes reported discomfort on windy days. During controlled trials, participants crossed while hidden actuators produced small side-to-side movements at different frequencies. People adjusted their step timing most when the motion approached the rhythm of normal walking, even though the displacement remained tiny. At slower or faster frequencies, many participants noticed movement but changed their gait much less. The engineers therefore describe the response as contingent on timing rather than on motion alone. That distinction matters for design: simply reducing the maximum displacement may not address the condition that most strongly alters walking. A damping system tuned to the troublesome frequency could be more effective than one that merely limits broad movement. The trials do not establish how crowded groups would respond, but they isolate a specific interaction between bridge motion and pedestrian rhythm.","Which choice best describes the role of “contingent” in the passage?","It indicates that the response depends on the relation between bridge motion and walking rhythm.","It suggests that discomfort occurs because participants know actuators are moving the bridge.","It presents the response as similar across the tested movement frequencies.","It implies that reducing displacement is generally more effective than tuning damping to frequency.","A","1","“Contingent” makes the response conditional on timing: gait changes were strongest near normal walking frequency, not with motion in general.","90","none","{}","","","","","","Words in Context","","passage:R021;arch:RW_WIC_004;sim:rw_words_in_context_revision_goal;fp:fa4238e302;surface:SURF_RW_WIC_004;wic;hard_vocab;vocab:HV_128;tier:V4;target:contingent;wic_arch:WIC_PRECISION_EFFECT_01"
"SAT_RW_10","1","RW_10_BACK","High","RW10_M2_Q05","RW","2","hard","5","Craft and Structure","Text Structure and Purpose","RW_TSP_001","Analyze structure or purpose","purpose_sentence","Hard","1","multiple_choice","Archaeologists investigating an ancient hillside settlement mapped hundreds of small stone channels that had long been interpreted as irrigation works. The channels do lead downhill, and some connect to larger basins, facts that initially supported the irrigation hypothesis. However, soil samples from fields beside the channels contained no unusual concentration of water-loving crop remains. More importantly, many channels terminate at house foundations rather than cultivated terraces. The researchers propose that at least part of the network redirected stormwater away from buildings. They note that intense seasonal rain would have threatened walls made from packed earth, especially on steep slopes. Several channels also contain layers of coarse gravel, a material that speeds drainage but would make controlled irrigation difficult. The team does not claim that agriculture played no role in the system. Instead, it argues for a mixed network whose functions varied by location, with domestic drainage explaining features that an exclusively agricultural account leaves unresolved.","Which choice best describes the overall structure of the text?","It describes two competing excavation methods and argues that the less common method should replace the other.","It lists several features of the channels in chronological order and then explains how each feature was dated.","It begins with a stormwater hypothesis and then abandons it after evidence of agricultural use is discovered.","It presents a traditional interpretation, introduces several observations that complicate it, and proposes a broader explanation that accommodates those observations.","D","4","The passage starts with the irrigation interpretation, presents evidence that does not fit it, and develops a mixed-function account that explains more of the channel network.","90","none","{}","","","","","","Text Structure and Purpose","","passage:R027;arch:RW_TSP_001;sim:rw_text_structure_and_purpose_purpose_sentence;fp:3a663f8e4d;surface:SURF_RW_TSP_001"
"SAT_RW_10","1","RW_10_BACK","High","RW10_M2_Q06","RW","2","hard","6","Craft and Structure","Text Structure and Purpose","RW_TSP_002","Analyze structure or purpose","word_function","Hard","1","multiple_choice","For decades, music scholars described a set of eighteenth-century keyboard exercises as straightforward technical drills. A recent analysis, however, compares the exercises with improvisation manuals used by performers of the same period. Both sources repeatedly place short melodic figures over bass patterns that invite multiple continuations. The analyst observes that the exercises rarely prescribe fingering and often end before a full cadence, features unusual in pieces intended only for repetitive practice. <u>Seen alongside the manuals, these omissions make the exercises look less like finished drills than like prompts from which a player could invent several continuations.</u> Surviving notebooks strengthen that reading: students copied the opening figures but then supplied different endings in adjacent measures. The analyst therefore proposes that teachers used the exercises to cultivate flexible pattern recognition as well as dexterity. Technical practice remained part of the lesson, but the open-ended format allowed students to rehearse the conventions needed for spontaneous performance.","Which choice best describes the function of the underlined portion in the text as a whole?","It summarizes the notebooks in order to show that students rejected the exercises as technical practice.","It draws an inference from the comparison with improvisation manuals and prepares for corroborating evidence from student notebooks.","It introduces a competing explanation that the analyst later disproves by examining the lack of prescribed fingering.","It provides a definition of improvisation that is necessary to understand the later discussion of cadences.","B","2","The underlined sentence interprets the omissions as evidence of open-ended use; the next sentence then adds notebook evidence consistent with that interpretation.","90","none","{}","","","","","","Text Structure and Purpose","","passage:R033;arch:RW_TSP_002;sim:rw_text_structure_and_purpose_word_function;fp:31e9455c77;surface:SURF_RW_TSP_002"
"SAT_RW_10","1","RW_10_BACK","High","RW10_M2_Q07","RW","2","hard","7","Craft and Structure","Text Structure and Purpose","RW_TSP_003","Analyze structure or purpose","revision_goal","Hard","1","multiple_choice","Researchers studying nocturnal moths have often treated artificial light as a single disturbance, but different wavelengths can produce distinct behavioral effects. In field enclosures, a team compared moth activity under amber, white, and blue-rich lamps of equal brightness. Blue-rich light drew the greatest number of moths toward the fixture, while amber light attracted fewer individuals. Yet the researchers also tracked feeding on flowers placed away from each lamp. Under amber light, moths visited those flowers almost as often as they did in darkness; under white light, visits declined moderately; under blue-rich light, visits fell sharply. The team argues that attraction to a lamp and disruption of feeding should not be treated as interchangeable measures. A lighting design that reduces gathering at the fixture may still alter movement elsewhere, and a design that appears disruptive by one measure may be comparatively benign by another. Evaluating several behaviors therefore changes which lighting option seems least harmful.","Which choice best states the primary purpose of the text?","To establish that amber lamps prevent moths from approaching artificial light while preserving all feeding behavior","To show that brightness, rather than wavelength, determines how strongly artificial light affects moth activity","To argue that evaluating multiple moth behaviors can change assessments of which artificial-light spectrum is least disruptive","To compare moth species in order to identify which species is most vulnerable to blue-rich lamps","C","3","The text contrasts attraction and feeding measures and concludes that using multiple behavioral measures can change which lighting option appears least harmful.","90","none","{}","","","","","","Text Structure and Purpose","","passage:R039;arch:RW_TSP_003;sim:rw_text_structure_and_purpose_revision_goal;fp:2505c75f21;surface:SURF_RW_TSP_003"
"SAT_RW_10","1","RW_10_BACK","High","RW10_M2_Q08","RW","2","hard","8","Craft and Structure","Cross-Text Connections","RW_CTC_001","Compare claims across paired texts","word_function","Hard","1","multiple_choice","Text 1:
A materials scientist argues that replacing a cracked ceramic component with a polymer composite can extend the service life of small water pumps. The composite bends slightly under pressure and therefore resists the brittle fractures that often begin at tiny surface defects in ceramic. In field repairs, technicians can also shape replacement parts with simpler tools. The scientist acknowledges that composites may wear faster when water carries abrasive sand, but maintains that their tolerance of impact makes them attractive for many installations.

Text 2:
An engineer studying pump failures cautions that flexibility alone is not a sufficient basis for choosing replacement materials. In sandy wells, composite impellers gradually lose their carefully shaped edges, reducing pumping efficiency before an obvious break occurs. Ceramic parts are more brittle, but their hard surfaces retain their geometry longer under abrasion. The engineer therefore recommends matching material to the dominant failure risk rather than adopting one replacement material across sites.","Based on the texts, how would the author of Text 2 most likely respond to the argument in Text 1?","By rejecting the claim that composite parts can be shaped with simpler tools because ceramic is equally easy to modify in the field","By agreeing that composites should replace ceramic parts at most sites because flexibility also prevents abrasive wear","By agreeing that composites can be advantageous where impact damage is the main concern but emphasizing that abrasive conditions can make ceramic preferable","By arguing that ceramic parts resist impact better than composites even though their surfaces wear more quickly","C","3","Text 2 accepts that different material properties matter but emphasizes abrasion. It would qualify Text 1 by making the preferred material depend on the dominant failure mode.","90","none","{}","","","","","","Cross-Text Connections","","passage:R006;arch:RW_CTC_001;sim:rw_cross_text_connections_word_function;fp:d180ae6b9a;surface:SURF_RW_CTC_001"
"SAT_RW_10","1","RW_10_BACK","High","RW10_M2_Q09","RW","2","hard","9","Information and Ideas","Central Ideas and Details","RW_CID_001","Identify main idea, key detail, or summary","main_claim","Hard","1","multiple_choice","Marine biologists monitored a shallow seagrass meadow across two summers and recorded water clarity along with leaf growth and grazing by small fish. After a stormier winter, suspended sediment remained high through early spring, reducing the light reaching the meadow. Seagrass growth initially slowed, and researchers expected the decline to continue. By midsummer, however, leaf production had recovered even though water clarity was still lower than in the previous year. Underwater video revealed that grazing fish had shifted toward nearby algae growing on rocks, leaving more new seagrass leaves uneaten. The meadow thus experienced two changes with opposing effects: reduced light constrained growth, while reduced grazing allowed a larger share of new tissue to survive. The researchers caution that the recovery does not show that turbidity is harmless. Instead, it illustrates how a biological response can reflect several simultaneous pressures, so a single environmental measure may not predict the direction of change by itself.","Which choice best states the main idea of the text?","The seagrass meadow recovered because reduced grazing partly offset the growth-limiting effect of persistently turbid water.","The stormier winter improved seagrass growth by increasing sediment and encouraging fish to graze directly on the meadow.","Water clarity returned to its earlier level by midsummer, allowing seagrass production to exceed the previous year’s rate.","The fish moved toward algae because seagrass leaves became less nutritious after the stormier winter.","A","1","The recovery occurred despite lower clarity because reduced grazing allowed more new tissue to survive, illustrating opposing pressures.","90","none","{}","","","","","","Central Ideas and Details","","passage:R001;arch:RW_CID_001;sim:rw_central_ideas_and_details_main_claim;fp:9630c650ff;surface:SURF_RW_CID_001"
"SAT_RW_10","1","RW_10_BACK","High","RW10_M2_Q10","RW","2","hard","10","Information and Ideas","Central Ideas and Details","RW_CID_002","Identify main idea, key detail, or summary","supporting_detail","Hard","1","multiple_choice","A historian examining municipal archives traced how a city's public markets changed after electric streetcars began operating in the 1890s. Before the new lines opened, most vendors rented stalls near the central rail station, where shoppers arriving from surrounding towns already gathered. Within a decade, several smaller markets appeared along streetcar routes in residential districts. City inspection reports show that these neighborhood markets sold many of the same staple foods as the central market, but their busiest hours came in the late afternoon rather than early morning. The historian argues that streetcars did more than move customers to an existing commercial center: they helped redistribute routine shopping across the city. The central market remained important for wholesale trade and specialty goods, so the change was not simple replacement. Instead, transportation altered when and where ordinary purchases were convenient, encouraging a more dispersed retail geography while preserving specialized functions at the older hub.","Which choice best states a central idea of the text?","Neighborhood markets displaced the central market because they offered wholesale goods at earlier hours.","The central market remained dominant because streetcar riders continued to shop near the rail station.","Streetcars changed the products sold in city markets more than they changed the locations or times of shopping.","Streetcars contributed to a redistribution of everyday shopping while the older central market retained specialized commercial roles.","D","4","The historian links streetcars to dispersed routine shopping while noting that the central market remained important for wholesale and specialty functions.","90","none","{}","","","","","","Central Ideas and Details","","passage:R002;arch:RW_CID_002;sim:rw_central_ideas_and_details_supporting_detail;fp:fc18c02b58;surface:SURF_RW_CID_002"
"SAT_RW_10","1","RW_10_BACK","High","RW10_M2_Q11","RW","2","hard","11","Information and Ideas","Central Ideas and Details","RW_CID_003","Identify main idea, key detail, or summary","contrast","Hard","1","multiple_choice","Biochemists studying an enzyme that repairs damaged DNA compared two forms of the protein that differ at a single amino acid. In purified solutions, both forms bound damaged DNA at nearly identical rates, suggesting that the substitution does not affect initial recognition. The difference emerged after binding. The common form remained attached long enough to recruit a second repair protein efficiently, whereas the variant released the DNA sooner. Cells engineered to produce the variant accumulated more unrepaired lesions after exposure to ultraviolet light, but only when the second repair protein was present at ordinary concentrations. Increasing that protein's concentration partly restored repair. The researchers conclude that the variant changes the timing of a molecular handoff rather than eliminating DNA recognition itself. A shortened attachment interval can therefore explain both the normal binding measurements and the cellular defect by reducing the chance that the next protein arrives before the enzyme departs, even though the first step remains intact.","Which choice best captures the central idea of the text?","The variant prevents the enzyme from binding damaged DNA, and increasing the second protein cannot compensate for that defect.","The common protein remains attached longer because it binds a different kind of DNA lesion than the variant does.","The protein variant recognizes damaged DNA normally but shortens the interval available for recruitment of a second repair protein.","Ultraviolet exposure changes the concentration of the second repair protein, which causes the observed difference in binding rates.","C","3","The binding rates are similar, but the variant releases DNA sooner; increasing the second protein partly rescues repair, supporting a timing-of-handoff explanation.","90","none","{}","","","","","","Central Ideas and Details","","passage:R007;arch:RW_CID_003;sim:rw_central_ideas_and_details_contrast;fp:cc76f52573;surface:SURF_RW_CID_003"
"SAT_RW_10","1","RW_10_BACK","High","RW10_M2_Q12","RW","2","hard","12","Information and Ideas","Command of Evidence","RW_COE_001","Use textual or quantitative evidence","supporting_detail","Hard","1","multiple_choice","A cognitive scientist investigated whether drawing diagrams helps students solve unfamiliar logic problems because diagrams reduce memory demands or because they reveal structural relationships. Participants studied sets of statements describing how objects were ordered, then answered questions about those orders. One group could draw freely, another received a printed diagram that preserved every statement but arranged the objects randomly, and a third received a diagram that spatially represented the stated relationships. All three groups could consult the original statements. The relationship-based diagram group solved substantially more problems correctly than either comparison group. The free-drawing group performed somewhat better than the random-diagram group, especially when participants created consistent spatial layouts. The scientist argues that externalizing information can help, but that the benefit depends strongly on how the representation organizes relations. A display that merely places information on a page does not provide the same advantage as one whose structure corresponds to the problem's structure.","Which finding from the study, if considered on its own, most directly supports the scientist’s claim that the organization of a representation matters beyond merely externalizing information?","Participants who drew freely performed somewhat better than the random-diagram group.","All participants were allowed to consult the original statements while answering questions.","Some participants in the free-drawing group created consistent spatial layouts.","Participants given relationship-based diagrams outperformed participants given random-layout diagrams even though both groups received information outside their memory.","D","4","The comparison between two externally displayed representations isolates organization: only the relationship-based diagram maps the problem’s structure, and that group performs substantially better.","90","none","{}","","","","","","Command of Evidence","","passage:R005;arch:RW_COE_001;sim:rw_command_of_evidence_supporting_detail;fp:941664f99b;surface:SURF_RW_COE_001"
"SAT_RW_10","1","RW_10_BACK","High","RW10_M2_Q13","RW","2","hard","13","Information and Ideas","Command of Evidence","RW_COE_002","Use textual or quantitative evidence","contrast","Hard","1","multiple_choice","Ecologists testing a restoration technique planted native wildflowers in abandoned fields using two seed mixtures. One mixture contained equal numbers of seeds from each species; the other contained more seeds of species that germinate slowly. After the first spring, plots with equal mixtures showed higher species counts because fast-germinating plants appeared quickly. By the third year, however, the slow-weighted plots contained more species and a more even distribution of flowering stems. Seedling surveys explained part of the change: several slow-germinating species emerged only after experiencing two winters. The researchers had predicted that giving those species a larger initial representation would increase their chance of persisting until suitable germination conditions occurred. The later surveys are consistent with that prediction. They do not show that equal mixtures are ineffective, since those plots still supported diverse vegetation. Rather, the findings suggest that seed allocation can influence when restoration success becomes visible and which species contribute to mature communities.","Which finding most directly supports the researchers’ prediction that weighting the seed mixture toward slow-germinating species could improve later restoration outcomes?","Equal-mixture plots had higher species counts after the first spring because fast-germinating plants appeared quickly.","Several slow-germinating species emerged only after two winters, and by year three the slow-weighted plots contained more species with a more even distribution of flowering stems.","Both seed mixtures ultimately supported vegetation in the abandoned fields.","The researchers used native wildflowers rather than nonnative species in both mixtures.","B","2","The delayed emergence plus the stronger year-three diversity in slow-weighted plots directly connects extra initial representation of slow germinators with later outcomes.","90","none","{}","","","","","","Command of Evidence","","passage:R008;arch:RW_COE_002;sim:rw_command_of_evidence_contrast;fp:b82e363d6a;surface:SURF_RW_COE_002"
"SAT_RW_10","1","RW_10_BACK","High","RW10_M2_Q14","RW","2","hard","14","Information and Ideas","Inferences","RW_INF_001","Draw supported conclusions","contrast","Hard","1","multiple_choice","An economist analyzed small retailers that adopted digital inventory systems at different times. Stores using the systems could see current stock levels and receive automatic reorder alerts. After adoption, average shortages declined, but the effect was concentrated in products with irregular demand. For staples purchased at predictable rates, managers had already estimated reordering needs accurately using paper records. Interviews showed another difference: managers rarely accepted automated reorder quantities without review. They often changed suggested amounts when local events, weather, or supplier delays were expected to affect demand. Stores whose managers reviewed alerts daily had fewer shortages than stores that checked the system only weekly, even though both used identical software. The economist infers that the technology's value came partly from making changing information easier to act on, not from replacing managerial judgment. Its largest gains occurred where previous routines were least able to accommodate volatility and where staff incorporated the new information frequently.","Which choice most logically completes the text’s reasoning?","Managers’ frequent review of inventory alerts likely contributed to the systems’ effectiveness by allowing store-specific information to shape reorder decisions.","The digital systems were effective mainly because managers stopped using local knowledge once automated alerts became available.","Predictable staple products benefited most from the software because their demand was hardest to estimate using paper records.","The software itself incorporated every local event and supplier delay before managers reviewed its recommendations.","A","1","Managers changed automated quantities based on local conditions, and daily reviewers had fewer shortages. This supports the inference that active use of local judgment contributed to the technology’s value.","90","none","{}","","","","","","Inferences","","passage:R011;arch:RW_INF_001;sim:rw_inferences_contrast;fp:2987eb6e05;surface:SURF_RW_INF_001"
"SAT_RW_10","1","RW_10_BACK","High","RW10_M2_Q15","RW","2","hard","15","Information and Ideas","Inferences","RW_INF_002","Draw supported conclusions","cause_effect","Hard","1","multiple_choice","A paleontologist compared fossil shells from several layers of an ancient lake bed. Earlier layers contained mostly thick-shelled snails, while later layers included many thinner shells with wider openings. One possible explanation was a change in water chemistry that made shell building more costly. Chemical traces in the sediments, however, showed little change across the relevant layers. Another clue came from fossil fish teeth: crushing-tooth forms became much rarer just before thin-shelled snails increased. Modern relatives of those fish prey heavily on thick-shelled snails, which survive crushing better than thin-shelled forms. The paleontologist therefore suggests that reduced predation relaxed an advantage formerly associated with heavy shells. This interpretation remains provisional because the fossil record cannot show individual attacks. Still, the timing links a decline in specialized predators with a shift in shell form, while the stable chemical evidence weakens an environmental-cost explanation that would otherwise fit the same morphological change.","Which inference about shell thickness is best supported by the text?","Thinner shells became common because sediment chemistry sharply increased the energetic cost of shell formation.","Thicker shells may have been more advantageous when crushing predators were common, so their advantage weakened as those predators declined.","Crushing predators preferentially consumed thin-shelled snails, causing thick shells to become rarer over time.","The shift in shell form must have occurred before the decline in crushing-tooth fish because predator populations respond slowly to prey.","B","2","The timing and modern predator behavior support the idea that thick shells offered protection under stronger crushing predation and became less advantageous when that pressure relaxed.","90","none","{}","","","","","","Inferences","","passage:R013;arch:RW_INF_002;sim:rw_inferences_cause_effect;fp:814eb8894c;surface:SURF_RW_INF_002"
"SAT_RW_10","1","RW_10_BACK","High","RW10_M2_Q16","RW","2","hard","16","Standard English Conventions","Boundaries","SEC.BND","Boundaries","Coordinating independent clauses","Hard","1","multiple_choice","The ridge station’s summer readings, after correction of a duplicated date that had shifted the monthly average, matched those of the coastal station ____ its winter readings remained lower during storms that brought strong ocean winds.","Which choice completes the text so that it conforms to the conventions of Standard English?","but",", but","; but","and,","B","2","The sentence joins two independent clauses with the coordinating conjunction 'but,' so a comma must precede the conjunction. The other placements do not correctly coordinate the clauses.","90","none","{}","","","","","","Boundaries","","sec;grammar;arch:SEC-BND-014;sim:SEC.BND:coordination_comma_fanboys:D. academic register;fp:9f5ebb8ae2;tier:SEC3;surface:SEC-BND-014_pkg10;grammar_family:coordination_comma_fanboys"
"SAT_RW_10","1","RW_10_BACK","High","RW10_M2_Q17","RW","2","hard","17","Standard English Conventions","Boundaries","SEC.BND","Boundaries","Colon after a complete lead-in","Hard","1","multiple_choice","The revised catalog, which incorporates accession notes that the earlier inventory overlooked, resolves the discrepancy by identifying the two missing vessels’ later destination ____ a university collection in Kyoto.","Which choice completes the text so that it conforms to the conventions of Standard English?",";",", because",". Although",":","D","4","The material after the blank is a noun phrase that specifies the 'destination' announced by the complete lead-in. A colon correctly introduces that specification; the other choices create a fragment or an ill-formed clause connection.","90","none","{}","","","","","","Boundaries","","sec;grammar;arch:SEC-BND-044;sim:SEC.BND:colon_after_independent_clause:D. academic register;fp:bd70263849;tier:SEC3;surface:SEC-BND-044_pkg10;grammar_family:colon_after_independent_clause"
"SAT_RW_10","1","RW_10_BACK","High","RW10_M2_Q18","RW","2","hard","18","Standard English Conventions","Boundaries","SEC.BND","Boundaries","Commas in a series","Hard","1","multiple_choice","The expedition catalog lists material from three widely separated ports: navigation charts annotated in Bergen, Norway ____ and customs ledgers copied in Accra, Ghana.","Which choice completes the text so that it conforms to the conventions of Standard English?",", photographic plates labeled in Lima, Peru,","; and photographic plates labeled in Lima, Peru,","; photographic plates labeled in Lima, Peru;",", photographic plates labeled in Lima, Peru;","C","3","Because each list item already contains an internal comma separating a city from its country, semicolons are needed between the three items. The correct choice supplies semicolons on both sides of the middle item without adding an extra conjunction.","90","none","{}","","","","","","Boundaries","","sec;grammar;arch:SEC-BND-060;sim:SEC.BND:series_parallel_punctuation:E. expanded syntax;fp:e1f432b241;tier:SEC4;surface:SEC-BND-060_pkg10;grammar_family:series_parallel_punctuation"
"SAT_RW_10","1","RW_10_BACK","High","RW10_M2_Q19","RW","2","hard","19","Standard English Conventions","Form, Structure, and Sense","SEC.FSS","Form, Structure, and Sense","Subject-verb agreement","Hard","1","multiple_choice","Each of the spectral peaks recorded by the two instruments, including the faint peaks near the edge of the detector’s range, ____ the presence of a different molecular transition in the sample.","Which choice completes the text so that it conforms to the conventions of Standard English?","indicates","indicate","have indicated","were indicating","A","1","The subject is 'Each,' which is singular; the intervening plural nouns do not change that. The singular present-tense verb 'indicates' agrees with the subject and fits the general scientific statement.","90","none","{}","","","","","","Form, Structure, and Sense","","sec;grammar;arch:SEC-FSS-004;sim:SEC.FSS:subject_verb_agreement:D. logic cue;fp:9a2565a0c7;tier:SEC3;surface:SEC-FSS-004_pkg10;grammar_family:subject_verb_agreement"
"SAT_RW_10","1","RW_10_BACK","High","RW10_M2_Q20","RW","2","hard","20","Standard English Conventions","Form, Structure, and Sense","SEC.FSS","Form, Structure, and Sense","Pronoun-antecedent agreement","Hard","1","multiple_choice","The committee interviewed two architects and three engineers about the bridge proposal. The consultants each submitted a revised estimate after the committee sent ____ a common set of load assumptions and material prices.","Which choice completes the text so that it conforms to the conventions of Standard English?","them","him or her","it","themselves","A","1","The antecedent 'The consultants' is plural, and the pronoun serves as the indirect object of 'sent,' so the plural object pronoun 'them' is required.","90","none","{}","","","","","","Form, Structure, and Sense","","sec;grammar;arch:SEC-FSS-019;sim:SEC.FSS:pronoun_antecedent_agreement:D. logic cue;fp:9a862c1bf5;tier:SEC3;surface:SEC-FSS-019_pkg10;grammar_family:pronoun_antecedent_agreement"
"SAT_RW_10","1","RW_10_BACK","High","RW10_M2_Q21","RW","2","hard","21","Standard English Conventions","Form, Structure, and Sense","SEC.FSS","Form, Structure, and Sense","Finite and nonfinite verb forms","Hard","1","multiple_choice","Records from the observatory, ____ over three winters while the detector was repeatedly cooled below minus 20 degrees Celsius, reveal that the calibration error intensified as the instrument approached its lowest operating temperature.","Which choice completes the text so that it conforms to the conventions of Standard English?","were collected","had been collected","collecting","collected","D","4","The main predicate of the sentence is 'reveal,' so the material between commas must function as a modifier of 'Records.' The past participle 'collected' forms the required reduced passive modifier; the finite passive forms would create a competing main predicate, and 'collecting' illogically makes the records the collectors.","90","none","{}","","","","","","Form, Structure, and Sense","","sec;grammar;arch:SEC-FSS-015;sim:SEC.FSS:verb_form_nonfinite:E. expanded syntax;fp:7a462837e3;tier:SEC4;surface:SEC-FSS-015_pkg10;grammar_family:verb_form_nonfinite"
"SAT_RW_10","1","RW_10_BACK","High","RW10_M2_Q22","RW","2","hard","22","Standard English Conventions","Form, Structure, and Sense","SEC.FSS","Form, Structure, and Sense","Logical comparisons","Hard","1","multiple_choice","Because the upgraded spectrometer uses a narrower entrance slit while preserving the same detector array, the spectral resolution of the new instrument, especially for closely spaced emission lines, is substantially greater than ____.","Which choice completes the text so that it conforms to the conventions of Standard English?","the earlier instrument","that of the earlier instrument","the earlier instrument’s detector array","those of the earlier instrument","B","2","The sentence compares the spectral resolution of one instrument with the spectral resolution of another. 'That of the earlier instrument' supplies the singular comparison noun without illogically comparing resolution to an instrument or detector array or using the plural 'those.'","90","none","{}","","","","","","Form, Structure, and Sense","","sec;grammar;arch:SEC-FSS-040;sim:SEC.FSS:comparison_logic:E. expanded syntax;fp:24dd630cfa;tier:SEC4;surface:SEC-FSS-040_pkg10;grammar_family:comparison_logic"
"SAT_RW_10","1","RW_10_BACK","High","RW10_M2_Q23","RW","2","hard","23","Expression of Ideas","Transitions","RW_TR_001","Select transition that logically connects ideas","logical_link","Hard","1","multiple_choice","A coastal city tested porous pavement on two blocks where heavy rain often overwhelmed storm drains. During moderate storms, sensors beneath the pavement recorded substantially less surface runoff than sensors on nearby conventional pavement. During the most intense storm, however, both surfaces produced considerable runoff because the underlying soil had already become saturated. ____ the pilot suggests that porous pavement can reduce runoff under many conditions without eliminating the drainage problems created by exceptionally intense rainfall.","Which choice most logically completes the text?","Even so,","Consequently,","Taken together,","In particular,","C","3","The conclusion integrates the favorable moderate-storm result with the limitation observed in the intense storm. 'Taken together' signals that both findings are being synthesized rather than merely contrasted or treated as a single-step consequence.","90","none","{}","","","","","","Transitions","","passage:R004;arch:RW_TR_001;sim:rw_transitions_logical_link;fp:6a11cb2181;surface:SURF_RW_TR_001"
"SAT_RW_10","1","RW_10_BACK","High","RW10_M2_Q24","RW","2","hard","24","Expression of Ideas","Transitions","RW_TR_002","Select transition that logically connects ideas","logical_link","Hard","1","multiple_choice","A linguist compared recordings of the same regional dialect made fifty years apart. Several vowel pronunciations shifted toward patterns common in neighboring cities, a change consistent with increased travel and media contact. At the same time, speakers retained a distinctive local rhythm that listeners still identified reliably. ____ the newer recordings show convergence in some features alongside persistence in another socially recognizable feature.","Which transition most logically completes the text?","Nevertheless,","Hence,","Overall,","For instance,","C","3","The final sentence summarizes both preceding observations at a broader level. 'Overall' fits that synthesis, whereas the contrast and result choices capture only part of the rhetorical movement.","90","none","{}","","","","","","Transitions","","passage:R010;arch:RW_TR_002;sim:rw_transitions_punctuation_boundary;fp:0323d0ee81;surface:SURF_RW_TR_002"
"SAT_RW_10","1","RW_10_BACK","High","RW10_M2_Q25","RW","2","hard","25","Expression of Ideas","Transitions","RW_TR_003","Select transition that logically connects ideas","logical_link","Hard","1","multiple_choice","An art conservator examining a darkened mural found evidence for more than one source of color change. Near repaired cracks, a modern resin had yellowed slightly over blue paint; elsewhere, dark regions contained no resin but held soot in tiny surface pits. ____ on a small test patch without resin, removing soot restored much of the blue while producing little change on an adjacent resin-coated patch.","Which choice provides the most logical transition?","By contrast,","For example,","As a result,","Likewise,","B","2","The test-patch observation is a specific instance supporting the preceding general statement that more than one process contributed. The other relations are locally tempting because the sentence contains contrasting outcomes and a causal cleaning effect, but neither describes its role in the paragraph as precisely.","90","none","{}","","","","","","Transitions","","passage:R016;arch:RW_TR_003;sim:rw_transitions_verb_pronoun_agreement;fp:84a2a6550a;surface:SURF_RW_TR_003"
"SAT_RW_10","1","RW_10_BACK","High","RW10_M2_Q26","RW","2","hard","26","Expression of Ideas","Rhetorical Synthesis","RW_RS_001","Use notes to achieve a writing goal","revision_goal","Hard","1","multiple_choice","A student wants to emphasize a tradeoff involved in a library’s digitization project.

- The library digitized 18,000 fragile newspapers.
- Digital copies can be searched remotely and reduce handling of originals.
- High-resolution scanning required removing some bound volumes from their bindings.
- Conservators could rebind most volumes, but the process required additional time and money.","Which choice most effectively uses the notes to accomplish the stated goal?","Digitizing 18,000 fragile newspapers expanded remote access and reduced handling, but high-resolution scanning sometimes required costly, time-consuming rebinding of original volumes.","Because the library digitized 18,000 fragile newspapers, researchers can now search copies remotely instead of handling originals.","Conservators rebound most volumes after scanning, a process that required additional time and money.","The library’s high-resolution scanning project involved fragile newspapers, digital copies, bound volumes, and conservators.","A","1","The first choice explicitly presents both benefits and costs, directly emphasizing the requested tradeoff while accurately using the notes.","90","none","{}","","","","","","Rhetorical Synthesis","","passage:R022;arch:RW_RS_001;sim:rw_rhetorical_synthesis_revision_goal;fp:6915a769ef;surface:SURF_RW_RS_001"
"SAT_RW_10","1","RW_10_BACK","High","RW10_M2_Q27","RW","2","hard","27","Expression of Ideas","Rhetorical Synthesis","RW_RS_002","Use notes to achieve a writing goal","logical_link","Hard","1","multiple_choice","A student wants to explain why a research team changed its method for measuring nocturnal bird migration.

- The team first used ground microphones to count flight calls.
- Some species rarely call while migrating, so microphones undercounted them.
- The team later added thermal cameras that detect birds whether or not they call.
- Using both methods produced a broader estimate of migration activity.","Which choice uses the notes most effectively to achieve the student’s goal?","The team used ground microphones to count flight calls and later also used thermal cameras.","Thermal cameras detect migrating birds whether or not they call, and the team produced a broader estimate of migration activity.","Some migrating bird species rarely call, whereas other birds produce flight calls that microphones can record.","Because microphones miss species that migrate quietly, the team added thermal cameras, allowing its measurements to include birds regardless of whether they called.","D","4","The first choice links the limitation of the original method directly to the methodological change and its benefit, explaining why the team changed its approach.","90","none","{}","","","","","","Rhetorical Synthesis","","passage:R028;arch:RW_RS_002;sim:rw_rhetorical_synthesis_logical_link;fp:c3e8b50e9e;surface:SURF_RW_RS_002"
"SAT_Math_questions.10","10","math_v6_10","standard","MATH10_M1_Q01","MATH","1","base","1","Algebra","Linear Equations","ALG_LE_001","Solve a one-variable linear equation with constants on both sides","Solve a one-variable linear equation with constants on both sides","E1","1","multiple_choice","","If 3x + 5 = 20, what is the value of x?","3","15","25","5","D","4","Subtract 5 from both sides to get 3x = 15. Divide by 3 to get x = 5.","60","none","{}","","3x+5=20","","","","solve a one-variable linear equation with constants on both sides","","math,domain:Algebra,skill:ALG_LE_001,arch:MATH_ARCH_001_LINEAR_EQUATION_ONE_VARIABLE,sim:SIM_LINEAR_EQUATIONS_AND_INEQUALITIES,fp:5f4b271a,tier:E1"
"SAT_Math_questions.10","10","math_v6_10","standard","MATH10_M1_Q02","MATH","1","base","2","Geometry and Trigonometry","Trigonometry","GEO_TRIG_001","Convert between degrees and radians","Convert between degrees and radians","E1","1","multiple_choice","","An angle measures 90 degrees. What is the measure of the angle in radians?","π/4","π","2π","π/2","D","4","Since 180 degrees equals π radians, 90 degrees equals (90/180)π = π/2 radians.","60","none","{}","","","","","","convert between degrees and radians","","math,domain:Geometry and Trigonometry,skill:GEO_TRIG_001,arch:MATH_ARCH_095_RADIAN_DEGREE_CONVERSION,sim:SIM_ANGLE_UNIT_CONVERSION,fp:2c0e55a7,tier:E1"
"SAT_Math_questions.10","10","math_v6_10","standard","MATH10_M1_Q03","MATH","1","base","3","Algebra","Linear Equations","ALG_LE_006","Solve a one-variable linear inequality, including sign reversal","Solve a one-variable linear inequality, including sign reversal","E1","1","multiple_choice","","Which inequality is equivalent to -2x + 3 < 11?","x > -4","x < -4","x > 4","x < 4","A","1","Subtract 3 to get -2x < 8. Dividing by -2 reverses the inequality, so x > -4.","65","none","{}","","-2x+3<11","","","","solve a one-variable linear inequality, including sign reversal","","math,domain:Algebra,skill:ALG_LE_006,arch:MATH_ARCH_023_INEQUALITY_ONE_VARIABLE,sim:SIM_LINEAR_EQUATIONS_AND_INEQUALITIES,fp:d115f3da,tier:E1"
"SAT_Math_questions.10","10","math_v6_10","standard","MATH10_M1_Q04","MATH","1","base","4","Algebra","Linear Equations","ALG_LE_010","Represent within-tolerance condition using absolute value inequality","Represent within-tolerance condition using absolute value inequality","E1","1","multiple_choice","","A machine is considered calibrated if its reading m is within 0.4 unit of 25. Which inequality represents this condition?","|m + 25| ≤ 0.4","|m - 25| ≤ 0.4","|m - 0.4| ≤ 25","|m - 25| ≥ 0.4","B","2","Being within 0.4 of 25 means the distance between m and 25 is at most 0.4, so |m - 25| ≤ 0.4.","70","none","{}","","","","","","represent within-tolerance condition using absolute value inequality","","math,domain:Algebra,skill:ALG_LE_010,arch:MATH_ARCH_029_ABSOLUTE_VALUE_INEQUALITY_CONTEXT,sim:SIM_LINEAR_EQUATIONS_AND_INEQUALITIES,fp:b887fa8d,tier:E1"
"SAT_Math_questions.10","10","math_v6_10","standard","MATH10_M1_Q05","MATH","1","base","5","Geometry and Trigonometry","Volume","GEO_VOL_001","Compute volume of prism, cylinder, cone, sphere, or composite solid","Compute volume of prism, cylinder, cone, sphere, or composite solid","E1","1","student_response","","A rectangular prism has length 8 inches, width 5 inches, and height 3 inches. What is its volume, in cubic inches?","","","","","","","The volume of a rectangular prism is length times width times height. 8 × 5 × 3 = 120.","60","none","{}","","","integer","120","0","compute volume of prism, cylinder, cone, sphere, or composite solid","","math,domain:Geometry and Trigonometry,skill:GEO_VOL_001,arch:MATH_ARCH_099_SOLID_VOLUME,sim:SIM_SOLID_MEASUREMENT,fp:558bec15,tier:E1"
"SAT_Math_questions.10","10","math_v6_10","standard","MATH10_M1_Q06","MATH","1","base","6","Algebra","Linear Equations","ALG_LE_002","Clear denominators to solve a linear equation with fractional coefficients","Clear denominators to solve a linear equation with fractional coefficients","M1","1","multiple_choice","","What value of x satisfies x/3 + 5 = 11?","2","6","33","18","D","4","Subtract 5 to get x/3 = 6. Multiply by 3 to get x = 18.","65","none","{}","","x/3+5=11","","","","clear denominators to solve a linear equation with fractional coefficients","","math,domain:Algebra,skill:ALG_LE_002,arch:MATH_ARCH_002_LINEAR_EQUATION_FRACTIONS,sim:SIM_LINEAR_EQUATIONS_AND_INEQUALITIES,fp:64b05e98,tier:M1"
"SAT_Math_questions.10","10","math_v6_10","standard","MATH10_M1_Q07","MATH","1","base","7","Advanced Math","Nonlinear Functions","ADV_NF_002","Evaluate a function at a given input","Evaluate a function at a given input","M1","1","multiple_choice","","For the function f(x) = 2x^2 - 3, what is f(5)?","47","17","22","53","A","1","Substitute 5 for x: f(5) = 2(5^2) - 3 = 50 - 3 = 47.","65","none","{}","","f(x)=2x^2-3","","","","evaluate a function at a given input","","math,domain:Advanced Math,skill:ADV_NF_002,arch:MATH_ARCH_063_FUNCTION_EVALUATE,sim:SIM_FUNCTION_NOTATION_AND_VALUES,fp:a38a849a,tier:M1"
"SAT_Math_questions.10","10","math_v6_10","standard","MATH10_M1_Q08","MATH","1","base","8","Problem-Solving and Data Analysis","Ratios Rates and Proportions","PSD_RRP_001","Convert part-to-part ratio into part-to-whole fraction","Convert part-to-part ratio into part-to-whole fraction","M1","1","student_response","","In a bag, the ratio of red marbles to blue marbles is 3 to 5. What fraction of the marbles in the bag are red?","","","","","","","There are 3 red parts and 5 blue parts, for 8 total parts. The fraction that are red is 3/8.","65","none","{}","","","fraction","3/8","0","convert part-to-part ratio into part-to-whole fraction","","math,domain:Problem-Solving and Data Analysis,skill:PSD_RRP_001,arch:MATH_ARCH_032_RATIO_PART_TO_WHOLE,sim:SIM_RATIOS_RATES_PROPORTIONS,fp:e1d00f5e,tier:M1"
"SAT_Math_questions.10","10","math_v6_10","standard","MATH10_M1_Q09","MATH","1","base","9","Algebra","Linear Functions","ALG_LF_001","Interpret slope and intercept in a real-world linear model","Interpret slope and intercept in a real-world linear model","M1","1","multiple_choice","","The amount P, in dollars, remaining on a gift card t weeks after purchase is modeled by P = 120 - 8t. What does -8 represent in this model?","The starting amount is $8.","The amount decreases by $8 each week.","The card lasts 8 weeks.","The amount increases by $8 each week.","B","2","In a linear model, the coefficient of t is the rate of change. A coefficient of -8 means the amount decreases by $8 per week.","70","none","{}","","P=120-8t","","","","interpret slope and intercept in a real-world linear model","","math,domain:Algebra,skill:ALG_LF_001,arch:MATH_ARCH_004_LINEAR_MODEL_INITIAL_RATE,sim:SIM_LINEAR_FUNCTIONS_AND_GRAPHS,fp:a2f53591,tier:M1"
"SAT_Math_questions.10","10","math_v6_10","standard","MATH10_M1_Q10","MATH","1","base","10","Advanced Math","Equivalent Expressions","ADV_EE_001","Simplify expression using exponent rules","Simplify expression using exponent rules","M1","1","student_response","","What is the value of (2^3 · 2^4) / 2^2?","","","","","","","Use exponent rules: 2^3 · 2^4 = 2^7, and 2^7 / 2^2 = 2^5 = 32.","60","none","{}","","(2^3\cdot2^4)/2^2","integer","32","0","simplify expression using exponent rules","","math,domain:Advanced Math,skill:ADV_EE_001,arch:MATH_ARCH_067_EXPONENT_RULES_SIMPLIFY,sim:SIM_EXPONENT_RADICALS,fp:0c65a4c9,tier:M1"
"SAT_Math_questions.10","10","math_v6_10","standard","MATH10_M1_Q11","MATH","1","base","11","Problem-Solving and Data Analysis","Percentages","PSD_PCT_001","Compute a percent of a whole or identify percent from part/whole","Compute a percent of a whole or identify percent from part/whole","M1","1","multiple_choice","","The number 18 is 30% of what number?","48","54","60","90","C","3","Let n be the number. 0.30n = 18, so n = 18/0.30 = 60.","65","none","{}","","","","","","compute a percent of a whole or identify percent from part/whole","","math,domain:Problem-Solving and Data Analysis,skill:PSD_PCT_001,arch:MATH_ARCH_042_PERCENT_OF_WHOLE,sim:SIM_PERCENT_RELATIONSHIPS,fp:176e31f0,tier:M1"
"SAT_Math_questions.10","10","math_v6_10","standard","MATH10_M1_Q12","MATH","1","base","12","Algebra","Linear Equations","ALG_LE_004","Rearrange a formula to isolate a variable","Rearrange a formula to isolate a variable","M1","1","multiple_choice","","The area A of a trapezoid is given by A = (1/2)h(b_1 + b_2). Which expression gives b_2 in terms of A, h, and b_1?","A/(2h) - b_1","2A/h - b_1","2A - h - b_1","2Ah - b_1","B","2","Multiply both sides by 2 to get 2A = h(b_1 + b_2). Divide by h and subtract b_1, giving b_2 = 2A/h - b_1.","80","none","{}","","","","","","rearrange a formula to isolate a variable","","math,domain:Algebra,skill:ALG_LE_004,arch:MATH_ARCH_013_FORMULA_REARRANGE_SINGLE_VARIABLE,sim:SIM_LINEAR_EQUATIONS_AND_INEQUALITIES,fp:84c84001,tier:M1"
"SAT_Math_questions.10","10","math_v6_10","standard","MATH10_M1_Q13","MATH","1","base","13","Advanced Math","Equivalent Expressions","ADV_EE_003","Expand polynomial products","Expand polynomial products","M1","1","multiple_choice","","Which expression is equivalent to (x + 5)(x - 2)?","x^2 - 3x - 10","x^2 + 3x - 10","x^2 + 7x - 10","x^2 + 3x + 10","B","2","Distribute: x·x + x(-2) + 5x + 5(-2) = x^2 + 3x - 10.","65","none","{}","","","","","","expand polynomial products","","math,domain:Advanced Math,skill:ADV_EE_003,arch:MATH_ARCH_070_POLYNOMIAL_EXPAND,sim:SIM_POLYNOMIAL_RATIONAL_EXPRESSIONS,fp:c32226e6,tier:M1"
"SAT_Math_questions.10","10","math_v6_10","standard","MATH10_M1_Q14","MATH","1","base","14","Algebra","Systems of Equations","ALG_SYS_002","Solve a 2x2 linear system by elimination","Solve a 2x2 linear system by elimination","M2","1","student_response","","A system of equations is shown: x + y = 14 and 3x + y = 30. What is the value of x?","","","","","","","Subtract the first equation from the second: (3x + y) - (x + y) = 30 - 14, so 2x = 16 and x = 8.","75","none","{}","","","integer","8","0","solve a 2x2 linear system by elimination","","math,domain:Algebra,skill:ALG_SYS_002,arch:MATH_ARCH_016_SYSTEM_SOLVE_ELIMINATION,sim:SIM_LINEAR_SYSTEMS,fp:183cf9fe,tier:M2"
"SAT_Math_questions.10","10","math_v6_10","standard","MATH10_M1_Q15","MATH","1","base","15","Problem-Solving and Data Analysis","Probability","PSD_PROB_001","Compute probability from a two-way table with correct denominator","Compute probability from a two-way table with correct denominator","M2","1","multiple_choice","","The table summarizes 80 students. If one student is selected at random from all 80 students, what is the probability that the student plays an instrument and takes the bus?","3/8","2/5","5/8","3/20","D","4","The table shows 12 students both play an instrument and take the bus. Out of 80 students, the probability is 12/80 = 3/20.","75","table","{}","| Category | Takes bus | Does not take bus | Total |\n|---|---:|---:|---:|\n| Plays instrument | 12 | 18 | 30 |\n| Does not play instrument | 20 | 30 | 50 |\n| Total | 32 | 48 | 80 |","","","","","compute probability from a two-way table with correct denominator","","math,domain:Problem-Solving and Data Analysis,skill:PSD_PROB_001,arch:MATH_ARCH_049_TWO_WAY_TABLE_PROBABILITY,sim:SIM_PROBABILITY_TABLES,fp:ede456cc,tier:M2"
"SAT_Math_questions.10","10","math_v6_10","standard","MATH10_M1_Q16","MATH","1","base","16","Advanced Math","Equivalent Expressions","ADV_EE_004","Factor polynomial expression","Factor polynomial expression","M2","1","multiple_choice","","Which expression is a factorization of x^2 + 7x + 12?","(x + 3)(x + 4)","(x + 2)(x + 6)","(x - 3)(x - 4)","(x + 1)(x + 12)","A","1","The two numbers must multiply to 12 and add to 7. Those numbers are 3 and 4, so the factorization is (x + 3)(x + 4).","70","none","{}","","","","","","factor polynomial expression","","math,domain:Advanced Math,skill:ADV_EE_004,arch:MATH_ARCH_071_POLYNOMIAL_FACTOR,sim:SIM_POLYNOMIAL_RATIONAL_EXPRESSIONS,fp:10a78a90,tier:M2"
"SAT_Math_questions.10","10","math_v6_10","standard","MATH10_M1_Q17","MATH","1","base","17","Algebra","Linear Functions","ALG_LF_003","Solve for input when a linear model reaches a target value","Solve for input when a linear model reaches a target value","M2","1","multiple_choice","","A fitness club charges a $25 registration fee plus $15 for each month of membership. For how many months can a person be a member if the total cost is $160?","8","10","9","12","C","3","Set up 25 + 15m = 160. Then 15m = 135, so m = 9.","75","none","{}","","","","","","solve for input when a linear model reaches a target value","","math,domain:Algebra,skill:ALG_LF_003,arch:MATH_ARCH_006_LINEAR_MODEL_SOLVE_TARGET,sim:SIM_LINEAR_FUNCTIONS_AND_GRAPHS,fp:b8b211cd,tier:M2"
"SAT_Math_questions.10","10","math_v6_10","standard","MATH10_M1_Q18","MATH","1","base","18","Advanced Math","Nonlinear Functions","ADV_NF_009","Solve quadratic equation by factoring","Solve quadratic equation by factoring","M2","1","student_response","","The equation x^2 - 9x + 20 = 0 has two solutions. What is the smaller solution?","","","","","","","Factor the equation as (x - 4)(x - 5) = 0. The solutions are 4 and 5, so the smaller solution is 4.","70","none","{}","","","integer","4","0","solve quadratic equation by factoring","","math,domain:Advanced Math,skill:ADV_NF_009,arch:MATH_ARCH_075_QUADRATIC_SOLVE_FACTOR,sim:SIM_QUADRATIC_SOLVING,fp:f380b6d5,tier:M2"
"SAT_Math_questions.10","10","math_v6_10","standard","MATH10_M1_Q19","MATH","1","base","19","Problem-Solving and Data Analysis","Percentages","PSD_PCT_005","Use revenue, cost percentage, and profit percentage","Use revenue, cost percentage, and profit percentage","H1","1","multiple_choice","","A store sells a device for $90. The store paid $60 for the device. The profit is what percent of the cost?","50%","33.3%","60%","150%","A","1","The profit is 90 - 60 = 30 dollars. As a percent of cost, 30/60 = 0.50, or 50%.","80","none","{}","","","","","","use revenue, cost percentage, and profit percentage","","math,domain:Problem-Solving and Data Analysis,skill:PSD_PCT_005,arch:MATH_ARCH_046_COMMISSION_PROFIT_PERCENT,sim:SIM_PERCENT_RELATIONSHIPS,fp:7e9e1a65,tier:H1"
"SAT_Math_questions.10","10","math_v6_10","standard","MATH10_M1_Q20","MATH","1","base","20","Advanced Math","Nonlinear Functions","ADV_NF_015","Find imaginary solutions of a quadratic equation","Find imaginary solutions of a quadratic equation","H1","1","student_response","","The solutions of x^2 + 36 = 0 are x = bi and x = -bi, where b is a positive real number. What is the value of b?","","","","","","","From x^2 + 36 = 0, x^2 = -36. Thus x = ±6i, so b = 6.","75","none","{}","","","integer","6","0","find imaginary solutions of a quadratic equation","","math,domain:Advanced Math,skill:ADV_NF_015,arch:MATH_ARCH_083_COMPLEX_QUADRATIC_ROOTS,sim:SIM_QUADRATIC_SOLVING,fp:cfbe31cf,tier:H1"
"SAT_Math_questions.10","10","math_v6_10","standard","MATH10_M1_Q21","MATH","1","base","21","Advanced Math","Nonlinear Functions","ADV_NF_004","Evaluate nested or composed functions","Evaluate nested or composed functions","H2","1","multiple_choice","","Let f(x) = 3x - 1 and g(x) = x^2 + 2. What is f(g(4))?","45","53","49","57","B","2","First find g(4) = 4^2 + 2 = 18. Then f(18) = 3(18) - 1 = 53.","80","none","{}","","","","","","evaluate nested or composed functions","","math,domain:Advanced Math,skill:ADV_NF_004,arch:MATH_ARCH_065_FUNCTION_COMPOSITION,sim:SIM_FUNCTION_NOTATION_AND_VALUES,fp:ab43767e,tier:H2"
"SAT_Math_questions.10","10","math_v6_10","standard","MATH10_M1_Q22","MATH","1","base","22","Geometry and Trigonometry","Triangles","GEO_TRI_003","Use Pythagorean theorem in right triangle","Use Pythagorean theorem in right triangle","H1","1","multiple_choice","","A right triangle has legs with lengths 7 and 24. What is the length of the hypotenuse?","23","26","25","31","C","3","By the Pythagorean theorem, the hypotenuse c satisfies c^2 = 7^2 + 24^2 = 49 + 576 = 625. Thus c = 25.","70","none","{}","","","","","","use Pythagorean theorem in right triangle","","math,domain:Geometry and Trigonometry,skill:GEO_TRI_003,arch:MATH_ARCH_086_PYTHAGOREAN_THEOREM,sim:SIM_RIGHT_TRIANGLE_PYTHAGOREAN,fp:5de64694,tier:H1"
"SAT_Math_questions.10","10","math_v6_10","standard","MATH10_M2_Q01","MATH","2","hard","1","Algebra","Systems of Equations","ALG_SYS_003","Solve a 2x2 linear system by substitution","Solve a 2x2 linear system by substitution","M2","1","multiple_choice","","The system y = 2x + 3 and y = -x + 12 has solution (x, y). What is the value of y?","3","9","6","12","B","2","Set 2x + 3 = -x + 12, so 3x = 9 and x = 3. Then y = 2(3) + 3 = 9.","75","none","{}","","","","","","solve a 2x2 linear system by substitution","","math,domain:Algebra,skill:ALG_SYS_003,arch:MATH_ARCH_017_SYSTEM_SOLVE_SUBSTITUTION,sim:SIM_LINEAR_SYSTEMS,fp:42d7030f,tier:M2"
"SAT_Math_questions.10","10","math_v6_10","standard","MATH10_M2_Q02","MATH","2","hard","2","Advanced Math","Nonlinear Functions","ADV_NF_005","Read function value or input from graph","Read function value or input from graph","M2","1","multiple_choice","","The table gives several values of the function f. What is f(2)?","1","7","2","4","B","2","In the table, the value in the f(x) row under x = 2 is 7.","60","table","{}","| x | -1 | 0 | 1 | 2 |\n|---:|---:|---:|---:|---:|\n| f(x) | 4 | 1 | 2 | 7 |","","","","","read function value or input from graph","","math,domain:Advanced Math,skill:ADV_NF_005,arch:MATH_ARCH_066_FUNCTION_GRAPH_VALUE,sim:SIM_FUNCTION_NOTATION_AND_VALUES,fp:9393f0e9,tier:M2"
"SAT_Math_questions.10","10","math_v6_10","standard","MATH10_M2_Q03","MATH","2","hard","3","Problem-Solving and Data Analysis","Ratios Rates and Proportions","PSD_RRP_003","Solve a direct proportion from two equivalent ratios","Solve a direct proportion from two equivalent ratios","M2","1","multiple_choice","","Seven notebooks cost $10.50. At the same price per notebook, how much do 12 notebooks cost?","$15.75","$16.50","$21.00","$18.00","D","4","The unit price is 10.50/7 = 1.50 dollars per notebook. For 12 notebooks, the cost is 12(1.50) = $18.00.","75","none","{}","","","","","","solve a direct proportion from two equivalent ratios","","math,domain:Problem-Solving and Data Analysis,skill:PSD_RRP_003,arch:MATH_ARCH_034_PROPORTION_DIRECT,sim:SIM_RATIOS_RATES_PROPORTIONS,fp:65298dc1,tier:M2"
"SAT_Math_questions.10","10","math_v6_10","standard","MATH10_M2_Q04","MATH","2","hard","4","Geometry and Trigonometry","Triangles","GEO_TRI_002","Find angle measures using triangle angle sum and exterior angle","Find angle measures using triangle angle sum and exterior angle","M2","1","multiple_choice","","The angle measures of a triangle are 2x degrees, 3x degrees, and 4x degrees. What is the measure, in degrees, of the largest angle?","20","60","80","100","C","3","The angles sum to 180 degrees, so 2x + 3x + 4x = 180. Thus 9x = 180 and x = 20. The largest angle is 4x = 80 degrees.","75","none","{}","","","","","","find angle measures using triangle angle sum and exterior angle","","math,domain:Geometry and Trigonometry,skill:GEO_TRI_002,arch:MATH_ARCH_085_TRIANGLE_ANGLE_SUM,sim:SIM_TRIANGLE_ANGLE_RELATIONSHIPS,fp:12784308,tier:M2"
"SAT_Math_questions.10","10","math_v6_10","standard","MATH10_M2_Q05","MATH","2","hard","5","Algebra","Systems of Equations","ALG_SYS_005","Model counts and totals with a two-variable system","Model counts and totals with a two-variable system","H1","1","student_response","","A theater sold 24 tickets. Adult tickets cost $12 each, child tickets cost $7 each, and total ticket sales were $223. How many adult tickets were sold?","","","","","","","Let a be adult tickets and c be child tickets. Then a + c = 24 and 12a + 7c = 223. Substituting c = 24 - a gives 12a + 7(24 - a) = 223, so 5a = 55 and a = 11.","90","none","{}","","","integer","11","0","model counts and totals with a two-variable system","","math,domain:Algebra,skill:ALG_SYS_005,arch:MATH_ARCH_019_SYSTEM_CONTEXT_COUNT_WEIGHT,sim:SIM_LINEAR_SYSTEMS,fp:f7dbf96e,tier:H1"
"SAT_Math_questions.10","10","math_v6_10","standard","MATH10_M2_Q06","MATH","2","hard","6","Advanced Math","Equivalent Expressions","ADV_EE_002","Simplify radicals and rational exponents","Simplify radicals and rational exponents","H1","1","multiple_choice","","Which expression is equivalent to √72?","6√2","8√2","12√2","36√2","A","1","Since 72 = 36 · 2, √72 = √36 · √2 = 6√2.","70","none","{}","","","","","","simplify radicals and rational exponents","","math,domain:Advanced Math,skill:ADV_EE_002,arch:MATH_ARCH_068_RADICAL_SIMPLIFY,sim:SIM_EXPONENT_RADICALS,fp:79c06f65,tier:H1"
"SAT_Math_questions.10","10","math_v6_10","standard","MATH10_M2_Q07","MATH","2","hard","7","Algebra","Linear Equations","ALG_LE_007","Find greatest or least expression value from a linear inequality","Find greatest or least expression value from a linear inequality","H1","1","student_response","","For a whole number n, 5n + 8 ≤ 63. What is the greatest possible value of n?","","","","","","","Subtract 8 to get 5n ≤ 55. Divide by 5 to get n ≤ 11, so the greatest whole-number value is 11.","70","none","{}","","","integer","11","0","find greatest or least expression value from a linear inequality","","math,domain:Algebra,skill:ALG_LE_007,arch:MATH_ARCH_024_INEQUALITY_GREATEST_LEAST_VALUE,sim:SIM_LINEAR_EQUATIONS_AND_INEQUALITIES,fp:a8f48e45,tier:H1"
"SAT_Math_questions.10","10","math_v6_10","standard","MATH10_M2_Q08","MATH","2","hard","8","Advanced Math","Equivalent Expressions","ADV_EE_006","Evaluate powers of i","Evaluate powers of i","H1","1","multiple_choice","","What is the value of i^37?","-1","-i","i","1","C","3","Powers of i repeat every 4: i, -1, -i, 1. Since 37 has remainder 1 when divided by 4, i^37 = i.","70","none","{}","","","","","","evaluate powers of i","","math,domain:Advanced Math,skill:ADV_EE_006,arch:MATH_ARCH_081_COMPLEX_POWERS_I,sim:SIM_COMPLEX_NUMBERS,fp:36f83c2d,tier:H1"
"SAT_Math_questions.10","10","math_v6_10","standard","MATH10_M2_Q09","MATH","2","hard","9","Problem-Solving and Data Analysis","Percentages","PSD_PCT_002","Compute percent increase or decrease","Compute percent increase or decrease","H2","1","student_response","","A quantity increased from 80 to 92. What was the percent increase?","","","","","","","The increase is 92 - 80 = 12. The percent increase is 12/80 = 0.15, or 15.","75","none","{}","","","integer","15","0","compute percent increase or decrease","","math,domain:Problem-Solving and Data Analysis,skill:PSD_PCT_002,arch:MATH_ARCH_043_PERCENT_CHANGE,sim:SIM_PERCENT_RELATIONSHIPS,fp:81ab9e71,tier:H2"
"SAT_Math_questions.10","10","math_v6_10","standard","MATH10_M2_Q10","MATH","2","hard","10","Geometry and Trigonometry","Circles","GEO_CIRC_001","Use circle area and circumference formulas","Use circle area and circumference formulas","H2","1","student_response","","Using 3.14 for π, what is the area, in square centimeters, of a circle with radius 5 centimeters?","","","","","","","The area is πr^2. Using π = 3.14 and r = 5, the area is 3.14(25) = 78.5.","70","none","{}","","","decimal","78.5","0.01","use circle area and circumference formulas","","math,domain:Geometry and Trigonometry,skill:GEO_CIRC_001,arch:MATH_ARCH_091_CIRCLE_AREA_CIRCUMFERENCE,sim:SIM_CIRCLE_MEASUREMENTS,fp:2d64f906,tier:H2"
"SAT_Math_questions.10","10","math_v6_10","standard","MATH10_M2_Q11","MATH","2","hard","11","Algebra","Systems of Equations","ALG_SYS_010","Translate multi-constraint budget/resource situation into inequalities","Translate multi-constraint budget/resource situation into inequalities","H2","1","multiple_choice","","A club will buy x notebooks and y pens. Each notebook costs $4, each pen costs $2, the club will buy at most 30 items, and the total cost can be no more than $88. Which system represents these constraints?","x + y ≥ 30 and 4x + 2y ≤ 88","x + y ≤ 88 and 4x + 2y ≤ 30","x + y ≤ 30 and 4x + 2y ≤ 88","x + y ≤ 30 and 2x + 4y ≤ 88","C","3","The total number of items is x + y, so x + y ≤ 30. The total cost is 4x + 2y, so 4x + 2y ≤ 88.","90","none","{}","","","","","","translate multi-constraint budget/resource situation into inequalities","","math,domain:Algebra,skill:ALG_SYS_010,arch:MATH_ARCH_030_BUDGET_SYSTEM_INEQUALITIES,sim:SIM_LINEAR_SYSTEMS,fp:fdcdb6cb,tier:H2"
"SAT_Math_questions.10","10","math_v6_10","standard","MATH10_M2_Q12","MATH","2","hard","12","Advanced Math","Nonlinear Functions","ADV_NF_011","Complete the square to find vertex or solve","Complete the square to find vertex or solve","H2","1","multiple_choice","","The function q is defined by q(x) = x^2 - 10x + 13. Which form of q(x) shows the vertex of its graph?","(x - 5)^2 - 12","(x + 5)^2 - 12","(x - 10)^2 + 13","(x - 5)^2 + 13","A","1","Complete the square: x^2 - 10x + 13 = (x^2 - 10x + 25) - 25 + 13 = (x - 5)^2 - 12.","90","none","{}","","","","","","complete the square to find vertex or solve","","math,domain:Advanced Math,skill:ADV_NF_011,arch:MATH_ARCH_077_QUADRATIC_COMPLETE_SQUARE,sim:SIM_QUADRATIC_FEATURES,fp:252e7f0d,tier:H2"
"SAT_Math_questions.10","10","math_v6_10","standard","MATH10_M2_Q13","MATH","2","hard","13","Algebra","Systems of Equations","ALG_SYS_006","Find parameter value that makes two linear equations parallel","Find parameter value that makes two linear equations parallel","H2","1","multiple_choice","","For what value of a does the system 3x + ay = 6 and 6x + 8y = 10 have no solution?","2","8","4","12","C","3","For no solution, the left sides must be proportional but the constants must not be. Doubling 3x + ay gives 6x + 2ay, so 2a = 8 and a = 4. The constants would be 12 and 10, so the equations are parallel and distinct.","95","none","{}","","","","","","find parameter value that makes two linear equations parallel","","math,domain:Algebra,skill:ALG_SYS_006,arch:MATH_ARCH_020_SYSTEM_NO_SOLUTION_PARAMETER,sim:SIM_LINEAR_SYSTEMS,fp:8d19c72a,tier:H2"
"SAT_Math_questions.10","10","math_v6_10","standard","MATH10_M2_Q14","MATH","2","hard","14","Problem-Solving and Data Analysis","Ratios Rates and Proportions","PSD_RRP_010","Solve weighted average mixture with two components","Solve weighted average mixture with two components","H2","1","multiple_choice","","A chemist has 20 liters of a 30% acid solution. How many liters of a 60% acid solution must be added to make a 45% acid solution?","10","15","30","20","D","4","Let x be the liters of 60% solution. The acid equation is 0.30(20) + 0.60x = 0.45(20 + x). This gives 6 + 0.60x = 9 + 0.45x, so 0.15x = 3 and x = 20.","100","none","{}","","","","","","solve weighted average mixture with two components","","math,domain:Problem-Solving and Data Analysis,skill:PSD_RRP_010,arch:MATH_ARCH_047_WEIGHTED_AVERAGE_MIXTURE,sim:SIM_WEIGHTED_AVERAGE_MIXTURE,fp:ba5bdb36,tier:H2"
"SAT_Math_questions.10","10","math_v6_10","standard","MATH10_M2_Q15","MATH","2","hard","15","Geometry and Trigonometry","Triangles","GEO_TRI_006","Use similar triangles and scale factors","Use similar triangles and scale factors","H2","1","multiple_choice","","Triangles ABC and DEF are similar with A corresponding to D, B corresponding to E, and C corresponding to F. If AB = 6, BC = 9, and DE = 10, what is EF?","12","13","18","15","D","4","Corresponding side lengths are proportional. Since DE/AB = 10/6 = 5/3, EF corresponds to BC, so EF = 9(5/3) = 15.","95","triangle","{""diagram_type"":""similar_triangles"",""render_mode"":""schematic_not_to_scale"",""not_to_scale"":true,""triangles"":[{""triangle_id"":""ABC"",""vertices"":[""A"",""B"",""C""],""side_labels"":{""AB"":""6"",""BC"":""9""},""angle_labels"":{}},{""triangle_id"":""DEF"",""vertices"":[""D"",""E"",""F""],""side_labels"":{""DE"":""10"",""EF"":""x""},""angle_labels"":{}}],""correspondence"":{""A"":""D"",""B"":""E"",""C"":""F""},""target"":""EF""}","","","","","","use similar triangles and scale factors","","math,domain:Geometry and Trigonometry,skill:GEO_TRI_006,arch:MATH_ARCH_089_SIMILAR_TRIANGLES_SCALE,sim:SIM_SIMILAR_TRIANGLES,fp:780f4426,tier:H2"
"SAT_Math_questions.10","10","math_v6_10","standard","MATH10_M2_Q16","MATH","2","hard","16","Advanced Math","Nonlinear Functions","ADV_NF_007","Solve rational equation and reject excluded values","Solve rational equation and reject excluded values","H3","1","multiple_choice","","What is the solution to 2/(x - 1) + 3 = 5?","1","2","3","5","B","2","Subtract 3 to get 2/(x - 1) = 2. Since x cannot equal 1, divide by 2 to get 1/(x - 1) = 1, so x - 1 = 1 and x = 2.","90","none","{}","","","","","","solve rational equation and reject excluded values","","math,domain:Advanced Math,skill:ADV_NF_007,arch:MATH_ARCH_073_RATIONAL_EQUATION_SOLVE,sim:SIM_RATIONAL_EQUATIONS,fp:b59e092b,tier:H3"
"SAT_Math_questions.10","10","math_v6_10","standard","MATH10_M2_Q17","MATH","2","hard","17","Algebra","Systems of Equations","ALG_SYS_007","Find parameter value that makes two equations equivalent","Find parameter value that makes two equations equivalent","H3","1","multiple_choice","","For what value of k does the system 2x + 3y = 7 and 6x + ky = 21 have infinitely many solutions?","6","7","12","9","D","4","For infinitely many solutions, the second equation must be 3 times the first. Multiplying 2x + 3y = 7 by 3 gives 6x + 9y = 21, so k = 9.","95","none","{}","","","","","","find parameter value that makes two equations equivalent","","math,domain:Algebra,skill:ALG_SYS_007,arch:MATH_ARCH_021_SYSTEM_INFINITE_SOLUTIONS_PARAMETER,sim:SIM_LINEAR_SYSTEMS,fp:d9c22c79,tier:H3"
"SAT_Math_questions.10","10","math_v6_10","standard","MATH10_M2_Q18","MATH","2","hard","18","Advanced Math","Nonlinear Functions","ADV_NF_001","Determine parameters for a line and parabola system with two real solutions","Determine parameters for a line and parabola system with two real solutions","H3","1","multiple_choice","","For which value of k do the graphs of y = x^2 + 4x + k and y = 2x + 1 intersect at two distinct points?","1","2","3","5","A","1","Set the equations equal: x^2 + 4x + k = 2x + 1, or x^2 + 2x + (k - 1) = 0. The discriminant is 2^2 - 4(k - 1) = 8 - 4k. Two distinct intersections require 8 - 4k > 0, so k < 2. Among the choices, only 1 works.","110","none","{}","","","","","","determine parameters for a line and parabola system with two real solutions","","math,domain:Advanced Math,skill:ADV_NF_001,arch:MATH_ARCH_022_SYSTEM_QUADRATIC_LINE_TWO_SOLUTIONS,sim:SIM_QUADRATIC_SOLVING,fp:59d0585a,tier:H3"
"SAT_Math_questions.10","10","math_v6_10","standard","MATH10_M2_Q19","MATH","2","hard","19","Geometry and Trigonometry","Circles","GEO_CIRC_002","Find arc length or sector area from central angle","Find arc length or sector area from central angle","H3","1","multiple_choice","","A sector of a circle has radius 12 and central angle 60 degrees. What is the area of the sector?","24π","12π","48π","72π","A","1","A 60-degree sector is 60/360 = 1/6 of the circle. The circle area is π(12)^2 = 144π, so the sector area is 144π/6 = 24π.","90","none","{}","","","","","","find arc length or sector area from central angle","","math,domain:Geometry and Trigonometry,skill:GEO_CIRC_002,arch:MATH_ARCH_092_CIRCLE_ARC_SECTOR,sim:SIM_CIRCLE_MEASUREMENTS,fp:1debba5b,tier:H3"
"SAT_Math_questions.10","10","math_v6_10","standard","MATH10_M2_Q20","MATH","2","hard","20","Advanced Math","Nonlinear Functions","ADV_NF_014","Use discriminant to determine number/type of solutions","Use discriminant to determine number/type of solutions","H3","1","student_response","","For what value of c does the equation x^2 - 6x + c = 0 have exactly one real solution?","","","","","","","A quadratic has exactly one real solution when its discriminant is 0. For x^2 - 6x + c = 0, the discriminant is (-6)^2 - 4(1)(c) = 36 - 4c. Set 36 - 4c = 0 to get c = 9.","95","none","{}","","","integer","9","0","use discriminant to determine number/type of solutions","","math,domain:Advanced Math,skill:ADV_NF_014,arch:MATH_ARCH_080_QUADRATIC_DISCRIMINANT,sim:SIM_QUADRATIC_SOLVING,fp:56c452ff,tier:H3"
"SAT_Math_questions.10","10","math_v6_10","standard","MATH10_M2_Q21","MATH","2","hard","21","Algebra","Systems of Equations","ALG_SYS_008","Find maximum possible coordinate from two linear inequalities","Find maximum possible coordinate from two linear inequalities","H3","1","student_response","","A point (x, y) satisfies y ≤ 2x + 1, y ≤ -x + 10, x ≥ 0, and y ≥ 0. What is the greatest possible value of y?","","","","","","","The greatest y occurs where the upper bounds are equal: 2x + 1 = -x + 10. Thus 3x = 9 and x = 3. Then y = 2(3) + 1 = 7.","105","none","{}","","","integer","7","0","find maximum possible coordinate from two linear inequalities","","math,domain:Algebra,skill:ALG_SYS_008,arch:MATH_ARCH_027_SYSTEM_INEQUALITIES_MAX_COORDINATE,sim:SIM_LINEAR_SYSTEMS,fp:edfef33b,tier:H3"
"SAT_Math_questions.10","10","math_v6_10","standard","MATH10_M2_Q22","MATH","2","hard","22","Advanced Math","Nonlinear Functions","ADV_NF_008","Model exponential growth or decay","Model exponential growth or decay","H3","1","multiple_choice","","A population is modeled by N(t) = ab^t, where t is measured in hours. If N(2) = 180 and N(5) = 22.5, what is the value of a?","360","540","720","1,440","C","3","The ratio N(5)/N(2) equals b^3, so 22.5/180 = 1/8 = b^3. Thus b = 1/2. Since N(2) = a(1/2)^2 = a/4 = 180, a = 720.","110","none","{}","","","","","","model exponential growth or decay","","math,domain:Advanced Math,skill:ADV_NF_008,arch:MATH_ARCH_074_EXPONENTIAL_GROWTH_DECAY,sim:SIM_EXPONENTIAL_MODELS,fp:bb467035,tier:H3"