"test_id","exam_version","generation_batch_id","target_score_band","question_id","section","module","route","question_number","content_domain","skill_group","skill_code","skill_label","question_topic","difficulty","scoring_weight","question_type","passage","question","choice_a","choice_b","choice_c","choice_d","correct_answer","correct_choice_index","explanation","time_estimate_sec","visual_type","visual_json","table_markdown","equation_latex","student_response_type","correct_numeric_answer","answer_tolerance","primary_skill","secondary_skill","tags"
"SAT_RW_8","RW_SPLIT_V9","SAT_RW_8_FRONT","400-600","SAT_RW_8_M1_Q01","RW","1","base","1","Craft and Structure","Words in Context","RW_WIC_002","Determine meaning or function of a word/phrase in context","direct_meaning","Easy","1","multiple_choice","Transplanted coral fragments on a shallow reef often suffer during the hottest weeks of summer, when calm water and strong sunlight raise temperatures around their tissues. Restoration crews at one site placed identical fragments on two kinds of frames: open racks and racks fitted with narrow shade slats. The shaded racks reduced midday light without blocking water flow. By late August, fragments on both frame types had experienced several warm periods, but those beneath the slats retained more living tissue and resumed growth sooner afterward. The slats did not prevent heat stress; temperature sensors recorded nearly the same peaks on every rack. Instead, reduced light appeared to temper the damage associated with those peaks. Fragments beneath the slats recovered more quickly after the hottest afternoons. The result suggests that simple shading may help young transplants endure short heat events even when crews cannot alter the surrounding water temperature.","As used in the text, ""temper"" most nearly means","intensify","moderate","conceal","predict","B","2","The ridges do not remove salt exposure; they shorten the period of intense exposure. Thus, ""temper"" means to moderate or lessen the effects.","75","none","{}","","","","","","Words in Context","","passage:R003;arch:WIC_DIRECT_MEANING_01;base_arch:RW_WIC_002;wic;family:direct_meaning;target:temper;sim:rw_wic_direct_meaning;fp:32aa781661db;surface_arch:SURF_RW_WIC_002"
"SAT_RW_8","RW_SPLIT_V9","SAT_RW_8_FRONT","400-600","SAT_RW_8_M1_Q02","RW","1","base","2","Craft and Structure","Words in Context","RW_WIC_003","Determine meaning or function of a word/phrase in context","claim_function","Medium","1","multiple_choice","Mara stopped along the riverside path before a portrait displayed in the window of a small reading room. She had passed it many times, yet that afternoon the frame had been turned slightly toward the door. Inside, two visitors continued their conversation without mentioning the change. Mara noticed a damp mark on the sill and remembered that a storm had blown through the night before. She first wondered whether someone had moved the portrait deliberately to face arriving guests. Then she saw that one corner of the frame rested on a folded cloth, as though it had been lifted away from moisture. Her conclusion about why the portrait faced the door remained tentative. The new angle might reflect a practical adjustment rather than a message intended for anyone entering. She did not abandon her first idea, but she no longer treated it as the most natural explanation. The small details made certainty feel less justified than curiosity.","Why does the author describe Mara's conclusion as ""tentative""?","To show that Mara has forgotten why the portrait was originally placed in the reading room","To suggest that Mara believes the storm certainly moved the portrait without anyone touching it","To limit Mara's certainty because the portrait's new angle can be explained by more than one set of visible clues","To indicate that Mara plans to remove the portrait until the damp mark on the sill disappears","C","3","""Tentative"" limits the certainty of Mara's interpretation because both deliberate repositioning and protection from moisture remain plausible explanations.","75","none","{}","","","","","","Words in Context","","passage:E008;arch:WIC_CLAIM_FUNCTION_01;base_arch:RW_WIC_003;wic;family:claim_function;target:tentative;sim:rw_wic_claim_function;fp:86344ec6283b;surface_arch:SURF_RW_WIC_003"
"SAT_RW_8","RW_SPLIT_V9","SAT_RW_8_FRONT","400-600","SAT_RW_8_M1_Q03","RW","1","base","3","Craft and Structure","Words in Context","RW_WIC_001","Determine meaning or function of a word/phrase in context","relation_function","Medium","1","multiple_choice","In the parlor, an apprentice waited for the clockmaker to return from the workshop. A paper fan lay open on the table beside a tray of tiny screws. The apprentice knew the clockmaker disliked drafts near unfinished mechanisms, so the fan seemed out of place. When a gust moved the curtains, however, the apprentice noticed a thin line of metal filings along the table's edge. The filings shifted toward the floor each time the air stirred. He realized that someone had probably used the fan not for comfort but to blow loose filings away from the delicate gears. Accordingly, the apprentice closed the window to keep the metal filings from shifting and left the paper fan where it was. His action did not prove who had placed it there, but it followed from the evidence available in the room. By the time the clockmaker returned, the apprentice had changed his behavior without pretending to have solved the mystery completely.","Which choice best explains the role of ""Accordingly"" in connecting the evidence to the apprentice's action?","It presents the apprentice's decision mainly as a precaution prompted by the draft itself, rather than by his inference about what the fan and filings were used for.","It links the apprentice's inference from the fan, filings, and moving air to his decision to close the window and leave the fan in place.","It links the apprentice's uncertainty about who placed the fan to his decision to leave it untouched until the clockmaker returns.","It marks a shift from the apprentice's observations to an explanation of how the clockmaker normally repairs delicate gears.","B","2","""Accordingly"" connects the apprentice's interpretation of the fan, filings, and moving air with the behavior that follows from that interpretation.","75","none","{}","","","","","","Words in Context","","passage:E003;arch:WIC_RELATION_FUNCTION_01;base_arch:RW_WIC_001;wic;family:relation_function;target:Accordingly;sim:rw_wic_relation_function;fp:2151f7484e72;surface_arch:SURF_RW_WIC_001"
"SAT_RW_8","RW_SPLIT_V9","SAT_RW_8_FRONT","400-600","SAT_RW_8_M1_Q04","RW","1","base","4","Craft and Structure","Text Structure and Purpose","RW_TSP_001","Analyze structure or purpose","purpose_sentence","Easy","1","multiple_choice","The housekeeper entered the empty schoolroom expecting only to close the shutters before evening. On a desk near the back wall, she found a short candle stub set in a saucer. Lessons had ended before noon, and the room's lamps were electric, so the candle did not belong to the ordinary school day. She checked the windows and found them latched. <u>Then she noticed a stack of copied poems beside the desk, each page marked with notes in the same dark wax that had dripped onto the saucer.</u> The discovery changed the meaning of the candle from a stray object to part of some recent activity. The housekeeper remembered that a small poetry club sometimes met after classes, though she had not seen its members that week. She left the papers untouched and placed the candle beside them, deciding that the room had likely been used after the official lessons ended.","Which choice best describes the function of the underlined sentence in the text as a whole?","It connects the unexplained candle to evidence of recent after-hours activity, redirecting the housekeeper's interpretation of the room.","It confirms that the schoolroom's electric lamps had failed and that the poetry club had to use candles.","It explains why the housekeeper had been asked to remove the copied poems before evening.","It shifts attention away from the candle in order to introduce an unrelated description of the poetry club's members.","A","1","The marked poems and matching wax connect the candle to a recent activity, turning it from an isolated object into evidence that helps the housekeeper infer how the room was used.","75","none","{}","","","","","","Text Structure and Purpose","","passage:E001;arch:RW_TSP_001;underline;sim:rw_text_structure_and_purpose_purpose_sentence;fp:6061fcebeedb;surface_arch:SURF_RW_TSP_001"
"SAT_RW_8","RW_SPLIT_V9","SAT_RW_8_FRONT","400-600","SAT_RW_8_M1_Q05","RW","1","base","5","Craft and Structure","Text Structure and Purpose","RW_TSP_011","Analyze structure or purpose","contrast","Medium","1","multiple_choice","After several years away, the seamstress rode past the lane where she had once delivered coats to a country house. A carriage stood beside the road, and from its door hung a green umbrella she recognized immediately. She had lent it to the house's gardener on a rainy afternoon and had assumed it lost when she moved away. At first, the umbrella made the scene feel unchanged, as if the old household might still be waiting beyond the trees. Then she noticed that the carriage bore the crest of a different family and that fresh paint covered the gateposts. The familiar object had survived while the setting around it had changed owners. Instead of turning toward the house, she asked the driver how the umbrella had come there. His answer—that it had been purchased with a box of old household goods—replaced her nostalgic certainty with a quieter awareness of how objects can outlast the lives attached to them.","Which choice best describes the overall structure of the text?","It describes the seamstress returning to recover a lost umbrella and then explains how she proves that the gardener stole it.","It contrasts the seamstress's memories with the driver's memories before showing that both are mistaken about the country house.","It presents a familiar object, pauses to describe the road, and then argues that objects are more reliable than people.","It begins with a familiar object that seems to preserve the past, introduces evidence that the surrounding household has changed, and ends with the seamstress revising her interpretation of the object.","D","4","The passage first treats the umbrella as a link to an unchanged past, then reveals signs of new ownership and finally reframes the umbrella as an object that outlasted the household attached to it.","75","none","{}","","","","","","Text Structure and Purpose","","passage:E006;arch:RW_TSP_011;sim:rw_text_structure_and_purpose_contrast;fp:a1b5461ef89a;surface_arch:SURF_RW_TSP_011"
"SAT_RW_8","RW_SPLIT_V9","SAT_RW_8_FRONT","400-600","SAT_RW_8_M1_Q06","RW","1","base","6","Craft and Structure","Text Structure and Purpose","RW_TSP_012","Analyze structure or purpose","cause_effect","Medium","1","multiple_choice","Bicycles often vanished from the racks at a busy bike-share station near a commuter rail stop during the morning rush and returned in a large wave after work. The operator first responded by sending a truck on a fixed schedule to move bicycles from full stations to empty ones. That routine helped on ordinary weekdays, but train delays and sudden rainstorms changed demand enough that the truck sometimes arrived after the imbalance had already passed. <u>The operator then allowed dispatchers to reroute the truck when live station counts showed an unusual shortage or surplus developing.</u> The change occasionally postponed a planned stop, yet it reduced the number of times riders encountered either an empty station or one with no open docks. The company kept its basic route because predictable stops simplified staffing, but it added limited real-time adjustments when demand departed sharply from the usual pattern. The revised system combined a stable schedule with flexibility.","Which choice best describes the function of the underlined sentence in the overall structure of the text?","It gives an example of the train delays that caused riders to arrive at the bike-share station in a large group.","It presents evidence that the fixed truck route had already eliminated empty stations during unusual demand shifts.","It introduces the flexible rerouting policy adopted after a fixed schedule proved unable to respond to sudden changes in bike-share demand.","It states the operator's final decision to abandon predictable truck stops and rely entirely on live station counts.","C","3","The underlined sentence introduces a limited real-time adjustment that addresses a weakness of the fixed schedule while leaving the basic route in place.","75","none","{}","","","","","","Text Structure and Purpose","","passage:R009;arch:RW_TSP_012;underline;sim:rw_text_structure_and_purpose_cause_effect;fp:8efc1489216e;surface_arch:SURF_RW_TSP_012"
"SAT_RW_8","RW_SPLIT_V9","SAT_RW_8_FRONT","400-600","SAT_RW_8_M1_Q07","RW","1","base","7","Craft and Structure","Cross-Text Connections","RW_CTC_006","Compare claims across paired texts","paired_text_relation","Medium","1","multiple_choice","Text 1:
Transit agencies can improve access by posting essential station information in several languages. Riders who are still learning the dominant local language may otherwise have difficulty identifying exits, transfers, or service changes. Multilingual signs make those instructions available at the moment they are needed and can reduce dependence on staff assistance.

Text 2:
Providing information in multiple languages is valuable, but adding translations to a poorly designed sign does not guarantee that riders will find it. In crowded stations, signs placed above competing advertisements or far from decision points are easy to miss. Agencies should pair multilingual text with consistent icons and position signs where passengers choose between routes. Language choice matters, but visibility and placement shape whether the information is actually usable.","Based on the texts, how would the author of Text 2 most likely respond to the central claim in Text 1?","By rejecting the claim that multilingual information can improve transit access and arguing that translations confuse riders","By agreeing that multilingual signs are useful but arguing that placement, visibility, and icons also determine whether riders can use the information effectively","By arguing that multilingual signs should be used only in stations where staff assistance is unavailable","By accepting multilingual signs but claiming that advertising is more important than wayfinding information in crowded stations","B","2","Text 2 accepts the value of multiple languages but qualifies Text 1 by stressing that information must also be visible, well placed, and supported by consistent icons.","75","none","{}","","","","","","Cross-Text Connections","","passage:R048;arch:RW_CTC_006;sim:rw_cross_text_connections_paired_text_relation;fp:da3e92b9ac15;surface_arch:SURF_RW_CTC_006"
"SAT_RW_8","RW_SPLIT_V9","SAT_RW_8_FRONT","400-600","SAT_RW_8_M1_Q08","RW","1","base","8","Information and Ideas","Central Ideas and Details","RW_CID_001","Identify main idea, key detail, or summary","main_claim","Easy","1","multiple_choice","Shade from mature street trees can lower summer temperatures on sidewalks, but the cooling is not evenly distributed across a city block. In one neighborhood, trees were concentrated along a broad avenue while nearby side streets had few large canopies. Afternoon measurements showed that the avenue's shaded sidewalks were substantially cooler than exposed pavement. Yet residents walking to bus stops often spent most of their trips on the hotter side streets before reaching the avenue. Planting additional trees only along the already shaded route would therefore improve a place that was comparatively comfortable while leaving the hottest segments unchanged. The neighborhood's forestry plan was revised to prioritize blocks with long stretches of exposed pavement and heavy foot traffic. The plan still protects mature avenue trees, which provide valuable shade, but it directs new planting toward gaps in the network. The approach treats pedestrian heat exposure as a route-wide problem rather than a condition of isolated blocks.","Which choice best states the main idea of the text?","Mature trees along broad avenues should be removed if nearby side streets lack shade.","Bus stops are the main cause of pedestrian heat exposure during summer afternoons.","New tree planting can reduce pedestrian heat exposure most effectively when it fills exposed gaps along whole walking routes rather than concentrating only where shade is already abundant.","Side streets are generally hotter than avenues because residents walk on them more often.","C","3","The text argues for treating heat exposure across complete walking routes and prioritizing exposed, heavily used gaps while retaining mature shade trees.","75","none","{}","","","","","","Central Ideas and Details","","passage:R001;arch:RW_CID_001;sim:rw_central_ideas_and_details_main_claim;fp:ccbbe9ad1d28;surface_arch:SURF_RW_CID_001"
"SAT_RW_8","RW_SPLIT_V9","SAT_RW_8_FRONT","400-600","SAT_RW_8_M1_Q09","RW","1","base","9","Information and Ideas","Central Ideas and Details","RW_CID_003","Identify main idea, key detail, or summary","contrast","Medium","1","multiple_choice","Soil ecologists studying a community garden compared beds that had received compost for several years with beds newly converted from compacted lawn. The established beds contained a greater variety of microbes associated with decomposing plant material, and their soil absorbed water more quickly after a heavy rain. The newer beds, however, supported several microbial groups that were uncommon in the older plots. Those groups were especially abundant where gardeners had recently loosened the soil and planted beans. Because the younger beds did not simply contain fewer kinds of microbes, the ecologists cautioned against describing them as biologically poor. Instead, the two sets of beds appeared to support different communities shaped by their recent histories. Over time, the newer beds may become more like the established ones as compost accumulates, but cultivation practices could also preserve some differences. The comparison shows that microbial diversity can change in composition without moving in a single direction from low to high.","Which choice best states the central idea of the text?","Recently converted garden beds contain too few microbes to support healthy plant growth.","Compost causes all garden soils to develop the same microbial community over time.","Older and newer garden beds can support differently composed microbial communities, so their biological condition should not be reduced to a simple richer-versus-poorer ranking.","Microbial groups associated with beans disappear once gardeners begin adding compost.","C","3","The passage emphasizes differences in composition and history, not a one-directional scale from biologically poor to rich.","75","none","{}","","","","","","Central Ideas and Details","","passage:R032;arch:RW_CID_003;sim:rw_central_ideas_and_details_contrast;fp:e819bb70c725;surface_arch:SURF_RW_CID_003"
"SAT_RW_8","RW_SPLIT_V9","SAT_RW_8_FRONT","400-600","SAT_RW_8_M1_Q10","RW","1","base","10","Information and Ideas","Command of Evidence","RW_COE_001","Use textual or quantitative evidence","supporting_detail","Medium","1","multiple_choice","Wetland ecologists studying young marsh birds wanted to know whether the birds gathered in dense reed patches mainly because those patches contained more insects or because the reeds offered protection. The ecologists sampled insects in several patches with similar prey abundance but different stem density. Juvenile birds were most numerous where reeds formed thick vertical cover, even when insect counts matched those in more open areas. When a hawk passed overhead, birds in dense patches dropped quickly among the stems, whereas birds in sparse vegetation flew farther before settling again. The ecologists concluded that protective structure strongly influences where juveniles spend time, although food still matters within suitable habitat. To support that conclusion, evidence must separate the shelter provided by reed density from the amount of prey available. Observations comparing equally food-rich patches while also recording the birds' responses to predators are therefore especially informative.","Which finding from the text most directly supports the ecologists' conclusion that protective structure strongly influences where juvenile birds spend time?","Insects were present in both dense and sparse reed patches throughout the wetland.","Hawks passed over several of the patches while the ecologists were observing juvenile birds.","Some juvenile birds used open patches even though dense vegetation was available elsewhere in the wetland.","Where prey abundance was similar, juveniles were more numerous in dense reeds, and they dropped among the stems when a hawk appeared.","D","4","Choice D holds prey abundance comparable while showing both a preference for dense reeds and direct use of those reeds as refuge from a predator.","75","none","{}","","","","","","Command of Evidence","","passage:R074;arch:RW_COE_001;sim:rw_command_of_evidence_supporting_detail;fp:8cb80ead6e3b;surface_arch:SURF_RW_COE_001"
"SAT_RW_8","RW_SPLIT_V9","SAT_RW_8_FRONT","400-600","SAT_RW_8_M1_Q11","RW","1","base","11","Information and Ideas","Command of Evidence","RW_COE_003","Use textual or quantitative evidence","cause_effect","Medium","1","multiple_choice","Astronomers examining a young star cluster noticed that stars near its center appeared, on average, more massive than stars near the outer edge. One explanation is that massive stars formed preferentially in the dense center. Another is that stars formed throughout the cluster and later moved: repeated gravitational interactions could gradually draw massive stars inward while pushing lighter stars outward. The cluster's age makes the second explanation uncertain because there may not have been much time for large-scale rearrangement. Simulations, however, show that movement can occur faster when a cluster begins with several dense subgroups that later merge. The astronomers therefore argue that the present-day mass pattern does not by itself reveal where the stars originally formed. Evidence about the cluster's earlier structure would help distinguish the explanations. In particular, signs that the cluster began as multiple compact groups would make rapid redistribution more plausible without requiring the stars to have formed in their current positions.","Which finding, if true, would most directly support the astronomers' suggestion that the cluster's present mass pattern could have arisen through later stellar movement?","Stars near the center and edge have similar chemical compositions, suggesting that they formed from broadly similar material.","A revised age estimate indicates that the cluster is somewhat younger than astronomers first calculated.","More massive stars remain concentrated near the cluster's present center, matching the pattern already described.","Stellar motions preserve signatures of several compact groups that converged and merged early in the cluster's history.","D","4","Evidence of early compact subgroups merging would support the mechanism that simulations identify as capable of accelerating redistribution within a young cluster.","75","none","{}","","","","","","Command of Evidence","","passage:R095;arch:RW_COE_003;sim:rw_command_of_evidence_cause_effect;fp:d70979b67513;surface_arch:SURF_RW_COE_003"
"SAT_RW_8","RW_SPLIT_V9","SAT_RW_8_FRONT","400-600","SAT_RW_8_M1_Q12","RW","1","base","12","Information and Ideas","Inferences","RW_INF_002","Draw supported conclusions","cause_effect","Easy","1","multiple_choice","Archaeologists excavating two coastal settlements found storage jars whose painted designs were nearly identical. At first, the similarity seemed to suggest that finished jars had been traded directly between the communities. Clay analysis complicated that idea: most jars at each settlement were made from minerals common in the local soil. Yet several vessels from both places contained the same unusual black temper, a crushed volcanic rock found only in an inland region. The jars therefore appear to have been shaped locally while using at least one imported ingredient. No workshop has been located in the inland region, and the archaeologists cannot tell whether potters traveled there themselves or obtained the crushed rock through intermediaries. Still, the combination of local clay and shared nonlocal temper indicates that exchange networks may have moved raw materials or specialized supplies, not merely finished pottery. The painted similarities alone would not reveal that distinction.","Which inference about the pottery is best supported by the text?","The coastal communities imported most of their finished storage jars from the same inland workshop.","Potters at the coastal settlements likely made many jars locally while participating in exchange networks that supplied at least some nonlocal material.","The unusual black temper was produced from minerals found in the local soils of both coastal settlements.","The painted designs prove that potters from the two settlements worked together in a single shared workshop.","B","2","Local clay indicates local production, while the shared volcanic temper points to movement of a nonlocal material through some form of exchange.","75","none","{}","","","","","","Inferences","","passage:R013;arch:RW_INF_002;sim:rw_inferences_cause_effect;fp:05aa74ae1e5a;surface_arch:SURF_RW_INF_002"
"SAT_RW_8","RW_SPLIT_V9","SAT_RW_8_FRONT","400-600","SAT_RW_8_M1_Q13","RW","1","base","13","Information and Ideas","Inferences","RW_INF_001","Draw supported conclusions","contrast","Medium","1","multiple_choice","A grocery store tested two ways of labeling foods with lower added sugar. On some shelves, small tags stated the number of grams of added sugar in each product. On others, tags used the same numbers but also showed a simple bar indicating how the product compared with others in its category. Shoppers looking for cereal spent about the same amount of time reading both kinds of tags, yet those who saw the comparison bars were more likely to pick a lower-sugar option. For sauces, the difference was much smaller. Interviews suggested that cereal shoppers already expected large differences among brands, whereas sauce shoppers often focused first on flavor and price. The results imply that comparative labels can affect choices, but their effect depends partly on what shoppers are already trying to distinguish. A single label format may therefore be more useful in some product categories than in others, even when the underlying nutrition information is identical.","Which inference is best supported by the text?","Comparison bars are likely to influence every food choice more strongly than numerical sugar information alone.","Sauce shoppers ignored sugar information because they were unable to understand the comparison bars.","Cereal shoppers spent more time reading labels because the comparison bars contained additional numerical information.","Comparative nutrition labels may be most influential when they highlight a difference that shoppers already consider relevant within a product category.","D","4","The stronger effect for cereal, together with interviews about what shoppers expected to vary, supports the inference that label impact depends on existing decision priorities.","75","none","{}","","","","","","Inferences","","passage:R119;arch:RW_INF_001;sim:rw_inferences_contrast;fp:57edc7460618;surface_arch:SURF_RW_INF_001"
"SAT_RW_8","RW_SPLIT_V9","SAT_RW_8_FRONT","400-600","SAT_RW_8_M1_Q14","RW","1","base","14","Information and Ideas","Inferences","RW_INF_010","Draw supported conclusions","evidence_based_inference","Medium","1","multiple_choice","Near closing time in the crowded market arcade, Liora noticed that a candle stub had been placed on the ledge outside a shuttered bookstall. The stall's owner had once used such candles to signal that late orders were waiting inside, but he had retired months earlier. A new vendor now sold maps from the same stall and normally used an electric lamp. Liora almost knocked on the shutter, then saw a thin trail of wax leading toward the neighboring tailor's booth. There, a child was arranging paper lanterns for an evening procession. One lantern frame still held a candle of the same size, and several drops of fresh wax marked the worktable. Liora left the bookstall alone and carried the loose candle stub next door. The familiar signal had briefly invited an old interpretation, but nearby evidence made a more ordinary explanation more likely without making the object itself any less recognizable.","Which inference about Liora is best supported by the text?","She revises an interpretation based on an old market custom when nearby physical evidence points to a more ordinary source for the candle.","She concludes that the new map vendor has deliberately adopted the retired bookseller's candle signal for late orders.","She believes the retired bookseller probably returned to the stall because the candle is the same size as those he once used.","She decides that the child preparing lanterns placed the candle at the bookstall specifically to attract her attention.","A","1","Liora first reads the candle through the old signaling custom, then follows the wax and observes lantern preparation, which supports a different explanation.","75","none","{}","","","","","","Inferences","","passage:E072;arch:RW_INF_010;sim:rw_inferences_evidence_based_inference;fp:246d976c2463;surface_arch:SURF_RW_INF_010"
"SAT_RW_8","RW_SPLIT_V9","SAT_RW_8_FRONT","400-600","SAT_RW_8_M1_Q15","RW","1","base","15","Standard English Conventions","Boundaries","SEC.BND","Boundaries","Punctuating two independent clauses","Easy","1","multiple_choice","Near the restored reef, divers tallied sea urchins at several sampling points _____ the survey boat recorded water temperature at each site.","Which choice completes the text so that it conforms to the conventions of Standard English?",";",",",":","; and","A","1","Both sides of the blank are independent clauses, and no coordinating conjunction is present. A semicolon correctly joins the related observations.","60","none","{}","","","","","","Boundaries","","arch:SEC-BND-001;sec;grammar;ctx:CTX-GRM-013;tier:SEC1;grammar_family:sentence_boundary_semicolon;sim:SEC.BND:sentence_boundary_semicolon:A. minimal-context version;fp:1cf9a17345ff;surface_arch:SURF_SEC-BND-001"
"SAT_RW_8","RW_SPLIT_V9","SAT_RW_8_FRONT","400-600","SAT_RW_8_M1_Q16","RW","1","base","16","Standard English Conventions","Boundaries","SEC.BND","Boundaries","Coordinating independent clauses","Medium","1","multiple_choice","After the morning practice, the coach shortened the recovery drill _____ the rowers kept the same stretching routine before lunch.","Which choice completes the text so that it conforms to the conventions of Standard English?","but",", but","; but",",","B","2","The conjunction ""but"" joins two independent clauses, so a comma is required before it.","60","none","{}","","","","","","Boundaries","","arch:SEC-BND-012;sec;grammar;ctx:CTX-GRM-011;tier:SEC2;grammar_family:coordination_comma_fanboys;sim:SEC.BND:coordination_comma_fanboys:B. internal punctuation nearby;fp:7ae25873c66c;surface_arch:SURF_SEC-BND-012"
"SAT_RW_8","RW_SPLIT_V9","SAT_RW_8_FRONT","400-600","SAT_RW_8_M1_Q17","RW","1","base","17","Standard English Conventions","Boundaries","SEC.BND","Boundaries","Colon after a complete lead-in","Medium","1","multiple_choice","Before opening night, the stage crew had one reliable test for the pulley system _____ every cable had to move without rubbing the frame.","Which choice completes the text so that it conforms to the conventions of Standard English?",":",",","; because","such as","A","1","The clause before the blank is complete, and the clause after it explains the test. A colon correctly introduces that explanation.","60","none","{}","","","","","","Boundaries","","arch:SEC-BND-042;sec;grammar;ctx:CTX-GRM-025;tier:SEC2;grammar_family:colon_after_independent_clause;sim:SEC.BND:colon_after_independent_clause:B. internal punctuation nearby;fp:a9d5666579b6;surface_arch:SURF_SEC-BND-042"
"SAT_RW_8","RW_SPLIT_V9","SAT_RW_8_FRONT","400-600","SAT_RW_8_M1_Q18","RW","1","base","18","Standard English Conventions","Boundaries","SEC.BND","Boundaries","Nonrestrictive relative clauses","Medium","1","multiple_choice","Mira tested three paper-airplane designs after class. The delta-wing model _____ remained on display in the classroom after the final trial.","Which choice completes the text so that it conforms to the conventions of Standard English?","which had flown farthest in a steady launch,",", that had flown farthest in a steady launch,",", who had flown farthest in a steady launch,",", which had flown farthest in a steady launch,","D","4","Because ""The delta-wing model"" already identifies a specific object, the relative clause is nonessential and must be set off with commas. ""Which"" is appropriate for a thing.","60","none","{}","","","","","","Boundaries","","arch:SEC-BND-031;sec;grammar;ctx:CTX-GRM-003;tier:SEC3;grammar_family:nonrestrictive_relative_clause;sim:SEC.BND:nonrestrictive_relative_clause:A. minimal-context version;fp:9ef2c30f05d7;surface_arch:SURF_SEC-BND-031"
"SAT_RW_8","RW_SPLIT_V9","SAT_RW_8_FRONT","400-600","SAT_RW_8_M1_Q19","RW","1","base","19","Standard English Conventions","Form, Structure, and Sense","SEC.FSS","Form, Structure, and Sense","Subject-verb agreement","Medium","1","multiple_choice","The series of wave-height readings, along with the storm log kept at the shore station, _____ enough detail for engineers to reconstruct the buoy's performance.","Which choice completes the text so that it conforms to the conventions of Standard English?","contain","have contained","contains","containing","C","3","The subject is the singular noun ""series""; the intervening phrase does not change its number. Therefore, the singular verb ""contains"" is required.","60","none","{}","","","","","","Form, Structure, and Sense","","arch:SEC-FSS-002;sec;grammar;ctx:CTX-GRM-038;tier:SEC2;grammar_family:subject_verb_agreement;sim:SEC.FSS:subject_verb_agreement:B. intervening material;fp:59f4852a0b52;surface_arch:SURF_SEC-FSS-002"
"SAT_RW_8","RW_SPLIT_V9","SAT_RW_8_FRONT","400-600","SAT_RW_8_M1_Q20","RW","1","base","20","Standard English Conventions","Form, Structure, and Sense","SEC.FSS","Form, Structure, and Sense","Parallel structure","Medium","1","multiple_choice","The inventor's notebook shows how she tested ordinary wire, adjusted antenna length, and _____.","Which choice completes the text so that it conforms to the conventions of Standard English?","recording reception strength","the measurement of reception strength","recorded reception strength","reception strength was recorded","C","3","The series uses parallel past-tense verbs: ""tested,"" ""adjusted,"" and ""recorded.""","60","none","{}","","","","","","Form, Structure, and Sense","","arch:SEC-FSS-031;sec;grammar;ctx:CTX-GRM-029;tier:SEC2;grammar_family:parallel_structure;sim:SEC.FSS:parallel_structure:A. single-trap version;fp:5c2fdaaaf15c;surface_arch:SURF_SEC-FSS-031"
"SAT_RW_8","RW_SPLIT_V9","SAT_RW_8_FRONT","400-600","SAT_RW_8_M1_Q21","RW","1","base","21","Standard English Conventions","Form, Structure, and Sense","SEC.FSS","Form, Structure, and Sense","Pronoun case","Medium","1","multiple_choice","The museum director chose _____, rather than the two assistants who had prepared the preliminary inventory, to compare the ceramic fragments with older catalog photographs before the exhibit opened.","Which choice completes the text so that it conforms to the conventions of Standard English?","Elena and me","Elena and I","Elena and myself","Elena and mine","A","1","The compound phrase is the object of ""chose,"" so the first-person pronoun must be in objective case: ""me.""","60","none","{}","","","","","","Form, Structure, and Sense","","arch:SEC-FSS-024;sec;grammar;ctx:CTX-GRM-002;tier:SEC3;grammar_family:pronoun_case;sim:SEC.FSS:pronoun_case:D. logic cue;fp:1ae05a6d7921;surface_arch:SURF_SEC-FSS-024"
"SAT_RW_8","RW_SPLIT_V9","SAT_RW_8_FRONT","400-600","SAT_RW_8_M1_Q22","RW","1","base","22","Expression of Ideas","Transitions","RW_TR_008","Select transition that logically connects ideas","contrast","Medium","1","multiple_choice","Some coastal cities install removable flood barriers only when storms approach. The barriers protect streets without permanently blocking waterfront views. _____ crews need time and advance warning to put them in place, so the system is less useful when water rises unexpectedly.","Which choice most logically completes the text?","For example,","However,","Similarly,","Consequently,","B","2","""However,"" signals the contrast between the barriers' benefit and the limitation that they require advance installation time.","60","none","{}","","","","","","Transitions","","passage:R142;arch:RW_TR_008;sim:rw_transitions_contrast;fp:bb527da3b9b4;surface_arch:SURF_RW_TR_008"
"SAT_RW_8","RW_SPLIT_V9","SAT_RW_8_FRONT","400-600","SAT_RW_8_M1_Q23","RW","1","base","23","Expression of Ideas","Transitions","RW_TR_009","Select transition that logically connects ideas","cause_effect","Medium","1","multiple_choice","Archaeologists initially thought matching painted motifs on pottery from two coastal sites showed that finished vessels had moved between them. Clay analysis later found that most fragments at each site were made from local minerals, while a rare volcanic temper appeared at both sites. _____ the archaeologists shifted from a model centered on finished-vessel trade to one that also considers exchange of raw materials.","Which choice best completes the text with a logical transition?","Meanwhile,","For instance,","As a result,","Nevertheless,","C","3","""As a result,"" correctly introduces the revised interpretation that follows from the clay and temper evidence.","60","none","{}","","","","","","Transitions","","passage:R088;arch:RW_TR_009;sim:rw_transitions_cause_effect;fp:196233e2c69d;surface_arch:SURF_RW_TR_009"
"SAT_RW_8","RW_SPLIT_V9","SAT_RW_8_FRONT","400-600","SAT_RW_8_M1_Q24","RW","1","base","24","Expression of Ideas","Transitions","RW_TR_001","Select transition that logically connects ideas","logical_link","Medium","1","multiple_choice","Volunteers at a community garden delayed mowing several grassy paths until after early wildflowers had finished blooming. The next spring, those paths produced more blossoms during the first warm weeks. _____ bees and hoverflies were recorded there earlier and more often than on paths that had been mowed on the old schedule.","Which transition most effectively connects the ideas?","In comparison,","Specifically,","Even so,","Consequently,","D","4","""Consequently,"" expresses the result: the increased early blossoms were followed by earlier and more frequent pollinator visits.","60","none","{}","","","","","","Transitions","","passage:R052;arch:RW_TR_001;sim:rw_transitions_logical_link;fp:9c1ad117a89a;surface_arch:SURF_RW_TR_001"
"SAT_RW_8","RW_SPLIT_V9","SAT_RW_8_FRONT","400-600","SAT_RW_8_M1_Q25","RW","1","base","25","Expression of Ideas","Rhetorical Synthesis","RW_RS_001","Use notes to achieve a writing goal","revision_goal","Easy","1","multiple_choice","A student wants to emphasize how a community-science project improved the usefulness of a city heat-and-tree map.

- The original map showed tree locations but not canopy width or sidewalk temperature.
- Volunteers measured canopy width and afternoon sidewalk temperature at 1,200 tree sites.
- City staff added shade-gap and heat-priority ratings to the map.
- Planners now use the updated map when selecting blocks for new tree planting.","Which choice most effectively uses the notes to accomplish the stated goal?","Volunteers measured canopy width and afternoon sidewalk temperature at 1,200 tree sites during the project.","The city already had a map showing tree locations before volunteers began collecting additional measurements.","City planners select blocks for new trees, and volunteers contributed information about existing tree sites.","By adding canopy, temperature, and heat-priority information to the location map, the project turned it into a tool planners now use to target new tree planting.","D","4","Choice D directly connects the added heat-and-canopy information to the map's new planning use, emphasizing how the project made the map more useful.","60","none","{}","","","","","","Rhetorical Synthesis","","passage:R076;arch:RW_RS_001;sim:rw_rhetorical_synthesis_revision_goal;fp:b8c8fe6e45ba;surface_arch:SURF_RW_RS_001"
"SAT_RW_8","RW_SPLIT_V9","SAT_RW_8_FRONT","400-600","SAT_RW_8_M1_Q26","RW","1","base","26","Expression of Ideas","Rhetorical Synthesis","RW_RS_008","Use notes to achieve a writing goal","supporting_detail","Medium","1","multiple_choice","A student wants to highlight a specific detail showing how a historical ferry shelter was designed for changing weather.

- The shelter was built beside a river crossing in 1912.
- Its south wall has wide openings that admit summer breezes.
- Hinged wooden panels can cover those openings during winter storms.
- A restoration project preserved the original panel hardware.","Which choice most effectively uses the notes to highlight the requested design detail?","Wide openings admit summer breezes, while hinged wooden panels can close those same openings during winter storms.","The ferry shelter was built beside a river crossing in 1912 and later underwent a restoration project.","Restorers preserved original hardware on a shelter whose south wall contains several wide openings.","The shelter has wooden panels, and its restoration preserved features from the original 1912 structure.","A","1","Choice A uses the paired design details to show directly how the same openings could be adapted to summer and winter conditions.","60","none","{}","","","","","","Rhetorical Synthesis","","passage:E009;arch:RW_RS_008;sim:rw_rhetorical_synthesis_supporting_detail;fp:22719e0a31fd;surface_arch:SURF_RW_RS_008"
"SAT_RW_8","RW_SPLIT_V9","SAT_RW_8_FRONT","400-600","SAT_RW_8_M1_Q27","RW","1","base","27","Expression of Ideas","Rhetorical Synthesis","RW_RS_009","Use notes to achieve a writing goal","contrast","Medium","1","multiple_choice","A student wants to emphasize a contrast between two approaches to labeling objects in a local history exhibit.

- The original labels list each object's name, date, and material.
- The redesigned labels keep those facts but also connect each object to a theme such as work, travel, or leisure.
- The redesigned labels include short questions inviting visitors to compare nearby objects.
- Both label sets describe the same collection.","Which choice most effectively uses the notes to emphasize the requested contrast?","Both sets of labels describe the same collection and include factual information about the objects on display.","Whereas the original labels mainly identify each object, the redesigned labels retain those facts while adding themes and comparison questions that connect objects to one another.","The redesigned labels include themes such as work, travel, and leisure as well as questions for visitors.","The exhibit contains one collection whose objects can be described with names, dates, materials, and thematic information.","B","2","Choice B directly contrasts the identifying function of the original labels with the redesigned labels' added thematic and comparative connections.","60","none","{}","","","","","","Rhetorical Synthesis","","passage:R058;arch:RW_RS_009;sim:rw_rhetorical_synthesis_contrast;fp:820b7c9ca370;surface_arch:SURF_RW_RS_009"
"SAT_RW_8","rw_split_v9","8_back","650-800","RW8_M2_Q01","RW","2","hard","1","Craft and Structure","Words in Context","CAS.WIC","Words in Context","claim_function_coastal_groynes","Hard","1","multiple_choice","Several coastal towns in the 1990s replaced low wooden groynes with taller barriers intended to keep sand from drifting alongshore. Early surveys seemed to favor the taller structures because beaches immediately up-current widened. A later reconstruction of shoreline photographs, however, found that much of this gain corresponded to narrowing farther down-current, where less sediment arrived. The reconstruction also showed that storm seasons sometimes erased the local gains within months. Its authors therefore qualify the earlier judgment that taller groynes were more effective. They accept the measurements taken beside the barriers but argue that those measurements captured redistribution rather than a durable increase in beach sediment. They also note that shoreline position is an incomplete proxy for sediment volume, since a broad beach can temporarily contain a thin layer of sand. Municipal records from the same period reveal no consistent reduction in dredging costs after the taller barriers were installed.","Which choice best describes the function of “qualify” in the text?","It presents the earlier judgment as a useful prediction that later evidence confirms.","It treats the earlier judgment as irrelevant because the original measurements were inaccurate.","It shifts attention from the judgment to a separate dispute about municipal budgeting.","It limits the force of the earlier judgment by accepting part of its evidence while narrowing what that evidence can establish.","D","4","The later reconstruction does not reject the earlier measurements; it restricts the conclusion that can be drawn from them. Thus “qualify” functions to narrow the earlier judgment while preserving part of its evidentiary basis.","75","none","{}","","","","","","Words in Context","","passage:R003; arch:RW_WIC_002; sim:rw_research_story_words_in_context_text_structure_and_purpose; fp:6d23eb3c2c; wic; hard_vocab; vocab:HV_121; tier:V4; target:qualify; family:claim_function"
"SAT_RW_8","rw_split_v9","8_back","650-800","RW8_M2_Q02","RW","2","hard","2","Craft and Structure","Words in Context","CAS.WIC","Words in Context","relation_function_monastery_trade","Hard","1","multiple_choice","A survey of medieval account books from three Alpine monasteries found that entries for imported pepper rose sharply after 1280. One explanation attributes the increase to a sudden change in monastic taste. Historian Lena Voss instead compares the pepper entries with records for wax, parchment, and fine wool, goods carried by many of the same merchants. Those commodities also appear more frequently after new toll agreements lowered fees on two mountain passes. Voss does not deny that cooks may have used more pepper, but she uses the parallel records to mediate the apparent link between preference and purchasing. The accounts record what monasteries acquired, not why individual purchases were made, and the falling tolls changed the cost of several imported goods at once. Moreover, recipe collections from the monasteries do not show a comparable jump in dishes calling for pepper. The purchasing pattern therefore reflects a commercial change that could have amplified, rather than simply mirrored, any change in taste.","Which choice best describes the function of “mediate” in the text?","It indicates that the observed connection between taste and purchasing must be interpreted through the effect of changing trade costs.","It signals that Voss replaces purchasing records with recipe collections as the only reliable historical source.","It portrays the toll agreements as evidence that pepper became less available even as monasteries bought more of it.","It emphasizes that the purchasing records directly reveal the motives of the monks who ordered imported goods.","A","1","The passage inserts trade costs between the proposed cause, changing taste, and the observed purchasing pattern. “Mediate” therefore marks an indirect relationship shaped by another factor, not a wholesale rejection of the account books.","75","none","{}","","","","","","Words in Context","","passage:R009; arch:RW_WIC_003; sim:rw_research_story_words_in_context_text_structure_and_purpose; fp:07e14de1cb; wic; hard_vocab; vocab:HV_124; tier:V4; target:mediate; family:relation_function"
"SAT_RW_8","rw_split_v9","8_back","650-800","RW8_M2_Q03","RW","2","hard","3","Craft and Structure","Words in Context","CAS.WIC","Words in Context","precision_effect_desert_annual","Hard","1","multiple_choice","Biologists mapping a desert annual plant had long described its range as bounded by average yearly rainfall. A new seed-bank survey complicated that description. At several dry sites, viable seeds persisted for more than a decade beneath gravel even though mature plants appeared only after unusually wet winters. At wetter sites, by contrast, dense perennial grasses reduced the annual plant’s emergence despite ample rainfall. The survey’s authors therefore use soil moisture during a narrow germination window to circumscribe the conditions associated with successful emergence. This variable does not replace rainfall as a climatic influence; rather, it separates years in which rain arrives at useful times from years with similar totals but different seasonal timing. The authors also caution that seed persistence and adult abundance measure different stages of the life cycle. Their model accordingly predicts where emergence is possible in a given year, not every location where dormant seeds may remain underground.","Which choice best describes the effect of “circumscribe” in the text?","It broadens the proposed conditions so that any site with persistent seeds counts as suitable.","It dismisses rainfall totals because they have no connection to the plant’s life cycle.","It defines a narrower set of conditions for emergence by focusing on moisture during the germination period.","It suggests that the authors cannot distinguish dormant seeds from mature plants in their survey.","C","3","The authors refine the relevant conditions from broad annual rainfall to moisture during a specific germination window. The word therefore contributes precision by narrowing the boundary of the claim.","75","none","{}","","","","","","Words in Context","","passage:R015; arch:RW_WIC_004; sim:rw_research_story_words_in_context_text_structure_and_purpose; fp:c7019463d6; wic; hard_vocab; vocab:HV_169; tier:V4; target:circumscribe; family:precision_effect"
"SAT_RW_8","rw_split_v9","8_back","650-800","RW8_M2_Q04","RW","2","hard","4","Craft and Structure","Words in Context","CAS.WIC","Words in Context","tonal_effect_museum_catalog","Hard","1","multiple_choice","When a regional museum digitized thousands of insect specimens, curators initially worried that online access would reduce visits from specialist researchers. Five years of appointment records showed the opposite pattern: requests to examine physical specimens increased, especially for collections whose labels and high-resolution images were available online. Curator Mei Alvarez describes the digital catalog as a tool that can attenuate the inconvenience of preliminary travel without displacing close examination of the specimens themselves. Researchers can reject irrelevant cases remotely, identify unusual labels, and arrive with narrower questions. Yet the catalog cannot reveal microscopic surface structures or permit chemical sampling, so some investigations still require direct access. Alvarez also notes that increased appointments may partly reflect the museum’s broader outreach during the same period. She therefore treats the catalog as one contributor to the change rather than as its sole cause, and she resists framing digital and physical access as competing alternatives.","Which choice best describes the tonal effect of “attenuate” in the text?","It makes Alvarez’s claim categorical by implying that digitization removes the need for preliminary travel.","It conveys skepticism about whether online catalogs provide any practical benefit to researchers.","It presents the catalog’s benefit in measured terms, suggesting that it reduces a burden without eliminating it.","It expresses surprise that researchers continue to request access to physical specimens.","C","3","“Attenuate” supports the passage’s restrained assessment: digital access reduces an inconvenience but does not remove the need for physical examination. The term keeps the benefit deliberately limited rather than absolute.","75","none","{}","","","","","","Words in Context","","passage:R021; arch:RW_WIC_005; sim:rw_research_story_words_in_context_text_structure_and_purpose; fp:cee3f74ade; wic; hard_vocab; vocab:HV_129; tier:V4; target:attenuate; family:tonal_effect"
"SAT_RW_8","rw_split_v9","8_back","650-800","RW8_M2_Q05","RW","2","hard","5","Craft and Structure","Text Structure and Purpose","CAS.TSP","Text Structure and Purpose","purpose_sentence_mill_courtyard","Hard","1","multiple_choice","Architectural historians once described the narrow courtyards of several nineteenth-century textile mills as leftover spaces created by irregular property lines. Building permits from the period complicate that view. At the Ashford Mill, for example, the owner purchased an adjoining parcel specifically to preserve a six-meter gap between the spinning room and a new weaving shed. Insurance correspondence from the same year warned that lint fires could spread rapidly through connected roof spaces. <u>The owner’s revised plan separated the two roofs and placed a water cistern in the courtyard between them.</u> Similar modifications appear at two nearby mills after insurers raised premiums for tightly connected buildings. The courtyards still served ordinary purposes: workers crossed them, carts unloaded there, and windows opened onto them. Yet the documentary sequence indicates that at least some of these spaces were deliberately maintained as part of a broader effort to manage fire risk, rather than merely tolerated as awkward remnants of parcel geometry.","What is the main function of the underlined sentence in the text?","It shifts the discussion from the Ashford Mill to a general history of textile production.","It introduces evidence that the owner considered courtyard traffic more important than insurance costs.","It concedes that the revised mill plan made the courtyard unnecessary for fire protection.","It supplies a concrete design change that links the documentary concern about fire to the physical form of the courtyard.","D","4","The underlined sentence shows how the fire concern described just before it was translated into a specific architectural arrangement. It therefore connects documentary evidence to the passage’s reinterpretation of the courtyard’s function.","75","none","{}","","","","","","Text Structure and Purpose","","passage:R027; arch:RW_TSP_001; sim:rw_research_story_words_in_context_text_structure_and_purpose; fp:ea88225efd; tsp; underline"
"SAT_RW_8","rw_split_v9","8_back","650-800","RW8_M2_Q06","RW","2","hard","6","Craft and Structure","Text Structure and Purpose","CAS.TSP","Text Structure and Purpose","structure_melody_memory","Hard","1","multiple_choice","In a study of how listeners identify familiar melodies, participants heard short sequences in which every note had been shifted upward by the same interval. Most listeners recognized the melodies even though none of the original pitches remained. In a second condition, the researchers kept the first and last pitches unchanged but altered several intervals between neighboring notes. Recognition fell much more sharply. The authors use this contrast to argue that listeners often encode a melody through relations among pitches rather than through a list of absolute pitch values. They are careful, however, not to treat interval structure as sufficient in every case. When rhythmic accents were displaced in a third condition, recognition also declined,. The study thus moves from a striking demonstration of transposition tolerance to a more qualified account in which relational pitch information interacts with timing cues. This sequence allows the researchers to distinguish a robust organizing principle from a complete model of melodic memory.","Which choice best describes the overall structure of the text?","It describes an initial result supporting a relational account, then introduces another result that limits how complete that account can be.","It presents a historical theory of melody, contrasts competing scholars, and proposes a compromise between them.","It lists several failures of melody recognition and then argues that pitch information is generally irrelevant.","It explains a laboratory method in detail and then evaluates whether the method can be replicated outside the laboratory.","A","1","The text first uses transposition and altered intervals to support relational pitch encoding, then uses the rhythm condition to qualify that account. The structure is therefore support followed by a limitation, not a rejection.","75","none","{}","","","","","","Text Structure and Purpose","","passage:R033; arch:RW_TSP_005; sim:rw_research_story_words_in_context_text_structure_and_purpose; fp:b7a29740b4; tsp"
"SAT_RW_8","rw_split_v9","8_back","650-800","RW8_M2_Q07","RW","2","hard","7","Craft and Structure","Text Structure and Purpose","CAS.TSP","Text Structure and Purpose","purpose_sentence_archive_index","Hard","1","multiple_choice","A city archive recently reexamined a set of handwritten street-vendor licenses from 1911. Earlier catalogers had grouped the documents by the modern English names of the goods sold, producing categories such as “fruit,” “prepared food,” and “household items.” Linguist Dara Okafor noticed that many vendors had written descriptions in several languages and that the archive’s categories sometimes collapsed distinctions important to the sellers themselves. <u>Rather than discard the old categories, Okafor built a second index that preserves the vendors’ original labels and links each label to the broader catalog term.</u> The paired system revealed clusters that had been difficult to see, including multiple labels for seasonal sweets sold only during particular festivals. It also left the older index usable for researchers comparing licenses across decades. By describing both the mismatch and the paired indexing solution, the archive can acknowledge the interpretive choices built into cataloging without making its holdings inaccessible to users who rely on standardized search terms.","Which choice most accurately describes the role of the underlined sentence in the text?","It illustrates a compromise that preserves standardized access while retaining distinctions present in the source documents.","It explains why the original licenses should be reorganized exclusively according to festival dates.","It argues that multilingual labels prevent archival records from being compared across time.","It gives an example of a vendor whose label was mistranslated by earlier catalogers.","A","1","The underlined sentence presents the central methodological solution: maintain the broad legacy categories but add an index preserving original labels. This solution directly addresses both accessibility and interpretive loss.","75","none","{}","","","","","","Text Structure and Purpose","","passage:R039; arch:RW_TSP_009; sim:rw_research_story_words_in_context_text_structure_and_purpose; fp:40878b72fd; tsp; underline"
"SAT_RW_8","rw_split_v9","8_back","650-800","RW8_M2_Q08","RW","2","hard","8","Craft and Structure","Cross-Text Connections","CAS.CTC","Cross-Text Connections","cross_text_bikeshare","Hard","1","multiple_choice","Text 1:
Economist Nia Bell argues that municipal bike-share systems should be evaluated partly by the number of short trips that replace car journeys. In her view, a station that serves many brief rides can reduce congestion even if its bicycles rarely travel long distances. She cautions against using distance traveled as the main measure of a station’s value.

Text 2:
Transportation planner Victor Han agrees that trip distance alone is an incomplete measure, but he emphasizes another benefit of short rides: they can connect riders to rail or bus lines. Han notes that a bike trip may add little distance yet substantially expand the area from which residents can reach high-capacity transit without driving.","Based on the texts, how would Han most likely respond to Bell’s claim about the value of stations that serve many short rides?","He would disagree because short rides are valuable chiefly when they replace trips that would otherwise be made by car.","He would agree that short rides can be valuable but add that their value may also come from improving access to other transit.","He would agree if the stations are located far enough from rail and bus stops to encourage longer bicycle trips.","He would disagree because distance traveled is a more reliable measure of station value than either congestion reduction or transit access.","B","2","Han shares Bell’s view that short rides can have value beyond distance traveled, but he adds a distinct mechanism: connecting riders to rail or bus service.","80","none","{}","","","","","","Cross-Text Connections","","passage:R006; arch:RW_CTC_002; sim:rw_research_story_cross_text_connections_central_ideas_and_details; fp:57ef3d19e0; cross_text"
"SAT_RW_8","rw_split_v9","8_back","650-800","RW8_M2_Q09","RW","2","hard","9","Information and Ideas","Central Ideas and Details","II.CID","Central Ideas and Details","main_claim_workshop_marks","Hard","1","multiple_choice","For decades, art historians assumed that a set of small blue marks on the margins of painter Elisabetta Riva’s workshop drawings were later inventory notations. Conservator Paulo Mendes compared the marks with pigment residues on unfinished panels from the same studio. Spectroscopic tests showed that the blue material on both paper and wood contained the same unusual mixture of azurite and chalk. Mendes also found that the marks cluster beside figures whose garments were later painted blue on completed works. The evidence does not establish that Riva herself made every mark, since assistants routinely handled workshop drawings. It does, however, make a purely administrative explanation less likely. Mendes proposes that the marks functioned as production cues, helping workshop members coordinate color choices before paint was applied. The proposal also explains why similar marks are absent beside architectural elements that were typically painted in neutral earth pigments.","Which choice most accurately states the central idea of the text?","Spectroscopic testing shows that azurite and chalk were uncommon in painted garments but frequent in architectural details.","Mendes proves that Riva personally made the blue marks to record the prices of costly pigments used in finished paintings.","The blue marks are significant mainly because neighboring studios used the same notation more consistently than Riva’s workshop did.","Mendes argues that blue marginal marks probably served as workshop production cues, based on material and placement evidence, though their precise authorship remains uncertain.","D","4","The passage centers on Mendes’s reinterpretation of the marks as production cues, supported by pigment composition and where the marks appear, while retaining uncertainty about who made them.","75","none","{}","","","","","","Central Ideas and Details","","passage:R001; arch:RW_CID_001; sim:rw_research_story_central_ideas_and_details_inferences; fp:0c288fc887; cid"
"SAT_RW_8","rw_split_v9","8_back","650-800","RW8_M2_Q10","RW","2","hard","10","Information and Ideas","Central Ideas and Details","II.CID","Central Ideas and Details","supporting_detail_crab_mounds","Hard","1","multiple_choice","Ecologists studying a tidal marsh noticed that young cordgrass plants survived unusually well on small raised mounds built by burrowing crabs. One possibility was that the mounds simply kept roots above salty floodwater. To test that idea, the ecologists installed artificial mounds of the same height but without crab burrows. Seedlings on both natural and artificial mounds experienced similar flooding, yet survival remained higher on natural mounds. Soil probes offered a clue: crab burrows increased oxygen penetration several centimeters below the surface, while compact artificial mounds stayed oxygen-poor. Root samples from plants on natural mounds also showed less tissue damage associated with prolonged anoxia. The authors conclude that elevation contributes to seedling survival but does not fully explain the advantage of crab-built mounds. Burrow-driven aeration appears to provide an additional benefit. Because the experiment was conducted during one growing season, the authors note that repeated storms or changes in crab density could alter the relative importance of the two mechanisms.","Which choice best describes the role of the artificial mounds in the ecologists’ investigation?","They allowed the ecologists to determine whether cordgrass seedlings can survive without experiencing any tidal flooding.","They showed that crab density increases after cordgrass roots become damaged by oxygen-poor soil.","They provided a comparison that separated the effect of mound elevation from benefits specifically associated with crab burrows.","They established that artificial mounds remain stable for more growing seasons than natural crab-built mounds do.","C","3","The artificial mounds matched the natural mounds in height but lacked burrows. Comparing them let the ecologists hold elevation roughly constant while testing whether burrows added another benefit.","75","none","{}","","","","","","Central Ideas and Details","","passage:R002; arch:RW_CID_002; sim:rw_research_story_command_of_evidence_central_ideas_and_details; fp:dc13fc043e; cid"
"SAT_RW_8","rw_split_v9","8_back","650-800","RW8_M2_Q11","RW","2","hard","11","Information and Ideas","Central Ideas and Details","II.CID","Central Ideas and Details","main_claim_serial_layout","Hard","1","multiple_choice","A literary scholar examining serialized novels in an 1870s newspaper compared installments printed before and after the paper introduced a strict column-length limit. After the change, chapters ended more often with interrupted conversations, newly revealed letters, or arrivals whose consequences were postponed to the next issue. It might seem that authors simply wrote more suspenseful stories during those years. Yet surviving manuscripts tell a more complicated story: several contain longer scenes that editors divided at points matching the new column limit. In correspondence, one novelist even complained that an editor had moved a chapter break “to the knock at the door” so that the continuation would begin the following week. The scholar therefore argues that some familiar suspense devices of newspaper serialization were shaped not just by narrative preference but by material constraints of page layout. This does not make the suspense accidental; writers and editors could exploit an imposed break creatively once the production schedule made a break necessary.","Which choice best summarizes the main point of the text?","Newspaper editors in the 1870s generally valued page layout over the coherence of serialized novels.","The surviving correspondence shows that authors, rather than editors, controlled the placement of chapter breaks after column limits were introduced.","Novelists increasingly chose interrupted conversations as chapter endings because readers had lost interest in letters and surprise arrivals.","Manuscript evidence suggests that column limits sometimes helped determine where serialized installments ended, and writers or editors could turn those imposed breaks into suspenseful effects.","D","4","The passage links physical column limits to the placement of some installment breaks, then emphasizes that creators could use those constraints artistically. Choice D captures both the material cause and the creative response.","75","none","{}","","","","","","Central Ideas and Details","","passage:R007; arch:RW_CID_007; sim:rw_research_story_central_ideas_and_details_inferences; fp:e6cc87210e; cid"
"SAT_RW_8","rw_split_v9","8_back","650-800","RW8_M2_Q12","RW","2","hard","12","Information and Ideas","Command of Evidence","II.COE","Command of Evidence","evidence_cellulose_bricks","Hard","1","multiple_choice","Materials scientist Haruto Imai proposed that adding microscopic cellulose fibers to unfired clay bricks could reduce cracking during drying because the fibers bridge tiny fractures before they widen. To test the proposal, his team prepared bricks with 0%, 0.5%, 1.0%, and 2.0% fiber by mass. All batches used the same clay, water content, mold size, and drying chamber. The team then counted visible cracks and measured bending strength after seven days. Bricks with 1.0% fiber had fewer cracks than the fiber-free bricks and retained comparable strength. At 2.0%, however, cracking increased again and strength declined, apparently because clumps of fiber created weak zones. Microscopy of the 1.0% bricks showed fibers crossing many incipient cracks. Imai cautions that the result may depend on fiber length and clay composition, but argues that a moderate fiber concentration can interrupt crack growth without introducing enough discontinuities to weaken the brick substantially.","Which finding from the text most directly supports Imai’s claim that a moderate fiber concentration can interrupt crack growth without substantially weakening the brick?","The fiber-free bricks were made with the same mold size and water content as the other batches.","The 1.0% fiber bricks had fewer visible cracks than fiber-free bricks, retained comparable bending strength, and showed fibers crossing incipient cracks.","The 2.0% fiber bricks contained clumps of fiber and had lower strength than the 1.0% bricks.","Imai notes that fiber length and clay composition may affect whether the result generalizes.","B","2","Choice B supplies evidence for both parts of the claim: reduced cracking with direct microscopic evidence of bridging, and no substantial loss of strength at the moderate concentration.","75","none","{}","","","","","","Command of Evidence","","passage:R005; arch:RW_COE_001; sim:rw_research_story_command_of_evidence_inferences; fp:399550e7dc; coe"
"SAT_RW_8","rw_split_v9","8_back","650-800","RW8_M2_Q13","RW","2","hard","13","Information and Ideas","Command of Evidence","II.COE","Command of Evidence","evidence_map_reading","Hard","1","multiple_choice","Cognitive scientists studying map reading asked experienced hikers and novice hikers to learn two unfamiliar trail networks. One map used conventional contour lines, while the other replaced contours with shaded relief that made slopes visually prominent. After training, participants planned routes between marked points without seeing the maps. Experienced hikers performed similarly with both formats. Novices, however, chose routes with unexpectedly steep climbs more often after studying the contour map than after studying the shaded-relief map. In a separate task requiring participants to estimate straight-line distance, novices showed little difference between formats. The scientists propose that shaded relief specifically helps inexperienced users translate elevation information into route difficulty rather than improving spatial memory in general. They note that the networks were small and that real backcountry decisions include landmarks, weather, and trail quality. Even so, the contrast between the route-planning and distance tasks points to a particular advantage in interpreting terrain rather than a broad improvement in remembering locations.","Which finding from the text most directly supports the scientists’ claim that shaded relief helps novices interpret terrain rather than improving spatial memory in general?","Experienced hikers performed similarly with contour and shaded-relief maps.","The trail networks used in the experiment were smaller than many real backcountry networks.","Novices made fewer steep-route errors with shaded relief but showed little format difference when estimating straight-line distance.","Real route decisions can depend on landmarks, weather, and trail quality.","C","3","The key evidence is the task-specific contrast: shaded relief improved novices’ choices when elevation mattered, while a general spatial-memory measure, straight-line distance, did not improve. That pattern supports a terrain-interpretation benefit.","75","none","{}","","","","","","Command of Evidence","","passage:R008; arch:RW_COE_006; sim:rw_research_story_command_of_evidence_central_ideas_and_details; fp:7cb36f2a54; coe"
"SAT_RW_8","rw_split_v9","8_back","650-800","RW8_M2_Q14","RW","2","hard","14","Information and Ideas","Inferences","II.INF","Inferences","inference_anchor_wear","Hard","1","multiple_choice","Marine archaeologists examining stone anchors from an ancient harbor noticed that many had holes worn more heavily on one side. A long-standing interpretation held that the asymmetry resulted from anchors repeatedly dragging across the seabed during storms. To investigate, the archaeologists built replicas from local limestone and used fiber ropes modeled on ancient examples. Some replicas were dragged across sand; others were lowered and raised vertically hundreds of times from a stationary boat. Dragging abraded the anchor edges but produced little consistent wear inside the holes. Repeated raising, by contrast, created polished grooves on the upper inside edge of the holes closely resembling those on archaeological specimens. The team also found that the groove direction varied with the angle at which the rope exited the hole. Although centuries of seabed movement may have altered individual artifacts, the experiments indicate that ordinary handling could have produced much of the characteristic wear before the anchors were lost or discarded.","Based on the text, which conclusion is most strongly supported?","The ancient anchors were probably made from several kinds of stone that wore at substantially different rates.","Storm dragging was likely the main source of the polished grooves because it produced the strongest wear inside replica holes.","The anchors must have been discarded immediately after their ropes first produced visible grooves.","At least some of the asymmetric hole wear may have developed through repeated lifting and lowering during normal use rather than primarily through seabed dragging.","D","4","The replica experiment produced the archaeological-style internal grooves during repeated raising but not during dragging. That evidence supports the inference that routine handling could account for at least some of the wear.","75","none","{}","","","","","","Inferences","","passage:R011; arch:RW_INF_001; sim:rw_research_story_command_of_evidence_inferences; fp:4bf5e38d64; inf"
"SAT_RW_8","rw_split_v9","8_back","650-800","RW8_M2_Q15","RW","2","hard","15","Information and Ideas","Inferences","II.INF","Inferences","inference_observatory_notation","Hard","1","multiple_choice","A historian of science studied laboratory notebooks from a nineteenth-century observatory where assistants measured star positions with a transit instrument. Published reports present nightly measurements in smooth tables, suggesting a standardized routine. The notebooks reveal more variation. On cold nights, assistants sometimes recorded that the instrument’s clockwork hesitated, and they repeated certain observations after warming the mechanism. One assistant began adding small symbols beside readings taken immediately after a hesitation. Months later, another assistant adopted the same symbols without any written instruction explaining them. The symbols never appeared in the published tables, yet measurements marked with them were more likely to be repeated before a nightly average was calculated. The historian argues that the observatory’s practical standards were transmitted partly through local habits that remained invisible in formal reports. Because the notebooks cover only two years, they cannot show how long the notation persisted, but they do reveal a shared response to a recurring instrumental problem.","What can most reasonably be inferred from the text?","The observatory’s published reports were deliberately falsified to conceal failures of the clockwork mechanism.","The assistants likely developed and shared an informal notation that helped them identify readings needing extra scrutiny before publication.","The second assistant learned the notation from a written manual that has since been lost.","Cold weather affected the measured positions of stars themselves rather than the operation of the observatory’s instrument.","B","2","The shared symbols correlate with readings repeated before averaging, and the notation spread without a recorded formal instruction. This supports an informal quality-control practice transmitted locally.","75","none","{}","","","","","","Inferences","","passage:R013; arch:RW_INF_006; sim:rw_research_story_central_ideas_and_details_inferences; fp:232592199a; inf"
"SAT_RW_8","rw_split_v9","8_back","650-800","RW8_M2_Q16","RW","2","hard","16","Standard English Conventions","Boundaries","SEC.BND","Boundaries","Introductory dependent clauses","Hard","1","multiple_choice","Although the harbor authority’s first depth survey, completed before the eastern breakwater was extended, recorded only the central channel ____ later surveys mapped the shallower margins as well, allowing cartographers to distinguish sediment buildup from differences in coverage.","Which choice completes the text so that it conforms to the conventions of Standard English?","and later surveys mapped the shallower margins as well,","because later surveys mapped the shallower margins as well,",", later surveys mapped the shallower margins as well,","; later surveys mapped the shallower margins as well,","C","3","The sentence requires use a comma after an introductory dependent clause before the main clause begins. The other choices fail when the complete clause structure is considered.","55","none","{}","","","","","","Boundaries","","passage:SEC_CTX_016; arch:SEC-BND-019; sim:SEC.BND:introductory_subordinate_clause:D. academic register; fp:d2fbe7fb26; sec; grammar; tier:SEC3; ctx:SEC_CTX_016; grammar_family:introductory_subordinate_clause"
"SAT_RW_8","rw_split_v9","8_back","650-800","RW8_M2_Q17","RW","2","hard","17","Standard English Conventions","Boundaries","SEC.BND","Boundaries","Nonessential appositive information","Hard","1","multiple_choice","The most complete ledger from the glassworks, a stitched volume whose weekly entries distinguish furnace fuel from the wood used for packing crates ____ historians a rare way to compare production costs with shipping costs during the factory’s final decade.","Which choice completes the text so that it conforms to the conventions of Standard English?","which offers",", offers","offering","and its entries offer","B","2","The sentence requires set off a nonessential appositive with matching commas, dashes, or parentheses. The other choices fail when the complete clause structure is considered.","55","none","{}","","","","","","Boundaries","","passage:SEC_CTX_017; arch:SEC-BND-029; sim:SEC.BND:nonessential_appositive:D. academic register; fp:6e4b373f59; sec; grammar; tier:SEC3; ctx:SEC_CTX_017; grammar_family:nonessential_appositive"
"SAT_RW_8","rw_split_v9","8_back","650-800","RW8_M2_Q18","RW","2","hard","18","Standard English Conventions","Boundaries","SEC.BND","Boundaries","Introductory dependent clauses","Hard","1","multiple_choice","Although the first pollen count from the lake core, which was taken near a disturbed edge of the sample, appeared to show a sudden decline in spruce ____ the later count from the undisturbed center showed a gradual shift, consistent with the sequence found in two nearby cores.","Which choice completes the text so that it conforms to the conventions of Standard English?","and the later count from the undisturbed center showed","; the later count from the undisturbed center showed","because the later count from the undisturbed center showed",", the later count from the undisturbed center showed","D","4","The sentence requires use a comma after an introductory dependent clause before the main clause begins. The other choices fail when the complete clause structure is considered.","55","none","{}","","","","","","Boundaries","","passage:SEC_CTX_018; arch:SEC-BND-020; sim:SEC.BND:introductory_subordinate_clause:E. expanded syntax; fp:4d0f1499fb; sec; grammar; tier:SEC4; ctx:SEC_CTX_018; grammar_family:introductory_subordinate_clause"
"SAT_RW_8","rw_split_v9","8_back","650-800","RW8_M2_Q19","RW","2","hard","19","Standard English Conventions","Form, Structure, and Sense","SEC.FSS","Form, Structure, and Sense","Subject-verb agreement","Hard","1","multiple_choice","Since 2018, the pattern of tiny fractures along the outer edges of the three bronze mirrors, rather than the larger scratches across their faces, ____ conservators that repeated heating and cooling contributed to the damage.","Which choice completes the text so that it conforms to the conventions of Standard English?","has revealed to","have revealed to","are revealing to","were revealing to","A","1","The sentence requires choose the verb form that agrees in number with the true subject, ignoring intervening phrases. The other choices fail when the complete clause structure is considered.","55","none","{}","","","","","","Form, Structure, and Sense","","passage:SEC_CTX_019; arch:SEC-FSS-004; sim:SEC.FSS:subject_verb_agreement:D. logic cue; fp:e9c99d4a33; sec; grammar; tier:SEC3; ctx:SEC_CTX_019; grammar_family:subject_verb_agreement"
"SAT_RW_8","rw_split_v9","8_back","650-800","RW8_M2_Q20","RW","2","hard","20","Standard English Conventions","Form, Structure, and Sense","SEC.FSS","Form, Structure, and Sense","Logical verb tense","Hard","1","multiple_choice","By the time the revised catalog was printed in 1936, the curator who supervised the museum’s two storerooms and corresponded with regional collectors ____ nearly four hundred mineral specimens that the earlier catalog had listed only by cabinet number.","Which choice completes the text so that it conforms to the conventions of Standard English?","had cataloged","were cataloging","catalogs","will catalog","A","1","The sentence requires choose the tense that fits the time relationship established by the sentence or surrounding context. The other choices fail when the complete clause structure is considered.","55","none","{}","","","","","","Form, Structure, and Sense","","passage:SEC_CTX_020; arch:SEC-FSS-009; sim:SEC.FSS:verb_tense_sequence:D. logic cue; fp:43a3eae97f; sec; grammar; tier:SEC3; ctx:SEC_CTX_020; grammar_family:verb_tense_sequence"
"SAT_RW_8","rw_split_v9","8_back","650-800","RW8_M2_Q21","RW","2","hard","21","Standard English Conventions","Form, Structure, and Sense","SEC.FSS","Form, Structure, and Sense","Logical comparisons","Hard","1","multiple_choice","Because the museum’s catalog distinguishes each mural’s painted field from its surrounding frame, the dimensions of the decorative border in Vega’s 1912 mural, which conservators measured only after removing a later wooden molding, are closer to those of the border in Vega’s later study than ____.","Which choice completes the text so that it conforms to the conventions of Standard English?","to Ortega’s 1908 mural","to the decorative border in Ortega’s 1908 mural","to those of Ortega’s 1908 mural","to those of the decorative border in Ortega’s 1908 mural","D","4","The comparison must keep the same category on both sides: the dimensions of one decorative border must be compared with the dimensions of another decorative border. Choice D does this because “those” stands for “the dimensions” and “of the decorative border” preserves the object being measured. Choice A compares dimensions with a mural, choice B compares dimensions with a border itself, and choice C compares border dimensions with the dimensions of an entire mural.","55","none","{}","","","","","","Form, Structure, and Sense","","passage:SEC_CTX_021; arch:SEC-FSS-040; sim:SEC.FSS:comparison_logic:E. expanded syntax; fp:75dd42919a; sec; grammar; tier:SEC4; ctx:SEC_CTX_021; grammar_family:comparison_logic"
"SAT_RW_8","rw_split_v9","8_back","650-800","RW8_M2_Q22","RW","2","hard","22","Standard English Conventions","Form, Structure, and Sense","SEC.FSS","Form, Structure, and Sense","Complete sentence structure","Hard","1","multiple_choice","Although the earlier reconstruction of the river’s course, which relied on elevations from widely spaced survey points, leaves several bends poorly constrained, the revised model ____ the newly mapped terraces while preserving the well-supported downstream alignment.","Which choice completes the text so that it conforms to the conventions of Standard English?","accounts for","which accounts for","because it accounts for","account for","A","1","The sentence requires ensure that the choice creates a complete sentence with a subject and a finite verb and does not leave a fragment. The other choices fail when the complete clause structure is considered.","55","none","{}","","","","","","Form, Structure, and Sense","","passage:SEC_CTX_022; arch:SEC-FSS-070; sim:SEC.FSS:sentence_completeness_fss:E. expanded syntax; fp:820c3acffc; sec; grammar; tier:SEC4; ctx:SEC_CTX_022; grammar_family:sentence_completeness_fss"
"SAT_RW_8","rw_split_v9","8_back","650-800","RW8_M2_Q23","RW","2","hard","23","Expression of Ideas","Transitions","EOI.TRN","Transitions","transition_design_revision","Hard","1","multiple_choice","The earliest surviving sketches for the civic hall show a broad staircase centered on the main entrance. Construction photographs, however, show workers building two narrower staircases at the sides. A newly cataloged invoice records a late order for structural steel beams needed beneath the side landings. ____ the invoice supports the view that the staircase arrangement changed after the original sketches were prepared.","Which choice most logically completes the text as written?","For example,","Meanwhile,","Accordingly,","Nevertheless,","C","3","The invoice is evidence from which the stated conclusion about a late design change follows, so “Accordingly” fits the full movement. “For example” is tempting because the invoice is a specific document, while “Nevertheless” is tempting because the photographs differ from the sketches, but neither captures the final evidence-to-inference relation.","45","none","{}","","","","","","Transitions","","passage:R004; arch:RW_TR_001; sim:rw_research_story_transitions_rhetorical_synthesis; fp:96e77d6c0e; transition; relation:inference; runner1:example; runner2:contrast"
"SAT_RW_8","rw_split_v9","8_back","650-800","RW8_M2_Q24","RW","2","hard","24","Expression of Ideas","Transitions","EOI.TRN","Transitions","transition_bee_learning","Hard","1","multiple_choice","A field survey found that bumblebees visited purple and yellow artificial flowers at similar rates when both colors offered the same sugar concentration. In a later trial, the yellow flowers contained less sugar, and visits to them declined over several days. The bees still approached both colors during the first hour of the later trial. ____ the decline in yellow-flower visits appears to reflect learning about reward quality rather than an immediate aversion to the color itself.","Which choice most logically completes the passage?","In addition,","Specifically,","Therefore,","By contrast,","C","3","The final sentence draws an inference from the bees’ behavior: because they still approached both colors at first, the later decline in yellow-flower visits is better explained by learning about reward quality than by an immediate color aversion. Therefore, “Therefore” is the best transition. “By contrast” is tempting because later yellow-flower visits differ from the earlier equal-rate pattern, but the final sentence states a conclusion from the evidence rather than merely contrasting two observations. “Specifically” would introduce a detail, and “In addition” would simply add information.","45","none","{}","","","","","","Transitions","","passage:R010; arch:RW_TR_005; sim:rw_research_story_transitions_rhetorical_synthesis; fp:3924b19e24; transition; relation:inference; runner1:contrast; runner2:example"
"SAT_RW_8","rw_split_v9","8_back","650-800","RW8_M2_Q25","RW","2","hard","25","Expression of Ideas","Transitions","EOI.TRN","Transitions","transition_memoir_revision","Hard","1","multiple_choice","An editor comparing two printings of a 1924 travel memoir found that the second printing removes several long descriptions of railway schedules. It also adds brief sentences identifying towns where the author changed trains. The revisions shorten the logistical detail but make the route easier to reconstruct on a map. ____ the second printing is more concise in its treatment of travel arrangements while being more explicit about the journey’s sequence.","Which choice most logically completes the text above?","To illustrate,","Overall,","Nevertheless,","Meanwhile,","B","2","The final sentence summarizes the two effects already described: the second printing removes some logistical detail while making the route sequence easier to reconstruct. “Overall” appropriately introduces that synthesis. “Nevertheless” is tempting because the two effects move in different directions, but the sentence is not conceding against a prior claim; it is summarizing both changes together. “To illustrate” would introduce an example, and “Meanwhile” would signal simultaneity rather than synthesis.","45","none","{}","","","","","","Transitions","","passage:R016; arch:RW_TR_009; sim:rw_research_story_transitions_rhetorical_synthesis; fp:6c07f84d80; transition; relation:summary; runner1:example; runner2:contrast"
"SAT_RW_8","rw_split_v9","8_back","650-800","RW8_M2_Q26","RW","2","hard","26","Expression of Ideas","Rhetorical Synthesis","EOI.RS","Rhetorical Synthesis","rs_restoration_balance","Hard","1","multiple_choice","A student wants to emphasize how a restoration decision balanced historical accuracy with continued public use.

- The Northgate Library’s 1908 reading room originally had tall casement windows.
- A 1970 renovation replaced the casements with sealed panes.
- Restorers found surviving hinge marks and one original frame in storage.
- Reproducing the 1908 casements would improve the room’s historical appearance.
- Modern safety rules require controlled opening widths on upper-floor windows.
- The restoration team installed new casement-style windows that match the original proportions but use concealed limiters to meet current safety rules.","Which choice most effectively uses the notes to fulfill the stated goal?","The restoration team installed casement-style windows matching the 1908 proportions while adding concealed limiters that allowed the room to regain a historically accurate appearance without sacrificing current safety requirements.","Because one original frame survived in storage, restorers knew that the 1970 sealed panes were not the reading room’s first windows.","The Northgate Library’s reading room had tall casement windows in 1908, but a renovation in 1970 replaced them with sealed panes.","Modern safety rules limit how widely some upper-floor windows may open, a requirement that applies to the Northgate Library.","A","1","Choice A combines the historical aim—matching the 1908 proportions—with the practical constraint—meeting current safety rules through concealed limiters. The other choices mention only one side of the requested balance or background information.","55","none","{}","","","","","","Rhetorical Synthesis","","passage:R022; arch:RW_RS_001; sim:rw_research_story_transitions_rhetorical_synthesis; fp:80ff9b009e; rhetorical_synthesis"
"SAT_RW_8","rw_split_v9","8_back","650-800","RW8_M2_Q27","RW","2","hard","27","Expression of Ideas","Rhetorical Synthesis","EOI.RS","Rhetorical Synthesis","rs_waste_without_slowdown","Hard","1","multiple_choice","A student wants to make and support the claim that a small manufacturing change reduced waste without slowing production.

- A pottery workshop cuts circular lids from rectangular slabs of clay.
- Under the old layout, each slab yielded 18 lids and left 14% of the clay as unusable edge scraps.
- Technician Mara Singh rearranged the cutting template so adjacent circles partially nested between rows.
- With the new layout, each slab yielded 20 lids and left 6% of the clay as edge scraps.
- The press completed a slab in about 11 minutes under both layouts.
- The workshop adopted Singh’s layout for routine production the following month.","Which choice best uses the notes to accomplish the stated goal?","Singh rearranged the workshop’s cutting template, and the workshop adopted the new layout for routine production the following month.","By nesting the lid circles, Singh increased yield from 18 to 20 lids per slab and cut edge scraps from 14% to 6%, while the roughly 11-minute processing time stayed unchanged.","The pottery workshop makes circular lids from rectangular slabs, so some clay can remain around the slab’s edges after cutting.","The old layout produced 18 lids per slab, whereas Singh’s layout produced 20 lids and was later adopted by the workshop.","B","2","Choice B directly supports both parts of the claim: waste decreased, as shown by the scrap percentage, while production speed did not slow, as shown by the unchanged processing time. It also notes the increased lid yield.","55","none","{}","","","","","","Rhetorical Synthesis","","passage:R028; arch:RW_RS_005; sim:rw_research_story_transitions_rhetorical_synthesis; fp:94bcf9806b; rhetorical_synthesis"
"SAT_Math_questions.8","8","MATH_V6_BATCH_8","all","MATH8-M1-Q01","MATH","1","base","1","Algebra","Linear Equations","ALG_LE_001","Solve a one-variable linear equation with constants on both sides","Solve a one-variable linear equation with constants on both sides","E1","1","multiple_choice","","If 3(2x - 5) + 4 = 25, what is the value of x?","4","5","6","7","C","3","Distribute and combine terms: 3(2x - 5) + 4 = 6x - 11. Then 6x - 11 = 25, so 6x = 36 and x = 6.","45","none","{}","","","","","","solve a one-variable linear equation with constants on both sides","","math,domain:Algebra,skill:ALG_LE_001,arch:MATH_ARCH_001_LINEAR_EQUATION_ONE_VARIABLE,sim:SIM_LINEAR_EQUATIONS_AND_INEQUALITIES,fp:cad942a7,tier:E1"
"SAT_Math_questions.8","8","MATH_V6_BATCH_8","all","MATH8-M1-Q02","MATH","1","base","2","Geometry and Trigonometry","Triangles","GEO_TRI_001","Use angle relationships with parallel lines and transversal","Use angle relationships with parallel lines and transversal","E1","1","multiple_choice","","Two parallel lines are cut by a transversal. One of the interior angles measures 118°. What is the measure, in degrees, of the same-side interior angle on the other parallel line?","118","62","72","242","B","2","Same-side interior angles formed by parallel lines are supplementary, so the angle measure is 180 - 118 = 62 degrees.","45","none","{}","","","","","","use angle relationships with parallel lines and transversal","","math,domain:Geometry and Trigonometry,skill:GEO_TRI_001,arch:MATH_ARCH_084_ANGLE_PAIRS_PARALLEL_LINES,sim:SIM_PARALLEL_LINES_ANGLES,fp:4417bb18,tier:E1"
"SAT_Math_questions.8","8","MATH_V6_BATCH_8","all","MATH8-M1-Q03","MATH","1","base","3","Advanced Math","Equivalent Expressions","ADV_EE_006","Evaluate powers of i","Evaluate powers of i","M1","1","multiple_choice","","What is the value of i^27, where i = √(-1)?","-i","i","-1","1","A","1","Powers of i repeat every 4. Since 27 leaves a remainder of 3 when divided by 4, i^27 = i^3 = -i.","60","none","{}","","","","","","evaluate powers of i","","math,domain:Advanced Math,skill:ADV_EE_006,arch:MATH_ARCH_081_COMPLEX_POWERS_I,sim:SIM_COMPLEX_NUMBERS,fp:727dc014,tier:M1"
"SAT_Math_questions.8","8","MATH_V6_BATCH_8","all","MATH8-M1-Q04","MATH","1","base","4","Problem-Solving and Data Analysis","Ratios Rates and Proportions","PSD_RRP_007","Convert units using one conversion factor","Convert units using one conversion factor","M1","1","multiple_choice","","A ribbon is 7.5 yards long. Since 1 yard is 3 feet, how many feet long is the ribbon?","22.5","15","25.5","2.5","A","1","Multiply yards by 3 feet per yard: 7.5 × 3 = 22.5 feet.","60","none","{}","","","","","","convert units using one conversion factor","","math,domain:Problem-Solving and Data Analysis,skill:PSD_RRP_007,arch:MATH_ARCH_038_UNIT_CONVERSION_SINGLE,sim:SIM_RATIOS_RATES_PROPORTIONS,fp:4889d2b5,tier:M1"
"SAT_Math_questions.8","8","MATH_V6_BATCH_8","all","MATH8-M1-Q05","MATH","1","base","5","Algebra","Linear Functions","ALG_LF_001","Interpret slope and intercept in a real-world linear model","Interpret slope and intercept in a real-world linear model","M1","1","multiple_choice","","The total cost C, in dollars, for a gym membership after m months is C = 18 + 4m. What does the number 4 represent in this model?","The initial cost, in dollars","The total number of months","The total cost after 4 months","The cost, in dollars, added for each month","D","4","In C = 18 + 4m, the coefficient of m is the rate of change. The cost increases by 4 dollars for each additional month.","60","none","{}","","","","","","interpret slope and intercept in a real-world linear model","","math,domain:Algebra,skill:ALG_LF_001,arch:MATH_ARCH_004_LINEAR_MODEL_INITIAL_RATE,sim:SIM_LINEAR_FUNCTIONS_AND_GRAPHS,fp:9b6918fb,tier:M1"
"SAT_Math_questions.8","8","MATH_V6_BATCH_8","all","MATH8-M1-Q06","MATH","1","base","6","Advanced Math","Nonlinear Functions","ADV_NF_002","Evaluate a function at a given input","Evaluate a function at a given input","M1","1","multiple_choice","","If f(x) = 2x^2 - 3x + 5, what is f(-2)?","7","11","17","19","D","4","Substitute -2 for x: f(-2) = 2(-2)^2 - 3(-2) + 5 = 8 + 6 + 5 = 19.","60","none","{}","","","","","","evaluate a function at a given input","","math,domain:Advanced Math,skill:ADV_NF_002,arch:MATH_ARCH_063_FUNCTION_EVALUATE,sim:SIM_FUNCTION_NOTATION_AND_VALUES,fp:d85abcb0,tier:M1"
"SAT_Math_questions.8","8","MATH_V6_BATCH_8","all","MATH8-M1-Q07","MATH","1","base","7","Problem-Solving and Data Analysis","Ratios Rates and Proportions","PSD_RRP_001","Convert part-to-part ratio into part-to-whole fraction","Convert part-to-part ratio into part-to-whole fraction","M1","1","student_response","","In a box of markers, the ratio of red markers to blue markers is 5 to 7. What fraction of the markers in the box are red?","","","","","","","There are 5 red parts and 7 blue parts, for a total of 12 parts. The fraction that are red is 5/12.","60","none","{}","","","fraction","5/12","0","convert part-to-part ratio into part-to-whole fraction","","math,domain:Problem-Solving and Data Analysis,skill:PSD_RRP_001,arch:MATH_ARCH_032_RATIO_PART_TO_WHOLE,sim:SIM_RATIOS_RATES_PROPORTIONS,fp:da4dde77,tier:M1"
"SAT_Math_questions.8","8","MATH_V6_BATCH_8","all","MATH8-M1-Q08","MATH","1","base","8","Algebra","Linear Equations","ALG_LE_002","Clear denominators to solve a linear equation with fractional coefficients","Clear denominators to solve a linear equation with fractional coefficients","M1","1","multiple_choice","","What value of x satisfies (x + 4)/3 - x/2 = 1?","-2","2","5","14","B","2","Multiply both sides by 6: 2(x + 4) - 3x = 6. This gives 2x + 8 - 3x = 6, so -x = -2 and x = 2.","60","none","{}","","","","","","clear denominators to solve a linear equation with fractional coefficients","","math,domain:Algebra,skill:ALG_LE_002,arch:MATH_ARCH_002_LINEAR_EQUATION_FRACTIONS,sim:SIM_LINEAR_EQUATIONS_AND_INEQUALITIES,fp:4d3f2048,tier:M1"
"SAT_Math_questions.8","8","MATH_V6_BATCH_8","all","MATH8-M1-Q09","MATH","1","base","9","Geometry and Trigonometry","Triangles","GEO_TRI_002","Find angle measures using triangle angle sum and exterior angle","Find angle measures using triangle angle sum and exterior angle","M1","1","multiple_choice","","In triangle ABC shown, m∠A = 42°, m∠B = 73°, and m∠C = x°. What is the value of x?","61","65","73","107","B","2","The angle measures in a triangle sum to 180°. Thus x = 180 - 42 - 73 = 65.","60","triangle","{""diagram_type"":""triangle"",""render_mode"":""near_to_scale"",""not_to_scale"":true,""vertices"":[""A"",""B"",""C""],""angle_labels"":{""A"":""42°"",""B"":""73°"",""C"":""x°""},""target"":""angle C""}","","","","","","find angle measures using triangle angle sum and exterior angle","","math,domain:Geometry and Trigonometry,skill:GEO_TRI_002,arch:MATH_ARCH_085_TRIANGLE_ANGLE_SUM,sim:SIM_TRIANGLE_ANGLE_RELATIONSHIPS,fp:2ee7c178,tier:M1"
"SAT_Math_questions.8","8","MATH_V6_BATCH_8","all","MATH8-M1-Q10","MATH","1","base","10","Algebra","Linear Functions","ALG_LF_004","Find slope from two coordinate points","Find slope from two coordinate points","M1","1","multiple_choice","","A line passes through the points (-3, 5) and (1, -7). What is the slope of the line?","3","-1/3","1/3","-3","D","4","The slope is (-7 - 5)/(1 - (-3)) = -12/4 = -3.","60","none","{}","","","","","","find slope from two coordinate points","","math,domain:Algebra,skill:ALG_LF_004,arch:MATH_ARCH_007_LINEAR_GRAPH_SLOPE_FROM_POINTS,sim:SIM_LINEAR_FUNCTIONS_AND_GRAPHS,fp:8d62010c,tier:M1"
"SAT_Math_questions.8","8","MATH_V6_BATCH_8","all","MATH8-M1-Q11","MATH","1","base","11","Advanced Math","Equivalent Expressions","ADV_EE_003","Expand polynomial products","Expand polynomial products","M1","1","multiple_choice","","Which expression is equivalent to (2x - 3)(x + 5)?","2x^2 - 7x - 15","2x^2 + 10x - 15","2x^2 + 7x + 15","2x^2 + 7x - 15","D","4","Use distribution: (2x)(x) + (2x)(5) - 3x - 15 = 2x^2 + 10x - 3x - 15 = 2x^2 + 7x - 15.","60","none","{}","","","","","","expand polynomial products","","math,domain:Advanced Math,skill:ADV_EE_003,arch:MATH_ARCH_070_POLYNOMIAL_EXPAND,sim:SIM_POLYNOMIAL_RATIONAL_EXPRESSIONS,fp:f467b2f7,tier:M1"
"SAT_Math_questions.8","8","MATH_V6_BATCH_8","all","MATH8-M1-Q12","MATH","1","base","12","Problem-Solving and Data Analysis","Percentages","PSD_PCT_001","Compute a percent of a whole or identify percent from part/whole","Compute a percent of a whole or identify percent from part/whole","M1","1","multiple_choice","","18 is what percent of 72?","25%","30%","40%","54%","A","1","The percent is 18/72 = 1/4 = 25%.","60","none","{}","","","","","","compute a percent of a whole or identify percent from part/whole","","math,domain:Problem-Solving and Data Analysis,skill:PSD_PCT_001,arch:MATH_ARCH_042_PERCENT_OF_WHOLE,sim:SIM_PERCENT_RELATIONSHIPS,fp:895505f6,tier:M1"
"SAT_Math_questions.8","8","MATH_V6_BATCH_8","all","MATH8-M1-Q13","MATH","1","base","13","Advanced Math","Equivalent Expressions","ADV_EE_002","Simplify radicals and rational exponents","Simplify radicals and rational exponents","M1","1","multiple_choice","","Which expression is equivalent to √72?","4√2","6√3","36√2","6√2","D","4","Since 72 = 36 × 2, √72 = √36 × √2 = 6√2.","60","none","{}","","","","","","simplify radicals and rational exponents","","math,domain:Advanced Math,skill:ADV_EE_002,arch:MATH_ARCH_068_RADICAL_SIMPLIFY,sim:SIM_EXPONENT_RADICALS,fp:58d9175f,tier:M1"
"SAT_Math_questions.8","8","MATH_V6_BATCH_8","all","MATH8-M1-Q14","MATH","1","base","14","Algebra","Systems of Equations","ALG_SYS_002","Solve a 2x2 linear system by elimination","Solve a 2x2 linear system by elimination","M2","1","student_response","","For the system of equations 3x + 2y = 19 and x - 2y = -3, what is the value of x?","","","","","","","Add the equations to eliminate y: (3x + 2y) + (x - 2y) = 19 + (-3), so 4x = 16 and x = 4.","75","none","{}","","","integer","4","0","solve a 2x2 linear system by elimination","","math,domain:Algebra,skill:ALG_SYS_002,arch:MATH_ARCH_016_SYSTEM_SOLVE_ELIMINATION,sim:SIM_LINEAR_SYSTEMS,fp:bd950832,tier:M2"
"SAT_Math_questions.8","8","MATH_V6_BATCH_8","all","MATH8-M1-Q15","MATH","1","base","15","Problem-Solving and Data Analysis","Probability","PSD_PROB_001","Compute probability from a two-way table with correct denominator","Compute probability from a two-way table with correct denominator","M2","1","multiple_choice","","A student is selected at random from the students represented in the table. What is the probability that the selected student is in Robotics and owns a bicycle?","7/15","14/30","7/30","1/4","C","3","The table shows 14 Robotics students who own a bicycle out of 60 total students. The probability is 14/60 = 7/30.","75","table","{}","| Club | Owns bicycle | Does not own bicycle | Total |\n|---|---:|---:|---:|\n| Art | 18 | 12 | 30 |\n| Robotics | 14 | 16 | 30 |\n| Total | 32 | 28 | 60 |","","","","","compute probability from a two-way table with correct denominator","","math,domain:Problem-Solving and Data Analysis,skill:PSD_PROB_001,arch:MATH_ARCH_049_TWO_WAY_TABLE_PROBABILITY,sim:SIM_PROBABILITY_TABLES,fp:b7f4799d,tier:M2"
"SAT_Math_questions.8","8","MATH_V6_BATCH_8","all","MATH8-M1-Q16","MATH","1","base","16","Advanced Math","Equivalent Expressions","ADV_EE_004","Factor polynomial expression","Factor polynomial expression","M2","1","multiple_choice","","Which expression is a factorization of x^2 + 7x + 12?","(x + 2)(x + 6)","(x - 3)(x - 4)","(x + 3)(x + 4)","(x - 3)(x + 4)","C","3","The numbers 3 and 4 have product 12 and sum 7, so x^2 + 7x + 12 = (x + 3)(x + 4).","75","none","{}","","","","","","factor polynomial expression","","math,domain:Advanced Math,skill:ADV_EE_004,arch:MATH_ARCH_071_POLYNOMIAL_FACTOR,sim:SIM_POLYNOMIAL_RATIONAL_EXPRESSIONS,fp:4172c1f3,tier:M2"
"SAT_Math_questions.8","8","MATH_V6_BATCH_8","all","MATH8-M1-Q17","MATH","1","base","17","Algebra","Linear Functions","ALG_LF_006","Write the equation of a line through two points","Write the equation of a line through two points","M2","1","multiple_choice","","What is the equation of the line that passes through (2, 5) and (6, 17)?","y = 3x - 1","y = 3x + 1","y = 4x - 3","y = 12x - 19","A","1","The slope is (17 - 5)/(6 - 2) = 12/4 = 3. Using (2, 5), 5 = 3(2) + b, so b = -1. The equation is y = 3x - 1.","75","none","{}","","","","","","write the equation of a line through two points","","math,domain:Algebra,skill:ALG_LF_006,arch:MATH_ARCH_009_LINEAR_GRAPH_EQUATION_FROM_POINTS,sim:SIM_LINEAR_FUNCTIONS_AND_GRAPHS,fp:1f9c2b04,tier:M2"
"SAT_Math_questions.8","8","MATH_V6_BATCH_8","all","MATH8-M1-Q18","MATH","1","base","18","Advanced Math","Nonlinear Functions","ADV_NF_009","Solve quadratic equation by factoring","Solve quadratic equation by factoring","M2","1","student_response","","The equation x^2 - 9x + 20 = 0 has two solutions. What is the greater solution?","","","","","","","Factor the quadratic: x^2 - 9x + 20 = (x - 4)(x - 5). The solutions are 4 and 5, so the greater solution is 5.","75","none","{}","","","integer","5","0","solve quadratic equation by factoring","","math,domain:Advanced Math,skill:ADV_NF_009,arch:MATH_ARCH_075_QUADRATIC_SOLVE_FACTOR,sim:SIM_QUADRATIC_SOLVING,fp:b9c1980a,tier:M2"
"SAT_Math_questions.8","8","MATH_V6_BATCH_8","all","MATH8-M1-Q19","MATH","1","base","19","Algebra","Systems of Equations","ALG_SYS_004","Combine equations to solve directly for x+y or a linear combination","Combine equations to solve directly for x+y or a linear combination","H2","1","multiple_choice","","For the system of equations 2x + 3y = 17 and 4x - y = 13, what is the value of x + y?","5","7","9","30","B","2","From 4x - y = 13, y = 4x - 13. Substitute into the first equation: 2x + 3(4x - 13) = 17, so 14x = 56 and x = 4. Then y = 3, so x + y = 7.","95","none","{}","","","","","","combine equations to solve directly for x+y or a linear combination","","math,domain:Algebra,skill:ALG_SYS_004,arch:MATH_ARCH_018_SYSTEM_SUM_DIRECT,sim:SIM_LINEAR_SYSTEMS,fp:0082f38b,tier:H2"
"SAT_Math_questions.8","8","MATH_V6_BATCH_8","all","MATH8-M1-Q20","MATH","1","base","20","Geometry and Trigonometry","Coordinate Geometry","GEO_COORD_001","Use distance or midpoint formula on coordinate plane","Use distance or midpoint formula on coordinate plane","H3","1","multiple_choice","","In the coordinate plane shown, points A(-2, 3) and B(4, 11) are endpoints of a diameter of a circle. What is the radius of the circle?","10","√10","25","5","D","4","The distance AB is √((4 - (-2))^2 + (11 - 3)^2) = √(6^2 + 8^2) = √100 = 10. Since AB is the diameter, the radius is 10/2 = 5.","115","coordinate_plane","{""diagram_type"":""coordinate_plane"",""render_mode"":""exact_to_scale"",""x_min"":-4,""x_max"":8,""y_min"":0,""y_max"":12,""x_label"":""x"",""y_label"":""y"",""grid"":true,""points"":[{""label"":""A"",""x"":-2,""y"":3},{""label"":""B"",""x"":4,""y"":11}],""point_labels"":true,""target"":""radius of circle with diameter AB""}","","","","","","use distance or midpoint formula on coordinate plane","","math,domain:Geometry and Trigonometry,skill:GEO_COORD_001,arch:MATH_ARCH_090_COORDINATE_DISTANCE_MIDPOINT,sim:SIM_COORDINATE_DISTANCE_MIDPOINT,fp:3d995355,tier:H3"
"SAT_Math_questions.8","8","MATH_V6_BATCH_8","all","MATH8-M1-Q21","MATH","1","base","21","Algebra","Systems of Equations","ALG_SYS_008","Find maximum possible coordinate from two linear inequalities","Find maximum possible coordinate from two linear inequalities","H2","1","student_response","","The ordered pair (x, y) satisfies x + y ≤ 12, x ≥ 2, and y ≥ 3. What is the greatest possible value of x?","","","","","","","To make x as large as possible, use the smallest allowed value of y, which is 3. Then x + 3 ≤ 12, so x ≤ 9. The greatest possible value of x is 9.","95","none","{}","","","integer","9","0","find maximum possible coordinate from two linear inequalities","","math,domain:Algebra,skill:ALG_SYS_008,arch:MATH_ARCH_027_SYSTEM_INEQUALITIES_MAX_COORDINATE,sim:SIM_LINEAR_SYSTEMS,fp:0996a70c,tier:H2"
"SAT_Math_questions.8","8","MATH_V6_BATCH_8","all","MATH8-M1-Q22","MATH","1","base","22","Advanced Math","Equivalent Expressions","ADV_EE_001","Simplify expression using exponent rules","Simplify expression using exponent rules","M1","1","student_response","","What is the value of (2^5 · 2^3)/2^4?","","","","","","","Use exponent rules: (2^5 · 2^3)/2^4 = 2^(5+3-4) = 2^4 = 16.","60","none","{}","","","integer","16","0","simplify expression using exponent rules","","math,domain:Advanced Math,skill:ADV_EE_001,arch:MATH_ARCH_067_EXPONENT_RULES_SIMPLIFY,sim:SIM_EXPONENT_RADICALS,fp:0d65d7f5,tier:M1"
"SAT_Math_questions.8","8","MATH_V6_BATCH_8","all","MATH8-M2-Q01","MATH","2","hard","1","Algebra","Systems of Equations","ALG_SYS_003","Solve a 2x2 linear system by substitution","Solve a 2x2 linear system by substitution","M2","1","multiple_choice","","For the system of equations y = 2x + 1 and 3x + y = 21, what is the value of y?","4","7","8","9","D","4","Substitute y = 2x + 1 into 3x + y = 21 to get 3x + 2x + 1 = 21. Then 5x = 20, so x = 4 and y = 2(4) + 1 = 9.","75","none","{}","","","","","","solve a 2x2 linear system by substitution","","math,domain:Algebra,skill:ALG_SYS_003,arch:MATH_ARCH_017_SYSTEM_SOLVE_SUBSTITUTION,sim:SIM_LINEAR_SYSTEMS,fp:441a6c56,tier:M2"
"SAT_Math_questions.8","8","MATH_V6_BATCH_8","all","MATH8-M2-Q02","MATH","2","hard","2","Advanced Math","Nonlinear Functions","ADV_NF_004","Evaluate nested or composed functions","Evaluate nested or composed functions","H2","1","multiple_choice","","If f(x) = x^2 - 4 and g(x) = 3x + 1, what is f(g(2))?","45","33","21","13","A","1","First find g(2) = 3(2) + 1 = 7. Then f(g(2)) = f(7) = 7^2 - 4 = 45.","95","none","{}","","","","","","evaluate nested or composed functions","","math,domain:Advanced Math,skill:ADV_NF_004,arch:MATH_ARCH_065_FUNCTION_COMPOSITION,sim:SIM_FUNCTION_NOTATION_AND_VALUES,fp:bcca35b5,tier:H2"
"SAT_Math_questions.8","8","MATH_V6_BATCH_8","all","MATH8-M2-Q03","MATH","2","hard","3","Problem-Solving and Data Analysis","Statistics","PSD_STAT_002","Find median interval/value from frequency table","Find median interval/value from frequency table","M2","1","multiple_choice","","The table summarizes 28 quiz scores. Which score interval contains the median score?","70-79","80-89","90-99","The table does not provide enough information","B","2","For 28 scores, the median is between the 14th and 15th scores. The cumulative frequency through 70-79 is 11, and through 80-89 is 22, so both middle scores are in 80-89.","75","table","{}","| Score interval | Frequency |\n|---|---:|\n| 60-69 | 3 |\n| 70-79 | 8 |\n| 80-89 | 11 |\n| 90-99 | 6 |","","","","","find median interval/value from frequency table","","math,domain:Problem-Solving and Data Analysis,skill:PSD_STAT_002,arch:MATH_ARCH_052_MEDIAN_FROM_FREQUENCY,sim:SIM_STATISTICS_CENTER_SPREAD,fp:8f4e1de6,tier:M2"
"SAT_Math_questions.8","8","MATH_V6_BATCH_8","all","MATH8-M2-Q04","MATH","2","hard","4","Geometry and Trigonometry","Area","GEO_AREA_001","Compute surface area of prism/cylinder or composite solid","Compute surface area of prism/cylinder or composite solid","H3","1","multiple_choice","","A rectangular planter has no top. Its outside dimensions are 8 inches by 5 inches by 3 inches. What is the exterior surface area, in square inches, of the planter, including the bottom and the four sides?","79","118","158","240","B","2","The bottom area is 8 × 5 = 40. The two longer side faces have total area 2(8 × 3) = 48, and the two shorter side faces have total area 2(5 × 3) = 30. The total is 40 + 48 + 30 = 118.","115","none","{}","","","","","","compute surface area of prism/cylinder or composite solid","","math,domain:Geometry and Trigonometry,skill:GEO_AREA_001,arch:MATH_ARCH_100_SOLID_SURFACE_AREA,sim:SIM_SOLID_MEASUREMENT,fp:b71ab100,tier:H3"
"SAT_Math_questions.8","8","MATH_V6_BATCH_8","all","MATH8-M2-Q05","MATH","2","hard","5","Algebra","Systems of Equations","ALG_SYS_010","Translate multi-constraint budget/resource situation into inequalities","Translate multi-constraint budget/resource situation into inequalities","H2","1","multiple_choice","","A club will buy a adult tickets and s student tickets. Adult tickets cost $12 each, student tickets cost $8 each, the club can buy at most 50 tickets, and the total cost can be at most $480. Which system of inequalities represents these conditions?","a + s ≥ 50 and 12a + 8s ≤ 480","a + s ≤ 480 and 12a + 8s ≤ 50","a + s ≤ 50 and 12a + 8s ≤ 480","a + s ≤ 50 and 8a + 12s ≤ 480","C","3","The total number of tickets is a + s, so a + s ≤ 50. The total cost is 12a + 8s, so 12a + 8s ≤ 480.","95","none","{}","","","","","","translate multi-constraint budget/resource situation into inequalities","","math,domain:Algebra,skill:ALG_SYS_010,arch:MATH_ARCH_030_BUDGET_SYSTEM_INEQUALITIES,sim:SIM_LINEAR_SYSTEMS,fp:c735cdf3,tier:H2"
"SAT_Math_questions.8","8","MATH_V6_BATCH_8","all","MATH8-M2-Q06","MATH","2","hard","6","Advanced Math","Nonlinear Functions","ADV_NF_015","Find imaginary solutions of a quadratic equation","Find imaginary solutions of a quadratic equation","H2","1","student_response","","The solutions of x^2 + 64 = 0 are x = ±ki, where k is a positive number. What is the value of k?","","","","","","","From x^2 + 64 = 0, x^2 = -64, so x = ±√(-64) = ±8i. Thus k = 8.","95","none","{}","","","integer","8","0","find imaginary solutions of a quadratic equation","","math,domain:Advanced Math,skill:ADV_NF_015,arch:MATH_ARCH_083_COMPLEX_QUADRATIC_ROOTS,sim:SIM_QUADRATIC_SOLVING,fp:233235fd,tier:H2"
"SAT_Math_questions.8","8","MATH_V6_BATCH_8","all","MATH8-M2-Q07","MATH","2","hard","7","Problem-Solving and Data Analysis","Percentages","PSD_PCT_003","Compute net effect of successive percent changes","Compute net effect of successive percent changes","H2","1","multiple_choice","","The price of an item increased by 20% and then decreased by 25%. What was the net percent change in the item's price?","5% decrease","10% decrease","10% increase","45% increase","B","2","After a 20% increase, the price is multiplied by 1.20. After a 25% decrease, it is multiplied by 0.75. The combined factor is 1.20 × 0.75 = 0.90, so the price decreased by 10%.","95","none","{}","","","","","","compute net effect of successive percent changes","","math,domain:Problem-Solving and Data Analysis,skill:PSD_PCT_003,arch:MATH_ARCH_044_SUCCESSIVE_PERCENT_CHANGE,sim:SIM_PERCENT_RELATIONSHIPS,fp:341dfa73,tier:H2"
"SAT_Math_questions.8","8","MATH_V6_BATCH_8","all","MATH8-M2-Q08","MATH","2","hard","8","Algebra","Systems of Equations","ALG_SYS_009","Identify quadrants containing solutions to a system of inequalities","Identify quadrants containing solutions to a system of inequalities","H2","1","multiple_choice","","Every point (x, y) in a solution set satisfies x > 0 and y < -2x - 1. In which quadrant must every point in the solution set lie?","Quadrant IV","Quadrant I","Quadrant II","Quadrant III","A","1","Since x > 0, every solution is to the right of the y-axis. Also, y < -2x - 1, and for x > 0 the value -2x - 1 is negative, so y is negative. Thus every solution lies in Quadrant IV.","95","none","{}","","","","","","identify quadrants containing solutions to a system of inequalities","","math,domain:Algebra,skill:ALG_SYS_009,arch:MATH_ARCH_028_SYSTEM_INEQUALITIES_REGION_QUADRANTS,sim:SIM_LINEAR_SYSTEMS,fp:19dca737,tier:H2"
"SAT_Math_questions.8","8","MATH_V6_BATCH_8","all","MATH8-M2-Q09","MATH","2","hard","9","Advanced Math","Nonlinear Functions","ADV_NF_008","Model exponential growth or decay","Model exponential growth or decay","H3","1","multiple_choice","","A bacteria culture has 500 bacteria initially and triples every 2 hours. Which expression gives the number of bacteria h hours after the initial measurement?","500 · (3h/2)","500 · 1.5^h","500 · 3^(2h)","500 · 3^(h/2)","D","4","Tripling every 2 hours means h hours contain h/2 tripling periods. The model is 500 · 3^(h/2).","115","none","{}","","","","","","model exponential growth or decay","","math,domain:Advanced Math,skill:ADV_NF_008,arch:MATH_ARCH_074_EXPONENTIAL_GROWTH_DECAY,sim:SIM_EXPONENTIAL_MODELS,fp:99a81648,tier:H3"
"SAT_Math_questions.8","8","MATH_V6_BATCH_8","all","MATH8-M2-Q10","MATH","2","hard","10","Geometry and Trigonometry","Trigonometry","GEO_TRIG_004","Use benchmark unit-circle values","Use benchmark unit-circle values","H3","1","multiple_choice","","What is the value of sin(150°)?","-√3/2","-1/2","1/2","√3/2","C","3","The angle 150° has reference angle 30° and is in Quadrant II, where sine is positive. Therefore sin(150°) = sin(30°) = 1/2.","115","none","{}","","","","","","use benchmark unit-circle values","","math,domain:Geometry and Trigonometry,skill:GEO_TRIG_004,arch:MATH_ARCH_098_UNIT_CIRCLE_BENCHMARK,sim:SIM_TRIGONOMETRY_RELATIONSHIPS,fp:c1080683,tier:H3"
"SAT_Math_questions.8","8","MATH_V6_BATCH_8","all","MATH8-M2-Q11","MATH","2","hard","11","Algebra","Linear Equations","ALG_LE_011","Solve inequality with discrete rounding or ceiling/floor interpretation","Solve inequality with discrete rounding or ceiling/floor interpretation","H2","1","multiple_choice","","A field trip bus rental costs $150 plus $18 for each student. The total cost must be no more than $600. What is the greatest number of students who can go on the trip?","24","24.5","25","26","C","3","Let s be the number of students. The inequality is 150 + 18s ≤ 600. Then 18s ≤ 450, so s ≤ 25. The greatest whole-number value is 25.","95","none","{}","","","","","","solve inequality with discrete rounding or ceiling/floor interpretation","","math,domain:Algebra,skill:ALG_LE_011,arch:MATH_ARCH_031_INTEGER_ROUNDING_INEQUALITY,sim:SIM_LINEAR_EQUATIONS_AND_INEQUALITIES,fp:bb047706,tier:H2"
"SAT_Math_questions.8","8","MATH_V6_BATCH_8","all","MATH8-M2-Q12","MATH","2","hard","12","Algebra","Systems of Equations","ALG_SYS_006","Find parameter value that makes two linear equations parallel","Find parameter value that makes two linear equations parallel","H3","1","multiple_choice","","For what value of k does the system y = 3x + 5 and y = kx - 2 have no solution?","3","-3","5","-2","A","1","Two lines have no solution when they are parallel and distinct. The slopes must be equal, so k = 3, and the y-intercepts 5 and -2 are different.","115","none","{}","","","","","","find parameter value that makes two linear equations parallel","","math,domain:Algebra,skill:ALG_SYS_006,arch:MATH_ARCH_020_SYSTEM_NO_SOLUTION_PARAMETER,sim:SIM_LINEAR_SYSTEMS,fp:6e66df04,tier:H3"
"SAT_Math_questions.8","8","MATH_V6_BATCH_8","all","MATH8-M2-Q13","MATH","2","hard","13","Advanced Math","Nonlinear Functions","ADV_NF_010","Use quadratic formula to solve or analyze roots","Use quadratic formula to solve or analyze roots","H3","1","multiple_choice","","The equation 3x^2 - 10x + c = 0 has exactly one real solution. What is the value of c?","10/3","12/25","25/3","25","C","3","A quadratic has exactly one real solution when its discriminant is 0. Here (-10)^2 - 4(3)c = 0, so 100 - 12c = 0 and c = 25/3.","115","none","{}","","","","","","use quadratic formula to solve or analyze roots","","math,domain:Advanced Math,skill:ADV_NF_010,arch:MATH_ARCH_076_QUADRATIC_SOLVE_FORMULA,sim:SIM_QUADRATIC_SOLVING,fp:9b4181b5,tier:H3"
"SAT_Math_questions.8","8","MATH_V6_BATCH_8","all","MATH8-M2-Q14","MATH","2","hard","14","Problem-Solving and Data Analysis","Ratios Rates and Proportions","PSD_RRP_006","Use constant work rate to compare sessions, jobs, or completion times","Use constant work rate to compare sessions, jobs, or completion times","H3","1","multiple_choice","","Six identical machines can complete one production batch in 10 hours. At the same rate per machine, how many hours would 8 machines need to complete 1.5 production batches?","7.5","10","15","11.25","D","4","One batch requires 6 × 10 = 60 machine-hours. One and a half batches require 1.5 × 60 = 90 machine-hours. With 8 machines, the time is 90/8 = 11.25 hours.","115","none","{}","","","","","","use constant work rate to compare sessions, jobs, or completion times","","math,domain:Problem-Solving and Data Analysis,skill:PSD_RRP_006,arch:MATH_ARCH_037_INVERSE_RATE_WORK,sim:SIM_RATIOS_RATES_PROPORTIONS,fp:8d849973,tier:H3"
"SAT_Math_questions.8","8","MATH_V6_BATCH_8","all","MATH8-M2-Q15","MATH","2","hard","15","Geometry and Trigonometry","Triangles","GEO_TRI_006","Use similar triangles and scale factors","Use similar triangles and scale factors","H3","1","multiple_choice","","In the diagram, triangles ABC and DEF are similar with A corresponding to D, B corresponding to E, and C corresponding to F. If AB = 6, AC = 9, DE = 10, and DF = x, what is the value of x?","9","12","15","16","C","3","Corresponding sides have the same scale factor. Since DE/AB = 10/6 = 5/3, the corresponding side DF equals AC × 5/3 = 9 × 5/3 = 15.","115","triangle","{""diagram_type"":""similar_triangles"",""render_mode"":""near_to_scale"",""not_to_scale"":true,""triangles"":[{""triangle_id"":""ABC"",""vertices"":[""A"",""B"",""C""],""side_labels"":{""AB"":""6"",""AC"":""9""},""angle_labels"":{}},{""triangle_id"":""DEF"",""vertices"":[""D"",""E"",""F""],""side_labels"":{""DE"":""10"",""DF"":""x""},""angle_labels"":{}}],""correspondence"":{""A"":""D"",""B"":""E"",""C"":""F""},""target"":""DF""}","","","","","","use similar triangles and scale factors","","math,domain:Geometry and Trigonometry,skill:GEO_TRI_006,arch:MATH_ARCH_089_SIMILAR_TRIANGLES_SCALE,sim:SIM_SIMILAR_TRIANGLES,fp:bbea8962,tier:H3"
"SAT_Math_questions.8","8","MATH_V6_BATCH_8","all","MATH8-M2-Q16","MATH","2","hard","16","Advanced Math","Nonlinear Functions","ADV_NF_006","Solve radical equation and check extraneous solution","Solve radical equation and check extraneous solution","H3","1","multiple_choice","","What is the solution of √(x + 10) = x - 2?","-1","4","6","12","C","3","The right side must be nonnegative, so x ≥ 2. Squaring gives x + 10 = (x - 2)^2 = x^2 - 4x + 4, so x^2 - 5x - 6 = 0. The possible roots are 6 and -1, but only 6 satisfies the original equation.","115","none","{}","","","","","","solve radical equation and check extraneous solution","","math,domain:Advanced Math,skill:ADV_NF_006,arch:MATH_ARCH_069_RADICAL_EQUATION_EXTRANEOUS,sim:SIM_EXPONENT_RADICALS,fp:d17376c4,tier:H3"
"SAT_Math_questions.8","8","MATH_V6_BATCH_8","all","MATH8-M2-Q17","MATH","2","hard","17","Algebra","Systems of Equations","ALG_SYS_007","Find parameter value that makes two equations equivalent","Find parameter value that makes two equations equivalent","H3","1","multiple_choice","","For what value of k does the system 2x + 3y = 7 and 6x + 9y = k have infinitely many solutions?","7","14","18","21","D","4","The second equation must be the first equation multiplied by 3. Since 3(2x + 3y) = 6x + 9y, the right side must be 3(7) = 21.","115","none","{}","","","","","","find parameter value that makes two equations equivalent","","math,domain:Algebra,skill:ALG_SYS_007,arch:MATH_ARCH_021_SYSTEM_INFINITE_SOLUTIONS_PARAMETER,sim:SIM_LINEAR_SYSTEMS,fp:95f0dff6,tier:H3"
"SAT_Math_questions.8","8","MATH_V6_BATCH_8","all","MATH8-M2-Q18","MATH","2","hard","18","Advanced Math","Nonlinear Functions","ADV_NF_012","Interpret vertex form of a quadratic function","Interpret vertex form of a quadratic function","H3","1","multiple_choice","","The function f is defined by f(x) = 2(x - 3)^2 - 8. What is the minimum value of f?","-8","3","2","8","A","1","The expression 2(x - 3)^2 is always nonnegative and is smallest when x = 3. Therefore the minimum value is -8.","115","none","{}","","","","","","interpret vertex form of a quadratic function","","math,domain:Advanced Math,skill:ADV_NF_012,arch:MATH_ARCH_078_QUADRATIC_VERTEX_FORM,sim:SIM_QUADRATIC_FEATURES,fp:c660b0f0,tier:H3"
"SAT_Math_questions.8","8","MATH_V6_BATCH_8","all","MATH8-M2-Q19","MATH","2","hard","19","Geometry and Trigonometry","Trigonometry","GEO_TRIG_003","Use complementary angle trig relationships","Use complementary angle trig relationships","M1","1","multiple_choice","","If α is an acute angle and sin(α) = cos(58°), what is the value of α, in degrees?","29","32","58","122","B","2","For acute angles, sin(α) = cos(90° - α). Thus 90° - α = 58°, so α = 32°.","60","none","{}","","","","","","use complementary angle trig relationships","","math,domain:Geometry and Trigonometry,skill:GEO_TRIG_003,arch:MATH_ARCH_097_TRIG_COMPLEMENTARY,sim:SIM_TRIGONOMETRY_RELATIONSHIPS,fp:e94ca45e,tier:M1"
"SAT_Math_questions.8","8","MATH_V6_BATCH_8","all","MATH8-M2-Q20","MATH","2","hard","20","Algebra","Linear Equations","ALG_LE_005","Solve a literal equation with parameters in terms of other variables","Solve a literal equation with parameters in terms of other variables","H3","1","multiple_choice","","The formula A = (1/2)h(b + c) gives the area of a trapezoid. Which expression gives c in terms of A, h, and b?","2A/h - b","A/h - b","2A/(h - b)","h/(2A) - b","A","1","Multiply both sides by 2 to get 2A = h(b + c). Divide by h: 2A/h = b + c. Subtract b to get c = 2A/h - b.","115","none","{}","","","","","","solve a literal equation with parameters in terms of other variables","","math,domain:Algebra,skill:ALG_LE_005,arch:MATH_ARCH_014_LITERAL_EQUATION_PARAMETER,sim:SIM_LINEAR_EQUATIONS_AND_INEQUALITIES,fp:cf437ba5,tier:H3"
"SAT_Math_questions.8","8","MATH_V6_BATCH_8","all","MATH8-M2-Q21","MATH","2","hard","21","Advanced Math","Nonlinear Functions","ADV_NF_001","Determine parameters for a line and parabola system with two real solutions","Determine parameters for a line and parabola system with two real solutions","H3","1","multiple_choice","","For which value of k does the system y = x^2 - 4x + 1 and y = k have two distinct real solutions?","-5","-3","0","-4","C","3","Set the equations equal: x^2 - 4x + 1 = k, or x^2 - 4x + (1 - k) = 0. The discriminant is 16 - 4(1 - k) = 12 + 4k. Two distinct real solutions require 12 + 4k > 0, so k > -3. Among the choices, only 0 works.","115","none","{}","","","","","","determine parameters for a line and parabola system with two real solutions","","math,domain:Advanced Math,skill:ADV_NF_001,arch:MATH_ARCH_022_SYSTEM_QUADRATIC_LINE_TWO_SOLUTIONS,sim:SIM_QUADRATIC_SOLVING,fp:98982c9d,tier:H3"
"SAT_Math_questions.8","8","MATH_V6_BATCH_8","all","MATH8-M2-Q22","MATH","2","hard","22","Advanced Math","Nonlinear Functions","ADV_NF_007","Solve rational equation and reject excluded values","Solve rational equation and reject excluded values","H3","1","multiple_choice","","What value of x satisfies (x + 2)/(x - 3) = 4/(x - 3) + 2?","1","4","3","5","B","2","The expression is undefined at x = 3. For x ≠ 3, multiply both sides by x - 3 to get x + 2 = 4 + 2(x - 3). Then x + 2 = 2x - 2, so x = 4, which is allowed.","115","none","{}","","","","","","solve rational equation and reject excluded values","","math,domain:Advanced Math,skill:ADV_NF_007,arch:MATH_ARCH_073_RATIONAL_EQUATION_SOLVE,sim:SIM_RATIONAL_EQUATIONS,fp:aa2b6e8b,tier:H3"