"test_id","exam_version","generation_batch_id","target_score_band","question_id","section","module","route","question_number","content_domain","skill_group","skill_code","skill_label","question_topic","difficulty","scoring_weight","question_type","passage","question","choice_a","choice_b","choice_c","choice_d","correct_answer","correct_choice_index","explanation","time_estimate_sec","visual_type","visual_json","table_markdown","equation_latex","student_response_type","correct_numeric_answer","answer_tolerance","primary_skill","secondary_skill","tags"
"SAT_RW_4","split_batch_v9","SAT_RW_4_FRONT","mixed","SAT_RW_4_M1_Q01","RW","1","base","1","Craft and Structure","Words in Context","RW_WIC_002","Determine meaning or function of a word/phrase in context","purpose_sentence","Easy","1","multiple_choice","At the harbor office, Lena was assigned the desk nearest the rafters, a place chosen less for comfort than for its view. The high window could afford a glimpse of the tide clock above the customs shed, and she learned to glance at its black hand whenever captains came in arguing about departure times. On foggy mornings, however, the glass clouded so thoroughly that the clock vanished. Lena then listened for the chain bell from the quay and marked each strike beside the manifests. Her supervisor considered this improvised method fussy, but Lena noticed that the bell often reached her a few seconds before the clock became visible again. By the end of the week, she had stopped treating the window as her only source of information. It remained useful, especially on clear afternoons, yet the sounds from outside had become part of the office’s working rhythm.","Which choice best states the meaning of ""afford"" as used in the text?","finance","endure","purchase","provide","D","4","In context, the high window can provide Lena with a view of the tide clock. The other choices describe unrelated senses or actions that do not fit what the window does.","80","none","{}","","","","","","Words in Context","","rw,arch:RW_WIC_002,sim:rw_words_in_context_purpose_sentence,passage:E003,surf:SURF_RW_WIC_002,dprofile:D1,source_comp:original,scope:front,package:4,wic,hard_vocab,vocab:HV_009,tier:V3,target:afford,wic_family:direct_meaning,wic_arch:WIC_DIRECT_MEANING_01,fp:cca22a88a8bf"
"SAT_RW_4","split_batch_v9","SAT_RW_4_FRONT","mixed","SAT_RW_4_M1_Q02","RW","1","base","2","Craft and Structure","Words in Context","RW_WIC_003","Determine meaning or function of a word/phrase in context","word_function","Medium","1","multiple_choice","Marine biologists studying a busy inlet placed acoustic recorders near two eelgrass beds, one beside a ferry route and one behind a rocky point that muffled engine noise. They also collected water samples and counted juvenile fish sheltering among the grass. During weeks when ferry traffic was reduced for maintenance, sound levels fell sharply at the exposed bed, but fish counts rose only slightly. The increase in fish counts was modest at the exposed bed, and the protected bed showed almost no change at all. The researchers therefore resisted describing quieter conditions as a rapid habitat recovery. Instead, they noted that eelgrass density, water temperature, and the timing of fish migration also differed across the sampling weeks. The reduced noise may have improved conditions at the exposed site, but the records support a narrower conclusion: sound was one influence among several, and its short-term effect was measurable without being dominant.","What effect does ""modest"" have on the researchers’ presentation of the fish-count increase?","It portrays the increase as unexpectedly dramatic compared with every other change the team measured.","It limits the size of the reported increase while allowing that the change may still be meaningful.","It presents the increase as so small that the researchers dismiss quieter conditions as irrelevant.","It suggests that uncertainty about the fish counts, rather than the size of the increase, is the study’s main concern.","B","2","The passage pairs the slight increase with other factors and a narrower conclusion. ""Modest"" therefore tempers the magnitude of the result without erasing it; the other choices overstate dismissal, drama, or measurement uncertainty.","80","none","{}","","","","","","Words in Context","","rw,arch:RW_WIC_003,sim:rw_words_in_context_word_function,passage:R021,surf:SURF_RW_WIC_003,dprofile:D2,source_comp:original,scope:front,package:4,wic,hard_vocab,vocab:HV_099,tier:V3,target:modest,wic_family:tonal_effect,wic_arch:WIC_TONAL_EFFECT_01,fp:42ba4e8d3766"
"SAT_RW_4","split_batch_v9","SAT_RW_4_FRONT","mixed","SAT_RW_4_M1_Q03","RW","1","base","3","Craft and Structure","Words in Context","RW_WIC_012","Determine meaning or function of a word/phrase in context","contrast","Hard","1","multiple_choice","In a chain of shallow coastal ponds, algae blooms were usually recorded soon after heavy spring rains. One year, however, the largest bloom developed after three dry weeks. Researchers comparing the ponds found that the affected basin had a narrow outlet and received afternoon winds that pushed surface water toward its inner shore. Those conditions trapped nutrient-rich water near the warmest shallows. A model based only on rainfall could not reproduce the bloom’s timing, whereas a model that included wind direction and outlet width matched both the delay and the bloom’s location. The revised model does not rule out rainfall as a source of nutrients. Rather, the revised model can account for the bloom’s unusual timing because it incorporates the nutrient trapping created by wind and outlet width. The researchers therefore describe the event as an interaction between nutrient supply and local water movement, not as evidence that rainfall had ceased to matter.","What does ""account"" contribute to the researchers’ reasoning about the bloom?","It suggests that the revised model replaces rainfall with wind as the sole source of nutrients in the pond.","It limits the revised model to explaining where the bloom formed, not when it formed.","It indicates that the dry period itself supplied the nutrients that later accumulated near the inner shore.","It presents wind and outlet width as explaining the unusual timing while still allowing rainfall to contribute nutrients.","D","4","The revised model matches both timing and location, and the passage explicitly retains rainfall as a nutrient source. ""Account"" links wind and outlet width to an explanation for the unusual concentration and timing without making them the sole source of nutrients.","80","none","{}","","","","","","Words in Context","","rw,arch:RW_WIC_012,sim:rw_words_in_context_contrast,passage:R039,surf:SURF_RW_WIC_012,dprofile:D3,source_comp:original,scope:front,package:4,wic,hard_vocab,vocab:HV_006,tier:V3,target:account,wic_family:relation_function,wic_arch:WIC_RELATION_FUNCTION_01,fp:09ae384a33cc"
"SAT_RW_4","split_batch_v9","SAT_RW_4_FRONT","mixed","SAT_RW_4_M1_Q04","RW","1","base","4","Craft and Structure","Text Structure and Purpose","RW_TSP_001","Analyze structure or purpose","purpose_sentence","Easy","1","multiple_choice","When Mrs. Vale unlocked the old schoolroom, she expected only dust and the dry smell of chalk. The desks had been stacked against one wall since winter, and the maps hung in stiff rolls above the blackboard. She crossed to the cabinet to retrieve a box of attendance books for the headmaster. On the sill beside it sat a candle stub in a chipped saucer. <u>A narrow bead of wax still shone along one side, soft enough to bend beneath her fingertip.</u> Mrs. Vale looked back at the cold fireplace and then at the door she had just opened. No caretaker was scheduled to enter the room that week. She set down the books, checked the latch on the courtyard window, and noticed a faint line through the dust beneath it. What had seemed an abandoned classroom now felt occupied by a recent, careful presence.","Which choice best describes the function of the underlined sentence in the text?","It explains why the headmaster stored the attendance books in the schoolroom cabinet.","It shows that Mrs. Vale recognizes the candle as an object she previously left in the room.","It establishes that the courtyard window was deliberately locked by the caretaker earlier that week.","It provides physical evidence that challenges Mrs. Vale’s assumption that the schoolroom has been unused.","D","4","The soft, newly melted wax suggests recent activity in a room Mrs. Vale expected to be abandoned. That evidence motivates her later attention to the latch and the line in the dust.","80","none","{}","","","","","","Text Structure and Purpose","","rw,arch:RW_TSP_001,sim:rw_text_structure_and_purpose_purpose_sentence,passage:E001,surf:SURF_RW_TSP_001,dprofile:D1,source_comp:original,scope:front,package:4,fp:dc3d53b58e00"
"SAT_RW_4","split_batch_v9","SAT_RW_4_FRONT","mixed","SAT_RW_4_M1_Q05","RW","1","base","5","Craft and Structure","Text Structure and Purpose","RW_TSP_011","Analyze structure or purpose","contrast","Medium","1","multiple_choice","For years, biologists tracked a bee species that nests near orchards and assumed that returning foragers navigated mainly by memorizing prominent trees and fence lines. Researchers recently tested that idea by moving familiar landmarks while leaving the hive and feeding station in place. Bees released under clear skies adjusted quickly, often flying a direct route even when the landmarks had been shifted. On overcast days, however, the same manipulation caused longer searches and more circling. Tiny tracking tags also showed that experienced bees recovered from a displaced landmark faster than newly trained bees did. The results suggest that visual landmarks matter, but not as a fixed map used in isolation. Instead, bees appear to combine several cues, including the sun’s position and prior experience, and to change the weight given to each cue as conditions change. A forager can therefore rely more heavily on one cue when another becomes unreliable.","Which choice best explains how the contrast between clear and overcast conditions contributes to the text?","It demonstrates that moving landmarks affects flight speed under clear skies but changes route accuracy only on overcast days.","It shows that bees can compensate for displaced landmarks more readily when another cue is available, supporting the idea that navigation combines multiple sources of information.","It establishes that newly trained bees navigate by landmarks while experienced bees navigate exclusively by the sun.","It shows that overcast weather prevents experienced bees from recognizing any familiar landmarks, whereas clear weather restores landmark memory.","B","2","Bees adjusted to moved landmarks more effectively under clear skies than under overcast skies, which supports the later multi-cue account. The text does not say clouds erase landmark recognition, divide cues strictly by experience, or isolate the effect to flight speed.","80","none","{}","","","","","","Text Structure and Purpose","","rw,arch:RW_TSP_011,sim:rw_text_structure_and_purpose_contrast,passage:R027,surf:SURF_RW_TSP_011,dprofile:D2,source_comp:original,scope:front,package:4,fp:afa1e063bafe"
"SAT_RW_4","split_batch_v9","SAT_RW_4_FRONT","mixed","SAT_RW_4_M1_Q06","RW","1","base","6","Craft and Structure","Text Structure and Purpose","RW_TSP_010","Analyze structure or purpose","supporting_detail","Hard","1","multiple_choice","After eleven years away, Mara recognized the road before she recognized the inn. The stone wall had been repaired, and the elm that once leaned over the ditch was gone, but the turn still narrowed sharply beside the old carriage yard. She stopped there when rain began and found a dark umbrella resting inside the empty shelter. Its brass handle was scratched, and one rib had been mended with blue thread. <u>Those repairs were the kind her sister had made to anything she refused to throw away.</u> Mara did not touch the umbrella at first. She had been told that her sister had left the district months earlier, and the message had made returning seem simple: collect the trunk, sign the papers, depart. Now the familiar stitching unsettled that plan. Mara stepped into the rain, looked toward the inn’s lit windows, and decided she would ask one question before doing anything else.","What role does the underlined sentence play in Mara’s decision at the end of the text?","It shows that Mara considers the umbrella too damaged to be useful and plans to leave it behind.","It explains why Mara remembers the road and inn more clearly than she remembers her sister.","It confirms that Mara’s sister deliberately left the umbrella for Mara to find at the carriage yard.","It connects a specific feature of the umbrella to Mara’s sister, giving Mara a reason to question what she has been told.","D","4","The blue-thread repair resembles the sister’s habits, so the umbrella becomes evidence that complicates the report of her departure. The sentence does not establish who placed the umbrella, compare memories, or evaluate its usefulness.","80","none","{}","","","","","","Text Structure and Purpose","","rw,arch:RW_TSP_010,sim:rw_text_structure_and_purpose_supporting_detail,passage:E006,surf:SURF_RW_TSP_010,dprofile:D3,source_comp:original,scope:front,package:4,fp:d054375cf374"
"SAT_RW_4","split_batch_v9","SAT_RW_4_FRONT","mixed","SAT_RW_4_M1_Q07","RW","1","base","7","Craft and Structure","Cross-Text Connections","RW_CTC_006","Compare claims across paired texts","paired_text_relation","Medium","1","multiple_choice","Text 1:
Wetland managers often judge restoration by the number of bird species recorded during spring migration. That measure is useful, but it can reward sites that briefly attract many passing birds without providing conditions for nesting or feeding later in the season. A stronger assessment would combine migration counts with repeated observations of how birds use the site across several months, especially after water levels begin to fall.

Text 2:
Season-long monitoring can reveal whether a restored wetland supports birds beyond a short migration window, but managers should not treat continuous use as the sole sign of success. Some wetlands are naturally most valuable as temporary stopover habitat. At such sites, a concentrated burst of feeding by migrating birds may be ecologically important even if few birds remain to nest. The appropriate measure should therefore reflect the habitat role the site is expected to serve.","Based on the texts, how would the author of Text 2 most likely respond to Text 1’s proposal for evaluating restored wetlands?","Managers should use the same combination of migration and nesting measures at every site so that restoration projects can be compared directly.","Season-long use should replace migration counts as the single standard because successful wetlands must support nesting birds.","Migration counts should be discarded because temporary concentrations of birds provide no reliable information about wetland value.","Season-long observations can strengthen evaluation, but the measures used should also reflect whether a site is intended to function as temporary stopover habitat.","D","4","Text 2 accepts the value of season-long monitoring but qualifies any universal standard by emphasizing that some wetlands are valuable chiefly as stopover habitat. The other choices ignore or reverse that qualification.","80","none","{}","","","","","","Cross-Text Connections","","rw,arch:RW_CTC_006,sim:rw_cross_text_connections_paired_text_relation,passage:R024,surf:SURF_RW_CTC_006,dprofile:D2,source_comp:original,scope:front,package:4,fp:30d9e35341a4"
"SAT_RW_4","split_batch_v9","SAT_RW_4_FRONT","mixed","SAT_RW_4_M1_Q08","RW","1","base","8","Information and Ideas","Central Ideas and Details","RW_CID_001","Identify main idea, key detail, or summary","main_claim","Easy","1","multiple_choice","On summer afternoons, two blocks in the same neighborhood can feel surprisingly different. Urban ecologists measured air and pavement temperatures along streets with mature tree canopies and along nearby streets where young trees provided little shade. Pavement under mature trees was consistently cooler, especially between noon and four o’clock, while air-temperature differences were smaller but still detectable. The researchers also noted that the cooling effect was uneven: broad-canopied trees shaded sidewalks more effectively than narrow trees planted in small pits. Buildings mattered too, because tall facades cast shade at different hours. Even so, the measurements show that street trees can reduce heat exposure at the scale pedestrians experience most directly. The researchers argue that planting plans should therefore consider canopy shape and placement, not simply the number of trees added. A block with many poorly positioned trees may provide less useful shade than a block with fewer well-sited ones.","Which choice best states the main idea of the text?","Tall buildings make tree placement largely irrelevant because building shade determines street temperatures.","Air temperature is a more useful measure of pedestrian heat exposure than pavement temperature is.","Street trees can reduce pedestrian heat exposure, but the amount of useful shade depends on features such as canopy shape and placement.","Young trees planted in small pits cool streets more effectively than mature broad-canopied trees do.","C","3","The measurements show meaningful cooling from street trees while also showing that canopy form, placement, and building shade affect the size and timing of that benefit.","80","none","{}","","","","","","Central Ideas and Details","","rw,arch:RW_CID_001,sim:rw_central_ideas_and_details_main_claim,passage:R001,surf:SURF_RW_CID_001,dprofile:D1,source_comp:original,scope:front,package:4,fp:ba195b98c6f4"
"SAT_RW_4","split_batch_v9","SAT_RW_4_FRONT","mixed","SAT_RW_4_M1_Q09","RW","1","base","9","Information and Ideas","Central Ideas and Details","RW_CID_003","Identify main idea, key detail, or summary","contrast","Medium","1","multiple_choice","Jonas had spent the morning urging his cousin Clara to hurry, certain that the last ferry would leave before they reached the quay. At a bend in the riverside path, Clara stopped beside a clay pot on a low wall. Its single white flower had collapsed after the night’s rain. Jonas called it a poor reason to miss a boat. Clara lifted the pot and showed him a paper label beneath the rim, the ink blurred but recognizable as their aunt’s handwriting. Their aunt had sent the seeds during her final summer, when Jonas had been away at sea. He looked again at the damaged flower and noticed two green shoots close to the soil. A moment earlier he had treated the pot as an obstacle; now he carried it himself, walking carefully enough that Clara had to remind him about the ferry. The journey remained urgent, but not everything along the way seemed expendable.","How does the contrast between Jonas’s initial and later treatment of the pot contribute to the text?","It shows that learning the pot’s connection to his aunt changes Jonas’s view of it from an inconvenience to something worth protecting.","It suggests that Clara values the pot mainly because she believes the green shoots will make it financially valuable.","It shows that Jonas becomes less concerned about catching the ferry once he learns that the flower can survive heavy rain.","It reveals that Jonas had secretly planned to take the pot before Clara stopped to examine it.","A","1","Jonas first dismisses the pot as an obstacle, but after recognizing his aunt’s label he carries it carefully. The contrast shows a change in the object’s personal significance, not a plan to take it, a financial motive, or confidence that the flower will survive.","80","none","{}","","","","","","Central Ideas and Details","","rw,arch:RW_CID_003,sim:rw_central_ideas_and_details_contrast,passage:E022,surf:SURF_RW_CID_003,dprofile:D2,source_comp:original,scope:front,package:4,fp:746f44684704"
"SAT_RW_4","split_batch_v9","SAT_RW_4_FRONT","mixed","SAT_RW_4_M1_Q10","RW","1","base","10","Information and Ideas","Command of Evidence","RW_COE_001","Use textual or quantitative evidence","supporting_detail","Medium","1","multiple_choice","Researchers studying attention in first-year university students asked participants to wear sleep monitors for three weeks and complete a brief reaction-time task each morning. Students whose bedtimes and wake times varied less from day to day made fewer attention lapses, even when their average nightly sleep duration was similar to that of students with less regular schedules. The researchers cautioned that the pattern was correlational: regular sleepers might differ in workload, caffeine use, or other habits. To test whether sleep timing itself contributes to attention, they proposed a controlled follow-up. Participants would keep the same total sleep opportunity each night, but one group would maintain consistent bedtimes and wake times while another would shift both times by two hours on alternating nights. Meals, caffeine access, and testing time would be held constant. A difference in morning attention between the groups could then be linked more specifically to schedule regularity rather than to sleep duration.","Which result from the proposed controlled follow-up would most directly support the researchers’ conclusion that schedule regularity contributes to morning attention independently of sleep duration?","Students on the consistent schedule reported lower stress than students on the alternating schedule, but the groups performed similarly on the morning attention task.","Students in both schedule groups made fewer attention lapses by the third week than they had during the first week.","Students on the alternating schedule made more morning attention lapses than students on the consistent schedule even though the groups obtained similar amounts of sleep.","Students on the alternating schedule made more morning attention lapses, but they also slept an average of forty-five minutes less each night.","C","3","The keyed result isolates schedule regularity: the groups differ in attention despite obtaining similar amounts of sleep. A sleep-duration difference would confound the comparison, equal improvement would not distinguish the schedules, and a stress difference without an attention difference would not support the proposed effect.","80","none","{}","","","","","","Command of Evidence","","rw,arch:RW_COE_001,sim:rw_command_of_evidence_supporting_detail,passage:R029,surf:SURF_RW_COE_001,dprofile:D2,source_comp:original,scope:front,package:4,fp:8cf8267b9860"
"SAT_RW_4","split_batch_v9","SAT_RW_4_FRONT","mixed","SAT_RW_4_M1_Q11","RW","1","base","11","Information and Ideas","Command of Evidence","RW_COE_011","Use textual or quantitative evidence","evidence_based_inference","Hard","1","multiple_choice","Engineers testing filters for storm-water drains compared three mesh sizes designed to trap fragments of plastic before runoff reached a river. The finest mesh captured the greatest share of particles in bench tests, but it also accumulated leaves and sediment more quickly than the coarser meshes. As material collected, water moved through the fine filter more slowly. The engineers concluded that selecting a filter for field use involves a tradeoff: increasing particle capture can also reduce drainage capacity, especially between cleanings. They therefore cautioned against ranking designs by capture rate alone. A field trial was planned for drains that receive similar runoff volumes but different amounts of organic debris. The team expected those sites to reveal how maintenance frequency changes the practical balance between filtration and flow. A design that performs best immediately after installation, they noted, may not remain the best choice after several storms.","Which finding from the planned field trial, if true, would most directly support the engineers’ conclusion about the tradeoff between particle capture and drainage capacity?","Drains fitted with the coarsest mesh received more leaves than drains fitted with the finest mesh and also showed slower water flow.","After three storms, the finest mesh trapped a larger share of plastic particles than the coarsest mesh but passed substantially less water before cleaning was required.","Immediately after installation, the finest mesh trapped more plastic particles than the coarsest mesh, while both meshes passed similar amounts of water.","The finest mesh required cleaning about twice as often as the coarsest mesh, but the field team did not measure particle capture at those drains.","B","2","The conclusion predicts both an advantage and a cost: greater capture paired with reduced flow. Only the keyed finding measures both sides in the same comparison. The other choices support only one side or introduce a confound that does not establish the proposed tradeoff.","80","none","{}","","","","","","Command of Evidence","","rw,arch:RW_COE_011,sim:rw_command_of_evidence_evidence_based_inference,passage:R005,surf:SURF_RW_COE_011,dprofile:D3,source_comp:original,scope:front,package:4,fp:943786468be9"
"SAT_RW_4","split_batch_v9","SAT_RW_4_FRONT","mixed","SAT_RW_4_M1_Q12","RW","1","base","12","Information and Ideas","Inferences","RW_INF_010","Draw supported conclusions","evidence_based_inference","Easy","1","multiple_choice","Nora had promised herself that she would not look toward the ferry shelter as the coach passed it. The promise lasted until the wheels struck the first stones of the quay. Through the rain-streaked glass she saw the shelter, the bent sign, and a man holding a damp book beneath his coat. For an instant she thought the man was her uncle, though he was too young and too tall. She turned away before he could see her watching. At the inn, Nora told the porter she would leave on the morning boat, then asked—casually, she hoped—whether the evening ferry had arrived. The porter said it had been delayed by wind. Nora thanked him and carried her bag upstairs without asking anything more. In her room, however, she placed the unopened bag beside the door rather than unpacking it, and she left her traveling cloak over the chair.","Which inference about Nora is best supported by the text?","Although Nora says she will leave in the morning, she is uncertain enough about that plan to remain ready to change it.","Nora keeps her bag packed because the porter has told her that no rooms are available for the night.","Nora believes the man at the ferry shelter is definitely her uncle and intends to confront him that night.","Nora asks about the evening ferry because she wants to leave the inn before the morning boat departs.","A","1","Nora states a departure plan but asks about the delayed ferry, does not unpack, and keeps her cloak ready. Those actions suggest uncertainty, not certainty about the man or a shortage of rooms.","80","none","{}","","","","","","Inferences","","rw,arch:RW_INF_010,sim:rw_inferences_evidence_based_inference,passage:E017,surf:SURF_RW_INF_010,dprofile:D1,source_comp:original,scope:front,package:4,fp:c8d4bed02e86"
"SAT_RW_4","split_batch_v9","SAT_RW_4_FRONT","mixed","SAT_RW_4_M1_Q13","RW","1","base","13","Information and Ideas","Inferences","RW_INF_002","Draw supported conclusions","cause_effect","Medium","1","multiple_choice","Agronomists studying crop resilience compared two neighboring fields planted with the same wheat variety. One field had received compost for several years, while the other had received the same amount of nitrogen through synthetic fertilizer. After an unusually dry month, wheat in the compost-treated field maintained greener leaves and recovered more quickly when rain returned. Soil samples from that field also contained more fungal threads and formed larger, more stable aggregates. The researchers did not claim that fungi alone caused the difference, because compost also changed soil organic matter and water retention. Still, they noted that fungal networks can help bind soil particles and influence how water moves through soil. Taken together, the observations suggest that the compost treatment altered several features of the soil at once. Any explanation for the wheat’s faster recovery would therefore need to consider interacting biological and physical changes rather than a single nutrient effect.","Which inference is best supported by the researchers’ observations?","Synthetic fertilizer prevented stable soil aggregates from forming, which is why the comparison field received less rain.","The compost-treated field’s faster recovery likely reflects several soil changes working together rather than a difference in nitrogen supply alone.","The two fields differed mainly in wheat variety, so the soil measurements cannot help explain the recovery pattern.","The fungal threads in the compost-treated field were the sole cause of the wheat’s recovery after the dry month.","B","2","The fields used the same wheat variety and comparable nitrogen input, while compost affected fungal networks, aggregates, organic matter, and water retention. The passage therefore supports a multi-factor explanation and explicitly rejects a fungi-only conclusion.","80","none","{}","","","","","","Inferences","","rw,arch:RW_INF_002,sim:rw_inferences_cause_effect,passage:R007,surf:SURF_RW_INF_002,dprofile:D2,source_comp:original,scope:front,package:4,fp:279d344aeba5"
"SAT_RW_4","split_batch_v9","SAT_RW_4_FRONT","mixed","SAT_RW_4_M1_Q14","RW","1","base","14","Information and Ideas","Inferences","RW_INF_001","Draw supported conclusions","contrast","Hard","1","multiple_choice","A grocery chain tested two front-of-package labels intended to help shoppers compare cereals. One label displayed a single overall nutrition score; the other showed separate ratings for added sugar, fiber, and sodium. Shoppers using the overall score made faster choices on average. Yet interviews revealed that many of them assumed cereals with the same score were nutritionally similar even when their sugar and fiber ratings differed substantially. Shoppers using the separate ratings took longer, but they were more likely to explain which nutrient had influenced a choice. The researchers also found that experienced label readers showed a smaller speed difference between the two formats than inexperienced readers did. They concluded that simplifying information can reduce decision time while also hiding tradeoffs that some shoppers care about. The effect of a label format, therefore, may depend partly on whether the goal is quick ranking or comparison of specific nutritional features.","Which inference is best supported by the text?","The overall score is likely to improve comparison accuracy for inexperienced readers because it reduces the time they spend choosing.","A shopper focused on comparing specific nutrients may benefit from separate ratings even if that format requires more decision time.","Experienced label readers would prefer the overall score because their speed advantage with that format was smaller than the advantage for inexperienced readers.","Separate nutrient ratings remove the influence of label-reading experience because all shoppers interpret the ratings in the same way.","B","2","Separate ratings made nutrient-specific reasoning more likely but increased decision time, directly supporting the keyed inference. The other choices infer preferences, accuracy, or uniform interpretation that the study did not establish.","80","none","{}","","","","","","Inferences","","rw,arch:RW_INF_001,sim:rw_inferences_contrast,passage:R019,surf:SURF_RW_INF_001,dprofile:D3,source_comp:original,scope:front,package:4,fp:8ef1eb257595"
"SAT_RW_4","split_batch_v9","SAT_RW_4_FRONT","mixed","SAT_RW_4_M1_Q15","RW","1","base","15","Standard English Conventions","Boundaries","SEC.BND","Boundaries","Colon after a complete lead-in","Easy","1","multiple_choice","After surveying the reef restoration site, divers recorded three visible signs of a healthy kelp bed _____ dense fronds, schools of juvenile fish, and sea urchins grazing on exposed rock.","Which choice completes the text so that it conforms to the conventions of Standard English?",",",";",":",".","C","3","A colon correctly follows the complete clause and introduces the three-item list. A comma cannot by itself introduce the list, a semicolon separates independent clauses, and a period would leave the list as a fragment.","50","none","{}","","","","","","Boundaries","","rw,sec,grammar,arch:SEC-BND-041,sim:SEC.BND:colon_after_independent_clause:A. minimal-context version,ctx:CTX-GRM-013,tier:SEC1,grammar_family:colon_after_independent_clause,dprofile:D1,scope:front,package:4,fp:161b6527d97b"
"SAT_RW_4","split_batch_v9","SAT_RW_4_FRONT","mixed","SAT_RW_4_M1_Q16","RW","1","base","16","Standard English Conventions","Boundaries","SEC.BND","Boundaries","Introductory dependent clauses","Medium","1","multiple_choice","Although the class had already compared two speeches that defended the policy and marked their main claims in the margins _____ students reread a primary-source letter before discussing how evidence can change an argument.","Which choice completes the text so that it conforms to the conventions of Standard English?",",",";","no punctuation",":","A","1","The introductory dependent clause beginning with “Although” must be followed by a comma before the independent clause begins. A semicolon or colon cannot follow a dependent clause here, and omitting punctuation fails to mark the boundary.","50","none","{}","","","","","","Boundaries","","rw,sec,grammar,arch:SEC-BND-016,sim:SEC.BND:introductory_subordinate_clause:A. minimal-context version,ctx:CTX-GRM-014,tier:SEC2,grammar_family:introductory_subordinate_clause,dprofile:D2,scope:front,package:4,fp:be47f39c6106"
"SAT_RW_4","split_batch_v9","SAT_RW_4_FRONT","mixed","SAT_RW_4_M1_Q17","RW","1","base","17","Standard English Conventions","Boundaries","SEC.BND","Boundaries","Nonessential appositive information","Medium","1","multiple_choice","The mural at the train station _____ covered the western wall, where commuters could see the birds appear to sweep upward as the platform curved toward the stairs.","Which choice completes the text so that it conforms to the conventions of Standard English?",", a flock of herons, swifts, and terns;",", a flock of herons, swifts, and terns,","a flock of herons, swifts, and terns","; a flock of herons, swifts, and terns,","B","2","The phrase naming the birds is a nonessential appositive that renames “the mural,” so matching commas must set it off. The other choices omit the boundaries or use mismatched or inappropriate punctuation.","50","none","{}","","","","","","Boundaries","","rw,sec,grammar,arch:SEC-BND-027,sim:SEC.BND:nonessential_appositive:B. internal punctuation nearby,ctx:CTX-GRM-018,tier:SEC2,grammar_family:nonessential_appositive,dprofile:D2,scope:front,package:4,fp:5b084e15441b"
"SAT_RW_4","split_batch_v9","SAT_RW_4_FRONT","mixed","SAT_RW_4_M1_Q18","RW","1","base","18","Standard English Conventions","Boundaries","SEC.BND","Boundaries","Restrictive modifiers without commas","Hard","1","multiple_choice","During the trial, the robotics club compared a camera-guided method, a timer-based method, and a light-sensor method on the same taped course. The navigation method _____ completed all six runs without crossing a boundary.","Which choice completes the text so that it conforms to the conventions of Standard English?","—the one that used paired light sensors—",", the one that used paired light sensors,","that used paired light sensors",", that used paired light sensors","C","3","The clause “that used paired light sensors” is essential because it identifies which of the several navigation methods completed all six runs, so it should not be set off with punctuation. The comma- and dash-set-off alternatives incorrectly treat the identifying information as nonessential, and the one-sided comma is also improperly punctuated.","50","none","{}","","","","","","Boundaries","","rw,sec,grammar,arch:SEC-BND-037,sim:SEC.BND:restrictive_no_comma:B. internal punctuation nearby,ctx:CTX-GRM-095,tier:SEC3,grammar_family:restrictive_no_comma,dprofile:D3,scope:front,package:4,fp:43aa3114c41a"
"SAT_RW_4","split_batch_v9","SAT_RW_4_FRONT","mixed","SAT_RW_4_M1_Q19","RW","1","base","19","Standard English Conventions","Form, Structure, and Sense","SEC.FSS","Form, Structure, and Sense","Subject-verb agreement","Medium","1","multiple_choice","The narrow windows and thick brick walls of the old library, along with the shaded courtyard beside the reading room, _____ the interior stay cooler on sunny afternoons.","Which choice completes the text so that it conforms to the conventions of Standard English?","has helped keep","helping keep","help keep","helps keep","C","3","The compound subject “windows and thick brick walls” is plural, so the finite verb must be “help.” The intervening singular nouns do not change the subject’s number; the other choices either disagree with the subject or fail to supply the needed finite verb.","50","none","{}","","","","","","Form, Structure, and Sense","","rw,sec,grammar,arch:SEC-FSS-002,sim:SEC.FSS:subject_verb_agreement:B. intervening material,ctx:CTX-GRM-010,tier:SEC2,grammar_family:subject_verb_agreement,dprofile:D2,scope:front,package:4,fp:7a3f8e0ca8c3"
"SAT_RW_4","split_batch_v9","SAT_RW_4_FRONT","mixed","SAT_RW_4_M1_Q20","RW","1","base","20","Standard English Conventions","Form, Structure, and Sense","SEC.FSS","Form, Structure, and Sense","Logical verb tense","Hard","1","multiple_choice","For three summers after coastal residents planted dune grass, volunteers measured sand depth after every major storm. Whenever a storm removed sand from the seaward edge, the grass roots _____ enough sediment near the fence that the dune profile usually recovered by the next survey.","Which choice completes the text so that it conforms to the conventions of Standard English?","held","will hold","had held","hold","A","1","The surrounding context describes repeated completed events during three past summers: storms removed sand and the roots held sediment before later surveys. “Hold” and “will hold” shift the action to present or future, while “had held” incorrectly places it before the repeated storm events.","50","none","{}","","","","","","Form, Structure, and Sense","","rw,sec,grammar,arch:SEC-FSS-009,sim:SEC.FSS:verb_tense_sequence:D. logic cue,ctx:CTX-GRM-023,tier:SEC3,grammar_family:verb_tense_sequence,dprofile:D3,scope:front,package:4,fp:449830943d6f"
"SAT_RW_4","split_batch_v9","SAT_RW_4_FRONT","mixed","SAT_RW_4_M1_Q21","RW","1","base","21","Standard English Conventions","Form, Structure, and Sense","SEC.FSS","Form, Structure, and Sense","Modifier placement","Hard","1","multiple_choice","A market analyst compared delivery records from small grocery stores before and after a fuel-price increase. After reviewing nearly all weekday deliveries, _____ that stores supplied from the farther depot raised produce prices later than the analyst had expected.","Which choice completes the text so that it conforms to the conventions of Standard English?","the analyst, the records showed","the later price increases suggested","the price records showed","the analyst found","D","4","The introductory modifier “After reviewing nearly all weekday deliveries” must logically modify the person who did the reviewing, so “the analyst” must immediately follow it and serve as the subject of “found.” The other choices make records or price increases perform the reviewing, or create an ill-formed clause.","50","none","{}","","","","","","Form, Structure, and Sense","","rw,sec,grammar,arch:SEC-FSS-027,sim:SEC.FSS:modifier_placement:B. intervening material,ctx:CTX-GRM-027,tier:SEC3,grammar_family:modifier_placement,dprofile:D3,scope:front,package:4,fp:9e5e1472977d"
"SAT_RW_4","split_batch_v9","SAT_RW_4_FRONT","mixed","SAT_RW_4_M1_Q22","RW","1","base","22","Expression of Ideas","Transitions","RW_TR_001","Select transition that logically connects ideas","logical_link","Medium","1","multiple_choice","Students comparing print and digital versions of the same history chapter completed a set of navigation tasks. Digital readers located exact quotations faster when they could use search. _____ print readers were more accurate when asked to return to a passage they remembered mainly by its position on a page.","Which choice completes the text with the most logical transition?","Similarly,","For instance,","However,","Consequently,","C","3","The second result contrasts with the first: digital search aided exact quotation finding, whereas print readers were better at relocating passages from spatial memory. “However,” correctly signals that contrast.","50","none","{}","","","","","","Transitions","","rw,arch:RW_TR_001,sim:rw_transitions_logical_link,passage:R016,surf:SURF_RW_TR_001,dprofile:D2,source_comp:original,scope:front,package:4,fp:131288b8b74d"
"SAT_RW_4","split_batch_v9","SAT_RW_4_FRONT","mixed","SAT_RW_4_M1_Q23","RW","1","base","23","Expression of Ideas","Transitions","RW_TR_009","Select transition that logically connects ideas","cause_effect","Medium","1","multiple_choice","A transit agency tested electric buses on a route with long uphill segments. During cold weeks, the buses returned to the depot with less remaining battery charge than planners had predicted. _____ the agency added a brief midday charging stop so the buses could complete the afternoon schedule with a larger energy reserve.","Which transition most logically connects the ideas in the text?","Therefore,","At the same time,","By contrast,","For example,","A","1","The charging stop is a response to the unexpectedly low remaining battery charge, so “Therefore,” correctly signals a consequence of the preceding result.","50","none","{}","","","","","","Transitions","","rw,arch:RW_TR_009,sim:rw_transitions_cause_effect,passage:R040,surf:SURF_RW_TR_009,dprofile:D2,source_comp:original,scope:front,package:4,fp:d8e0af98019d"
"SAT_RW_4","split_batch_v9","SAT_RW_4_FRONT","mixed","SAT_RW_4_M1_Q24","RW","1","base","24","Expression of Ideas","Transitions","RW_TR_008","Select transition that logically connects ideas","contrast","Medium","1","multiple_choice","A station pilot changed the timing of entry gates so riders reached a crowded platform in smaller groups. Peak platform density fell by 12 percent, and staff reported fewer moments when passengers blocked the stairway. The new timing added about twenty seconds to the average walk from the entrance to the platform, a delay that many surveyed riders noticed. _____ officials kept the timing plan for the next phase of the pilot while testing signs that might reduce confusion at the gates.","Which choice most logically completes the final sentence?","Nevertheless,","As a result,","Meanwhile,","Specifically,","A","1","The officials retain the timing plan despite a noticeable twenty-second delay, so “Nevertheless,” best marks the concession. “As a result,” is tempting because crowding improved, but it does not capture the immediate contrast with the stated drawback.","50","none","{}","","","","","","Transitions","","rw,arch:RW_TR_008,sim:rw_transitions_contrast,passage:R034,surf:SURF_RW_TR_008,dprofile:D2,source_comp:original,scope:front,package:4,fp:ed312aab0fbb"
"SAT_RW_4","split_batch_v9","SAT_RW_4_FRONT","mixed","SAT_RW_4_M1_Q25","RW","1","base","25","Expression of Ideas","Rhetorical Synthesis","RW_RS_001","Use notes to achieve a writing goal","revision_goal","Medium","1","multiple_choice","A student wants to emphasize the practical benefit of a school air-filter pilot while acknowledging one limitation.

- Twenty classrooms received upgraded filters.
- Average fine-particle concentrations during occupied hours fell by 35%.
- Teachers reported fewer complaints about stuffy rooms.
- The upgraded filter units used 8% more electricity than the previous units.","Which choice most effectively uses the notes to emphasize the stated benefit and limitation?","The school tested upgraded filters in twenty classrooms, where fine-particle concentrations were measured during occupied hours.","Because teachers reported fewer complaints about stuffy rooms, the upgraded filters solved the classrooms’ air-quality problems without any drawback.","Twenty classrooms received upgraded filters, and teachers reported fewer complaints about stuffy rooms during the pilot.","The upgraded filters reduced fine-particle concentrations by 35% in occupied classrooms, although the units used 8% more electricity than the filters they replaced.","D","4","The keyed choice states the strongest measured benefit and directly acknowledges the electricity-use limitation. The other choices omit the limitation, provide setup rather than benefit, or overstate the result.","65","none","{}","","","","","","Rhetorical Synthesis","","rw,arch:RW_RS_001,sim:rw_rhetorical_synthesis_revision_goal,passage:R022,surf:SURF_RW_RS_001,dprofile:D2,source_comp:original,scope:front,package:4,fp:803a88b704b7"
"SAT_RW_4","split_batch_v9","SAT_RW_4_FRONT","mixed","SAT_RW_4_M1_Q26","RW","1","base","26","Expression of Ideas","Rhetorical Synthesis","RW_RS_008","Use notes to achieve a writing goal","supporting_detail","Medium","1","multiple_choice","A student wants to emphasize how a coral-restoration team adapted a common nursery method to local wave conditions.

- Coral fragments are often raised on elevated nursery frames before being transplanted.
- The restoration site experiences strong seasonal wave action.
- The team shortened the frames and anchored them closer to the seabed.
- During the roughest month, fewer fragments broke loose from the modified frames than from the original frames.","Which choice most effectively uses the notes to accomplish the student’s writing goal?","To suit the site’s strong seasonal waves, the team modified the usual elevated nursery-frame approach by shortening the frames and anchoring them closer to the seabed, where fewer fragments broke loose.","Fewer fragments broke loose from the modified frames during the roughest month, showing that coral nurseries can be used at sites with seasonal waves.","Because the site experiences strong seasonal waves, coral fragments there can break loose from nursery frames during rough conditions.","The team used nursery frames for coral fragments, a common restoration method, and monitored the fragments during the site’s roughest month.","A","1","The keyed choice explicitly connects the local wave condition to the team’s modifications of a common method and reports the relevant outcome. The distractors mention accurate notes but do not clearly express the adaptation.","65","none","{}","","","","","","Rhetorical Synthesis","","rw,arch:RW_RS_008,sim:rw_rhetorical_synthesis_supporting_detail,passage:R028,surf:SURF_RW_RS_008,dprofile:D2,source_comp:original,scope:front,package:4,fp:b20ec8360c5f"
"SAT_RW_4","split_batch_v9","SAT_RW_4_FRONT","mixed","SAT_RW_4_M1_Q27","RW","1","base","27","Expression of Ideas","Rhetorical Synthesis","RW_RS_009","Use notes to achieve a writing goal","contrast","Medium","1","multiple_choice","A student wants to present two studies as complementary evidence that a new slang form spread across age groups over time in the same city.

- Researchers examined social-media posts in Study A during the first six months after the form appeared.
- Study A found the form was concentrated among users ages 16–24.
- Researchers in Study B examined posts two years later.
- Study B found the form was still most common among users ages 16–24 but had become substantially more frequent among users ages 25–44.","Which choice best uses the notes to fulfill the stated goal?","The two studies prove that social media caused the slang form to spread from users ages 16–24 to users ages 25–44 within two years.","Together, the studies suggest diffusion over time: the slang form was initially concentrated among users ages 16–24 but, two years later, had become more frequent among users ages 25–44 while remaining most common in the younger group.","Both studies show that users ages 16–24 used the slang form more than older users, with Study B examining posts two years after the form appeared.","The studies disagree about who used the slang form because Study A focused on users ages 16–24, whereas Study B also recorded use among users ages 25–44.","B","2","The keyed choice integrates the two time points and preserves both findings: the younger group remained the most frequent users while use broadened among older users. The distractors manufacture disagreement, omit the change over time, or make an unsupported causal claim.","65","none","{}","","","","","","Rhetorical Synthesis","","rw,arch:RW_RS_009,sim:rw_rhetorical_synthesis_contrast,passage:R010,surf:SURF_RW_RS_009,dprofile:D2,source_comp:original,scope:front,package:4,fp:f963789ca558"
"SAT_RW_4","split_batch_v9","RW4_BACK","650-800","RW4_M2_Q01","RW","2","hard","1","Craft and Structure","Words in Context","RW_WIC_001","Determine meaning or function of a word/phrase in context","eelgrass water flow","Hard","1","multiple_choice","Marine ecologists mapping eelgrass beds often estimate habitat quality from blade density, yet dense patches can conceal a problem: leaves packed tightly together receive less water flow near their surfaces. In a coastal lagoon, sensors placed inside thick stands recorded lower oxygen exchange on still afternoons than sensors at the edges. The difference disappeared during windy periods, when currents strengthened. The researchers therefore cautioned against treating density as an unqualified sign of resilience. For eelgrass, they described stronger water flow as a factor that can attenuate the disadvantages of crowding without removing them entirely. In exposed coves, dense eelgrass still trapped sediment and sheltered juvenile fish, benefits absent from sparse beds. In protected coves, however, the same density coincided with longer episodes of low oxygen around the leaves. Thus the ecological value of a dense stand depended partly on how local water movement altered the costs created by close spacing.","Which choice best captures the meaning of “attenuate” as it is used in the text?","extend the duration of","clarify the cause of","separate completely from","reduce the force of","D","4","In context, stronger currents lessen the disadvantages created by crowding without eliminating them, so “attenuate” means reduce the force of.","75","none","{}","","","","","","Words in Context","","wic;hard_vocab;vocab:HV_129;tier:V4;target:attenuate;wic_family:direct_meaning;arch:WIC_DIRECT_MEANING_01;sim:wic_eelgrass;fp:m2q01;passage:R021"
"SAT_RW_4","split_batch_v9","RW4_BACK","650-800","RW4_M2_Q02","RW","2","hard","2","Craft and Structure","Words in Context","RW_WIC_001","Determine meaning or function of a word/phrase in context","historic street photography","Hard","1","multiple_choice","A curator preparing an exhibition of early street photographs noticed that many surviving images show broad avenues nearly empty of pedestrians. At first, the photographs seemed to document unusually quiet city centers. Yet the glass-plate cameras used by several photographers required long exposures, and moving people often failed to register clearly. The curator also found notebooks in which photographers complained about carts blurring into pale streaks. Rather than dismiss the photographs as useless, she argued that they should qualify claims about how crowded those streets were. The images preserve architecture reliably but record movement selectively. A later set of faster exposures from the same intersections contains far more visible pedestrians even though city records show no sudden population surge. The discrepancy matters because the photographs remain valuable evidence, but their apparent emptiness cannot be read literally. Their technical limits place a boundary on what conclusions the images alone can support about everyday street traffic.","In context, what role does “qualify” play in the curator’s reasoning?","It rejects the photographs as evidence because long exposures make all visual details unreliable.","It limits a conclusion about street crowding by identifying what the photographs record selectively.","It shifts the discussion from photographic technique to the economic causes of population growth.","It strengthens the claim that the streets were empty by treating the later photographs as exceptions.","B","2","The curator still treats the photographs as useful, but she narrows what can be inferred from their apparent emptiness because moving people may not register.","75","none","{}","","","","","","Words in Context","","wic;hard_vocab;vocab:HV_121;tier:V4;target:qualify;wic_family:claim_function;arch:WIC_CLAIM_FUNCTION_01;sim:wic_photo;fp:m2q02;passage:R141"
"SAT_RW_4","split_batch_v9","RW4_BACK","650-800","RW4_M2_Q03","RW","2","hard","3","Craft and Structure","Words in Context","RW_WIC_001","Determine meaning or function of a word/phrase in context","porous ceramic cooling","Hard","1","multiple_choice","Engineers testing a porous ceramic for rooftop cooling expected lighter-colored samples to remain coolest because they reflected more sunlight. During dry trials, that expectation held. After brief spraying, however, several darker samples cooled more rapidly and stayed below air temperature longer. Microscopy showed that those samples contained a connected network of narrow pores that drew water toward the surface, where evaporation removed heat. The researchers wrote that pore structure could mediate the relationship between color and daytime temperature. Color still mattered: among samples with similar pore networks, the lighter ones warmed more slowly. But when pore connectivity differed sharply, evaporation changed the size of the color effect and sometimes reversed the ranking of two samples. The result suggested that a visible property could not be interpreted independently of an internal one. For designers, comparing roof materials by reflectance alone would therefore miss an important pathway through which absorbed water alters thermal performance.","In the passage, what does the use of “mediate” indicate about pore structure?","Pore structure settles a disagreement between two teams about which color reflects more sunlight.","Pore structure replaces color as the sole property that determines how much heat a roof absorbs.","Pore structure makes the researchers’ color measurements more precise without affecting cooling itself.","Pore structure changes how strongly color is associated with daytime temperature by affecting evaporation.","D","4","The results show that pore connectivity alters the relationship between color and temperature through evaporative cooling, rather than merely measuring or replacing color.","75","none","{}","","","","","","Words in Context","","wic;hard_vocab;vocab:HV_124;tier:V4;target:mediate;wic_family:relation_function;arch:WIC_RELATION_FUNCTION_01;sim:wic_ceramic;fp:m2q03;passage:E081"
"SAT_RW_4","split_batch_v9","RW4_BACK","650-800","RW4_M2_Q04","RW","2","hard","4","Craft and Structure","Words in Context","RW_WIC_001","Determine meaning or function of a word/phrase in context","river-port shipping ledgers","Hard","1","multiple_choice","A historian examining shipping ledgers from a nineteenth-century river port found that merchants repeatedly labeled certain cargoes “mixed goods.” The category looked frustratingly vague until she compared the ledgers with warehouse fee schedules. Those schedules charged one rate for crates needing dry indoor storage and another for barrels that could remain under covered sheds. Entries marked “mixed goods” frequently paid both rates on the same day, suggesting that the label bundled items requiring different handling. The historian used this pattern to delineate the practical boundaries of the category rather than to identify every object inside it. A surviving invoice confirmed that one such shipment combined paper, tools, and sealed oil. Still, not every “mixed goods” entry had a matching invoice, so the category could not be reconstructed item by item. The fee records were most informative when used to specify what kinds of storage demands the label encompassed, not when treated as complete inventories.","Why is “delineate” especially precise in describing what the fee records allow the historian to do?","It conveys that the records decorate the category with vivid details that are absent from invoices.","It conveys that the records resolve uncertainty by identifying the objects contained in typical shipments.","It conveys that the records arrange cargo categories in a chronological sequence for comparison.","It conveys that the records define the category’s practical limits without supplying a complete inventory.","D","4","The fee schedules help specify the boundaries of “mixed goods” through storage demands, but they do not identify every item, making “delineate” precise.","75","none","{}","","","","","","Words in Context","","wic;hard_vocab;vocab:HV_132;tier:V4;target:delineate;wic_family:precision_effect;arch:WIC_PRECISION_EFFECT_01;sim:wic_ledgers;fp:m2q04;passage:R147"
"SAT_RW_4","split_batch_v9","RW4_BACK","650-800","RW4_M2_Q05","RW","2","hard","5","Craft and Structure","Text Structure and Purpose","RW_TSP_001","Analyze structure or purpose","beetle microclimate","Hard","1","multiple_choice","On a volcanic island, biologists studying a small ground beetle noticed that adults were common in mossy hollows but scarce on nearby bare lava. Because the beetles cannot fly, the team initially suspected that the rough lava simply blocked movement. To separate movement from survival, the biologists placed identical shaded shelters on both surfaces and released marked beetles at equal distances from them. Beetles crossed the lava readily at night, yet those remaining there after sunrise lost water faster than beetles in the hollows. The researchers then shifted from asking whether the landscape prevented travel to asking which daytime conditions limited occupancy. The shelter trial changed the problem from one of access to one of persistence. Follow-up measurements showed that moss retained humidity several hours after dawn. The study did not rule out differences in food, but it made a purely physical barrier less persuasive and directed attention toward the microclimate encountered after movement had already occurred.","Which choice best describes how the passage develops the biologists’ investigation?","It compares two beetle species, identifies a behavioral difference between them, and proposes a shared evolutionary cause.","It presents an initial barrier hypothesis, describes a test that weakens it, and redirects the investigation toward conditions affecting survival after movement.","It reports a field observation, argues that food scarcity fully explains it, and uses a shelter test to locate the missing food source.","It introduces a debate about nocturnal movement, summarizes opposing interpretations, and concludes that neither can be tested experimentally.","B","2","The passage begins with the lava-barrier idea, then uses the shelter trial to show beetles can cross lava and shifts attention to dehydration and humidity.","75","none","{}","","","","","","Text Structure and Purpose","","arch:RW_TSP_001;sim:tsp_beetle;fp:m2q05;passage:E061"
"SAT_RW_4","split_batch_v9","RW4_BACK","650-800","RW4_M2_Q06","RW","2","hard","6","Craft and Structure","Text Structure and Purpose","RW_TSP_001","Analyze structure or purpose","travel-diary editing","Hard","1","multiple_choice","Literary scholar Mara Velasquez compares two editions of a travel diary printed twenty years apart. The first edition repeatedly identifies villages by the names of local guides, while the later edition replaces many of those names with general phrases such as “our interpreter” or “a resident.” Velasquez initially considers whether the second editor lacked the original notes, but marginal marks show that the named version was available. She then observes that the later preface presents the traveler as unusually self-reliant. <u>By tracing the removed names alongside that revised preface, Velasquez shifts the omissions from accidental losses to editorial choices with a consistent effect.</u> The comparison does not establish why every individual name disappeared, and several remain unchanged. Still, the pattern reveals that small textual substitutions can redistribute credit within a narrative. The scholar’s method therefore links a repeated local alteration to a broader change in how the published diary constructs the traveler’s independence.","Which choice best describes the function of the underlined sentence in the passage?","It supplies independent evidence that the traveler personally requested the removal of local guides’ names.","It concedes that the second edition is more historically accurate because its editor had access to additional notes.","It introduces a competing scholar who interprets the diary’s revised preface differently from Velasquez.","It explains how Velasquez connects repeated textual omissions to an editorial pattern rather than treating them as random losses.","D","4","The underlined sentence describes the analytical move that links removed names with the revised preface, turning isolated omissions into evidence of a consistent editorial effect.","75","none","{}","","","","","","Text Structure and Purpose","","arch:RW_TSP_002;sim:tsp_diary;fp:m2q06;underline;passage:R135"
"SAT_RW_4","split_batch_v9","RW4_BACK","650-800","RW4_M2_Q07","RW","2","hard","7","Craft and Structure","Text Structure and Purpose","RW_TSP_001","Analyze structure or purpose","chamber recording review","Hard","1","multiple_choice","A review of a new chamber orchestra recording begins by praising the ensemble’s restraint. In the opening movement, the strings avoid heavy vibrato, allowing short exchanges between violin and clarinet to remain distinct. The reviewer then turns to the recording engineer’s unusually close microphone placement. That choice makes quiet attacks vivid, but it also enlarges chair noises and breaths that would blend into a concert hall. Rather than treating these sounds as mere defects, the reviewer argues that they expose the physical coordination behind the polished performance. The final paragraph returns to restraint from a different angle: because the musicians do not smooth away every rough edge, moments of collective precision seem earned rather than automatic. Close microphones make the musicians’ restraint more audible while also magnifying incidental sounds. That intimacy becomes both a source of distraction and part of the reviewer’s admiration.","Which choice best describes the overall structure of the review excerpt?","It criticizes a technical flaw, traces that flaw to inadequate rehearsal, and proposes a different microphone arrangement.","It compares two recordings movement by movement before concluding that the newer one is more faithful to a concert-hall sound.","It describes the instruments used in a performance, explains how each was recorded, and ranks the players by technical precision.","It praises a performance quality, examines a recording choice that complicates that praise, and then reframes the complication as part of the recording’s appeal.","D","4","The review begins with restraint as a virtue, treats close microphones as both revealing and distracting, and finally incorporates that roughness into its admiration.","75","none","{}","","","","","","Text Structure and Purpose","","arch:RW_TSP_003;sim:tsp_orchestra;fp:m2q07;passage:E076"
"SAT_RW_4","split_batch_v9","RW4_BACK","650-800","RW4_M2_Q08","RW","2","hard","8","Craft and Structure","Cross-Text Connections","RW_CTC_001","Compare claims across paired texts","street design and retail access","Hard","1","multiple_choice","Text 1:
Urban planner Keiko Tan argues that converting a curbside parking lane into a protected bicycle lane can increase access to small shops even when some drivers must park farther away. She points to blocks where bicycle and foot traffic rose after protected lanes were installed and notes that these visitors stop more frequently than through-driving motorists.

Text 2:
Retail analyst Omar Bell agrees that transportation changes can alter customer traffic, but he cautions that results vary with the kinds of stores on a block. Businesses selling bulky goods may depend more heavily on nearby vehicle loading than cafés or pharmacies do. Bell therefore recommends measuring sales and delivery delays separately rather than assuming that one street design benefits every retailer in the same way.","Based on the texts, how would Bell in Text 2 most likely respond to Tan’s claim in Text 1?","He would question whether changes in bicycle and foot traffic are enough to establish improved access for retailers with substantial loading needs.","He would agree that removing curbside parking often benefits retailers and would expect bulky-goods stores to gain less than cafés or pharmacies.","He would accept that protected bicycle lanes can increase customer access on some blocks but would argue that store type may affect whether those gains outweigh loading difficulties.","He would argue that delivery delays deserve separate measurement because sales data may obscure costs imposed on some businesses.","C","3","Bell accepts that transportation changes can affect customer traffic but emphasizes variation by store type and recommends measuring both sales and delivery effects.","75","none","{}","","","","","","Cross-Text Connections","","arch:RW_CTC_001;sim:ctc_street;fp:m2q08;passage:R126"
"SAT_RW_4","split_batch_v9","RW4_BACK","650-800","RW4_M2_Q09","RW","2","hard","9","Information and Ideas","Central Ideas and Details","RW_CID_001","Identify main idea, key detail, or summary","road gravel and winter melting","Hard","1","multiple_choice","In a mountain town, winter road crews traditionally spread dark gravel over icy intersections because the grit improves tire traction. A municipal engineer wondered whether the gravel also affected melting by absorbing sunlight. She compared matched pavement sections treated with equal masses of black gravel, pale crushed stone, or no aggregate. On clear days, surface temperatures rose fastest on the black-gravel sections, and ice disappeared there about forty minutes earlier. During overcast periods, however, both kinds of aggregate improved traction while melting times differed little. The engineer concluded that the dark material provides two distinct benefits whose importance changes with weather: a mechanical benefit that does not require sunlight and a thermal benefit that does. This distinction explains why crews may still prefer dark gravel in sunny cold spells even when traction alone could be achieved with pale stone. For road crews, measuring traction alone would therefore understate the dark gravel’s weather-dependent thermal advantage.","Which choice best states the central idea of the text?","Dark gravel can aid winter roads through both traction and solar heating, but the relative contribution of those benefits depends on weather conditions.","Black gravel is useful mainly because it absorbs sunlight, so crews should avoid using aggregate during overcast weather.","Pale stone provides better traction than black gravel even though it causes road ice to melt more slowly on clear days.","The engineer found that aggregate color changes tire traction more strongly than it changes pavement temperature.","A","1","The experiment distinguishes a weather-independent traction benefit from a sunlight-dependent thermal benefit, showing why dark gravel’s advantage varies by conditions.","75","none","{}","","","","","","Central Ideas and Details","","arch:RW_CID_001;sim:cid_gravel;fp:m2q09;passage:R145"
"SAT_RW_4","split_batch_v9","RW4_BACK","650-800","RW4_M2_Q10","RW","2","hard","10","Information and Ideas","Central Ideas and Details","RW_CID_001","Identify main idea, key detail, or summary","prairie seed adaptation","Hard","1","multiple_choice","Seed collectors restoring a coastal prairie often favor large seeds because seedlings from them emerge with more stored energy. Yet botanists surveying three remnant prairies found that seed size varied systematically with soil salinity. Plants growing in the saltiest depressions produced smaller seeds, but those seeds germinated more reliably after brief exposure to salty water than larger seeds from drier ridges. In a greenhouse, the botanists planted both seed types in fresh and saline soil. Large ridge seeds produced taller seedlings in fresh soil, whereas smaller depression seeds had higher survival in saline soil. The result complicated the idea that greater seed reserves are uniformly advantageous. Seed size reflected one dimension of early performance, while inherited or maternal traits associated with local salinity shaped another. For restoration projects that span both ridges and depressions, collecting only the largest seeds could therefore reduce the representation of plants already suited to the harshest microsites.","Which choice most accurately summarizes the botanists’ findings?","Seed size differed among prairies because collectors had historically removed the largest seeds from saline depressions.","Smaller seeds germinated poorly in all greenhouse conditions but persisted in remnant prairies because adult plants excluded competitors.","Larger seeds performed better in fresh soil, whereas smaller seeds from saline depressions survived better in saline soil, so seed size alone did not predict restoration value.","Large ridge seeds and small depression seeds performed similarly in saline soil, indicating that salinity had little effect on early survival.","C","3","The greenhouse results reveal a tradeoff: large ridge seeds yield taller seedlings in fresh soil, while smaller depression seeds survive saline conditions better.","75","none","{}","","","","","","Central Ideas and Details","","arch:RW_CID_002;sim:cid_seeds;fp:m2q10;passage:R001"
"SAT_RW_4","split_batch_v9","RW4_BACK","650-800","RW4_M2_Q11","RW","2","hard","11","Information and Ideas","Central Ideas and Details","RW_CID_001","Identify main idea, key detail, or summary","historic theater acoustics","Hard","1","multiple_choice","An acoustician studying a historic theater noticed that speech sounded clear in the center seats but blurred near the rear wall. Renovation records showed that an ornamental fabric once hung behind the last row, though it had been removed decades earlier. To test whether the fabric could explain the difference, the acoustician installed temporary panels with absorption properties similar to woven wool. Measurements made before and after installation showed little change in the center, where direct sound dominates. Near the rear wall, however, late reflections weakened and spoken consonants became easier to distinguish. Computer models predicted the same location-specific effect when absorption was added only to the back surface. The evidence did not show that the missing fabric had been designed for acoustics; it may have been decorative. But the tests supported a narrower claim: a soft rear-wall covering could materially reduce the reflections responsible for poor speech clarity in those seats.","Which choice best describes what the acoustician’s tests establish?","The historic fabric was installed specifically to correct a known acoustic defect that affected every seat in the theater.","A rear-wall covering with absorptive properties could reduce late reflections and improve speech clarity in the rear seats, even though the original fabric’s intended purpose is uncertain.","Speech clarity depended mainly on the performers’ volume, because the temporary panels changed reflections but not consonant audibility.","The center seats became less clear after the panels were added, showing that rear-wall absorption trades one acoustic benefit for another.","B","2","The panels and models support the acoustic effect at the rear wall, while the passage explicitly avoids claiming that the historic fabric was designed for that purpose.","75","none","{}","","","","","","Central Ideas and Details","","arch:RW_CID_003;sim:cid_theater;fp:m2q11;passage:E105"
"SAT_RW_4","split_batch_v9","RW4_BACK","650-800","RW4_M2_Q12","RW","2","hard","12","Information and Ideas","Command of Evidence","RW_COE_001","Use textual or quantitative evidence","bike-share station inventory","Hard","1","multiple_choice","Economists studying a city bike-share system noticed that stations beside commuter rail stops emptied quickly on weekday mornings. One explanation was obvious: riders were taking bicycles from rail stations to offices. Yet trip records revealed a more complicated pattern. At two rail-adjacent stations, many bicycles vanished before the first inbound trains arrived. Maintenance logs then showed that crews routinely relocated bicycles from those stations overnight to correct imbalances elsewhere. When the economists excluded crew moves, morning rider departures still exceeded arrivals, but the gap was less dramatic. The researchers therefore separated operational redistribution from customer demand rather than treating every inventory change as a trip. This distinction matters for planning. A station that appears to need twice as many docks because of raw inventory swings may instead need a different overnight balancing schedule. Rider behavior remains important, but the system’s own maintenance practices can amplify the apparent size and timing of commuter demand.","Which detail from the text most directly supports the researchers’ claim that operational practices can exaggerate apparent commuter demand?","Some bicycles disappeared from rail-adjacent stations before inbound trains arrived, and maintenance logs showed that crews moved bicycles from those stations overnight.","The stations were located beside commuter rail stops where many riders could transfer between transportation modes.","Morning rider departures exceeded arrivals even after the researchers removed crew moves from the records.","Planning decisions can involve changing the number of docks or altering an overnight balancing schedule.","A","1","The pre-train inventory losses combined with documented overnight relocations are direct evidence that crew activity contributed to the apparent morning depletion.","75","none","{}","","","","","","Command of Evidence","","arch:RW_COE_001;sim:coe_bikeshare;fp:m2q12;passage:R140"
"SAT_RW_4","split_batch_v9","RW4_BACK","650-800","RW4_M2_Q13","RW","2","hard","13","Information and Ideas","Command of Evidence","RW_COE_001","Use textual or quantitative evidence","regional past-tense usage","Hard","1","multiple_choice","A linguist investigating how speakers interpret a regional past-tense form recorded conversations among adults from three neighboring valleys. In the northern valley, the form appeared mainly in stories about events the speaker had witnessed. In the southern valley, speakers also used it for events learned from relatives. The middle valley showed both patterns. To determine whether age explained the difference, the linguist compared younger and older speakers within each valley; the geographic pattern remained. She then examined conversations between speakers from different valleys and found that participants sometimes shifted toward their partner’s usage. These findings suggest that the form does not have a single rigid function across the region. Instead, local conventions shape its typical range, while interaction can temporarily broaden or narrow that range. Any account based solely on speaker age would therefore miss both the stable geographic contrast and the flexibility that appears when speakers with different conventions converse.","Which finding in the text most directly supports the claim that geography, rather than speaker age alone, helps explain how the past-tense form is used?","Speakers from different valleys sometimes shifted toward a conversation partner’s usage during mixed-valley interactions.","The geographic pattern remained when younger and older speakers were compared within each valley.","The middle valley displayed both of the usage patterns observed in the northern and southern valleys.","The southern valley allowed the form for events learned from relatives as well as for witnessed events.","B","2","Controlling the comparison within age groups while the valley pattern persists directly shows that age alone does not account for the geographic difference.","75","none","{}","","","","","","Command of Evidence","","arch:RW_COE_002;sim:coe_linguist;fp:m2q13;passage:R050"
"SAT_RW_4","split_batch_v9","RW4_BACK","650-800","RW4_M2_Q14","RW","2","hard","14","Information and Ideas","Inferences","RW_INF_001","Draw supported conclusions","workshop tool marks","Hard","1","multiple_choice","A museum conserved a set of wooden measuring tools that had belonged to several nineteenth-century workshops. Many tools bore thin red lines near one end. Curators first assumed the marks indicated a standard unit, but the distance from each line to the end varied too much for that explanation. They then grouped the tools by workshop using stamped initials. Within each workshop, the red lines clustered at similar distances even though the distances differed across workshops. Inventory notes mentioned benches with fixed clamps positioned at those same workshop-specific intervals. The pattern suggests that the marks were guides for placing tools against local bench fixtures rather than universal measurement marks. This interpretation also explains why some tools carried two red lines: records show that those workshops used benches with two clamp positions. Although no note explicitly defines the marks, their distribution makes a workshop-specific setup practice more plausible than a shared measurement standard.","Which inference about the red lines is best supported by the text?","The lines were probably added by museum curators to identify which tools needed conservation treatment.","Craft workers likely used the lines as position guides tied to equipment layouts that differed among workshops.","The lines most likely encoded a regional measurement unit that changed gradually from workshop to workshop.","The lines were decorative marks applied only to tools used for making benches rather than to measuring tools.","B","2","Workshop-specific clustering of the line positions, together with records of clamps at matching intervals, supports the inference that the lines guided placement on local benches.","75","none","{}","","","","","","Inferences","","arch:RW_INF_001;sim:inf_tools;fp:m2q14;passage:R031"
"SAT_RW_4","split_batch_v9","RW4_BACK","650-800","RW4_M2_Q15","RW","2","hard","15","Information and Ideas","Inferences","RW_INF_001","Draw supported conclusions","urban flowering times","Hard","1","multiple_choice","Urban ecologists tracked flowering times in pocket parks separated by only a few kilometers. Parks surrounded by dense buildings warmed earlier in spring, yet some of their plants flowered no sooner than the same species in cooler parks. Soil probes revealed that the warmest sites also dried rapidly after winter rain. In a watering experiment, plants at warm sites flowered earlier when soil moisture was maintained, while unwatered plants delayed flowering despite higher air temperatures. The ecologists inferred that temperature and moisture can pull development in opposite directions. Earlier warmth accelerates growth only when plants have enough water to sustain it; rapid drying can offset that advantage. This interaction helps explain why maps based solely on urban heat sometimes predict flowering poorly at individual parks. It also implies that future warming will not shift spring timing uniformly, because local drainage and water retention can change whether extra heat advances or postpones flowering.","Which conclusion about a newly surveyed warm park with unusually fast-draining soil is most strongly supported by the passage?","Its plants would probably flower earlier because the passage suggests warmer air has a stronger effect on development than differences in soil moisture.","Its plants could flower later mainly because fast drainage lowers air temperature around the plants, reversing the urban heat effect.","Its plants might not flower earlier than those in cooler parks because rapid soil drying could counteract the developmental effect of warmer air.","Its flowering schedule should resemble that of other warm parks because drainage mainly affects seed germination rather than flowering time.","C","3","The watering experiment shows that low moisture can offset the acceleration associated with warmth, so fast drainage could prevent an expected advance in flowering.","75","none","{}","","","","","","Inferences","","arch:RW_INF_002;sim:inf_flowering;fp:m2q15;passage:R067"
"SAT_RW_4","split_batch_v9","RW4_BACK","650-800","RW4_M2_Q16","RW","2","hard","16","Standard English Conventions","Boundaries","SEC.BND","Boundaries","Introductory dependent clauses","Hard","1","multiple_choice","Although the carbon fibers, which technicians had inspected twice under ordinary light, appeared undamaged ____ high-magnification images taken after the samples were rotated revealed hairline fractures along the resin boundary.","Which choice completes the text so that it conforms to the conventions of Standard English?",", the","; the",": the",", but the","A","1","The opening clause introduced by “Although” is dependent, so a comma must separate it from the independent main clause beginning with “the high-magnification images.” A semicolon cannot follow a dependent clause, a colon does not supply the required boundary, and “Although” should not be paired with the coordinating conjunction “but” in this construction.","75","none","{}","","","","","","Boundaries","","sec;grammar;arch:SEC-BND-019;sim:sec_intro_sub_q16;fp:3576698de6d2;tier:SEC3;ctx:CTX_M2_016"
"SAT_RW_4","split_batch_v9","RW4_BACK","650-800","RW4_M2_Q17","RW","2","hard","17","Standard English Conventions","Boundaries","SEC.BND","Boundaries","Punctuation before trailing modifiers","Hard","1","multiple_choice","The laboratory stored duplicate sediment cores from each lake in two separate freezers. After a compressor failure, logs confirmed that every core in the first freezer exceeded the allowable temperature. Technicians discarded the first-freezer cores ____ before beginning chemical analysis on the unaffected duplicates.","Which choice completes the text so that it conforms to the conventions of Standard English?","that had thawed beyond the allowable limit",", which had thawed beyond the allowable limit,",", after thawing beyond the allowable limit","; the cores had thawed beyond the allowable limit,","B","2","The first-freezer cores are already fully identified, and the previous sentence establishes that the condition applies to the entire set. The thawing clause is therefore supplemental and is correctly enclosed by commas.","75","none","{}","","","","","","Boundaries","","sec;grammar;arch:SEC-BND-069;sim:sec_modifier_q17;fp:m2q17;tier:SEC3;ctx:CTX_M2_017"
"SAT_RW_4","split_batch_v9","RW4_BACK","650-800","RW4_M2_Q18","RW","2","hard","18","Standard English Conventions","Boundaries","SEC.BND","Boundaries","Conjunctive adverbs between independent clauses","Hard","1","multiple_choice","Although the first calibration looked stable, the reference sensor drifted overnight ____ after the technicians replaced the sensor and repeated the warm-up cycle, however, the baseline returned to its earlier range.","Which choice completes the text so that it conforms to the conventions of Standard English?",", although","; because",";",", yet because","C","3","The first portion ends in an independent clause. The material after the blank contains an introductory “after” clause followed by the independent clause “the baseline returned to its earlier range,” with “however” marking contrast inside that second clause. A semicolon correctly separates the two independent units; adding a subordinator or coordinator at the boundary leaves the second unit improperly subordinated or coordinated.","75","none","{}","","","","","","Boundaries","","sec;grammar;arch:SEC-BND-055;sim:sec_conjadv_q18;fp:m2q18;tier:SEC4;ctx:CTX_M2_018"
"SAT_RW_4","split_batch_v9","RW4_BACK","650-800","RW4_M2_Q19","RW","2","hard","19","Standard English Conventions","Form, Structure, and Sense","SEC.FSS","Form, Structure, and Sense","Subject-verb agreement","Hard","1","multiple_choice","A series of temperature readings from the two deep sensors, each of which was recalibrated after the first trial, ____ that the colder layer persists longer than the surface measurements had suggested.","Which choice completes the text so that it conforms to the conventions of Standard English?","indicate","have indicated","indicates","were indicating","C","3","The subject is the singular noun “series,” not the nearer plural nouns “readings” or “sensors,” so the singular finite verb “indicates” agrees with the true subject.","75","none","{}","","","","","","Form, Structure, and Sense","","sec;grammar;arch:SEC-FSS-004;sim:sec_agreement_q19;fp:m2q19;tier:SEC3;ctx:CTX_M2_019"
"SAT_RW_4","split_batch_v9","RW4_BACK","650-800","RW4_M2_Q20","RW","2","hard","20","Standard English Conventions","Form, Structure, and Sense","SEC.FSS","Form, Structure, and Sense","Logical verb tense","Hard","1","multiple_choice","The conservator sealed the repaired panel on Monday but did not return it to the gallery until Friday. By the time the panel was rehung, the adhesive ____ for several days, so the temporary clamps could be removed safely.","Which choice completes the text so that it conforms to the conventions of Standard English?","had been curing","was curing","has been curing","has cured","A","1","The curing began before another completed past event, the rehanging, and continued up to that point, so the past perfect progressive “had been curing” expresses the time relationship.","75","none","{}","","","","","","Form, Structure, and Sense","","sec;grammar;arch:SEC-FSS-009;sim:sec_tense_q20;fp:m2q20;tier:SEC3;ctx:CTX_M2_020"
"SAT_RW_4","split_batch_v9","RW4_BACK","650-800","RW4_M2_Q21","RW","2","hard","21","Standard English Conventions","Form, Structure, and Sense","SEC.FSS","Form, Structure, and Sense","Subject-verb agreement","Hard","1","multiple_choice","What appears in the field notes to be a cluster of unrelated observations, together with two annotations that the editor added after comparing the original maps, ____ when the dates are reconstructed from the weather log.","Which choice completes the text so that it conforms to the conventions of Standard English?","form a single sequence and remain internally consistent","form a single sequence but remains internally consistent","forms a single sequence but remain internally consistent","forms a single sequence and remains internally consistent","D","4","The full subject is the singular clause beginning with “What appears.” Both coordinated predicates must therefore be singular: “forms” and “remains.” The intervening plural nouns do not control agreement.","75","none","{}","","","","","","Form, Structure, and Sense","","sec;grammar;arch:SEC-FSS-005;sim:sec_agreement_q21;fp:m2q21;tier:SEC4;ctx:CTX_M2_021"
"SAT_RW_4","split_batch_v9","RW4_BACK","650-800","RW4_M2_Q22","RW","2","hard","22","Standard English Conventions","Form, Structure, and Sense","SEC.FSS","Form, Structure, and Sense","Dangling modifiers and logical subjects","Hard","1","multiple_choice","Before the survey began, Nara alone compared the 1882 map with the newly exposed rock face; Bell and the two assistants waited with the camera equipment. Having identified a boundary that the old map omitted, ____ before the light faded.","Which choice completes the text so that it conforms to the conventions of Standard English?","Bell sketched the line that Nara indicated","the two assistants set flags along the boundary","Nara asked Bell to photograph the line and then marked it on the field sheet","Bell and the assistants packed the camera equipment","C","3","The introductory modifier “Having identified a boundary” must modify the person who performed that action. The preceding sentence establishes that Nara alone made the map comparison, so the main clause must have Nara as its subject.","75","none","{}","","","","","","Form, Structure, and Sense","","sec;grammar;arch:SEC-FSS-065;sim:sec_modifier_q22;fp:m2q22;tier:SEC4;ctx:CTX_M2_022"
"SAT_RW_4","split_batch_v9","RW4_BACK","650-800","RW4_M2_Q23","RW","2","hard","23","Expression of Ideas","Transitions","RW_TR_001","Select transition that logically connects ideas","library exam-season hours","Hard","1","multiple_choice","A neighborhood library extended its weekday hours during exam season. Evening attendance rose sharply, especially among students who lacked quiet study space at home. The extension also required custodial staff to work later shifts, increasing operating costs. ____ the library board renewed the schedule for only six weeks the following year while it collected more data on demand.","Which choice most logically completes the text?","Balancing these considerations,","Even so,","In addition,","For example,","A","1","The final action reflects a compromise between higher student use and higher operating costs, so “Balancing these considerations” best captures the movement from competing evidence to a limited renewal.","75","none","{}","","","","","","Transitions","","arch:RW_TR_001;sim:tr_library;fp:m2q23;passage:R058"
"SAT_RW_4","split_batch_v9","RW4_BACK","650-800","RW4_M2_Q24","RW","2","hard","24","Expression of Ideas","Transitions","RW_TR_001","Select transition that logically connects ideas","banner conservation methods","Hard","1","multiple_choice","A textile conservator compared two methods for relaxing creases in a fragile banner. Low humidity softened the fibers slowly and produced almost no dye movement. A brief steam treatment removed the deepest crease faster, but a red border bled slightly into the adjacent fabric. ____ the two methods exchange speed for color stability rather than differing along a single dimension of effectiveness.","Which option most logically connects the conservator’s comparison to her decision?","In other words,","By contrast,","Consequently,","For instance,","A","1","The final sentence restates the preceding comparison at a more general level: one method favors color stability while the other favors speed. “In other words” signals that reformulation; the sentence is not another contrast, consequence, or example.","75","none","{}","","","","","","Transitions","","arch:RW_TR_002;sim:tr_banner;fp:m2q24;passage:R034"
"SAT_RW_4","split_batch_v9","RW4_BACK","650-800","RW4_M2_Q25","RW","2","hard","25","Expression of Ideas","Transitions","RW_TR_001","Select transition that logically connects ideas","exoplanet transit timing","Hard","1","multiple_choice","An astronomer expected a small exoplanet's transit to occur at perfectly regular intervals. Most observations matched the prediction closely, but three transits arrived several minutes early. A nearby planet could gravitationally disturb the orbit; starspots can also distort the measured center of a transit. The team has scheduled simultaneous brightness imaging for the next observing season and is refining a dynamical model of the neighboring planet. ____ the timing deviations alone do not identify which mechanism is responsible.","Which choice best completes the final sentence so that the ideas are connected logically?","Accordingly,","Meanwhile,","For comparison,","Pending those follow-up tests,","D","4","The final sentence states a temporary limitation that remains until the planned imaging and modeling are completed. “Pending those follow-up tests” captures that conditional, forward-looking relation most precisely.","75","none","{}","","","","","","Transitions","","arch:RW_TR_003;sim:tr_exoplanet;fp:m2q25;passage:R004"
"SAT_RW_4","split_batch_v9","RW4_BACK","650-800","RW4_M2_Q26","RW","2","hard","26","Expression of Ideas","Rhetorical Synthesis","RW_RS_001","Use notes to achieve a writing goal","archive street-name index","Hard","1","multiple_choice","A student is writing about a city archive's digitization project.

Notes:
- The archive holds handwritten building permits from 1890 to 1930.
- Many permits use street names that later changed.
- Staff created a searchable index linking historic street names to current ones.
- Researchers can now locate permits even when they know only a modern address.
- The project did not scan every drawing attached to the permits.

The student wants to emphasize how the index improves access despite the project's incomplete digitization.","Which choice most effectively uses the notes to accomplish the stated goal?","Although some attached drawings remain unscanned, the archive’s searchable crosswalk between historic and current street names lets researchers find permits using modern addresses.","The archive’s permits date from 1890 to 1930, and some permits include drawings that have not yet been scanned.","Because many street names changed after 1930, the archive focused first on indexing permits rather than scanning all attached drawings.","Researchers interested in historic buildings can consult permits, street-name information, drawings, and other materials held by the city archive.","A","1","The correct choice directly emphasizes improved access through the historic-to-current street-name index while accurately acknowledging that digitization is incomplete.","75","none","{}","","","","","","Rhetorical Synthesis","","arch:RW_RS_001;sim:rs_archive;fp:m2q26;passage:R040"
"SAT_RW_4","split_batch_v9","RW4_BACK","650-800","RW4_M2_Q27","RW","2","hard","27","Expression of Ideas","Rhetorical Synthesis","RW_RS_001","Use notes to achieve a writing goal","rice-husk acoustic panels","Hard","1","multiple_choice","A student is writing about an experiment on acoustic panels made from agricultural waste.

Notes:
- Engineers pressed rice-husk fibers into panels of three densities.
- Medium-density panels absorbed the most sound between 500 and 1,000 hertz.
- High-density panels absorbed slightly more sound below 250 hertz.
- All panels used the same binder and thickness.
- The team proposes using different densities for rooms with different dominant noise frequencies.

The student wants to present the results in a way that supports the team's design recommendation.","Which choice most effectively uses the notes to support the team’s design recommendation?","The panels were made from rice-husk fibers with the same binder and thickness, allowing the engineers to compare how density affected absorption across frequencies.","Because medium-density panels absorbed the most sound from 500 to 1,000 hertz while high-density panels performed slightly better below 250 hertz, panel density can be matched to a room’s dominant noise frequencies.","Medium-density panels had the strongest absorption from 500 to 1,000 hertz, so they are best suited to rooms dominated by sound in that range.","High-density panels absorbed slightly more low-frequency sound, whereas the identical binder and thickness helped isolate density as the variable being compared.","B","2","The correct choice uses both frequency-specific results to justify matching panel density to the dominant frequencies in different rooms.","75","none","{}","","","","","","Rhetorical Synthesis","","arch:RW_RS_002;sim:rs_panels;fp:m2q27;passage:R064"
"SAT_Math_questions.4","4","math_v6_batch_4","base","MATH4_M1_Q01","MATH","1","base","1","Algebra","Linear Equations","ALG_LE_001","Solve a one-variable linear equation with constants on both sides","Solve a one-variable linear equation with constants on both sides","E1","1","multiple_choice","","If 3x - 7 = 8, what is the value of x?","1/3","15","5","45","C","3","Add 7 to both sides to get 3x = 15, then divide by 3. Thus x = 5.","60","none","{}","","","","","","solve a one-variable linear equation with constants on both sides","","math,domain:Algebra,skill:ALG_LE_001,arch:MATH_ARCH_001_LINEAR_EQUATION_ONE_VARIABLE,sim:SIM_LINEAR_EQUATIONS_AND_INEQUALITIES,fp:96df4f24,tier:E1"
"SAT_Math_questions.4","4","math_v6_batch_4","base","MATH4_M1_Q02","MATH","1","base","2","Algebra","Linear Equations","ALG_LE_006","Solve a one-variable linear inequality, including sign reversal","Solve a one-variable linear inequality, including sign reversal","E1","1","multiple_choice","","Which inequality is equivalent to -2x + 5 < 17?","x > -6","x < -6","x > 6","x < 6","A","1","Subtract 5 to get -2x < 12. Dividing by -2 reverses the inequality, so x > -6.","70","none","{}","","","","","","solve a one-variable linear inequality, including sign reversal","","math,domain:Algebra,skill:ALG_LE_006,arch:MATH_ARCH_023_INEQUALITY_ONE_VARIABLE,sim:SIM_LINEAR_EQUATIONS_AND_INEQUALITIES,fp:341ea438,tier:E1"
"SAT_Math_questions.4","4","math_v6_batch_4","base","MATH4_M1_Q03","MATH","1","base","3","Algebra","Linear Equations","ALG_LE_004","Rearrange a formula to isolate a variable","Rearrange a formula to isolate a variable","M1","1","student_response","","The formula P = 2l + 2w gives the perimeter P of a rectangle. If P = 54 and w = 9, what is the value of l?","","","","","","","Substitute P = 54 and w = 9: 54 = 2l + 18. Then 36 = 2l, so l = 18.","75","none","{}","","","integer","18","0","rearrange a formula to isolate a variable","","math,domain:Algebra,skill:ALG_LE_004,arch:MATH_ARCH_013_FORMULA_REARRANGE_SINGLE_VARIABLE,sim:SIM_LINEAR_EQUATIONS_AND_INEQUALITIES,fp:9c14d86c,tier:M1"
"SAT_Math_questions.4","4","math_v6_batch_4","base","MATH4_M1_Q04","MATH","1","base","4","Algebra","Systems of Equations","ALG_SYS_001","Determine which ordered pair solves a system of linear equations","Determine which ordered pair solves a system of linear equations","M1","1","multiple_choice","","The ordered pair (x, y) satisfies the system x + y = 11 and x - y = 3. What is the value of x?","7","4","8","14","A","1","Adding the two equations gives 2x = 14, so x = 7.","80","none","{}","","","","","","determine which ordered pair solves a system of linear equations","","math,domain:Algebra,skill:ALG_SYS_001,arch:MATH_ARCH_015_SYSTEM_SOLUTION_ORDERED_PAIR,sim:SIM_LINEAR_SYSTEMS,fp:6774321a,tier:M1"
"SAT_Math_questions.4","4","math_v6_batch_4","base","MATH4_M1_Q05","MATH","1","base","5","Algebra","Linear Functions","ALG_LF_001","Interpret slope and intercept in a real-world linear model","Interpret slope and intercept in a real-world linear model","M1","1","multiple_choice","","A club has 12 members and gains 3 members each month. Which expression gives the number of members after m months?","3 + 12m","12m + 3m","12 + 3m","36m","C","3","The initial number is 12, and 3 members are added for each month. The expression is 12 + 3m.","75","none","{}","","","","","","interpret slope and intercept in a real-world linear model","","math,domain:Algebra,skill:ALG_LF_001,arch:MATH_ARCH_004_LINEAR_MODEL_INITIAL_RATE,sim:SIM_LINEAR_FUNCTIONS_AND_GRAPHS,fp:a1f699ac,tier:M1"
"SAT_Math_questions.4","4","math_v6_batch_4","base","MATH4_M1_Q06","MATH","1","base","6","Algebra","Equivalent Expressions","ALG_EE_001","Select an equivalent linear expression after distribution and combining terms","Select an equivalent linear expression after distribution and combining terms","M2","1","multiple_choice","","Which expression is equivalent to 4(2x - 3) - 5x?","3x - 12","13x - 12","3x + 12","8x - 15","A","1","Distribute to get 8x - 12 - 5x. Combine like terms to get 3x - 12.","80","none","{}","","","","","","select an equivalent linear expression after distribution and combining terms","","math,domain:Algebra,skill:ALG_EE_001,arch:MATH_ARCH_003_LINEAR_EXPRESSION_EQUIVALENT,sim:SIM_LINEAR_EQUIVALENT_EXPRESSIONS,fp:9e4e3319,tier:M2"
"SAT_Math_questions.4","4","math_v6_batch_4","base","MATH4_M1_Q07","MATH","1","base","7","Algebra","Linear Functions","ALG_LF_004","Find slope from two coordinate points","Find slope from two coordinate points","M1","1","student_response","","A line passes through the points (2, 9) and (6, 17). What is the slope of the line?","","","","","","","The slope is (17 - 9)/(6 - 2) = 8/4 = 2.","70","none","{}","","","integer","2","0","find slope from two coordinate points","","math,domain:Algebra,skill:ALG_LF_004,arch:MATH_ARCH_007_LINEAR_GRAPH_SLOPE_FROM_POINTS,sim:SIM_LINEAR_FUNCTIONS_AND_GRAPHS,fp:41dfaa05,tier:M1"
"SAT_Math_questions.4","4","math_v6_batch_4","base","MATH4_M1_Q08","MATH","1","base","8","Algebra","Systems of Equations","ALG_SYS_005","Model counts and totals with a two-variable system","Model counts and totals with a two-variable system","M2","1","multiple_choice","","A box contains only 2-pound books and 5-pound books. There are 14 books in the box, and their total weight is 49 pounds. How many 5-pound books are in the box?","6","8","10","7","D","4","Let f be the number of 5-pound books and t be the number of 2-pound books. Then f + t = 14 and 5f + 2t = 49. Substitute t = 14 - f: 5f + 2(14 - f) = 49, so 3f = 21 and f = 7.","100","none","{}","","","","","","model counts and totals with a two-variable system","","math,domain:Algebra,skill:ALG_SYS_005,arch:MATH_ARCH_019_SYSTEM_CONTEXT_COUNT_WEIGHT,sim:SIM_LINEAR_SYSTEMS,fp:2f0c90ff,tier:M2"
"SAT_Math_questions.4","4","math_v6_batch_4","base","MATH4_M1_Q09","MATH","1","base","9","Advanced Math","Nonlinear Functions","ADV_NF_002","Evaluate a function at a given input","Evaluate a function at a given input","M1","1","multiple_choice","","For the function f(x) = 2x^2 - 3, what is f(4)?","29","13","19","35","A","1","Substitute 4 for x: f(4) = 2(4^2) - 3 = 32 - 3 = 29.","65","none","{}","","","","","","evaluate a function at a given input","","math,domain:Advanced Math,skill:ADV_NF_002,arch:MATH_ARCH_063_FUNCTION_EVALUATE,sim:SIM_FUNCTION_NOTATION_AND_VALUES,fp:90fbb05c,tier:M1"
"SAT_Math_questions.4","4","math_v6_batch_4","base","MATH4_M1_Q10","MATH","1","base","10","Advanced Math","Equivalent Expressions","ADV_EE_001","Simplify expression using exponent rules","Simplify expression using exponent rules","M1","1","student_response","","For x > 0, the expression (x^5)(x^3) can be written as x^n. What is the value of n?","","","","","","","When powers with the same base are multiplied, the exponents are added: 5 + 3 = 8.","65","none","{}","","","integer","8","0","simplify expression using exponent rules","","math,domain:Advanced Math,skill:ADV_EE_001,arch:MATH_ARCH_067_EXPONENT_RULES_SIMPLIFY,sim:SIM_EXPONENT_RADICALS,fp:c2a66d68,tier:M1"
"SAT_Math_questions.4","4","math_v6_batch_4","base","MATH4_M1_Q11","MATH","1","base","11","Advanced Math","Equivalent Expressions","ADV_EE_003","Expand polynomial products","Expand polynomial products","M1","1","multiple_choice","","Which expression is equivalent to (x + 4)(x - 7)?","x^2 + 3x - 28","x^2 - 3x - 28","x^2 - 11x - 28","x^2 - 3x + 28","B","2","Use distribution: x^2 - 7x + 4x - 28 = x^2 - 3x - 28.","75","none","{}","","","","","","expand polynomial products","","math,domain:Advanced Math,skill:ADV_EE_003,arch:MATH_ARCH_070_POLYNOMIAL_EXPAND,sim:SIM_POLYNOMIAL_RATIONAL_EXPRESSIONS,fp:d63f5fb8,tier:M1"
"SAT_Math_questions.4","4","math_v6_batch_4","base","MATH4_M1_Q12","MATH","1","base","12","Advanced Math","Equivalent Expressions","ADV_EE_006","Evaluate powers of i","Evaluate powers of i","M1","1","multiple_choice","","What is the value of i^6, where i = sqrt(-1)?","1","i","-1","-i","C","3","Powers of i repeat every 4. Since i^6 = i^4 · i^2 = 1 · (-1), the value is -1.","70","none","{}","","","","","","evaluate powers of i","","math,domain:Advanced Math,skill:ADV_EE_006,arch:MATH_ARCH_081_COMPLEX_POWERS_I,sim:SIM_COMPLEX_NUMBERS,fp:7d7ab393,tier:M1"
"SAT_Math_questions.4","4","math_v6_batch_4","base","MATH4_M1_Q13","MATH","1","base","13","Advanced Math","Nonlinear Functions","ADV_NF_009","Solve quadratic equation by factoring","Solve quadratic equation by factoring","M2","1","student_response","","The equation x^2 - 9x + 18 = 0 has two solutions. What is the greater solution?","","","","","","","Factor the quadratic: x^2 - 9x + 18 = (x - 3)(x - 6). The solutions are 3 and 6, so the greater solution is 6.","85","none","{}","","","integer","6","0","solve quadratic equation by factoring","","math,domain:Advanced Math,skill:ADV_NF_009,arch:MATH_ARCH_075_QUADRATIC_SOLVE_FACTOR,sim:SIM_QUADRATIC_SOLVING,fp:295bcba1,tier:M2"
"SAT_Math_questions.4","4","math_v6_batch_4","base","MATH4_M1_Q14","MATH","1","base","14","Advanced Math","Nonlinear Functions","ADV_NF_004","Evaluate nested or composed functions","Evaluate nested or composed functions","H1","1","multiple_choice","","If f(x) = 3x - 2 and g(x) = x^2 + 1, what is f(g(2))?","13","25","17","10","A","1","First find g(2) = 2^2 + 1 = 5. Then f(5) = 3(5) - 2 = 13.","90","none","{}","","","","","","evaluate nested or composed functions","","math,domain:Advanced Math,skill:ADV_NF_004,arch:MATH_ARCH_065_FUNCTION_COMPOSITION,sim:SIM_FUNCTION_NOTATION_AND_VALUES,fp:59cbb124,tier:H1"
"SAT_Math_questions.4","4","math_v6_batch_4","base","MATH4_M1_Q15","MATH","1","base","15","Advanced Math","Equivalent Expressions","ADV_EE_007","Add, subtract, or multiply complex numbers","Add, subtract, or multiply complex numbers","M1","1","multiple_choice","","What is (3 + 2i) + (5 - 7i)?","8 + 9i","2 - 5i","15 - 14i","8 - 5i","D","4","Add real parts and imaginary parts separately: 3 + 5 = 8 and 2i - 7i = -5i.","70","none","{}","","","","","","add, subtract, or multiply complex numbers","","math,domain:Advanced Math,skill:ADV_EE_007,arch:MATH_ARCH_082_COMPLEX_ARITHMETIC,sim:SIM_COMPLEX_NUMBERS,fp:3d93cc88,tier:M1"
"SAT_Math_questions.4","4","math_v6_batch_4","base","MATH4_M1_Q16","MATH","1","base","16","Problem-Solving and Data Analysis","Ratios Rates and Proportions","PSD_RRP_003","Solve a direct proportion from two equivalent ratios","Solve a direct proportion from two equivalent ratios","M2","1","multiple_choice","","A recipe uses 5 cups of flour for every 8 cups of oats. At the same rate, how many cups of flour are needed for 24 cups of oats?","12","15","21","40","B","2","Set up the proportion 5/8 = f/24. Since 24 is 3 times 8, f = 15.","85","none","{}","","","","","","solve a direct proportion from two equivalent ratios","","math,domain:Problem-Solving and Data Analysis,skill:PSD_RRP_003,arch:MATH_ARCH_034_PROPORTION_DIRECT,sim:SIM_RATIOS_RATES_PROPORTIONS,fp:20d1da41,tier:M2"
"SAT_Math_questions.4","4","math_v6_batch_4","base","MATH4_M1_Q17","MATH","1","base","17","Problem-Solving and Data Analysis","Percentages","PSD_PCT_002","Compute percent increase or decrease","Compute percent increase or decrease","M2","1","student_response","","A price increased from $80 to $92. By what percent did the price increase?","","","","","","","The increase was 92 - 80 = 12. The percent increase is 12/80 = 0.15, or 15%.","80","none","{}","","","integer","15","0","compute percent increase or decrease","","math,domain:Problem-Solving and Data Analysis,skill:PSD_PCT_002,arch:MATH_ARCH_043_PERCENT_CHANGE,sim:SIM_PERCENT_RELATIONSHIPS,fp:931c58e9,tier:M2"
"SAT_Math_questions.4","4","math_v6_batch_4","base","MATH4_M1_Q18","MATH","1","base","18","Problem-Solving and Data Analysis","Probability","PSD_PROB_001","Compute probability from a two-way table with correct denominator","Compute probability from a two-way table with correct denominator","M2","1","multiple_choice","","The table shows the number of students in three activities. If one of these students is chosen at random, what is the probability that the student is in Drama?","12/38","3/10","19/25","6/25","D","4","There are 18 + 12 + 20 = 50 students total. The probability of choosing a Drama student is 12/50 = 6/25.","90","table","{}","| Activity | Students |\n|---|---:|\n| Robotics | 18 |\n| Drama | 12 |\n| Music | 20 |","","","","","compute probability from a two-way table with correct denominator","","math,domain:Problem-Solving and Data Analysis,skill:PSD_PROB_001,arch:MATH_ARCH_049_TWO_WAY_TABLE_PROBABILITY,sim:SIM_PROBABILITY_TABLES,fp:f318155f,tier:M2"
"SAT_Math_questions.4","4","math_v6_batch_4","base","MATH4_M1_Q19","MATH","1","base","19","Problem-Solving and Data Analysis","Data Interpretation","PSD_DATA_002","Describe positive, negative, or no association in scatterplot","Describe positive, negative, or no association in scatterplot","M1","1","multiple_choice","","The scatterplot shows practice hours and score increase for five students. Which statement best describes the association shown?","Positive association","Negative association","No association","A constant score increase","A","1","As practice hours increase, the score increase generally increases. This indicates a positive association.","80","scatter_plot","{""diagram_type"":""scatter_plot"",""render_mode"":""near_to_scale"",""not_to_scale"":true,""x_min"":0,""x_max"":6,""y_min"":0,""y_max"":14,""x_label"":""Practice hours"",""y_label"":""Score increase"",""grid"":true,""points"":[[1,3],[2,4],[3,7],[4,8],[5,11]],""target"":""association""}","","","","","","describe positive, negative, or no association in scatterplot","","math,domain:Problem-Solving and Data Analysis,skill:PSD_DATA_002,arch:MATH_ARCH_060_SCATTERPLOT_TREND_DIRECTION,sim:SIM_DATA_GRAPH_INTERPRETATION,fp:4e088988,tier:M1"
"SAT_Math_questions.4","4","math_v6_batch_4","base","MATH4_M1_Q20","MATH","1","base","20","Geometry and Trigonometry","Triangles","GEO_TRI_003","Use Pythagorean theorem in right triangle","Use Pythagorean theorem in right triangle","M1","1","multiple_choice","","In the right triangle shown, the legs have lengths 6 and 8. What is the length of the hypotenuse x?","14","10","7","100","B","2","By the Pythagorean theorem, x^2 = 6^2 + 8^2 = 36 + 64 = 100, so x = 10.","80","right_triangle","{""diagram_type"":""right_triangle"",""render_mode"":""exact_to_scale"",""not_to_scale"":false,""vertices"":[""A"",""B"",""C""],""right_angle_at"":""B"",""side_labels"":{""AB"":""6"",""BC"":""8"",""AC"":""x""},""target"":""AC""}","","","","","","use Pythagorean theorem in right triangle","","math,domain:Geometry and Trigonometry,skill:GEO_TRI_003,arch:MATH_ARCH_086_PYTHAGOREAN_THEOREM,sim:SIM_RIGHT_TRIANGLE_PYTHAGOREAN,fp:72c1fd57,tier:M1"
"SAT_Math_questions.4","4","math_v6_batch_4","base","MATH4_M1_Q21","MATH","1","base","21","Geometry and Trigonometry","Trigonometry","GEO_TRIG_001","Convert between degrees and radians","Convert between degrees and radians","E1","1","multiple_choice","","Which angle measure is equivalent to 90 degrees?","pi/4 radians","pi/2 radians","pi radians","2pi radians","B","2","Since 180 degrees equals pi radians, 90 degrees is half of 180 degrees, or pi/2 radians.","60","none","{}","","","","","","convert between degrees and radians","","math,domain:Geometry and Trigonometry,skill:GEO_TRIG_001,arch:MATH_ARCH_095_RADIAN_DEGREE_CONVERSION,sim:SIM_ANGLE_UNIT_CONVERSION,fp:8846ba79,tier:E1"
"SAT_Math_questions.4","4","math_v6_batch_4","base","MATH4_M1_Q22","MATH","1","base","22","Geometry and Trigonometry","Circles","GEO_CIRC_001","Use circle area and circumference formulas","Use circle area and circumference formulas","M1","1","student_response","","A circle has diameter 14. What is the radius of the circle?","","","","","","","The radius is half the diameter. Half of 14 is 7.","60","none","{}","","","integer","7","0","use circle area and circumference formulas","","math,domain:Geometry and Trigonometry,skill:GEO_CIRC_001,arch:MATH_ARCH_091_CIRCLE_AREA_CIRCUMFERENCE,sim:SIM_CIRCLE_MEASUREMENTS,fp:39220b12,tier:M1"
"SAT_Math_questions.4","4","math_v6_batch_4","hard","MATH4_M2_Q01","MATH","2","hard","1","Algebra","Systems of Equations","ALG_SYS_002","Solve a 2x2 linear system by elimination","Solve a 2x2 linear system by elimination","M2","1","multiple_choice","","What is the solution (x, y) to the system 2x + 3y = 19 and 4x - y = 7?","(31/7, 20/7)","(2, 5)","(4, 3)","(20/7, 31/7)","D","4","From 4x - y = 7, y = 4x - 7. Substitute into the first equation: 2x + 3(4x - 7) = 19, so 14x = 40 and x = 20/7. Then y = 4(20/7) - 7 = 31/7.","120","none","{}","","","","","","solve a 2x2 linear system by elimination","","math,domain:Algebra,skill:ALG_SYS_002,arch:MATH_ARCH_016_SYSTEM_SOLVE_ELIMINATION,sim:SIM_LINEAR_SYSTEMS,fp:6dbac456,tier:M2"
"SAT_Math_questions.4","4","math_v6_batch_4","hard","MATH4_M2_Q02","MATH","2","hard","2","Algebra","Linear Functions","ALG_LF_006","Write the equation of a line through two points","Write the equation of a line through two points","H1","1","multiple_choice","","A line passes through (1, 8) and (5, 20). Which equation represents the line?","y = 5x + 3","y = 3x + 5","y = 3x + 8","y = 4x + 4","B","2","The slope is (20 - 8)/(5 - 1) = 3. Using y = 3x + b and point (1, 8), 8 = 3 + b, so b = 5. The equation is y = 3x + 5.","100","none","{}","","","","","","write the equation of a line through two points","","math,domain:Algebra,skill:ALG_LF_006,arch:MATH_ARCH_009_LINEAR_GRAPH_EQUATION_FROM_POINTS,sim:SIM_LINEAR_FUNCTIONS_AND_GRAPHS,fp:c7b0c9ff,tier:H1"
"SAT_Math_questions.4","4","math_v6_batch_4","hard","MATH4_M2_Q03","MATH","2","hard","3","Algebra","Linear Equations","ALG_LE_007","Find greatest or least expression value from a linear inequality","Find greatest or least expression value from a linear inequality","M2","1","multiple_choice","","If 5x - 4 <= 31, what is the greatest possible value of 2x + 1?","13","15","17","31","B","2","Solve 5x - 4 <= 31 to get 5x <= 35, so x <= 7. The greatest value of 2x + 1 occurs at x = 7 and is 15.","95","none","{}","","","","","","find greatest or least expression value from a linear inequality","","math,domain:Algebra,skill:ALG_LE_007,arch:MATH_ARCH_024_INEQUALITY_GREATEST_LEAST_VALUE,sim:SIM_LINEAR_EQUATIONS_AND_INEQUALITIES,fp:6c78ff18,tier:M2"
"SAT_Math_questions.4","4","math_v6_batch_4","hard","MATH4_M2_Q04","MATH","2","hard","4","Algebra","Linear Equations","ALG_LE_005","Solve a literal equation with parameters in terms of other variables","Solve a literal equation with parameters in terms of other variables","H2","1","student_response","","For all values of x, the expression 4(3x - k) + 5x is equivalent to 17x - 28. What is the value of k?","","","","","","","Expand the expression to get 12x - 4k + 5x = 17x - 4k. For this to equal 17x - 28 for all x, -4k = -28, so k = 7.","120","none","{}","","","integer","7","0","solve a literal equation with parameters in terms of other variables","","math,domain:Algebra,skill:ALG_LE_005,arch:MATH_ARCH_014_LITERAL_EQUATION_PARAMETER,sim:SIM_LINEAR_EQUATIONS_AND_INEQUALITIES,fp:4ed7c76d,tier:H2"
"SAT_Math_questions.4","4","math_v6_batch_4","hard","MATH4_M2_Q05","MATH","2","hard","5","Algebra","Systems of Equations","ALG_SYS_006","Find parameter value that makes two linear equations parallel","Find parameter value that makes two linear equations parallel","H2","1","multiple_choice","","For what value of a does the system y = 3x + 4 and ay - 6x = 5 have no solution?","3","5/4","0","2","D","4","Substitute y = 3x + 4 into ay - 6x = 5 to get a(3x + 4) - 6x = 5, or (3a - 6)x + 4a = 5. For no solution, the x coefficient must be 0 while the constants are unequal: 3a - 6 = 0 gives a = 2, and then 4a = 8, not 5. Thus a = 2.","125","none","{}","","","","","","find parameter value that makes two linear equations parallel","","math,domain:Algebra,skill:ALG_SYS_006,arch:MATH_ARCH_020_SYSTEM_NO_SOLUTION_PARAMETER,sim:SIM_LINEAR_SYSTEMS,fp:f27b26d2,tier:H2"
"SAT_Math_questions.4","4","math_v6_batch_4","hard","MATH4_M2_Q06","MATH","2","hard","6","Algebra","Systems of Equations","ALG_SYS_009","Identify quadrants containing solutions to a system of inequalities","Identify quadrants containing solutions to a system of inequalities","H2","1","multiple_choice","","Which point satisfies both inequalities y > 2x - 1 and x + y < 4?","(3, 2)","(0, -2)","(2, 3)","(1, 2)","D","4","Test each point. For (1, 2), 2 > 2(1) - 1 = 1 and 1 + 2 = 3 < 4, so it satisfies both inequalities. The other points fail at least one inequality.","110","none","{}","","","","","","identify quadrants containing solutions to a system of inequalities","","math,domain:Algebra,skill:ALG_SYS_009,arch:MATH_ARCH_028_SYSTEM_INEQUALITIES_REGION_QUADRANTS,sim:SIM_LINEAR_SYSTEMS,fp:0c235263,tier:H2"
"SAT_Math_questions.4","4","math_v6_batch_4","hard","MATH4_M2_Q07","MATH","2","hard","7","Algebra","Linear Equations","ALG_LE_011","Solve inequality with discrete rounding or ceiling/floor interpretation","Solve inequality with discrete rounding or ceiling/floor interpretation","H2","1","multiple_choice","","A theater has 188 seats. Each row has 12 seats except the last row, which may have fewer seats. What is the least number of rows needed to seat 188 people?","16","15","17","14","A","1","The number of rows must be at least 188/12 = 15 remainder 8, so 15 full rows are not enough. One more row is needed, for a total of 16 rows.","100","none","{}","","","","","","solve inequality with discrete rounding or ceiling/floor interpretation","","math,domain:Algebra,skill:ALG_LE_011,arch:MATH_ARCH_031_INTEGER_ROUNDING_INEQUALITY,sim:SIM_LINEAR_EQUATIONS_AND_INEQUALITIES,fp:629d676e,tier:H2"
"SAT_Math_questions.4","4","math_v6_batch_4","hard","MATH4_M2_Q08","MATH","2","hard","8","Advanced Math","Nonlinear Functions","ADV_NF_014","Use discriminant to determine number/type of solutions","Use discriminant to determine number/type of solutions","H2","1","multiple_choice","","For the equation x^2 - 6x + c = 0 to have exactly one real solution, what must be the value of c?","-9","9","6","36","B","2","A quadratic has exactly one real solution when its discriminant is 0. Here b^2 - 4ac = (-6)^2 - 4(1)c = 36 - 4c. Set 36 - 4c = 0 to get c = 9.","115","none","{}","","","","","","use discriminant to determine number/type of solutions","","math,domain:Advanced Math,skill:ADV_NF_014,arch:MATH_ARCH_080_QUADRATIC_DISCRIMINANT,sim:SIM_QUADRATIC_SOLVING,fp:4d19c69e,tier:H2"
"SAT_Math_questions.4","4","math_v6_batch_4","hard","MATH4_M2_Q09","MATH","2","hard","9","Advanced Math","Nonlinear Functions","ADV_NF_007","Solve rational equation and reject excluded values","Solve rational equation and reject excluded values","H3","1","multiple_choice","","What is the solution to 3/(x - 1) + 2 = 5, with x not equal to 1?","1","2","0","4","B","2","Subtract 2 to get 3/(x - 1) = 3. Then x - 1 = 1, so x = 2, which is allowed because x is not 1.","115","none","{}","","","","","","solve rational equation and reject excluded values","","math,domain:Advanced Math,skill:ADV_NF_007,arch:MATH_ARCH_073_RATIONAL_EQUATION_SOLVE,sim:SIM_RATIONAL_EQUATIONS,fp:504fc9f9,tier:H3"
"SAT_Math_questions.4","4","math_v6_batch_4","hard","MATH4_M2_Q10","MATH","2","hard","10","Advanced Math","Nonlinear Functions","ADV_NF_008","Model exponential growth or decay","Model exponential growth or decay","H2","1","multiple_choice","","A population is multiplied by 1.2 each year. If the initial population is 500, which expression gives the population after t years?","500(1.2)^t","1.2(500)^t","500 + 1.2t","500(0.2)^t","A","1","Exponential growth by a factor of 1.2 each year from an initial value of 500 is modeled by 500(1.2)^t.","95","none","{}","","","","","","model exponential growth or decay","","math,domain:Advanced Math,skill:ADV_NF_008,arch:MATH_ARCH_074_EXPONENTIAL_GROWTH_DECAY,sim:SIM_EXPONENTIAL_MODELS,fp:7eb27756,tier:H2"
"SAT_Math_questions.4","4","math_v6_batch_4","hard","MATH4_M2_Q11","MATH","2","hard","11","Advanced Math","Nonlinear Functions","ADV_NF_011","Complete the square to find vertex or solve","Complete the square to find vertex or solve","H2","1","multiple_choice","","The function f(x) = x^2 - 10x + 18 can be written in the form (x - h)^2 + k. What is the value of k?","7","18","-25","-7","D","4","Complete the square: x^2 - 10x + 18 = (x - 5)^2 - 25 + 18 = (x - 5)^2 - 7. Therefore k = -7.","115","none","{}","","","","","","complete the square to find vertex or solve","","math,domain:Advanced Math,skill:ADV_NF_011,arch:MATH_ARCH_077_QUADRATIC_COMPLETE_SQUARE,sim:SIM_QUADRATIC_FEATURES,fp:aa14dc40,tier:H2"
"SAT_Math_questions.4","4","math_v6_batch_4","hard","MATH4_M2_Q12","MATH","2","hard","12","Advanced Math","Nonlinear Functions","ADV_NF_001","Determine parameters for a line and parabola system with two real solutions","Determine parameters for a line and parabola system with two real solutions","H3","1","multiple_choice","","For which value of b does the system y = x^2 - 4x + 7 and y = 2x + b have exactly one solution?","2","-2","7","-7","B","2","Set the expressions equal: x^2 - 4x + 7 = 2x + b, so x^2 - 6x + (7 - b) = 0. For exactly one solution, the discriminant is 0: 36 - 4(7 - b) = 0. Thus 36 - 28 + 4b = 0, so b = -2.","140","none","{}","","","","","","determine parameters for a line and parabola system with two real solutions","","math,domain:Advanced Math,skill:ADV_NF_001,arch:MATH_ARCH_022_SYSTEM_QUADRATIC_LINE_TWO_SOLUTIONS,sim:SIM_QUADRATIC_SOLVING,fp:4c28c58c,tier:H3"
"SAT_Math_questions.4","4","math_v6_batch_4","hard","MATH4_M2_Q13","MATH","2","hard","13","Advanced Math","Equivalent Expressions","ADV_EE_005","Simplify rational expression with restrictions","Simplify rational expression with restrictions","H3","1","multiple_choice","","For x not equal to 3, which expression is equivalent to (x^2 - 9)/(x - 3)?","x - 3","x^2 + 3","x + 3","1/(x + 3)","C","3","Factor the numerator: x^2 - 9 = (x - 3)(x + 3). Since x is not 3, cancel x - 3 to get x + 3.","105","none","{}","","","","","","simplify rational expression with restrictions","","math,domain:Advanced Math,skill:ADV_EE_005,arch:MATH_ARCH_072_RATIONAL_EXPRESSION_SIMPLIFY,sim:SIM_POLYNOMIAL_RATIONAL_EXPRESSIONS,fp:d4ab0f86,tier:H3"
"SAT_Math_questions.4","4","math_v6_batch_4","hard","MATH4_M2_Q14","MATH","2","hard","14","Advanced Math","Nonlinear Functions","ADV_NF_010","Use quadratic formula to solve or analyze roots","Use quadratic formula to solve or analyze roots","H3","1","multiple_choice","","The equation 2x^2 + 5x - 3 = 0 has two solutions. What is the positive solution?","-1/2","3","1/2","-3","C","3","Using the quadratic formula, x = [-5 ± sqrt(25 + 24)]/4 = [-5 ± 7]/4. The solutions are 1/2 and -3, so the positive solution is 1/2.","125","none","{}","","","","","","use quadratic formula to solve or analyze roots","","math,domain:Advanced Math,skill:ADV_NF_010,arch:MATH_ARCH_076_QUADRATIC_SOLVE_FORMULA,sim:SIM_QUADRATIC_SOLVING,fp:ab085e9e,tier:H3"
"SAT_Math_questions.4","4","math_v6_batch_4","hard","MATH4_M2_Q15","MATH","2","hard","15","Advanced Math","Nonlinear Functions","ADV_NF_015","Find imaginary solutions of a quadratic equation","Find imaginary solutions of a quadratic equation","H2","1","student_response","","For the equation x^2 + k = 0, the solutions are x = 3i and x = -3i. What is the value of k?","","","","","","","If the solutions are ±3i, then x^2 = -9. The equation must be x^2 + 9 = 0, so k = 9.","110","none","{}","","","integer","9","0","find imaginary solutions of a quadratic equation","","math,domain:Advanced Math,skill:ADV_NF_015,arch:MATH_ARCH_083_COMPLEX_QUADRATIC_ROOTS,sim:SIM_QUADRATIC_SOLVING,fp:0816d254,tier:H2"
"SAT_Math_questions.4","4","math_v6_batch_4","hard","MATH4_M2_Q16","MATH","2","hard","16","Problem-Solving and Data Analysis","Probability","PSD_PROB_002","Compute conditional probability from a table subset","Compute conditional probability from a table subset","H3","1","multiple_choice","","The table shows survey results. If one student who plays soccer is chosen at random, what is the probability that the student is in grade 11?","15/70","3/8","11/5","5/11","D","4","Among students who play soccer, there are 18 + 15 = 33 students. Of these, 15 are in grade 11, so the probability is 15/33 = 5/11.","120","table","{}","| Grade | Plays soccer | Does not play soccer |\n|---|---:|---:|\n| 10 | 18 | 12 |\n| 11 | 15 | 25 |","","","","","compute conditional probability from a table subset","","math,domain:Problem-Solving and Data Analysis,skill:PSD_PROB_002,arch:MATH_ARCH_050_CONDITIONAL_PROBABILITY_TABLE,sim:SIM_PROBABILITY_TABLES,fp:f138a9bd,tier:H3"
"SAT_Math_questions.4","4","math_v6_batch_4","hard","MATH4_M2_Q17","MATH","2","hard","17","Problem-Solving and Data Analysis","Percentages","PSD_PCT_003","Compute net effect of successive percent changes","Compute net effect of successive percent changes","H2","1","multiple_choice","","A quantity is increased by 25% and then decreased by 20%. What is the overall percent change from the original quantity?","5% increase","5% decrease","0% increase or decrease","45% increase","C","3","Multiplying by 1.25 and then by 0.80 gives 1.25(0.80) = 1.00. The final quantity equals the original quantity, so the overall change is 0%.","105","none","{}","","","","","","compute net effect of successive percent changes","","math,domain:Problem-Solving and Data Analysis,skill:PSD_PCT_003,arch:MATH_ARCH_044_SUCCESSIVE_PERCENT_CHANGE,sim:SIM_PERCENT_RELATIONSHIPS,fp:cc2edf82,tier:H2"
"SAT_Math_questions.4","4","math_v6_batch_4","hard","MATH4_M2_Q18","MATH","2","hard","18","Problem-Solving and Data Analysis","Ratios Rates and Proportions","PSD_RRP_008","Convert units through multiple conversion factors","Convert units through multiple conversion factors","H2","1","student_response","","A printer produces 18 pages per minute. At this rate, how many pages does it produce in 2 hours?","","","","","","","Two hours is 120 minutes. At 18 pages per minute, the printer produces 18 × 120 = 2160 pages.","95","none","{}","","","integer","2160","0","convert units through multiple conversion factors","","math,domain:Problem-Solving and Data Analysis,skill:PSD_RRP_008,arch:MATH_ARCH_039_UNIT_CONVERSION_CHAIN,sim:SIM_RATIOS_RATES_PROPORTIONS,fp:6ab408df,tier:H2"
"SAT_Math_questions.4","4","math_v6_batch_4","hard","MATH4_M2_Q19","MATH","2","hard","19","Geometry and Trigonometry","Triangles","GEO_TRI_006","Use similar triangles and scale factors","Use similar triangles and scale factors","H3","1","multiple_choice","","Triangles ABC and DEF are similar, with A corresponding to D, B corresponding to E, and C corresponding to F. In the diagram, AB = 6, BC = 9, DE = 10, and EF = x. What is the value of x?","13","27/5","15","10","C","3","Corresponding sides are proportional. The scale factor from ABC to DEF is DE/AB = 10/6 = 5/3. Since BC corresponds to EF, x = 9(5/3) = 15.","135","triangle","{""diagram_type"":""similar_triangles"",""render_mode"":""near_to_scale"",""not_to_scale"":true,""triangles"":[{""triangle_id"":""ABC"",""vertices"":[""A"",""B"",""C""],""side_labels"":{""AB"":""6"",""BC"":""9""},""angle_labels"":{}},{""triangle_id"":""DEF"",""vertices"":[""D"",""E"",""F""],""side_labels"":{""DE"":""10"",""EF"":""x""},""angle_labels"":{}}],""correspondence"":{""A"":""D"",""B"":""E"",""C"":""F""},""target"":""EF""}","","","","","","use similar triangles and scale factors","","math,domain:Geometry and Trigonometry,skill:GEO_TRI_006,arch:MATH_ARCH_089_SIMILAR_TRIANGLES_SCALE,sim:SIM_SIMILAR_TRIANGLES,fp:50c4091f,tier:H3"
"SAT_Math_questions.4","4","math_v6_batch_4","hard","MATH4_M2_Q20","MATH","2","hard","20","Geometry and Trigonometry","Coordinate Geometry","GEO_COORD_001","Use distance or midpoint formula on coordinate plane","Use distance or midpoint formula on coordinate plane","H2","1","multiple_choice","","The endpoints of a segment are (-2, 5) and (6, -1). What is the midpoint of the segment?","(4, 4)","(2, -3)","(-4, 6)","(2, 2)","D","4","The midpoint is the average of the x-coordinates and the average of the y-coordinates: ((-2 + 6)/2, (5 + (-1))/2) = (2, 2).","95","none","{}","","","","","","use distance or midpoint formula on coordinate plane","","math,domain:Geometry and Trigonometry,skill:GEO_COORD_001,arch:MATH_ARCH_090_COORDINATE_DISTANCE_MIDPOINT,sim:SIM_COORDINATE_DISTANCE_MIDPOINT,fp:559c0748,tier:H2"
"SAT_Math_questions.4","4","math_v6_batch_4","hard","MATH4_M2_Q21","MATH","2","hard","21","Geometry and Trigonometry","Area","GEO_AREA_001","Compute surface area of prism/cylinder or composite solid","Compute surface area of prism/cylinder or composite solid","H3","1","multiple_choice","","A rectangular prism has side lengths 3, 4, and 8. What is its surface area?","68","96","136","192","C","3","The surface area is 2(lw + lh + wh) = 2(3·4 + 3·8 + 4·8) = 2(12 + 24 + 32) = 136.","105","none","{}","","","","","","compute surface area of prism/cylinder or composite solid","","math,domain:Geometry and Trigonometry,skill:GEO_AREA_001,arch:MATH_ARCH_100_SOLID_SURFACE_AREA,sim:SIM_SOLID_MEASUREMENT,fp:9c46666a,tier:H3"
"SAT_Math_questions.4","4","math_v6_batch_4","hard","MATH4_M2_Q22","MATH","2","hard","22","Geometry and Trigonometry","Triangles","GEO_TRI_004","Use 30-60-90 or 45-45-90 triangle ratios","Use 30-60-90 or 45-45-90 triangle ratios","H3","1","multiple_choice","","In a 30-60-90 triangle, the side opposite the 30-degree angle has length 5. What is the length of the hypotenuse?","10","5sqrt(3)","10sqrt(3)","15","A","1","In a 30-60-90 triangle, the hypotenuse is twice the side opposite the 30-degree angle. Therefore the hypotenuse is 10.","100","none","{}","","","","","","use 30-60-90 or 45-45-90 triangle ratios","","math,domain:Geometry and Trigonometry,skill:GEO_TRI_004,arch:MATH_ARCH_087_SPECIAL_RIGHT_TRIANGLES,sim:SIM_SPECIAL_RIGHT_TRIANGLES,fp:222754ed,tier:H3"