"test_id","exam_version","generation_batch_id","target_score_band","question_id","section","module","route","question_number","content_domain","skill_group","skill_code","skill_label","question_topic","difficulty","scoring_weight","question_type","passage","question","choice_a","choice_b","choice_c","choice_d","correct_answer","correct_choice_index","explanation","time_estimate_sec","visual_type","visual_json","table_markdown","equation_latex","student_response_type","correct_numeric_answer","answer_tolerance","primary_skill","secondary_skill","tags"
"SAT_RW_23","SAT_RW_Practice_v23","rw_questions_23","1450+","SAT_RW_23_M1_Q01","RW","1","base","1","Craft and Structure","Words in Context","RW_WIC_001","Determine meaning or function of a word/phrase in context","cause_effect","Easy","1","multiple_choice","During a survey of a coastal wetland, botanist Mira Patel noticed that seedlings near the old footbridge survived dry weeks better than seedlings on the exposed bank. The two areas received similar morning sunlight, and the seedlings had been planted from the same seed stock. Soil samples showed that the bridge pilings trapped fallen reeds, which gradually formed a damp, sponge-like layer. Patel therefore anchored her explanation of the seedlings' success in the behavior of that layer rather than in differences in sunlight or seed size.","As used in the text, ""anchored"" most nearly means","based","fastened","postponed","removed","A","1","The explanation is based on the damp layer because the other possible factors are rejected. In this context, ""anchored"" means based, not physically fastened.","70","none","{}","","","","","","Words in Context","","rw,passage:R001,arch:RW_WIC_001,sim:rw_words_in_context_cause_effect,fp:9db26585c7d0,wic,target:anchored"
"SAT_RW_23","SAT_RW_Practice_v23","rw_questions_23","1450+","SAT_RW_23_M1_Q02","RW","1","base","2","Craft and Structure","Words in Context","RW_WIC_002","Determine meaning or function of a word/phrase in context","purpose_sentence","Medium","1","multiple_choice","After a city installed reflective coating on several bus shelters, afternoon temperatures under the coated roofs fell by about two degrees Celsius. The treated shelters stood on the same streets as uncoated shelters and were measured on days with similar cloud cover. Engineer Laila Hassan described the decrease as modest: it was consistent across the test sites, but riders would notice it most on days when shade was already present. She recommended the coating as one part of a larger cooling strategy, not as a complete solution.","Which choice best describes the function of the word ""modest"" in the passage?","It limits the claim by indicating that the temperature decrease was real but not large enough to solve the problem by itself.","It suggests that the temperature decrease was measured incorrectly and should not be trusted.","It emphasizes that the shelters became much cooler than surrounding streets at all hours.","It shows that riders objected to the coating despite the temperature data.","A","1","The word ""modest"" qualifies the finding: the decrease was consistent, but the passage says the coating should be only one part of a broader strategy.","70","none","{}","","","","","","Words in Context","","rw,passage:R002,arch:RW_WIC_002,sim:rw_words_in_context_purpose_sentence,fp:e0ba1cc429ea,wic,wic_family:claim_function,target:modest"
"SAT_RW_23","SAT_RW_Practice_v23","rw_questions_23","1450+","SAT_RW_23_M1_Q03","RW","1","base","3","Craft and Structure","Words in Context","RW_WIC_003","Determine meaning or function of a word/phrase in context","word_function","Easy","1","multiple_choice","To study how museum visitors respond to sound, a design team placed quiet recordings of birdsong in one gallery and left a similar gallery silent. The observers used synchronized watches and did not tell visitors that timing was part of the study. Visitors in the gallery with the recording paused more often near landscape paintings, and the difference was easy to register on the observers' timing sheets: the average pause was nearly fifteen seconds longer.","Which choice best describes the function of the phrase ""easy to register"" in the passage?","It suggests that the observers had to enroll visitors before measuring their behavior.","It emphasizes that the visitors' longer pauses were clear enough to be documented, strengthening the comparison between galleries.","It indicates that the visitors complained about the recordings when they left the gallery.","It shows that the timing sheets were designed to calculate the exact source of every sound.","B","2","The phrase points to the measurability of the difference: the observers could document the longer pauses, which supports the comparison between the sound and silent galleries.","70","none","{}","","","","","","Words in Context","","rw,passage:R003,arch:RW_WIC_003,sim:rw_words_in_context_word_function,fp:7980c1b3354b,wic,target:register,wic_family:precision_effect"
"SAT_RW_23","SAT_RW_Practice_v23","rw_questions_23","1450+","SAT_RW_23_M1_Q04","RW","1","base","4","Craft and Structure","Text Structure and Purpose","RW_TSP_001","Analyze structure or purpose","purpose_sentence","Medium","1","multiple_choice","Many explanations of leafcutter ants' farming success focus on the ants' careful pruning of the fungus they cultivate. That behavior matters, but microbiologist Renata Olmo found another factor in the ants' underground chambers: air moves through the tunnels in brief pulses when workers open and close small vents. In laboratory nests where the vents were blocked, carbon dioxide accumulated quickly and the fungus grew more slowly. Olmo concluded that the ants' architecture helps regulate the crop's atmosphere as much as their tending does.","Which choice best describes how the text is organized?","It compares two species of ants and explains why one species farms more successfully than the other.","It presents a common explanation, introduces evidence for an additional factor, and states a broader conclusion.","It lists several methods used in a laboratory study and criticizes each method as unreliable.","It describes a problem faced by ants and then gives a chronological account of how the ants solve it.","B","2","The text first notes a familiar explanation based on pruning, then presents evidence about tunnel ventilation, and finally concludes that architecture also regulates the fungus.","70","none","{}","","","","","","Text Structure and Purpose","","rw,passage:R004,arch:RW_TSP_001,sim:rw_text_structure_and_purpose_purpose_sentence,fp:e37a12220c7e"
"SAT_RW_23","SAT_RW_Practice_v23","rw_questions_23","1450+","SAT_RW_23_M1_Q05","RW","1","base","5","Craft and Structure","Text Structure and Purpose","RW_TSP_002","Analyze structure or purpose","word_function","Medium","1","multiple_choice","Poet Aline Murray's early notebooks contain many drafts that end abruptly, with a dash or a half-finished image. Some critics have treated these endings as signs that Murray had not yet mastered her craft. The notebooks themselves suggest a different possibility. In several margins, Murray wrote words such as ""leave open"" and ""do not close."" Those notes indicate that the unfinished quality was sometimes deliberate: she wanted the poems to preserve the feeling of a thought still arriving.","Which choice best describes the text's main purpose?","To show that Murray's published poems were less carefully revised than her private notebooks","To explain why most critics now reject the study of poets' handwritten drafts","To argue that a feature of Murray's early drafts may have been an intentional artistic choice rather than merely a weakness","To compare Murray's use of imagery with the techniques of several other poets","C","3","The text counters a critical interpretation by citing marginal notes that suggest Murray sometimes left endings open deliberately.","70","none","{}","","","","","","Text Structure and Purpose","","rw,passage:R005,arch:RW_TSP_002,sim:rw_text_structure_and_purpose_word_function,fp:d4867714f516"
"SAT_RW_23","SAT_RW_Practice_v23","rw_questions_23","1450+","SAT_RW_23_M1_Q06","RW","1","base","6","Craft and Structure","Text Structure and Purpose","RW_TSP_003","Analyze structure or purpose","revision_goal","Medium","1","multiple_choice","Before the restoration, the town library's reading room was lit by a single row of ceiling fixtures. The new design kept those fixtures but added small lamps at study tables and brighter lights near the shelves. The change did not make the room uniformly bright; instead, it created zones suited to different tasks. Readers who wanted a calm place to browse could sit near the windows, while patrons searching the stacks could see spine labels more easily.","Which choice best describes the function of the second sentence in the text?","It challenges the claim that the reading room was difficult to use before the restoration.","It identifies the design changes that the rest of the text explains in terms of their practical effects.","It provides historical background about the library's original architect.","It gives an example of a lighting problem that the new design failed to solve.","B","2","The second sentence lists the added and retained lights, and the following sentences explain how those changes created task-specific zones.","70","none","{}","","","","","","Text Structure and Purpose","","rw,passage:R006,arch:RW_TSP_003,sim:rw_text_structure_and_purpose_revision_goal,fp:42aa3d552d9d"
"SAT_RW_23","SAT_RW_Practice_v23","rw_questions_23","1450+","SAT_RW_23_M1_Q07","RW","1","base","7","Craft and Structure","Cross-Text Connections","RW_CTC_001","Compare claims across paired texts","word_function","Medium","1","multiple_choice","Text 1:
In many community gardens, compost bins do more than reduce waste. Because gardeners add vegetable scraps and leaves over several months, the bins become places where neighbors exchange advice about soil, pests, and planting schedules. New members often learn garden routines while helping turn the pile, and experienced gardeners can notice problems before they spread. The compost itself improves the beds, but the routine of tending it also strengthens cooperation.

Text 2:
A compost program can fail when organizers treat the bin as a purely social gathering point. Without clear instructions about what belongs in the pile, a bin may attract pests or produce unpleasant odors, discouraging the very participation it was meant to encourage. Successful programs pair community enthusiasm with careful maintenance rules.","Based on the texts, how would the author of Text 2 most likely respond to the claim in Text 1 that compost bins can strengthen cooperation?","The author of Text 2 would reject the claim because compost bins have no effect on garden soil.","The author of Text 2 would agree that bins can encourage cooperation but would emphasize that cooperation needs practical guidelines to be sustainable.","The author of Text 2 would argue that compost bins should be used only by professional gardeners.","The author of Text 2 would say that social interaction is more important than maintenance rules.","B","2","Text 2 acknowledges community enthusiasm but warns that programs need instructions and rules. Thus, it qualifies rather than rejects Text 1's claim.","70","none","{}","","","","","","Cross-Text Connections","","rw,passage:R007,arch:RW_CTC_001,sim:rw_cross_text_connections_word_function,fp:ef5a2f333112"
"SAT_RW_23","SAT_RW_Practice_v23","rw_questions_23","1450+","SAT_RW_23_M1_Q08","RW","1","base","8","Information and Ideas","Central Ideas and Details","RW_CID_001","Identify main idea, key detail, or summary","main_claim","Easy","1","multiple_choice","Marine biologist Kaito Nguyen studied small artificial reefs placed near a harbor wall. The reefs were made from rough ceramic blocks rather than smooth concrete, and the blocks were placed at the same depth so that tides would affect them similarly. After six months, the ceramic blocks held more algae and sheltered more juvenile fish than the concrete blocks did. Nguyen cautioned that the study was limited to one harbor, but he argued that surface texture should be considered when cities design structures meant to support marine life.","Which choice best summarizes the text?","Artificial reefs are most successful when they are placed far from harbor walls and boat traffic.","Algae growth prevents juvenile fish from using artificial reefs as shelter.","Nguyen proved that ceramic blocks work equally well in all marine environments.","Rough ceramic surfaces may make artificial harbor reefs more useful for marine organisms than smooth concrete surfaces.","D","4","The text centers on the finding that rough ceramic blocks supported more algae and juvenile fish, while also noting the study's limited setting.","70","none","{}","","","","","","Central Ideas and Details","","rw,passage:R008,arch:RW_CID_001,sim:rw_central_ideas_and_details_main_claim,fp:842013ed2c87"
"SAT_RW_23","SAT_RW_Practice_v23","rw_questions_23","1450+","SAT_RW_23_M1_Q09","RW","1","base","9","Information and Ideas","Central Ideas and Details","RW_CID_002","Identify main idea, key detail, or summary","supporting_detail","Easy","1","multiple_choice","Historian Lena Ortiz examined meal records from a nineteenth-century railroad camp. The lists were brief, but they showed repeated purchases of dried fruit, beans, and cornmeal from nearby farms. The records also noted shipments of canned tomatoes and preserved meat arriving by train every few weeks. Ortiz argues that the camp's food supply was not as isolated as some accounts suggest. Although canned goods arrived by train, the workers also depended on regular exchanges with local growers.","According to the text, what does Ortiz argue about the railroad camp?","Its food supply included both goods shipped by train and items obtained from nearby farms.","Its workers grew most of their food in gardens beside the tracks.","Its managers avoided buying preserved foods such as canned goods.","Its meal records are too incomplete to reveal anything about food sources.","A","1","The passage says canned goods arrived by train but dried fruit, beans, and cornmeal came from nearby farms, showing multiple sources.","70","none","{}","","","","","","Central Ideas and Details","","rw,passage:R009,arch:RW_CID_002,sim:rw_central_ideas_and_details_supporting_detail,fp:42dc38152b59"
"SAT_RW_23","SAT_RW_Practice_v23","rw_questions_23","1450+","SAT_RW_23_M1_Q10","RW","1","base","10","Information and Ideas","Command of Evidence","RW_COE_001","Use textual or quantitative evidence","supporting_detail","Medium","1","multiple_choice","A conservation team tested whether temporary sheep grazing could reduce tall grass without disturbing all sections of a prairie equally. The team chose three fenced sites with similar rainfall and soil, then measured the average height of grass before and after a two-week grazing period. Because the sheep spent different amounts of time in each site and moved freely within the fences, the team expected the table to reveal where grazing had the strongest and weakest effects.","Which choice best uses data from the table to support the claim that grazing had the smallest effect at South Meadow?","South Meadow had the shortest grass before grazing began, so the sheep could not graze there at all.","Creek Field and North Meadow had identical grass heights after grazing, unlike South Meadow.","North Meadow's grass remained taller than South Meadow's grass after grazing ended.","South Meadow's average grass height decreased by only 2 cm, while North Meadow and Creek Field each decreased by more than 10 cm.","D","4","The table shows South Meadow changed from 39 to 37 cm, a 2 cm decrease. North Meadow decreased by 14 cm and Creek Field by 15 cm.","70","none","{}","Site|Average grass height before grazing (cm)|Average grass height after grazing (cm)
---|---:|---:
North Meadow|42|28
South Meadow|39|37
Creek Field|44|29","","","","","Command of Evidence","","rw,passage:R010,arch:RW_COE_001,sim:rw_command_of_evidence_supporting_detail,fp:2bdf2c7edab8"
"SAT_RW_23","SAT_RW_Practice_v23","rw_questions_23","1450+","SAT_RW_23_M1_Q11","RW","1","base","11","Information and Ideas","Command of Evidence","RW_COE_002","Use textual or quantitative evidence","contrast","Medium","1","multiple_choice","Architect Sima Rao proposed that the old post office's wide front steps were designed as an informal gathering place, not merely as an entrance. The building's doors were set back from the street, leaving an unusually broad platform in front, and the steps faced the town's parade route. Rao pointed to city photographs from the 1920s: in several images, people sit on the steps during parades even when the building is closed, and vendors are shown arranging carts along the step edges.","Which choice best describes the evidence Rao uses to support her proposal?","A comparison of the post office steps with steps at other public buildings in the city","Historical photographs showing people and vendors using the steps for activities other than entering the building","Written instructions from the post office's original architect about how the steps should be used","Records showing that the building was renovated several times after the 1920s","B","2","The cited photographs show people sitting during parades and vendors arranging carts by the steps, supporting the idea that the steps functioned as a gathering place.","70","none","{}","","","","","","Command of Evidence","","rw,passage:R011,arch:RW_COE_002,sim:rw_command_of_evidence_contrast,fp:97bddf0d70f5"
"SAT_RW_23","SAT_RW_Practice_v23","rw_questions_23","1450+","SAT_RW_23_M1_Q12","RW","1","base","12","Information and Ideas","Inferences","RW_INF_001","Draw supported conclusions","contrast","Medium","1","multiple_choice","In a study of classroom plants, students watered two identical basil plants with the same amount of water each day and kept both plants in matching clay pots. One plant sat near an open window, while the other sat on a shelf farther from moving air. After three weeks, the plant by the window had thicker stems and lost water from the soil more quickly. The students concluded that airflow, not watering amount, likely contributed to the difference.","Which conclusion is best supported by the text?","The plant away from the window received less water than the plant near the window.","Basil plants cannot grow unless they are placed beside open windows.","The basil plant near the window may have adapted to moving air by developing thicker stems.","The students changed several variables at once and therefore could not compare the plants.","C","3","The water amount was the same, and the key difference was airflow. The thicker stems near the window support the inference that moving air contributed to the difference.","70","none","{}","","","","","","Inferences","","rw,passage:R012,arch:RW_INF_001,sim:rw_inferences_contrast,fp:0415d3878ca3"
"SAT_RW_23","SAT_RW_Practice_v23","rw_questions_23","1450+","SAT_RW_23_M1_Q13","RW","1","base","13","Information and Ideas","Inferences","RW_INF_002","Draw supported conclusions","cause_effect","Medium","1","multiple_choice","Composer Davi Kim writes short pieces for toy piano, an instrument with a bright, narrow sound and little lingering resonance. In performance notes for one piece, Kim asks the player to pause after several high notes so that the sound can fade completely before the next phrase begins. The pauses are not marked as rests for the performer to recover. Kim explains that these silences let the audience notice how quickly the instrument's tone disappears, a quality that would be less apparent in a continuous melody.","Which choice can most reasonably be inferred about Kim's use of pauses?","Kim uses pauses because the toy piano cannot play high notes clearly.","Kim uses pauses to draw attention to a characteristic of the toy piano's sound.","Kim believes audiences should ignore the sound of each note and focus only on rhythm.","Kim expects performers to replace the written notes with improvised phrases.","B","2","The notes say the silences let listeners notice how quickly the tone disappears, so the pauses highlight the instrument's sound quality.","70","none","{}","","","","","","Inferences","","rw,passage:R013,arch:RW_INF_002,sim:rw_inferences_cause_effect,fp:bb735a269381"
"SAT_RW_23","SAT_RW_Practice_v23","rw_questions_23","1450+","SAT_RW_23_M1_Q14","RW","1","base","14","Information and Ideas","Inferences","RW_INF_003","Draw supported conclusions","purpose_sentence","Medium","1","multiple_choice","A team studying rooftop gardens found that planters with a mixture of flowering herbs attracted more bee species than planters with only one herb. The mixed planters included herbs that opened their flowers at slightly different times, while the single-herb planters offered most of their blooms during a shorter period. The researchers did not claim that every roof needs many plant species. Instead, they noted that bees visited the mixed planters at different times of day, suggesting that variety can extend the period during which a roof offers food.","Which choice is best supported by the text?","A single herb species attracts no bees to rooftop gardens.","Planting several flowering herbs together can make food available to bees for more of the day.","All roofs with mixed planters support the same number of bee species.","The researchers believe rooftop gardens should be designed without considering bees.","B","2","The passage says bees visited mixed planters at different times of day, which supports the idea that variety extends food availability.","70","none","{}","","","","","","Inferences","","rw,passage:R014,arch:RW_INF_003,sim:rw_inferences_purpose_sentence,fp:57ceb89fc02c"
"SAT_RW_23","SAT_RW_Practice_v23","rw_questions_23","1450+","SAT_RW_23_M1_Q15","RW","1","base","15","Standard English Conventions","Boundaries","SEC.BND","Boundaries","coordination","Medium","1","multiple_choice","During the winter market, vendors set up beneath the train station's awning ____ displayed baskets of apples before the first shoppers arrived.","Which choice completes the text so that it conforms to the conventions of Standard English?","and","but","therefore","; and","A","1","""And"" correctly joins the two predicates ""set up"" and ""displayed"" that share the same subject, ""vendors."" The other choices create an illogical contrast, an unsupported result, or incorrect punctuation.","50","none","{}","","","","","","Boundaries","","rw,sec,grammar,arch:SEC-BND-001,sim:SEC.BND:sentence_boundary_semicolon:A. minimal-context version,fp:029db30d4d9a,ctx:CTX-GRM-001,tier:SEC1"
"SAT_RW_23","SAT_RW_Practice_v23","rw_questions_23","1450+","SAT_RW_23_M1_Q16","RW","1","base","16","Standard English Conventions","Boundaries","SEC.BND","Boundaries","subordination","Medium","1","multiple_choice","The student orchestra rehearsed in the cafeteria ____ the auditorium was being painted.","Which choice completes the text so that it conforms to the conventions of Standard English?","because","the auditorium","therefore","; because","A","1","""Because"" correctly introduces the reason the orchestra rehearsed in the cafeteria. The other choices create a fragment, an illogical connector, or incorrect punctuation before a dependent clause.","50","none","{}","","","","","","Boundaries","","rw,sec,grammar,arch:SEC-BND-006,sim:SEC.BND:sentence_boundary_period:A. minimal-context version,fp:741e4635b1dc,ctx:CTX-GRM-002,tier:SEC1"
"SAT_RW_23","SAT_RW_Practice_v23","rw_questions_23","1450+","SAT_RW_23_M1_Q17","RW","1","base","17","Standard English Conventions","Boundaries","SEC.BND","Boundaries","coordination_punctuation","Medium","1","multiple_choice","Archaeologist Mina Torres cataloged the beads carefully ____ each bead was photographed before being placed in storage.","Which choice completes the text so that it conforms to the conventions of Standard English?","and,",", and","; and,","and therefore","B","2",""", and"" correctly joins two independent clauses with a comma and coordinating conjunction. The other choices misplace punctuation or create an awkward connector.","50","none","{}","","","","","","Boundaries","","rw,sec,grammar,arch:SEC-BND-002,sim:SEC.BND:sentence_boundary_semicolon:B. internal punctuation nearby,fp:1324c4e5887b,ctx:CTX-GRM-003,tier:SEC2"
"SAT_RW_23","SAT_RW_Practice_v23","rw_questions_23","1450+","SAT_RW_23_M1_Q18","RW","1","base","18","Standard English Conventions","Boundaries","SEC.BND","Boundaries","modifier_boundaries","Medium","1","multiple_choice","The mural, painted on the wall of a former bakery ____ was restored by neighborhood volunteers last spring.","Which choice completes the text so that it conforms to the conventions of Standard English?",";","and","no punctuation",",","D","4","The phrase ""painted on the wall of a former bakery"" is a nonessential modifier and should be set off with a comma before the main verb phrase. A semicolon, ""and,"" or no punctuation would disrupt the sentence.","50","none","{}","","","","","","Boundaries","","rw,sec,grammar,arch:SEC-BND-003,sim:SEC.BND:sentence_boundary_semicolon:C. logical relation emphasized,fp:1e46a2e29f8b,ctx:CTX-GRM-004,tier:SEC2"
"SAT_RW_23","SAT_RW_Practice_v23","rw_questions_23","1450+","SAT_RW_23_M1_Q19","RW","1","base","19","Standard English Conventions","Form, Structure, and Sense","SEC.FSS","Form, Structure, and Sense","subject_verb_agreement","Medium","1","multiple_choice","Neither the later copies nor the original map ____ the footpath that residents now use to reach the river.","Which choice completes the text so that it conforms to the conventions of Standard English?","show","have shown","are showing","shows","D","4","With ""neither...nor,"" the verb agrees with the nearer subject. The nearer subject is singular ""map,"" so the singular verb ""shows"" is correct.","50","none","{}","","","","","","Form, Structure, and Sense","","rw,sec,grammar,arch:SEC-FSS-002,sim:SEC.FSS:subject_verb_agreement:B. intervening material,fp:5dbec54ec8da,ctx:CTX-GRM-005,tier:SEC2"
"SAT_RW_23","SAT_RW_Practice_v23","rw_questions_23","1450+","SAT_RW_23_M1_Q20","RW","1","base","20","Standard English Conventions","Form, Structure, and Sense","SEC.FSS","Form, Structure, and Sense","subject_verb_agreement_plural","Medium","1","multiple_choice","The notebooks from the expedition ____ a careful record of tides, wind direction, and sightings of seabirds.","Which choice completes the text so that it conforms to the conventions of Standard English?","provide","provides","has provided","was providing","A","1","The plural subject ""notebooks"" requires the plural verb ""provide."" The other choices do not agree with the subject or do not fit the sentence's simple present meaning.","50","none","{}","","","","","","Form, Structure, and Sense","","rw,sec,grammar,arch:SEC-FSS-003,sim:SEC.FSS:subject_verb_agreement:C. academic register,fp:1a9d2d618e14,ctx:CTX-GRM-006,tier:SEC2"
"SAT_RW_23","SAT_RW_Practice_v23","rw_questions_23","1450+","SAT_RW_23_M1_Q21","RW","1","base","21","Standard English Conventions","Form, Structure, and Sense","SEC.FSS","Form, Structure, and Sense","relative_clause","Medium","1","multiple_choice","After reviewing the survey responses, the committee chose the proposal ____ best matched the residents' request for more evening programs.","Which choice completes the text so that it conforms to the conventions of Standard English?","it","and","that","what","C","3","""That"" correctly introduces a relative clause modifying ""proposal."" The other choices create a run-on, an incomplete structure, or nonstandard usage.","50","none","{}","","","","","","Form, Structure, and Sense","","rw,sec,grammar,arch:SEC-FSS-004,sim:SEC.FSS:subject_verb_agreement:D. logic cue,fp:9f7adcaf3238,ctx:CTX-GRM-007,tier:SEC3"
"SAT_RW_23","SAT_RW_Practice_v23","rw_questions_23","1450+","SAT_RW_23_M1_Q22","RW","1","base","22","Expression of Ideas","Transitions","RW_TR_001","Select transition that logically connects ideas","logical_link","Medium","1","multiple_choice","City planners expected the new bike lane to reduce congestion immediately. During the first month, however, drivers were still learning the revised traffic pattern. ____ the planners waited until the third month before evaluating the lane's effect on commute times.","Which transition best connects the ideas in the text?","Therefore,","For instance,","Similarly,","In contrast,","A","1","The second sentence explains why an immediate evaluation would be premature, so ""Therefore,"" logically introduces the resulting decision to wait.","45","none","{}","","","","","","Transitions","","rw,passage:R015,arch:RW_TR_001,sim:rw_transitions_logical_link,fp:592e18a034dd"
"SAT_RW_23","SAT_RW_Practice_v23","rw_questions_23","1450+","SAT_RW_23_M1_Q23","RW","1","base","23","Expression of Ideas","Transitions","RW_TR_002","Select transition that logically connects ideas","punctuation_boundary","Easy","1","multiple_choice","The restored theater now hosts concerts and film screenings. ____ it also offers free workshops in lighting design for local students.","Which choice most logically begins the second sentence?","Nevertheless,","Instead,","Meanwhile,","In addition,","D","4","The second sentence adds another activity offered by the theater, so ""In addition,"" is the most logical transition.","45","none","{}","","","","","","Transitions","","rw,passage:R016,arch:RW_TR_002,sim:rw_transitions_punctuation_boundary,fp:f7bacfc52af7"
"SAT_RW_23","SAT_RW_Practice_v23","rw_questions_23","1450+","SAT_RW_23_M1_Q24","RW","1","base","24","Expression of Ideas","Transitions","RW_TR_003","Select transition that logically connects ideas","verb_pronoun_agreement","Medium","1","multiple_choice","Some early maps of the island show a lake near the western cliffs. Later surveys found only a marsh in that location. ____ historians now think the mapmakers may have drawn the area during an unusually wet season.","Which transition best introduces the historians' conclusion?","For example,","Similarly,","Consequently,","Nevertheless,","C","3","The difference between the early maps and later surveys leads to the historians' explanation, so ""Consequently,"" fits.","45","none","{}","","","","","","Transitions","","rw,passage:R017,arch:RW_TR_003,sim:rw_transitions_verb_pronoun_agreement,fp:0e2a9706f188"
"SAT_RW_23","SAT_RW_Practice_v23","rw_questions_23","1450+","SAT_RW_23_M1_Q25","RW","1","base","25","Expression of Ideas","Rhetorical Synthesis","RW_RS_001","Use notes to achieve a writing goal","revision_goal","Medium","1","multiple_choice","While researching a topic, a student has taken the following notes:
- The city of Lowell opened a public tool library in 2021.
- Residents can borrow drills, saws, and gardening tools for short periods.
- Membership is free for residents with a library card.
- The program is intended to reduce the cost of home repairs.","The student wants to emphasize the tool library's purpose. Which choice most effectively uses relevant information from the notes to accomplish this goal?","The city of Lowell opened a public tool library in 2021 for residents who have library cards.","Lowell's public tool library lets residents borrow repair and gardening tools for free, making home repairs less costly.","Residents can borrow drills, saws, and gardening tools from Lowell's public tool library.","The public tool library in Lowell is one of several programs connected to the city's library cards.","B","2","The correct choice connects the free borrowing of tools to the purpose of reducing home-repair costs.","70","none","{}","","","","","","Rhetorical Synthesis","","rw,passage:R018,arch:RW_RS_001,sim:rw_rhetorical_synthesis_revision_goal,fp:7cfe51af2308"
"SAT_RW_23","SAT_RW_Practice_v23","rw_questions_23","1450+","SAT_RW_23_M1_Q26","RW","1","base","26","Expression of Ideas","Rhetorical Synthesis","RW_RS_002","Use notes to achieve a writing goal","logical_link","Medium","1","multiple_choice","While researching a topic, a student has taken the following notes:
- The musician Clara Rockmore helped popularize the theremin.
- The theremin is played without physical contact.
- Rockmore developed precise finger and hand movements to control pitch.
- Her performances showed that the instrument could be expressive and lyrical.","The student wants to introduce Rockmore to an audience unfamiliar with the theremin. Which choice most effectively uses relevant information from the notes to accomplish this goal?","The theremin is an instrument that many musicians have used in concerts, and Clara Rockmore played music.","Clara Rockmore's hand movements were precise because the theremin required pitch control.","Clara Rockmore helped popularize the theremin, an instrument played without touch, by showing that it could sound expressive and lyrical.","The theremin can be played without physical contact, unlike many instruments used in orchestras.","C","3","The correct choice identifies Rockmore, explains what the theremin is, and states her role in demonstrating its expressive potential.","70","none","{}","","","","","","Rhetorical Synthesis","","rw,passage:R019,arch:RW_RS_002,sim:rw_rhetorical_synthesis_logical_link,fp:1428de38613f"
"SAT_RW_23","SAT_RW_Practice_v23","rw_questions_23","1450+","SAT_RW_23_M1_Q27","RW","1","base","27","Expression of Ideas","Rhetorical Synthesis","RW_RS_003","Use notes to achieve a writing goal","punctuation_boundary","Medium","1","multiple_choice","While researching a topic, a student has taken the following notes:
- Mangrove forests grow along tropical and subtropical coasts.
- Their tangled roots can slow waves and trap sediment.
- Some coastal restoration projects replant mangroves near villages.
- Replanted mangroves may also provide habitat for young fish.","The student wants to explain one reason communities replant mangroves. Which choice most effectively uses relevant information from the notes to accomplish this goal?","Mangrove forests grow in tropical and subtropical places and are sometimes found near villages.","Young fish may live among mangrove roots when restoration projects are successful.","Coastal restoration projects sometimes include mangroves, which are trees found along coasts.","Communities may replant mangroves because the trees' tangled roots can slow waves and trap sediment near the shore.","D","4","The correct choice gives a reason for replanting mangroves: their roots can slow waves and trap sediment.","70","none","{}","","","","","","Rhetorical Synthesis","","rw,passage:R020,arch:RW_RS_003,sim:rw_rhetorical_synthesis_punctuation_boundary,fp:6f2640d27a11"
"SAT_RW_23","SAT_RW_Practice_v23","rw_questions_23","1450+","SAT_RW_23_M2_Q01","RW","2","hard","1","Craft and Structure","Words in Context","RW_WIC_004","Determine meaning or function of a word/phrase in context","revision_goal","Hard","1","multiple_choice","Paleoecologist Jana Merrell first concluded that a historic drought affected an entire river basin. Her initial samples came mostly from exposed slopes, where tree rings narrowed sharply throughout the dry period. Later tree-ring samples from shaded tributaries did not overturn that conclusion, but they did qualify it: those areas showed stress only during the final years of the drought, while exposed slopes showed stress throughout. Merrell therefore revised her map to show uneven timing across the basin.","Which choice best describes the function of the word ""qualify"" in the passage?","It signals that the later evidence limits the scope of the original conclusion without rejecting it completely.","It indicates that the later evidence proves the original conclusion was deliberately misleading.","It suggests that the later evidence makes the original conclusion easier to measure mathematically.","It shows that the later evidence concerns a different river basin from the one first studied.","A","1","The later samples do not overturn the conclusion; they limit it by showing uneven timing. Thus, ""qualify"" signals a restriction on the scope of the claim.","70","none","{}","","","","","","Words in Context","","rw,passage:R021,arch:RW_WIC_004,sim:rw_words_in_context_revision_goal,fp:f62979985a8b,wic,hard_vocab,vocab:HV_121,tier:V4,target:qualify,wic_family:claim_function"
"SAT_RW_23","SAT_RW_Practice_v23","rw_questions_23","1450+","SAT_RW_23_M2_Q02","RW","2","hard","2","Craft and Structure","Words in Context","RW_WIC_005","Determine meaning or function of a word/phrase in context","logical_link","Hard","1","multiple_choice","Folklorist Nia Ekwueme proposed that a coastal song recorded in the 1930s preserved details of an older trading route. Skeptics noted that songs can change quickly and that performers sometimes adjust place names for rhyme or local audiences over time. Ekwueme then found shipping ledgers from the same region that named the same two harbors in the same sequence. The ledgers corroborated the song's geography, making it less likely that the sequence was a recent invention.","Which choice best explains the role of the word ""corroborated"" in connecting the evidence to the claim?","It implies that the ledgers contradicted the song so strongly that the song had to be ignored.","It suggests that the ledgers were copied from the song rather than produced separately.","It indicates that the ledgers provided independent support for the interpretation of the song.","It shows that the ledgers described the song's melody in technical detail.","C","3","The ledgers name the same harbors in the same order, so they independently support, or corroborate, the claim about the song's geography.","70","none","{}","","","","","","Words in Context","","rw,passage:R022,arch:RW_WIC_005,sim:rw_words_in_context_logical_link,fp:4dda54b46fff,wic,hard_vocab,vocab:HV_136,tier:V4,target:corroborated,wic_family:relation_function"
"SAT_RW_23","SAT_RW_Practice_v23","rw_questions_23","1450+","SAT_RW_23_M2_Q03","RW","2","hard","3","Craft and Structure","Words in Context","RW_WIC_006","Determine meaning or function of a word/phrase in context","punctuation_boundary","Hard","1","multiple_choice","The glass roof of the greenhouse admitted abundant sunlight, but on cloudless days the light became harsh enough to scorch young leaves. The problem was not a lack of water; soil moisture remained steady in the affected trays, and the temperature stayed within the recommended range. The gardeners installed a movable mesh screen that could attenuate the glare during midday while still allowing enough light for growth. When the screen was used, leaf edges browned less often.","As used in the text, ""attenuate"" most nearly means","measure","intensify","reduce","decorate","C","3","The mesh screen lessens harsh glare without eliminating light. In this context, ""attenuate"" means reduce.","70","none","{}","","","","","","Words in Context","","rw,passage:R023,arch:RW_WIC_006,sim:rw_words_in_context_punctuation_boundary,fp:855278fc8d56,wic,hard_vocab,vocab:HV_129,tier:V4,target:attenuate,wic_family:direct_meaning"
"SAT_RW_23","SAT_RW_Practice_v23","rw_questions_23","1450+","SAT_RW_23_M2_Q04","RW","2","hard","4","Craft and Structure","Words in Context","RW_WIC_007","Determine meaning or function of a word/phrase in context","verb_pronoun_agreement","Hard","1","multiple_choice","Cartographer Elian Cho could have used a single color to mark the old floodplain on his city map, but that would have hidden a crucial distinction. City planners needed to know not only where water had once spread but also where the river's main channel had run. Instead, Cho used a thin broken line to delineate the former channel and a pale wash to mark the wider area that flooded only during extreme storms. The two symbols prevented readers from confusing routine river movement with rare flooding.","Why is the word ""delineate"" more precise than a more general alternative such as ""show"" in this context?","It indicates that Cho erased older map features before adding the floodplain symbols.","It emphasizes that Cho marked a specific boundary, not merely that he included information somewhere on the map.","It suggests that Cho used color to make the map more attractive to casual readers.","It implies that Cho was uncertain whether the river had ever changed course.","B","2","""Delineate"" adds the idea of defining or tracing a boundary, which matters because the passage distinguishes the former channel from the wider flood area.","70","none","{}","","","","","","Words in Context","","rw,passage:R024,arch:RW_WIC_007,sim:rw_words_in_context_verb_pronoun_agreement,fp:7ea6d2e9d8f7,wic,hard_vocab,vocab:HV_132,tier:V4,target:delineate,wic_family:precision_effect"
"SAT_RW_23","SAT_RW_Practice_v23","rw_questions_23","1450+","SAT_RW_23_M2_Q05","RW","2","hard","5","Craft and Structure","Text Structure and Purpose","RW_TSP_004","Analyze structure or purpose","logical_link","Hard","1","multiple_choice","For years, researchers linked a lake's declining clarity to fertilizer runoff from farms upstream. When limnologist Arjun Mehta examined sediment cores, however, he found that the sharpest drop in clarity began before fertilizer use in the watershed increased. The same layers contained unusually high amounts of windblown ash from regional fires. Mehta does not dismiss runoff as a later influence, but he argues that ash may have triggered the initial shift by altering how particles clumped in the water.","Which choice best describes the overall structure of the text?","It describes a scientific debate and then concludes that neither side has any evidence.","It lists the causes of lake pollution in order from least to most harmful.","It presents an accepted explanation, introduces evidence that complicates the timing of that explanation, and offers a revised account.","It explains how fertilizer runoff prevented researchers from collecting sediment cores.","C","3","The text begins with the runoff explanation, presents core evidence that the clarity decline started earlier, and then proposes ash as the initial trigger.","70","none","{}","","","","","","Text Structure and Purpose","","rw,passage:R025,arch:RW_TSP_004,sim:rw_text_structure_and_purpose_logical_link,fp:b5db750664cb"
"SAT_RW_23","SAT_RW_Practice_v23","rw_questions_23","1450+","SAT_RW_23_M2_Q06","RW","2","hard","6","Craft and Structure","Text Structure and Purpose","RW_TSP_005","Analyze structure or purpose","punctuation_boundary","Hard","1","multiple_choice","Writer Octavia Bell often sets scenes at doorways, porches, and station platforms. These locations are easy to treat as background details because they appear briefly and contain little description. But they do more work in her fiction. Characters standing in such places are rarely settled: they are about to leave, waiting for someone to arrive, or deciding whether to enter a room. The settings externalize a state of hesitation, making movement through space mirror uncertainty in the characters' minds.","What is the main purpose of the text?","To argue that certain recurring settings in Bell's fiction help represent her characters' uncertainty","To claim that Bell's fiction avoids scenes involving travel or domestic interiors","To show that Bell's characters are usually confident about their decisions","To compare Bell's use of setting with the techniques of several other authors","A","1","The text explains that transitional places in Bell's fiction mirror hesitation and uncertainty, so its main purpose is to interpret that recurring setting.","70","none","{}","","","","","","Text Structure and Purpose","","rw,passage:R026,arch:RW_TSP_005,sim:rw_text_structure_and_purpose_punctuation_boundary,fp:2f329f033d52"
"SAT_RW_23","SAT_RW_Practice_v23","rw_questions_23","1450+","SAT_RW_23_M2_Q07","RW","2","hard","7","Craft and Structure","Text Structure and Purpose","RW_TSP_006","Analyze structure or purpose","verb_pronoun_agreement","Hard","1","multiple_choice","Engineer Salma Ortiz expected that adding tiny ridges to a water filter would slow the flow because the ridges increased the surface area the water touched. Tests produced the opposite result. Under a microscope, Ortiz saw that air collected in the grooves between ridges, creating a slick boundary over which water moved more easily. The filter was not faster despite the ridges; it was faster because the ridges changed the contact between water and surface.","Which choice best describes the function of the final sentence in the text?","It introduces a new experiment that had not been mentioned earlier in the text.","It explains why Ortiz rejected microscope observations as unreliable.","It reframes the experimental result by identifying the ridges as the cause of the faster flow rather than an obstacle to it.","It summarizes the history of water-filter design before Ortiz's work.","C","3","The final sentence clarifies the surprising result: the ridges caused the faster flow by changing surface contact.","70","none","{}","","","","","","Text Structure and Purpose","","rw,passage:R027,arch:RW_TSP_006,sim:rw_text_structure_and_purpose_verb_pronoun_agreement,fp:3b4b07e33ee1"
"SAT_RW_23","SAT_RW_Practice_v23","rw_questions_23","1450+","SAT_RW_23_M2_Q08","RW","2","hard","8","Craft and Structure","Cross-Text Connections","RW_CTC_002","Compare claims across paired texts","revision_goal","Hard","1","multiple_choice","Text 1:
Some historians of printing emphasize the role of large urban workshops, where many workers could divide tasks such as setting type, inking pages, and binding finished books. The scale of these shops helped bring down costs and made printed material more widely available. Their owners also had access to broader trade networks, allowing books to circulate beyond a single town.

Text 2:
Small provincial presses also shaped reading habits. Because they served nearby schools, religious groups, and local officials, these presses often produced materials that large urban workshops ignored, such as local ordinances and short devotional booklets for particular congregations. Their output was limited in volume, but it could be closely matched to local needs and local dialects.","Based on the texts, how would the author of Text 2 most likely respond to Text 1's emphasis on large urban workshops?","The author of Text 2 would argue that large workshops never reduced the cost of printed materials.","The author of Text 2 would claim that provincial presses produced far more books than urban workshops did.","The author of Text 2 would reject the idea that printing affected reading habits in any community.","The author of Text 2 would acknowledge the importance of large workshops while adding that smaller presses met needs that large workshops often did not address.","D","4","Text 2 does not deny the scale of urban workshops; it adds that small presses served local audiences and produced materials large shops ignored.","70","none","{}","","","","","","Cross-Text Connections","","rw,passage:R028,arch:RW_CTC_002,sim:rw_cross_text_connections_revision_goal,fp:3f8df1d49fc7"
"SAT_RW_23","SAT_RW_Practice_v23","rw_questions_23","1450+","SAT_RW_23_M2_Q09","RW","2","hard","9","Information and Ideas","Central Ideas and Details","RW_CID_003","Identify main idea, key detail, or summary","contrast","Hard","1","multiple_choice","Biochemist Talia Verma studied a protein that helps certain bacteria survive when nutrients are scarce. In ordinary conditions, bacteria lacking the protein grew as well as bacteria that had it, and both groups formed colonies of similar size. Under nutrient stress, however, the bacteria without the protein stopped dividing much sooner and used stored energy more quickly. Verma concluded that the protein is not required for everyday growth but becomes important when the bacteria must conserve resources.","Which choice best states the main idea of the text?","A bacterial protein causes rapid growth whenever nutrients are abundant.","Bacteria lacking the protein cannot survive in any laboratory condition.","A bacterial protein appears to be especially important under nutrient stress, even though it is not necessary for ordinary growth.","Verma showed that nutrient levels have no effect on bacterial growth.","C","3","The text contrasts ordinary conditions with nutrient stress and concludes that the protein matters most when resources are limited.","70","none","{}","","","","","","Central Ideas and Details","","rw,passage:R029,arch:RW_CID_003,sim:rw_central_ideas_and_details_contrast,fp:136509f63ac9"
"SAT_RW_23","SAT_RW_Practice_v23","rw_questions_23","1450+","SAT_RW_23_M2_Q10","RW","2","hard","10","Information and Ideas","Central Ideas and Details","RW_CID_004","Identify main idea, key detail, or summary","cause_effect","Hard","1","multiple_choice","Literary scholar Haruko Sato examined letters written by a novelist while he was revising his final book. The letters reveal that he removed several explanatory chapters late in the process, even though the drafts containing those chapters were already complete. Sato argues that this choice was not a sign of neglect. By deleting those chapters, the novelist forced readers to infer motives from dialogue and gesture, a technique that made the final version more demanding but also more subtle.","According to the text, what does Sato argue about the novelist's revisions?","The final book became less subtle because the novelist added too much explanation.","The removal of explanatory chapters was a deliberate artistic choice that changed how readers interpret the novel.","The letters show that the novelist never completed a draft of the final book.","Readers can understand the final book only by consulting the novelist's letters.","B","2","Sato says the deleted chapters made readers infer motives from dialogue and gesture, indicating a deliberate technique rather than neglect.","70","none","{}","","","","","","Central Ideas and Details","","rw,passage:R030,arch:RW_CID_004,sim:rw_central_ideas_and_details_cause_effect,fp:773520fdd0e1"
"SAT_RW_23","SAT_RW_Practice_v23","rw_questions_23","1450+","SAT_RW_23_M2_Q11","RW","2","hard","11","Information and Ideas","Central Ideas and Details","RW_CID_005","Identify main idea, key detail, or summary","purpose_sentence","Hard","1","multiple_choice","Urban ecologist Priya Desai compared pollinator visits to rooftop planters in three neighborhoods. Planters near street trees received more visits from hoverflies, even when the rooftop flowers were the same species as those on roofs with few nearby trees. The pattern appeared on both low and mid-height buildings and did not depend on planter size. Desai suggests that street trees may function as intermediate resting or feeding sites, helping some insects move from ground-level habitats to rooftops.","Which choice best captures the main finding described in the text?","Desai found that rooftop flowers attract pollinators only when they are different species from nearby trees.","Desai proved that hoverflies avoid all ground-level habitats in urban neighborhoods.","Desai found that nearby street trees may help certain pollinators reach rooftop planters.","Desai concluded that street trees reduce the number of insects visiting rooftops.","C","3","The text reports more hoverfly visits near street trees and suggests that the trees help insects move to rooftops.","70","none","{}","","","","","","Central Ideas and Details","","rw,passage:R031,arch:RW_CID_005,sim:rw_central_ideas_and_details_purpose_sentence,fp:6bd874180554"
"SAT_RW_23","SAT_RW_Practice_v23","rw_questions_23","1450+","SAT_RW_23_M2_Q12","RW","2","hard","12","Information and Ideas","Command of Evidence","RW_COE_003","Use textual or quantitative evidence","cause_effect","Hard","1","multiple_choice","A product-design class compared three fabrics for a reusable lunch wrap. The class wanted a fabric that would retain heat well over time, especially after twenty minutes, when students usually opened their lunches. Each fabric sample was wrapped around the same heated container, and the temperature was measured after ten and twenty minutes. The class then compared the percentage of heat retained at each time point to choose the best material for keeping food warm.","Which choice best uses data from the table to support the claim that wool felt performed best for the class's goal?","Cotton canvas retained less heat after 10 minutes than wool felt did after 20 minutes.","Recycled polyester retained 61% of heat after 10 minutes, which was more than cotton canvas retained.","Wool felt retained 51% of heat after 20 minutes, more than recycled polyester's 44% and cotton canvas's 33%.","Wool felt lost 17 percentage points between 10 and 20 minutes, while recycled polyester also lost 17 points.","C","3","The goal emphasizes heat after twenty minutes. Wool felt's 51% is the highest value in that column.","70","none","{}","Material|Heat retained after 10 minutes (%)|Heat retained after 20 minutes (%)
---|---:|---:
Wool felt|68|51
Cotton canvas|54|33
Recycled polyester|61|44","","","","","Command of Evidence","","rw,passage:R032,arch:RW_COE_003,sim:rw_command_of_evidence_cause_effect,fp:a8538b1f24cb"
"SAT_RW_23","SAT_RW_Practice_v23","rw_questions_23","1450+","SAT_RW_23_M2_Q13","RW","2","hard","13","Information and Ideas","Command of Evidence","RW_COE_004","Use textual or quantitative evidence","purpose_sentence","Hard","1","multiple_choice","Anthropologist Leila Haddad argues that a group of clay tokens found near an ancient storage room were used to track grain distribution. The tokens were similar in size, suggesting that they may have represented repeated units rather than decorative objects. The strongest evidence comes from residues on the tokens: several contain microscopic starch grains that match the wheat stored in the adjacent jars, and the tokens were found in clusters beside doorways rather than mixed randomly with household objects.","Which choice best describes the evidence that most directly supports Haddad's argument?","The tokens were made of clay, a material common in many ancient settlements.","The storage room contained jars, but the jars were not decorated with painted designs.","Household objects were found in other parts of the site, away from the storage room.","Starch residues matching stored wheat were found on clustered tokens near the storage room.","D","4","The matching starch residues and the tokens' clustered location near storage directly support the idea that the tokens tracked grain distribution.","70","none","{}","","","","","","Command of Evidence","","rw,passage:R033,arch:RW_COE_004,sim:rw_command_of_evidence_purpose_sentence,fp:0e2988cfad77"
"SAT_RW_23","SAT_RW_Practice_v23","rw_questions_23","1450+","SAT_RW_23_M2_Q14","RW","2","hard","14","Information and Ideas","Inferences","RW_INF_004","Draw supported conclusions","word_function","Hard","1","multiple_choice","At a botanical garden, researchers noticed that a rare orchid produced many flowers but few seeds. Hand-pollination experiments showed that the flowers could develop seeds when pollen was transferred between plants, so the plants themselves were capable of seed production. Cameras later recorded that the orchid's usual bee visitors often entered flowers but left without touching the pollen-bearing structures. The researchers began investigating whether the flower's shape had shifted out of alignment with its visitors' behavior.","Which choice is most strongly supported by the text?","The orchid cannot produce seeds even when pollen is transferred by hand.","The bee visitors avoid the orchid's flowers completely.","The researchers concluded that the orchid produces too few flowers to attract pollinators.","The orchid's low seed production may be related to a mismatch between flower structure and pollinator behavior.","D","4","Hand-pollination can produce seeds, and bees often fail to touch pollen-bearing structures. This supports the inference of a structural-behavioral mismatch.","70","none","{}","","","","","","Inferences","","rw,passage:R034,arch:RW_INF_004,sim:rw_inferences_word_function,fp:40a7f5c6d253"
"SAT_RW_23","SAT_RW_Practice_v23","rw_questions_23","1450+","SAT_RW_23_M2_Q15","RW","2","hard","15","Information and Ideas","Inferences","RW_INF_005","Draw supported conclusions","revision_goal","Hard","1","multiple_choice","Economist Marta Singh studied a town that introduced late-evening bus service. Restaurant owners near the final stops reported higher sales after the change, but shops that closed before evening saw no similar increase. The ridership data showed many passengers leaving work after regular retail hours, and several restaurants advertised late-night specials near bus shelters. Singh noted that the bus route did not pass through the town's main shopping district until after most stores there had closed.","Which inference about the bus service is best supported by the text?","The service caused all businesses in the town to increase sales equally.","The service likely benefited businesses that were open when the buses brought riders nearby.","The service was designed primarily to reduce daytime traffic in the shopping district.","The restaurants near the final stops had lower sales after the service began.","B","2","The reported sales increase occurred at restaurants near final stops, while closed shops did not benefit. Timing and location likely mattered.","70","none","{}","","","","","","Inferences","","rw,passage:R035,arch:RW_INF_005,sim:rw_inferences_revision_goal,fp:0a912ff3e03b"
"SAT_RW_23","SAT_RW_Practice_v23","rw_questions_23","1450+","SAT_RW_23_M2_Q16","RW","2","hard","16","Standard English Conventions","Boundaries","SEC.BND","Boundaries","semicolon_independent_clauses","Hard","1","multiple_choice","The exhibit featured sketches by Amara Singh ____ an illustrator whose work influenced several younger artists in the city.","Which choice completes the text so that it conforms to the conventions of Standard English?","and","as",";",",","D","4","The phrase ""an illustrator whose work influenced several younger artists in the city"" renames Amara Singh and should be set off with a comma. The other choices do not correctly attach the appositive phrase to the name.","50","none","{}","","","","","","Boundaries","","rw,sec,grammar,arch:SEC-BND-007,sim:SEC.BND:sentence_boundary_period:B. internal punctuation nearby,fp:a6c556ed2f74,ctx:CTX-GRM-008,tier:SEC2"
"SAT_RW_23","SAT_RW_Practice_v23","rw_questions_23","1450+","SAT_RW_23_M2_Q17","RW","2","hard","17","Standard English Conventions","Boundaries","SEC.BND","Boundaries","semicolon_independent_clauses","Hard","1","multiple_choice","The sensors recorded humidity every ten minutes ____ the battery pack stored enough power for three weeks of monitoring.","Which choice completes the text so that it conforms to the conventions of Standard English?",";",",","and,","because","A","1","A semicolon correctly joins the two closely related independent clauses. A comma alone creates a comma splice, ""and,"" misplaces the comma, and ""because"" makes the relationship illogical.","50","none","{}","","","","","","Boundaries","","rw,sec,grammar,arch:SEC-BND-004,sim:SEC.BND:sentence_boundary_semicolon:D. academic register,fp:36c7b90979cb,ctx:CTX-GRM-009,tier:SEC3"
"SAT_RW_23","SAT_RW_Practice_v23","rw_questions_23","1450+","SAT_RW_23_M2_Q18","RW","2","hard","18","Standard English Conventions","Boundaries","SEC.BND","Boundaries","colon_list","Hard","1","multiple_choice","The grant application required three documents ____ a budget, a project timeline, and a letter from the host institution.","Which choice completes the text so that it conforms to the conventions of Standard English?",":",";","and",",","A","1","A colon correctly introduces the list of three documents after a complete independent clause. The other punctuation choices do not introduce the list correctly.","50","none","{}","","","","","","Boundaries","","rw,sec,grammar,arch:SEC-BND-009,sim:SEC.BND:sentence_boundary_period:D. academic register,fp:5a3432cb3a23,ctx:CTX-GRM-010,tier:SEC3"
"SAT_RW_23","SAT_RW_Practice_v23","rw_questions_23","1450+","SAT_RW_23_M2_Q19","RW","2","hard","19","Standard English Conventions","Form, Structure, and Sense","SEC.FSS","Form, Structure, and Sense","subject_verb_intervening_phrase","Hard","1","multiple_choice","The archive's collection of field recordings, along with the curator's notes, ____ how regional accents shifted over several decades.","Which choice completes the text so that it conforms to the conventions of Standard English?","show","have shown","showing","shows","D","4","The subject is the singular noun ""collection."" The intervening phrase ""along with the curator's notes"" does not change the subject, so ""shows"" is correct.","50","none","{}","","","","","","Form, Structure, and Sense","","rw,sec,grammar,arch:SEC-FSS-009,sim:SEC.FSS:verb_tense_sequence:D. logic cue,fp:444d774fafb2,ctx:CTX-GRM-011,tier:SEC3"
"SAT_RW_23","SAT_RW_Practice_v23","rw_questions_23","1450+","SAT_RW_23_M2_Q20","RW","2","hard","20","Standard English Conventions","Form, Structure, and Sense","SEC.FSS","Form, Structure, and Sense","pronoun_possessive","Hard","1","multiple_choice","By comparing satellite images taken ten years apart, the researchers found that the river had gradually shifted ____ channel toward the eastern edge of the floodplain.","Which choice completes the text so that it conforms to the conventions of Standard English?","its","it's","their","there","A","1","""Its"" is the correct possessive pronoun referring to the singular noun ""river."" ""It's"" means ""it is,"" and ""their"" and ""there"" do not fit the sentence.","50","none","{}","","","","","","Form, Structure, and Sense","","rw,sec,grammar,arch:SEC-FSS-005,sim:SEC.FSS:subject_verb_agreement:E. expanded syntax,fp:2d7e41fe5325,ctx:CTX-GRM-012,tier:SEC4"
"SAT_RW_23","SAT_RW_Practice_v23","rw_questions_23","1450+","SAT_RW_23_M2_Q21","RW","2","hard","21","Standard English Conventions","Form, Structure, and Sense","SEC.FSS","Form, Structure, and Sense","relative_clause_structure","Hard","1","multiple_choice","To keep the dye from fading, conservators store the textiles in drawers ____ lined with acid-free paper.","Which choice completes the text so that it conforms to the conventions of Standard English?","which","that are","they are","and are","B","2","""That are"" correctly begins a restrictive relative clause modifying ""drawers."" The other choices create an incomplete or illogical structure.","50","none","{}","","","","","","Form, Structure, and Sense","","rw,sec,grammar,arch:SEC-FSS-010,sim:SEC.FSS:verb_tense_sequence:E. expanded syntax,fp:aa90e4a2fb09,ctx:CTX-GRM-013,tier:SEC4"
"SAT_RW_23","SAT_RW_Practice_v23","rw_questions_23","1450+","SAT_RW_23_M2_Q22","RW","2","hard","22","Standard English Conventions","Form, Structure, and Sense","SEC.FSS","Form, Structure, and Sense","correlative_structure","Hard","1","multiple_choice","The committee praised the proposal not because it was inexpensive ____ because it could be completed without closing the community center.","Which choice completes the text so that it conforms to the conventions of Standard English?","but","and","or","so","A","1","The correlative construction is ""not because...but because."" Therefore, ""but"" correctly completes the contrast between the rejected and actual reasons.","50","none","{}","","","","","","Form, Structure, and Sense","","rw,sec,grammar,arch:SEC-FSS-014,sim:SEC.FSS:verb_form_nonfinite:D. logic cue,fp:a6ddc20baa24,ctx:CTX-GRM-014,tier:SEC3"
"SAT_RW_23","SAT_RW_Practice_v23","rw_questions_23","1450+","SAT_RW_23_M2_Q23","RW","2","hard","23","Expression of Ideas","Transitions","RW_TR_004","Select transition that logically connects ideas","paired_text_relation","Hard","1","multiple_choice","The first version of the app stored maps only when users downloaded them manually. ____ the updated version saves frequently visited maps automatically, which helps travelers who lose service unexpectedly.","Which transition best signals the relationship between the two versions of the app?","For example,","Similarly,","By contrast,","In other words,","C","3","The updated version differs from the first version, so ""By contrast,"" logically signals the change.","45","none","{}","","","","","","Transitions","","rw,passage:R036,arch:RW_TR_004,sim:rw_transitions_paired_text_relation,fp:9ae4eb002c31"
"SAT_RW_23","SAT_RW_Practice_v23","rw_questions_23","1450+","SAT_RW_23_M2_Q24","RW","2","hard","24","Expression of Ideas","Transitions","RW_TR_005","Select transition that logically connects ideas","evidence_based_inference","Hard","1","multiple_choice","The pottery fragments were found in a layer above the old floor, so they probably entered the room after the building was abandoned. ____ they should not be treated as evidence of what the original occupants cooked.","Which transition best introduces the conclusion about the pottery fragments?","For this reason,","Nevertheless,","For instance,","Similarly,","A","1","The first sentence explains why the fragments may be later intrusions; ""For this reason,"" introduces the resulting conclusion.","45","none","{}","","","","","","Transitions","","rw,passage:R037,arch:RW_TR_005,sim:rw_transitions_evidence_based_inference,fp:ac7eb6617e16"
"SAT_RW_23","SAT_RW_Practice_v23","rw_questions_23","1450+","SAT_RW_23_M2_Q25","RW","2","hard","25","Expression of Ideas","Transitions","RW_TR_006","Select transition that logically connects ideas","main_claim","Hard","1","multiple_choice","The orchestra's new rehearsal schedule gives musicians more time with difficult passages. ____ it leaves less time for full run-throughs before concerts.","Which transition best indicates the contrast in the text?","Consequently,","Likewise,","For example,","However,","D","4","The second sentence presents a drawback that contrasts with the advantage in the first sentence, so ""However,"" is logical.","45","none","{}","","","","","","Transitions","","rw,passage:R038,arch:RW_TR_006,sim:rw_transitions_main_claim,fp:38bc6a29cd68"
"SAT_RW_23","SAT_RW_Practice_v23","rw_questions_23","1450+","SAT_RW_23_M2_Q26","RW","2","hard","26","Expression of Ideas","Rhetorical Synthesis","RW_RS_004","Use notes to achieve a writing goal","verb_pronoun_agreement","Hard","1","multiple_choice","While researching a topic, a student has taken the following notes:
- Soil scientist Rattan Lal studies how farming practices affect carbon storage in soil.
- Plant roots add carbon-rich material to soil as they grow and decay.
- Reducing tillage can help soil retain more of this material.
- Lal argues that soil management can contribute to climate solutions.","The student wants to explain the connection between farming practices and carbon storage. Which choice most effectively uses relevant information from the notes to accomplish this goal?","Rattan Lal studies soil science and has written about farming practices that are used in many regions.","Plant roots grow and decay in soil, and some scientists study how soil management works.","Because plant roots add carbon-rich material to soil, practices such as reducing tillage can help soil retain more carbon.","Reducing tillage is one farming practice, while climate solutions include many other approaches.","C","3","The correct choice explains the mechanism: roots add carbon-rich material, and reducing tillage helps soil retain it.","70","none","{}","","","","","","Rhetorical Synthesis","","rw,passage:R039,arch:RW_RS_004,sim:rw_rhetorical_synthesis_verb_pronoun_agreement,fp:15b67367aea5"
"SAT_RW_23","SAT_RW_Practice_v23","rw_questions_23","1450+","SAT_RW_23_M2_Q27","RW","2","hard","27","Expression of Ideas","Rhetorical Synthesis","RW_RS_005","Use notes to achieve a writing goal","paired_text_relation","Hard","1","multiple_choice","While researching a topic, a student has taken the following notes:
- The painter Alma Thomas often used bright, repeated blocks of color.
- She was inspired by gardens, music, and space exploration.
- Her painting Resurrection is made of irregular blue, red, and orange shapes around a pale center.
- The painting was acquired by the White House collection in 2015.","The student wants to describe a specific feature of Resurrection. Which choice most effectively uses relevant information from the notes to accomplish this goal?","Alma Thomas was inspired by gardens, music, and space exploration when making paintings.","The White House collection acquired Alma Thomas's Resurrection in 2015.","Alma Thomas often used bright, repeated blocks of color in paintings such as Resurrection.","In Resurrection, Alma Thomas arranged irregular blue, red, and orange shapes around a pale center.","D","4","The correct choice describes the specific visual feature of Resurrection requested by the writing goal.","70","none","{}","","","","","","Rhetorical Synthesis","","rw,passage:R040,arch:RW_RS_005,sim:rw_rhetorical_synthesis_paired_text_relation,fp:de820aec557f"
"SAT_Math_questions.23","Math_V6","math_v6_batch_23","400-800","SAT-MATH-23-M1-Q01","MATH","1","base","1","Algebra","Linear Equations","ALG_LE_001","Solve a one-variable linear equation with constants on both sides","Solve a one-variable linear equation with constants on both sides","E1","1","multiple_choice","","The number t satisfies 5t - 7 = 3t + 9. What is the value of t?","4","6","8","16","C","3","Combine like terms: 5t - 7 = 3t + 9 gives 2t = 16, so t = 8.","75","none","{}","","","","","","solve a one-variable linear equation with constants on both sides","","math,domain:Algebra,skill:ALG_LE_001,arch:MATH_ARCH_001_LINEAR_EQUATION_ONE_VARIABLE,sim:SIM_LINEAR_EQUATIONS_AND_INEQUALITIES,fp:b133ea8f,tier:E1"
"SAT_Math_questions.23","Math_V6","math_v6_batch_23","400-800","SAT-MATH-23-M1-Q02","MATH","1","base","2","Geometry and Trigonometry","Trigonometry","GEO_TRIG_001","Convert between degrees and radians","Convert between degrees and radians","E1","1","multiple_choice","","What is 150 degrees in radians?","π/6","5π/6","2π/3","3π/4","B","2","To convert degrees to radians, multiply by π/180. Thus 150 degrees is 150π/180 = 5π/6 radians.","75","none","{}","","","","","","convert between degrees and radians","","math,domain:Geometry and Trigonometry,skill:GEO_TRIG_001,arch:MATH_ARCH_095_RADIAN_DEGREE_CONVERSION,sim:SIM_ANGLE_UNIT_CONVERSION,fp:93bf77ad,tier:E1"
"SAT_Math_questions.23","Math_V6","math_v6_batch_23","400-800","SAT-MATH-23-M1-Q03","MATH","1","base","3","Algebra","Linear Equations","ALG_LE_002","Clear denominators to solve a linear equation with fractional coefficients","Clear denominators to solve a linear equation with fractional coefficients","M1","1","multiple_choice","","If (x + 4)/3 = (x - 2)/5 + 4, what is the value of x?","11","13","15","17","D","4","Multiply by 15 to get 5(x + 4) = 3(x - 2) + 60. Then 5x + 20 = 3x + 54, so 2x = 34 and x = 17.","75","none","{}","","","","","","clear denominators to solve a linear equation with fractional coefficients","","math,domain:Algebra,skill:ALG_LE_002,arch:MATH_ARCH_002_LINEAR_EQUATION_FRACTIONS,sim:SIM_LINEAR_EQUATIONS_AND_INEQUALITIES,fp:0dbebfc5,tier:M1"
"SAT_Math_questions.23","Math_V6","math_v6_batch_23","400-800","SAT-MATH-23-M1-Q04","MATH","1","base","4","Advanced Math","Nonlinear Functions","ADV_NF_002","Evaluate a function at a given input","Evaluate a function at a given input","M1","1","multiple_choice","","A function is defined by f(x) = 2x^2 - 3x + 5. What is f(-2)?","7","15","19","23","C","3","Substitute -2 for x: f(-2) = 2(4) - 3(-2) + 5 = 8 + 6 + 5 = 19.","75","none","{}","","","","","","evaluate a function at a given input","","math,domain:Advanced Math,skill:ADV_NF_002,arch:MATH_ARCH_063_FUNCTION_EVALUATE,sim:SIM_FUNCTION_NOTATION_AND_VALUES,fp:d3c278d5,tier:M1"
"SAT_Math_questions.23","Math_V6","math_v6_batch_23","400-800","SAT-MATH-23-M1-Q05","MATH","1","base","5","Geometry and Trigonometry","Trigonometry","GEO_TRIG_002","Use sine, cosine, or tangent in right triangle","Use sine, cosine, or tangent in right triangle","M1","1","student_response","","In right triangle ABC, angle B is a right angle, AB = 9, and BC = 12. What is tan A?","","","","","","","For angle A, the opposite side is BC = 12 and the adjacent leg is AB = 9. Therefore tan A = 12/9 = 4/3.","75","right_triangle","{""diagram_type"":""right_triangle"",""render_mode"":""exact_to_scale"",""not_to_scale"":false,""vertices"":[""A"",""B"",""C""],""right_angle_at"":""B"",""side_labels"":{""AB"":""9"",""BC"":""12""},""angle_labels"":{""B"":""90°""},""coordinates"":{""A"":[0,0],""B"":[9,0],""C"":[9,12]},""target"":""tan A""}","","","fraction","4/3","0","use sine, cosine, or tangent in right triangle","","math,domain:Geometry and Trigonometry,skill:GEO_TRIG_002,arch:MATH_ARCH_096_TRIG_RATIO_RIGHT_TRIANGLE,sim:SIM_TRIGONOMETRY_RELATIONSHIPS,fp:55f19f81,tier:M1"
"SAT_Math_questions.23","Math_V6","math_v6_batch_23","400-800","SAT-MATH-23-M1-Q06","MATH","1","base","6","Algebra","Linear Functions","ALG_LF_001","Interpret slope and intercept in a real-world linear model","Interpret slope and intercept in a real-world linear model","M1","1","multiple_choice","","A recreation center charges $18 to register for a class series and $7 for each class attended. The total cost C, in dollars, for attending n classes is C = 18 + 7n. What does the 7 represent?","The registration charge, in dollars","The total cost, in dollars, for 18 classes","The number of classes included with registration","The cost, in dollars, for each class attended","D","4","In C = 18 + 7n, the coefficient of n is the amount added for each class. Thus 7 represents the cost in dollars for each class attended.","75","none","{}","","","","","","interpret slope and intercept in a real-world linear model","","math,domain:Algebra,skill:ALG_LF_001,arch:MATH_ARCH_004_LINEAR_MODEL_INITIAL_RATE,sim:SIM_LINEAR_FUNCTIONS_AND_GRAPHS,fp:fbaf4b43,tier:M1"
"SAT_Math_questions.23","Math_V6","math_v6_batch_23","400-800","SAT-MATH-23-M1-Q07","MATH","1","base","7","Advanced Math","Equivalent Expressions","ADV_EE_001","Simplify expression using exponent rules","Simplify expression using exponent rules","M1","1","student_response","","If 2^a · 2^5 = 2^12, what is the value of a?","","","","","","","When powers with the same base are multiplied, exponents are added: a + 5 = 12. Therefore a = 7.","75","none","{}","","","integer","7","0","simplify expression using exponent rules","","math,domain:Advanced Math,skill:ADV_EE_001,arch:MATH_ARCH_067_EXPONENT_RULES_SIMPLIFY,sim:SIM_EXPONENT_RADICALS,fp:4f8b5571,tier:M1"
"SAT_Math_questions.23","Math_V6","math_v6_batch_23","400-800","SAT-MATH-23-M1-Q08","MATH","1","base","8","Problem-Solving and Data Analysis","Percentages","PSD_PCT_001","Compute a percent of a whole or identify percent from part/whole","Compute a percent of a whole or identify percent from part/whole","M1","1","multiple_choice","","A school club sold 240 raffle tickets. If 15% of the tickets were sold on Friday, how many tickets were sold on Friday?","36","16","40","225","A","1","Compute 15% of 240: 0.15 × 240 = 36. So 36 tickets were sold on Friday.","75","none","{}","","","","","","compute a percent of a whole or identify percent from part/whole","","math,domain:Problem-Solving and Data Analysis,skill:PSD_PCT_001,arch:MATH_ARCH_042_PERCENT_OF_WHOLE,sim:SIM_PERCENT_RELATIONSHIPS,fp:5bbad884,tier:M1"
"SAT_Math_questions.23","Math_V6","math_v6_batch_23","400-800","SAT-MATH-23-M1-Q09","MATH","1","base","9","Geometry and Trigonometry","Trigonometry","GEO_TRIG_003","Use complementary angle trig relationships","Use complementary angle trig relationships","M1","1","multiple_choice","","In a right triangle, acute angles A and B are complementary. If sin A = 0.6, which expression is also equal to 0.6?","cos B","sin B","tan B","1/cos B","A","1","For complementary acute angles, sin A = cos(90° - A). Since B = 90° - A, sin A = cos B.","75","none","{}","","","","","","use complementary angle trig relationships","","math,domain:Geometry and Trigonometry,skill:GEO_TRIG_003,arch:MATH_ARCH_097_TRIG_COMPLEMENTARY,sim:SIM_TRIGONOMETRY_RELATIONSHIPS,fp:c42c488a,tier:M1"
"SAT_Math_questions.23","Math_V6","math_v6_batch_23","400-800","SAT-MATH-23-M1-Q10","MATH","1","base","10","Algebra","Linear Functions","ALG_LF_004","Find slope from two coordinate points","Find slope from two coordinate points","M1","1","multiple_choice","","The water level in a tank was 5 inches at 2 minutes before a sensor reset and -7 inches relative to the same mark 4 minutes after the reset. What is the slope of the line through the points (-2, 5) and (4, -7)?","-3","-1","-2","2","C","3","The slope is change in y divided by change in x: (-7 - 5)/(4 - (-2)) = -12/6 = -2.","75","none","{}","","","","","","find slope from two coordinate points","","math,domain:Algebra,skill:ALG_LF_004,arch:MATH_ARCH_007_LINEAR_GRAPH_SLOPE_FROM_POINTS,sim:SIM_LINEAR_FUNCTIONS_AND_GRAPHS,fp:6a6efd2e,tier:M1"
"SAT_Math_questions.23","Math_V6","math_v6_batch_23","400-800","SAT-MATH-23-M1-Q11","MATH","1","base","11","Advanced Math","Equivalent Expressions","ADV_EE_002","Simplify radicals and rational exponents","Simplify radicals and rational exponents","M1","1","multiple_choice","","Which expression is equivalent to √72?","12√6","6√2","8√3","36","B","2","Since 72 = 36 × 2, √72 = √36 · √2 = 6√2.","75","none","{}","","","","","","simplify radicals and rational exponents","","math,domain:Advanced Math,skill:ADV_EE_002,arch:MATH_ARCH_068_RADICAL_SIMPLIFY,sim:SIM_EXPONENT_RADICALS,fp:2f9c01bc,tier:M1"
"SAT_Math_questions.23","Math_V6","math_v6_batch_23","400-800","SAT-MATH-23-M1-Q12","MATH","1","base","12","Problem-Solving and Data Analysis","Probability","PSD_PROB_001","Compute probability from a two-way table with correct denominator","Compute probability from a two-way table with correct denominator","M2","1","multiple_choice","","The table shows the activities chosen by 60 students. If one student represented in the table is selected at random, what is the probability that the student chose robotics?","1/3","1/2","3/5","5/6","B","2","There are 30 students who chose robotics out of 60 students total. The probability is 30/60 = 1/2.","95","table","{}","| Activity | Grade 10 | Grade 11 | Total |\n|---|---:|---:|---:|\n| Robotics | 18 | 12 | 30 |\n| Theater | 10 | 20 | 30 |\n| Total | 28 | 32 | 60 |","","","","","compute probability from a two-way table with correct denominator","","math,domain:Problem-Solving and Data Analysis,skill:PSD_PROB_001,arch:MATH_ARCH_049_TWO_WAY_TABLE_PROBABILITY,sim:SIM_PROBABILITY_TABLES,fp:abaf3783,tier:M2"
"SAT_Math_questions.23","Math_V6","math_v6_batch_23","400-800","SAT-MATH-23-M1-Q13","MATH","1","base","13","Advanced Math","Equivalent Expressions","ADV_EE_003","Expand polynomial products","Expand polynomial products","M1","1","multiple_choice","","Which expression is equivalent to (x + 4)(x - 7)?","x^2 + 3x - 28","x^2 - 11x - 28","x^2 - 3x - 28","x^2 - 3x + 28","C","3","Multiply the binomials: x^2 - 7x + 4x - 28 = x^2 - 3x - 28.","75","none","{}","","","","","","expand polynomial products","","math,domain:Advanced Math,skill:ADV_EE_003,arch:MATH_ARCH_070_POLYNOMIAL_EXPAND,sim:SIM_POLYNOMIAL_RATIONAL_EXPRESSIONS,fp:7e672330,tier:M1"
"SAT_Math_questions.23","Math_V6","math_v6_batch_23","400-800","SAT-MATH-23-M1-Q14","MATH","1","base","14","Advanced Math","Equivalent Expressions","ADV_EE_004","Factor polynomial expression","Factor polynomial expression","M2","1","multiple_choice","","Which expression is equivalent to x^2 + 5x - 24?","(x + 8)(x - 3)","(x - 8)(x + 3)","(x + 6)(x - 4)","(x + 12)(x - 2)","A","1","The factors of -24 that sum to 5 are 8 and -3, so x^2 + 5x - 24 = (x + 8)(x - 3).","95","none","{}","","","","","","factor polynomial expression","","math,domain:Advanced Math,skill:ADV_EE_004,arch:MATH_ARCH_071_POLYNOMIAL_FACTOR,sim:SIM_POLYNOMIAL_RATIONAL_EXPRESSIONS,fp:e19657d7,tier:M2"
"SAT_Math_questions.23","Math_V6","math_v6_batch_23","400-800","SAT-MATH-23-M1-Q15","MATH","1","base","15","Algebra","Linear Functions","ALG_LF_006","Write the equation of a line through two points","Write the equation of a line through two points","M2","1","multiple_choice","","A line passes through the points (-1, 4) and (3, 12). Which equation represents the line?","y = 2x + 2","y = 4x + 8","y = 2x + 6","y = -2x + 6","C","3","The slope is (12 - 4)/(3 - (-1)) = 8/4 = 2. Using (3, 12), 12 = 2(3) + b, so b = 6. The line is y = 2x + 6.","95","none","{}","","","","","","write the equation of a line through two points","","math,domain:Algebra,skill:ALG_LF_006,arch:MATH_ARCH_009_LINEAR_GRAPH_EQUATION_FROM_POINTS,sim:SIM_LINEAR_FUNCTIONS_AND_GRAPHS,fp:bb431399,tier:M2"
"SAT_Math_questions.23","Math_V6","math_v6_batch_23","400-800","SAT-MATH-23-M1-Q16","MATH","1","base","16","Problem-Solving and Data Analysis","Ratios Rates and Proportions","PSD_RRP_002","Use a ratio of ingredients to find amount in a mixture","Use a ratio of ingredients to find amount in a mixture","M2","1","multiple_choice","","A fruit punch recipe uses apple juice and grape juice in a ratio of 3 cups to 5 cups. If a batch contains 48 cups of punch, how many cups of grape juice are in the batch?","18","24","27","30","D","4","The ratio has 3 + 5 = 8 total parts. Grape juice is 5/8 of the batch, so the amount is (5/8)(48) = 30 cups.","95","none","{}","","","","","","use a ratio of ingredients to find amount in a mixture","","math,domain:Problem-Solving and Data Analysis,skill:PSD_RRP_002,arch:MATH_ARCH_033_RATIO_MIXTURE_UNITS,sim:SIM_RATIOS_RATES_PROPORTIONS,fp:b668191e,tier:M2"
"SAT_Math_questions.23","Math_V6","math_v6_batch_23","400-800","SAT-MATH-23-M1-Q17","MATH","1","base","17","Advanced Math","Nonlinear Functions","ADV_NF_009","Solve quadratic equation by factoring","Solve quadratic equation by factoring","M2","1","student_response","","The solutions to x^2 - 9x + 20 = 0 are a and b, where a < b. What is the value of a?","","","","","","","Factor the quadratic: x^2 - 9x + 20 = (x - 4)(x - 5). The solutions are 4 and 5, so the smaller solution is 4.","95","none","{}","","","integer","4","0","solve quadratic equation by factoring","","math,domain:Advanced Math,skill:ADV_NF_009,arch:MATH_ARCH_075_QUADRATIC_SOLVE_FACTOR,sim:SIM_QUADRATIC_SOLVING,fp:fbe4589f,tier:M2"
"SAT_Math_questions.23","Math_V6","math_v6_batch_23","400-800","SAT-MATH-23-M1-Q18","MATH","1","base","18","Algebra","Systems of Equations","ALG_SYS_002","Solve a 2x2 linear system by elimination","Solve a 2x2 linear system by elimination","M2","1","student_response","","For the system 2x + 3y = 19 and x - y = 2, what is the value of x?","","","","","","","From x - y = 2, x = y + 2. Substitute into 2x + 3y = 19: 2(y + 2) + 3y = 19, so 5y = 15 and y = 3. Then x = 5.","95","none","{}","","","integer","5","0","solve a 2x2 linear system by elimination","","math,domain:Algebra,skill:ALG_SYS_002,arch:MATH_ARCH_016_SYSTEM_SOLVE_ELIMINATION,sim:SIM_LINEAR_SYSTEMS,fp:314d6c20,tier:M2"
"SAT_Math_questions.23","Math_V6","math_v6_batch_23","400-800","SAT-MATH-23-M1-Q19","MATH","1","base","19","Algebra","Systems of Equations","ALG_SYS_004","Combine equations to solve directly for x+y or a linear combination","Combine equations to solve directly for x+y or a linear combination","H2","1","multiple_choice","","For the system 3x + 2y = 24 and 2x + 3y = 21, what is the value of x + y?","7","8","10","9","D","4","Add the equations: 5x + 5y = 45. Divide by 5 to get x + y = 9.","120","none","{}","","","","","","combine equations to solve directly for x+y or a linear combination","","math,domain:Algebra,skill:ALG_SYS_004,arch:MATH_ARCH_018_SYSTEM_SUM_DIRECT,sim:SIM_LINEAR_SYSTEMS,fp:ae2e32a1,tier:H2"
"SAT_Math_questions.23","Math_V6","math_v6_batch_23","400-800","SAT-MATH-23-M1-Q20","MATH","1","base","20","Advanced Math","Nonlinear Functions","ADV_NF_004","Evaluate nested or composed functions","Evaluate nested or composed functions","H2","1","multiple_choice","","Functions f and g are defined by f(x) = 2x - 1 and g(x) = x^2 + 3. What is f(g(4))?","22","31","37","49","C","3","First compute g(4) = 4^2 + 3 = 19. Then f(g(4)) = f(19) = 2(19) - 1 = 37.","120","none","{}","","","","","","evaluate nested or composed functions","","math,domain:Advanced Math,skill:ADV_NF_004,arch:MATH_ARCH_065_FUNCTION_COMPOSITION,sim:SIM_FUNCTION_NOTATION_AND_VALUES,fp:6b709025,tier:H2"
"SAT_Math_questions.23","Math_V6","math_v6_batch_23","400-800","SAT-MATH-23-M1-Q21","MATH","1","base","21","Problem-Solving and Data Analysis","Ratios Rates and Proportions","PSD_RRP_004","Set up a proportion to meet a target composition after adding items","Set up a proportion to meet a target composition after adding items","H2","1","student_response","","A jar contains 8 red marbles and 12 blue marbles. How many red marbles must be added so that red marbles make up 60% of the marbles in the jar?","","","","","","","Let x be the number of red marbles added. Then (8 + x)/(20 + x) = 0.60. Solving gives 8 + x = 12 + 0.6x, so 0.4x = 4 and x = 10.","120","none","{}","","","integer","10","0","set up a proportion to meet a target composition after adding items","","math,domain:Problem-Solving and Data Analysis,skill:PSD_RRP_004,arch:MATH_ARCH_035_PROPORTION_INVENTORY_TARGET,sim:SIM_RATIOS_RATES_PROPORTIONS,fp:3eb64b4b,tier:H2"
"SAT_Math_questions.23","Math_V6","math_v6_batch_23","400-800","SAT-MATH-23-M1-Q22","MATH","1","base","22","Algebra","Systems of Equations","ALG_SYS_008","Find maximum possible coordinate from two linear inequalities","Find maximum possible coordinate from two linear inequalities","H2","1","student_response","","For nonnegative integers x and y, suppose 2x + y ≤ 41 and x + 3y ≤ 36. What is the maximum possible value of x?","","","","","","","To maximize x, use the smallest possible nonnegative integer value of y, which is 0. Then 2x ≤ 41, so x ≤ 20.5, and x + 3y ≤ 36 gives x ≤ 36. Thus the greatest integer x is 20.","120","none","{}","","","integer","20","0","find maximum possible coordinate from two linear inequalities","","math,domain:Algebra,skill:ALG_SYS_008,arch:MATH_ARCH_027_SYSTEM_INEQUALITIES_MAX_COORDINATE,sim:SIM_LINEAR_SYSTEMS,fp:bef94f6f,tier:H2"
"SAT_Math_questions.23","Math_V6","math_v6_batch_23","400-800","SAT-MATH-23-M2-Q01","MATH","2","hard","1","Algebra","Linear Functions","ALG_LF_003","Solve for input when a linear model reaches a target value","Solve for input when a linear model reaches a target value","M2","1","multiple_choice","","A copy card starts with 450 credits. Each print job uses 18 credits. After how many print jobs will the card have 126 credits remaining?","12","16","18","24","C","3","Let j be the number of print jobs. The remaining credits are 450 - 18j. Solve 450 - 18j = 126 to get 18j = 324, so j = 18.","95","none","{}","","","","","","solve for input when a linear model reaches a target value","","math,domain:Algebra,skill:ALG_LF_003,arch:MATH_ARCH_006_LINEAR_MODEL_SOLVE_TARGET,sim:SIM_LINEAR_FUNCTIONS_AND_GRAPHS,fp:585abb9b,tier:M2"
"SAT_Math_questions.23","Math_V6","math_v6_batch_23","400-800","SAT-MATH-23-M2-Q02","MATH","2","hard","2","Algebra","Systems of Equations","ALG_SYS_003","Solve a 2x2 linear system by substitution","Solve a 2x2 linear system by substitution","M2","1","multiple_choice","","For the system y = 2x + 3 and 3x + y = 23, what is the value of y?","7","11","13","20","B","2","Substitute y = 2x + 3 into 3x + y = 23: 3x + 2x + 3 = 23. Then 5x = 20, so x = 4 and y = 2(4) + 3 = 11.","95","none","{}","","","","","","solve a 2x2 linear system by substitution","","math,domain:Algebra,skill:ALG_SYS_003,arch:MATH_ARCH_017_SYSTEM_SOLVE_SUBSTITUTION,sim:SIM_LINEAR_SYSTEMS,fp:44b5c4d6,tier:M2"
"SAT_Math_questions.23","Math_V6","math_v6_batch_23","400-800","SAT-MATH-23-M2-Q03","MATH","2","hard","3","Problem-Solving and Data Analysis","Ratios Rates and Proportions","PSD_RRP_003","Solve a direct proportion from two equivalent ratios","Solve a direct proportion from two equivalent ratios","M2","1","multiple_choice","","At a school store, 7 notebooks cost $18.20. At the same rate, what is the cost of 12 notebooks?","$25.20","$28.60","$30.00","$31.20","D","4","The unit price is 18.20 ÷ 7 = 2.60 dollars per notebook. For 12 notebooks, the cost is 12 × 2.60 = 31.20 dollars.","95","none","{}","","","","","","solve a direct proportion from two equivalent ratios","","math,domain:Problem-Solving and Data Analysis,skill:PSD_RRP_003,arch:MATH_ARCH_034_PROPORTION_DIRECT,sim:SIM_RATIOS_RATES_PROPORTIONS,fp:d1f4c75c,tier:M2"
"SAT_Math_questions.23","Math_V6","math_v6_batch_23","400-800","SAT-MATH-23-M2-Q04","MATH","2","hard","4","Algebra","Linear Equations","ALG_LE_007","Find greatest or least expression value from a linear inequality","Find greatest or least expression value from a linear inequality","M2","1","student_response","","A value x satisfies 5x - 7 ≤ 38. What is the greatest integer value of x?","","","","","","","Add 7 to both sides to get 5x ≤ 45. Divide by 5 to get x ≤ 9, so the greatest integer value is 9.","95","none","{}","","","integer","9","0","find greatest or least expression value from a linear inequality","","math,domain:Algebra,skill:ALG_LE_007,arch:MATH_ARCH_024_INEQUALITY_GREATEST_LEAST_VALUE,sim:SIM_LINEAR_EQUATIONS_AND_INEQUALITIES,fp:62a0f1f6,tier:M2"
"SAT_Math_questions.23","Math_V6","math_v6_batch_23","400-800","SAT-MATH-23-M2-Q05","MATH","2","hard","5","Algebra","Systems of Equations","ALG_SYS_009","Identify quadrants containing solutions to a system of inequalities","Identify quadrants containing solutions to a system of inequalities","H2","1","multiple_choice","","All points (x, y) that satisfy y > 2x + 3 and y < x - 1 lie in which quadrant?","Quadrant III","Quadrant I","Quadrant II","Quadrant IV","A","1","For a solution to exist, 2x + 3 < x - 1, so x < -4. Since y < x - 1, y is less than a negative number and must be negative. Thus x < 0 and y < 0, which is Quadrant III.","120","none","{}","","","","","","identify quadrants containing solutions to a system of inequalities","","math,domain:Algebra,skill:ALG_SYS_009,arch:MATH_ARCH_028_SYSTEM_INEQUALITIES_REGION_QUADRANTS,sim:SIM_LINEAR_SYSTEMS,fp:92073b23,tier:H2"
"SAT_Math_questions.23","Math_V6","math_v6_batch_23","400-800","SAT-MATH-23-M2-Q06","MATH","2","hard","6","Problem-Solving and Data Analysis","Ratios Rates and Proportions","PSD_RRP_008","Convert units through multiple conversion factors","Convert units through multiple conversion factors","H2","1","multiple_choice","","A machine fills containers at a rate of 3.6 liters per minute. How many milliliters does it fill in 45 seconds? (1 liter = 1,000 milliliters)","162","2,700","4,800","270","B","2","Since 45 seconds is 0.75 minute, the volume is 3.6 × 0.75 = 2.7 liters. Converting to milliliters gives 2.7 × 1,000 = 2,700 milliliters.","120","none","{}","","","","","","convert units through multiple conversion factors","","math,domain:Problem-Solving and Data Analysis,skill:PSD_RRP_008,arch:MATH_ARCH_039_UNIT_CONVERSION_CHAIN,sim:SIM_RATIOS_RATES_PROPORTIONS,fp:a1870c85,tier:H2"
"SAT_Math_questions.23","Math_V6","math_v6_batch_23","400-800","SAT-MATH-23-M2-Q07","MATH","2","hard","7","Advanced Math","Nonlinear Functions","ADV_NF_015","Find imaginary solutions of a quadratic equation","Find imaginary solutions of a quadratic equation","H2","1","student_response","","The solutions to x^2 + 49 = 0 are x = ±ki, where k is positive. What is the value of k?","","","","","","","From x^2 + 49 = 0, x^2 = -49. Taking square roots gives x = ±7i, so k = 7.","120","none","{}","","","integer","7","0","find imaginary solutions of a quadratic equation","","math,domain:Advanced Math,skill:ADV_NF_015,arch:MATH_ARCH_083_COMPLEX_QUADRATIC_ROOTS,sim:SIM_QUADRATIC_SOLVING,fp:34c38fe4,tier:H2"
"SAT_Math_questions.23","Math_V6","math_v6_batch_23","400-800","SAT-MATH-23-M2-Q08","MATH","2","hard","8","Algebra","Systems of Equations","ALG_SYS_010","Translate multi-constraint budget/resource situation into inequalities","Translate multi-constraint budget/resource situation into inequalities","H2","1","multiple_choice","","A club buys n notebooks that cost $2 each and f folders that cost $3 each. The club can spend at most $36, must buy at least 5 notebooks, and must buy at least 14 items total. Which system of inequalities represents this situation?","2n + 3f ≤ 36, n ≥ 5, n + f ≥ 14","2n + 3f ≥ 36, n ≥ 5, n + f ≥ 14","2n + 3f ≤ 36, n ≤ 5, n + f ≥ 14","2n + 3f ≤ 36, n ≥ 5, n + f ≤ 14","A","1","The total cost is 2n + 3f and cannot exceed 36, so 2n + 3f ≤ 36. At least 5 notebooks means n ≥ 5, and at least 14 total items means n + f ≥ 14.","120","none","{}","","","","","","translate multi-constraint budget/resource situation into inequalities","","math,domain:Algebra,skill:ALG_SYS_010,arch:MATH_ARCH_030_BUDGET_SYSTEM_INEQUALITIES,sim:SIM_LINEAR_SYSTEMS,fp:345f5954,tier:H2"
"SAT_Math_questions.23","Math_V6","math_v6_batch_23","400-800","SAT-MATH-23-M2-Q09","MATH","2","hard","9","Algebra","Linear Equations","ALG_LE_011","Solve inequality with discrete rounding or ceiling/floor interpretation","Solve inequality with discrete rounding or ceiling/floor interpretation","H2","1","multiple_choice","","An elevator can carry at most 1,250 kilograms. A worker with equipment has a mass of 82 kilograms, and each crate has a mass of 42 kilograms. What is the greatest number of crates the worker can take on one elevator trip?","26","28","27","29","C","3","Let c be the number of crates. The inequality is 42c + 82 ≤ 1,250. Then 42c ≤ 1,168, so c ≤ 27.8. The greatest whole number of crates is 27.","120","none","{}","","","","","","solve inequality with discrete rounding or ceiling/floor interpretation","","math,domain:Algebra,skill:ALG_LE_011,arch:MATH_ARCH_031_INTEGER_ROUNDING_INEQUALITY,sim:SIM_LINEAR_EQUATIONS_AND_INEQUALITIES,fp:28339688,tier:H2"
"SAT_Math_questions.23","Math_V6","math_v6_batch_23","400-800","SAT-MATH-23-M2-Q10","MATH","2","hard","10","Advanced Math","Nonlinear Functions","ADV_NF_001","Determine parameters for a line and parabola system with two real solutions","Determine parameters for a line and parabola system with two real solutions","H3","1","multiple_choice","","The parabola y = x^2 - 6x + 11 intersects the horizontal line y = k in exactly two points. Which value of k could satisfy this condition?","0","2","3","-1","C","3","Rewrite the parabola as y = (x - 3)^2 + 2, so its minimum value is 2. A horizontal line y = k intersects it in exactly two points when k > 2. Of the choices, only 3 is greater than 2.","140","none","{}","","","","","","determine parameters for a line and parabola system with two real solutions","","math,domain:Advanced Math,skill:ADV_NF_001,arch:MATH_ARCH_022_SYSTEM_QUADRATIC_LINE_TWO_SOLUTIONS,sim:SIM_QUADRATIC_SOLVING,fp:2ac24e5d,tier:H3"
"SAT_Math_questions.23","Math_V6","math_v6_batch_23","400-800","SAT-MATH-23-M2-Q11","MATH","2","hard","11","Geometry and Trigonometry","Triangles","GEO_TRI_004","Use 30-60-90 or 45-45-90 triangle ratios","Use 30-60-90 or 45-45-90 triangle ratios","H3","1","multiple_choice","","In right triangle ABC, angle B is 90°, angle A is 30°, and hypotenuse AC has length 18. What is the length of BC?","6","9","9√3","18√3","B","2","In a 30-60-90 triangle, the side opposite the 30° angle is half the hypotenuse. Since BC is opposite angle A and AC = 18, BC = 18/2 = 9.","140","right_triangle","{""diagram_type"":""right_triangle"",""render_mode"":""near_to_scale"",""not_to_scale"":true,""vertices"":[""A"",""B"",""C""],""right_angle_at"":""B"",""side_labels"":{""AC"":""18"",""BC"":""x""},""angle_labels"":{""A"":""30°"",""B"":""90°""},""target"":""BC""}","","","","","","use 30-60-90 or 45-45-90 triangle ratios","","math,domain:Geometry and Trigonometry,skill:GEO_TRI_004,arch:MATH_ARCH_087_SPECIAL_RIGHT_TRIANGLES,sim:SIM_SPECIAL_RIGHT_TRIANGLES,fp:6323c126,tier:H3"
"SAT_Math_questions.23","Math_V6","math_v6_batch_23","400-800","SAT-MATH-23-M2-Q12","MATH","2","hard","12","Problem-Solving and Data Analysis","Probability","PSD_PROB_002","Compute conditional probability from a table subset","Compute conditional probability from a table subset","H3","1","multiple_choice","","The table shows how 90 students commute and whether they have a parking permit. Among the students who have a parking permit, what is the probability that a randomly selected student commutes by car?","2/5","8/9","16/45","4/5","D","4","The condition is that the student has a parking permit, so the denominator is 40. Of those students, 32 commute by car. The probability is 32/40 = 4/5.","140","table","{}","| Commute method | Has permit | No permit | Total |\n|---|---:|---:|---:|\n| Car | 32 | 8 | 40 |\n| Bus | 6 | 24 | 30 |\n| Bike | 2 | 18 | 20 |\n| Total | 40 | 50 | 90 |","","","","","compute conditional probability from a table subset","","math,domain:Problem-Solving and Data Analysis,skill:PSD_PROB_002,arch:MATH_ARCH_050_CONDITIONAL_PROBABILITY_TABLE,sim:SIM_PROBABILITY_TABLES,fp:d3a1c805,tier:H3"
"SAT_Math_questions.23","Math_V6","math_v6_batch_23","400-800","SAT-MATH-23-M2-Q13","MATH","2","hard","13","Advanced Math","Nonlinear Functions","ADV_NF_006","Solve radical equation and check extraneous solution","Solve radical equation and check extraneous solution","H3","1","multiple_choice","","Which value is the solution to √(x + 6) = x?","3","-2","-2 and 3","9","A","1","Squaring both sides gives x + 6 = x^2, so x^2 - x - 6 = 0. This factors as (x - 3)(x + 2) = 0, giving x = 3 or x = -2. Checking the original equation, x = -2 makes the right side negative, so it is extraneous. The solution is 3.","140","none","{}","","","","","","solve radical equation and check extraneous solution","","math,domain:Advanced Math,skill:ADV_NF_006,arch:MATH_ARCH_069_RADICAL_EQUATION_EXTRANEOUS,sim:SIM_EXPONENT_RADICALS,fp:3814569c,tier:H3"
"SAT_Math_questions.23","Math_V6","math_v6_batch_23","400-800","SAT-MATH-23-M2-Q14","MATH","2","hard","14","Advanced Math","Equivalent Expressions","ADV_EE_005","Simplify rational expression with restrictions","Simplify rational expression with restrictions","H3","1","student_response","","For x ≠ 4 and x ≠ -4, the expression ((x^2 - 16)/(x - 4))/(x + 4) is equal to a constant. What is that constant?","","","","","","","Factor x^2 - 16 as (x - 4)(x + 4). For x ≠ 4 and x ≠ -4, the expression becomes ((x - 4)(x + 4)/(x - 4))/(x + 4) = (x + 4)/(x + 4) = 1.","140","none","{}","","","integer","1","0","simplify rational expression with restrictions","","math,domain:Advanced Math,skill:ADV_EE_005,arch:MATH_ARCH_072_RATIONAL_EXPRESSION_SIMPLIFY,sim:SIM_POLYNOMIAL_RATIONAL_EXPRESSIONS,fp:7410cb28,tier:H3"
"SAT_Math_questions.23","Math_V6","math_v6_batch_23","400-800","SAT-MATH-23-M2-Q15","MATH","2","hard","15","Advanced Math","Nonlinear Functions","ADV_NF_007","Solve rational equation and reject excluded values","Solve rational equation and reject excluded values","H3","1","multiple_choice","","For x ≠ 1 and x ≠ -1, the equation 2/(x - 1) + 3/(x + 1) = 1 has two solutions. What is the sum of the solutions?","0","5","6","-5","B","2","Multiply both sides by (x - 1)(x + 1): 2(x + 1) + 3(x - 1) = x^2 - 1. This simplifies to 5x - 1 = x^2 - 1, so x^2 - 5x = 0. The solutions are 0 and 5, and their sum is 5.","140","none","{}","","","","","","solve rational equation and reject excluded values","","math,domain:Advanced Math,skill:ADV_NF_007,arch:MATH_ARCH_073_RATIONAL_EQUATION_SOLVE,sim:SIM_RATIONAL_EQUATIONS,fp:c9ee2b6f,tier:H3"
"SAT_Math_questions.23","Math_V6","math_v6_batch_23","400-800","SAT-MATH-23-M2-Q16","MATH","2","hard","16","Advanced Math","Nonlinear Functions","ADV_NF_008","Model exponential growth or decay","Model exponential growth or decay","H3","1","multiple_choice","","A bacterial culture starts with 250 bacteria and doubles every 3 hours. After 12 hours, a treatment reduces the population by 20%. How many bacteria remain after the treatment?","2,000","2,500","3,000","3,200","D","4","Twelve hours is four 3-hour periods, so the population first becomes 250 · 2^4 = 4,000. A 20% reduction leaves 80%, so 0.80 · 4,000 = 3,200.","140","none","{}","","","","","","model exponential growth or decay","","math,domain:Advanced Math,skill:ADV_NF_008,arch:MATH_ARCH_074_EXPONENTIAL_GROWTH_DECAY,sim:SIM_EXPONENTIAL_MODELS,fp:d268a763,tier:H3"
"SAT_Math_questions.23","Math_V6","math_v6_batch_23","400-800","SAT-MATH-23-M2-Q17","MATH","2","hard","17","Geometry and Trigonometry","Triangles","GEO_TRI_006","Use similar triangles and scale factors","Use similar triangles and scale factors","H3","1","multiple_choice","","Triangles ABC and DEF are similar, with A corresponding to D, B to E, and C to F. If AB = 6, BC = 9, and DE = 10, what is the length of EF?","15","13.5","12","10.8","A","1","Since AB corresponds to DE, the scale factor from triangle ABC to triangle DEF is 10/6 = 5/3. Side BC corresponds to EF, so EF = 9 · (5/3) = 15.","140","triangle","{""diagram_type"":""similar_triangles"",""render_mode"":""near_to_scale"",""not_to_scale"":true,""triangles"":[{""triangle_id"":""ABC"",""vertices"":[""A"",""B"",""C""],""side_labels"":{""AB"":""6"",""BC"":""9""},""angle_labels"":{}},{""triangle_id"":""DEF"",""vertices"":[""D"",""E"",""F""],""side_labels"":{""DE"":""10"",""EF"":""x""},""angle_labels"":{}}],""correspondence"":{""A"":""D"",""B"":""E"",""C"":""F""},""target"":""EF""}","","","","","","use similar triangles and scale factors","","math,domain:Geometry and Trigonometry,skill:GEO_TRI_006,arch:MATH_ARCH_089_SIMILAR_TRIANGLES_SCALE,sim:SIM_SIMILAR_TRIANGLES,fp:c4cc78b8,tier:H3"
"SAT_Math_questions.23","Math_V6","math_v6_batch_23","400-800","SAT-MATH-23-M2-Q18","MATH","2","hard","18","Advanced Math","Nonlinear Functions","ADV_NF_010","Use quadratic formula to solve or analyze roots","Use quadratic formula to solve or analyze roots","H3","1","multiple_choice","","The solutions to 2x^2 - 7x + 3 = 0 are p and q, where p > q. What is the value of p?","1/2","3","7/4","5/2","B","2","Using the quadratic formula, x = (7 ± √(49 - 24))/4 = (7 ± 5)/4. The solutions are 3 and 1/2, so the larger solution p is 3.","140","none","{}","","","","","","use quadratic formula to solve or analyze roots","","math,domain:Advanced Math,skill:ADV_NF_010,arch:MATH_ARCH_076_QUADRATIC_SOLVE_FORMULA,sim:SIM_QUADRATIC_SOLVING,fp:52f430cf,tier:H3"
"SAT_Math_questions.23","Math_V6","math_v6_batch_23","400-800","SAT-MATH-23-M2-Q19","MATH","2","hard","19","Geometry and Trigonometry","Trigonometry","GEO_TRIG_004","Use benchmark unit-circle values","Use benchmark unit-circle values","H3","1","multiple_choice","","Angle θ is in Quadrant II, and sin θ = 3/5. What is cos θ?","-4/5","4/5","-3/5","3/5","A","1","Using sin^2 θ + cos^2 θ = 1, cos^2 θ = 1 - (3/5)^2 = 16/25. In Quadrant II, cosine is negative, so cos θ = -4/5.","140","none","{}","","","","","","use benchmark unit-circle values","","math,domain:Geometry and Trigonometry,skill:GEO_TRIG_004,arch:MATH_ARCH_098_UNIT_CIRCLE_BENCHMARK,sim:SIM_TRIGONOMETRY_RELATIONSHIPS,fp:5d9f2042,tier:H3"
"SAT_Math_questions.23","Math_V6","math_v6_batch_23","400-800","SAT-MATH-23-M2-Q20","MATH","2","hard","20","Advanced Math","Nonlinear Functions","ADV_NF_011","Complete the square to find vertex or solve","Complete the square to find vertex or solve","H3","1","multiple_choice","","The function f is defined by f(x) = x^2 - 10x + 18. What is the minimum value of f(x)?","-7","-5","7","18","A","1","Complete the square: x^2 - 10x + 18 = (x - 5)^2 - 25 + 18 = (x - 5)^2 - 7. Since (x - 5)^2 is at least 0, the minimum value is -7.","140","none","{}","","","","","","complete the square to find vertex or solve","","math,domain:Advanced Math,skill:ADV_NF_011,arch:MATH_ARCH_077_QUADRATIC_COMPLETE_SQUARE,sim:SIM_QUADRATIC_FEATURES,fp:b741df52,tier:H3"
"SAT_Math_questions.23","Math_V6","math_v6_batch_23","400-800","SAT-MATH-23-M2-Q21","MATH","2","hard","21","Geometry and Trigonometry","Area","GEO_AREA_001","Compute surface area of prism/cylinder or composite solid","Compute surface area of prism/cylinder or composite solid","H3","1","multiple_choice","","A right rectangular prism has dimensions 4, 6, and 9. A cube with edge length 3 is attached to one face of the prism so that a 3-by-3 square face of the cube is completely covered. What is the surface area of the resulting solid?","246","264","282","300","B","2","The prism has surface area 2(4·6 + 4·9 + 6·9) = 228. The cube has surface area 6·3^2 = 54. The 3-by-3 shared square is not exposed on either solid, so subtract 2·9 = 18. The total surface area is 228 + 54 - 18 = 264.","140","none","{}","","","","","","compute surface area of prism/cylinder or composite solid","","math,domain:Geometry and Trigonometry,skill:GEO_AREA_001,arch:MATH_ARCH_100_SOLID_SURFACE_AREA,sim:SIM_SOLID_MEASUREMENT,fp:3161549a,tier:H3"
"SAT_Math_questions.23","Math_V6","math_v6_batch_23","400-800","SAT-MATH-23-M2-Q22","MATH","2","hard","22","Algebra","Systems of Equations","ALG_SYS_006","Find parameter value that makes two linear equations parallel","Find parameter value that makes two linear equations parallel","H3","1","multiple_choice","","For what value of a does the system 3x + ay = 12 and 6x + 10y = 20 have no solution?","3","4","6","5","D","4","For the lines to be parallel, the coefficients of x and y must be proportional. Since 6/3 = 2, we need 10/a = 2, so a = 5. With a = 5, the left side of the second equation is twice the left side of the first, but 20 is not twice 12, so the system has no solution.","140","none","{}","","","","","","find parameter value that makes two linear equations parallel","","math,domain:Algebra,skill:ALG_SYS_006,arch:MATH_ARCH_020_SYSTEM_NO_SOLUTION_PARAMETER,sim:SIM_LINEAR_SYSTEMS,fp:deb6dac1,tier:H3"
