"test_id","exam_version","generation_batch_id","target_score_band","question_id","section","module","route","question_number","content_domain","skill_group","skill_code","skill_label","question_topic","difficulty","scoring_weight","question_type","passage","question","choice_a","choice_b","choice_c","choice_d","correct_answer","correct_choice_index","explanation","time_estimate_sec","visual_type","visual_json","table_markdown","equation_latex","student_response_type","correct_numeric_answer","answer_tolerance","primary_skill","secondary_skill","tags"
"SAT_RW_7","rw_split_v9","7-front","400-600","SAT_RW_7_M1_Q01","RW","1","base","1","Craft and Structure","Words in Context","RW_WIC_002","Determine meaning or function of a word/phrase in context","purpose_sentence","Easy","1","multiple_choice","Marine ecologists monitoring a restored salt marsh noticed that young fish returned quickly after channels were reopened, but their abundance varied sharply from week to week. Early surveys showed dense schools near newly planted cordgrass, while later surveys found fewer fish in those same pockets. The team considered declaring the restoration an immediate success, yet water-temperature records complicated that interpretation: the warmest sampling days coincided with the largest counts. Because juvenile fish often move into shallow water when temperatures rise, the researchers described the apparent restoration effect as tentative. They continued sampling through cooler months and compared restored channels with nearby unrestored ones. By autumn, fish remained more numerous in the restored channels even when temperatures were similar across sites. The later pattern strengthened the team’s confidence, but the early caution proved useful because it prevented a seasonal movement pattern from being mistaken for a lasting habitat effect.","As used in the text, what does “tentative” most nearly mean?","careless","elaborate","unrelated","provisional","D","4","The context shows that the researchers withheld a firm conclusion until seasonal effects could be separated from restoration effects, so “tentative” means provisional.","75","none","{}","","","","","","Words in Context","","rw;passage:R021;arch:RW_WIC_002;sim:rw_words_in_context_purpose_sentence;fp:077346d50f5f;surf:SURF_RW_WIC_002;difficulty_profile:D1;wic;family:direct_meaning;wicarch:WIC_DIRECT_MEANING_01;target:tentative"
"SAT_RW_7","rw_split_v9","7-front","400-600","SAT_RW_7_M1_Q02","RW","1","base","2","Craft and Structure","Words in Context","RW_WIC_003","Determine meaning or function of a word/phrase in context","word_function","Medium","1","multiple_choice","A city library replaced several tall shelving units with lower ones in a children’s room. Staff expected the change to make the space feel more open. Staff members also wanted to know whether the layout would alter how families used the room. During the next month, observers recorded where visitors stopped, how long they stayed, and which shelves children approached without adult help. The new arrangement did not increase total visits, and adults spent roughly the same amount of time in the room as before. Children, however, moved among sections more independently and selected books from a wider range of shelves. In a report, the librarians called this change consequential, not because it drew more people into the building, but because it shifted who initiated book selection once families were inside. That distinction helped the staff decide to keep the lower shelves while avoiding claims that the redesign had increased overall attendance.","Which choice best describes the function of “consequential” in the text?","It marks the shelving change as important because it altered who initiated book selection, even though attendance did not rise.","It suggests that the shelving change mattered chiefly because it attracted many new visitors to the library.","It presents the shelving change as temporary because staff had not yet decided whether to keep it.","It indicates that the shelving change had an effect only on adults rather than on children.","A","1","The passage contrasts unchanged attendance with a meaningful shift in children’s independent selection, so “consequential” identifies that behavioral change as important.","75","none","{}","","","","","","Words in Context","","rw;passage:R141;arch:RW_WIC_003;sim:rw_words_in_context_word_function;fp:ca1dd923a888;surf:SURF_RW_WIC_003;difficulty_profile:D2;wic;family:claim_function;wicarch:WIC_CLAIM_FUNCTION_01;target:consequential"
"SAT_RW_7","rw_split_v9","7-front","400-600","SAT_RW_7_M1_Q03","RW","1","base","3","Craft and Structure","Words in Context","RW_WIC_005","Determine meaning or function of a word/phrase in context","logical_link","Medium","1","multiple_choice","Engineers testing a lightweight bridge sensor wanted the device to detect subtle vibration without reacting strongly to harmless background motion. In laboratory trials, they attached the sensor to a steel beam and produced two kinds of movement: brief impacts similar to footsteps and slow swaying similar to wind-driven motion. An early setting detected nearly every impact but also triggered repeatedly during slow swaying. A revised setting ignored most of the swaying while still identifying the impacts. The engineers described the revised threshold as discriminating because it separated signals associated with sudden force from movements that were common but less informative. They then installed several sensors on a pedestrian bridge for a month. The field data showed the same pattern: the devices recorded clusters during busy crossing periods but remained mostly quiet during windy nights. This result suggested that the threshold was useful not merely because it was sensitive, but because its sensitivity was selective.","Which choice best describes how “discriminating” functions in the engineers’ account?","It criticizes the revised threshold for detecting too few kinds of bridge movement.","It indicates that the revised threshold was designed primarily to measure wind speed.","It characterizes the revised threshold as selective, distinguishing informative impacts from less useful swaying.","It emphasizes that the revised threshold produced identical readings in the laboratory and on the bridge.","C","3","The threshold is praised for separating sudden impacts from common background motion, so the word characterizes selective detection.","75","none","{}","","","","","","Words in Context","","rw;passage:R093;arch:RW_WIC_005;sim:rw_words_in_context_logical_link;fp:6589d91ca8e2;surf:SURF_RW_WIC_005;difficulty_profile:D3;wic;family:relation_function;wicarch:WIC_RELATION_FUNCTION_01;target:discriminating"
"SAT_RW_7","rw_split_v9","7-front","400-600","SAT_RW_7_M1_Q04","RW","1","base","4","Craft and Structure","Text Structure and Purpose","RW_TSP_011","Analyze structure or purpose","contrast","Easy","1","multiple_choice","On a volcanic island, botanists have long debated why one shrub species grows densely on windward slopes but sparsely on the drier leeward side. A survey team first mapped adult plants and measured soil moisture at hundreds of points. The distribution seemed to support a simple moisture explanation: wetter plots usually held more shrubs. The researchers then examined seedling survival after a season of unusually heavy rain. If moisture alone controlled the pattern, leeward seedlings should have survived at rates similar to those on windward slopes. Instead, many leeward seedlings died despite moist soil. Measurements of leaf damage showed that salt carried inland by strong winds was lower in sheltered windward gullies than on exposed leeward ridges. The researchers therefore revised their account. Water availability helps explain where seedlings can establish, but exposure to salt-laden wind also shapes which sites remain suitable after germination, especially during storms.","Which choice best describes the role of the contrast between the initial moisture pattern and the later seedling-survival results?","It proves that soil moisture has no effect on whether shrub seedlings can establish on the island.","It shows that moisture alone cannot fully explain the shrub distribution and motivates consideration of salt exposure as an additional factor.","It establishes that leeward sites receive less rainfall than windward sites during every season.","It shows that adult shrubs, rather than seedlings, are the only plants affected by salt-laden wind.","B","2","The initial mapping supports a moisture explanation, but the later survival results conflict with a moisture-only account and lead the researchers to consider salt exposure.","75","none","{}","","","","","","Text Structure and Purpose","","rw;passage:R117;arch:RW_TSP_011;sim:rw_text_structure_and_purpose_contrast;fp:845b593ed958;surf:SURF_RW_TSP_011;difficulty_profile:D1"
"SAT_RW_7","rw_split_v9","7-front","400-600","SAT_RW_7_M1_Q05","RW","1","base","5","Craft and Structure","Text Structure and Purpose","RW_TSP_001","Analyze structure or purpose","purpose_sentence","Medium","1","multiple_choice","A museum curator studying visitor attention compared two galleries that displayed the same number of objects but organized them differently. One gallery grouped artifacts by material, placing ceramics together, metalwork together, and textiles together. The other arranged objects around everyday activities such as cooking, travel, and trade. Visitor tracking showed that people paused for similar total amounts of time in both spaces. However, interviews revealed a difference in what visitors remembered. Those leaving the activity-based gallery more often described relationships among objects, while those leaving the material-based gallery more often recalled individual techniques. <u>The curator cautioned that neither arrangement was inherently superior; each made a different kind of connection easier to notice.</u> She proposed alternating the two approaches in future exhibitions rather than selecting one as a permanent standard. The comparison, she argued, was most useful when treated as a choice about interpretive goals, not as a contest with a single winning format.","Which choice best describes the function of the underlined sentence in the text as a whole?","It introduces a third gallery arrangement that the curator recommends replacing both existing arrangements.","It disputes the visitor-tracking data by claiming that total time spent in the galleries was measured inaccurately.","It qualifies the comparison by explaining that the two gallery arrangements serve different interpretive purposes rather than forming a simple better-or-worse ranking.","It explains why visitors in the material-based gallery remembered more relationships among objects.","C","3","The underlined sentence prevents the results from being treated as a simple ranking and frames the two layouts as serving different goals.","75","none","{}","","","","","","Text Structure and Purpose","","rw;passage:R033;arch:RW_TSP_001;sim:rw_text_structure_and_purpose_purpose_sentence;fp:cbe4dbfe6704;surf:SURF_RW_TSP_001;difficulty_profile:D2"
"SAT_RW_7","rw_split_v9","7-front","400-600","SAT_RW_7_M1_Q06","RW","1","base","6","Craft and Structure","Text Structure and Purpose","RW_TSP_010","Analyze structure or purpose","supporting_detail","Medium","1","multiple_choice","A historian examining nineteenth-century shipping ledgers noticed that captains often recorded small repairs in the margins rather than in the main expense columns. At first, these notes seemed too irregular to support broader conclusions. The historian nevertheless compared hundreds of entries and found that marginal repair notes became more frequent during years when insurance premiums rose. She then checked port newspapers and learned that storms had damaged several commonly used routes during those same years. The ledger margins therefore served a purpose beyond recording trivial costs: they preserved evidence of operational strain that formal accounting categories did not capture well. By pairing the marginal notes with insurance and weather records, the historian could distinguish routine maintenance from repairs prompted by unusually hazardous conditions. The study does not treat every margin entry as equally informative. Instead, it shows how a seemingly secondary part of a document can become valuable when interpreted alongside independent records from the same period.","Which choice best explains how the insurance-premium and port-newspaper records contribute to the text?","They provide independent context that helps distinguish routine maintenance notes from repairs associated with unusually hazardous conditions.","They show that captains were required by insurers to place every repair expense in the ledger margins.","They establish that formal expense columns were never used during years in which storms occurred.","They demonstrate that newspapers, rather than shipping ledgers, contained the most complete record of each ship’s repair costs.","A","1","The outside records link years of frequent marginal repair notes with higher insurance costs and reported storms, allowing the historian to interpret the ledger notes more precisely.","75","none","{}","","","","","","Text Structure and Purpose","","rw;passage:R063;arch:RW_TSP_010;sim:rw_text_structure_and_purpose_supporting_detail;fp:6af1053f905f;surf:SURF_RW_TSP_010;difficulty_profile:D3"
"SAT_RW_7","rw_split_v9","7-front","400-600","SAT_RW_7_M1_Q07","RW","1","base","7","Craft and Structure","Cross-Text Connections","RW_CTC_006","Compare claims across paired texts","paired_text_relation","Medium","1","multiple_choice","Text 1:
A field study of juvenile songbirds found that birds exposed to a varied set of adult songs developed larger repertoires than birds hearing only one repeated song. The researchers argue that early variety gives young birds more vocal material to practice.

Text 2:
Another study found that variety alone did not predict repertoire size. Young birds developed broader repertoires only when they could interact with nearby adults; recordings containing equally varied songs produced a weaker effect. The authors conclude that social feedback helps determine which sounds juveniles retain.","Based on the texts, how would the authors of Text 2 most likely respond to the claim in Text 1 that early song variety gives young birds more material to practice?","They would agree that variety can matter but argue that social interaction affects whether varied sounds are retained.","They would reject the idea that juvenile birds learn from adults at all.","They would argue that repeated exposure to one song produces the largest repertoires.","They would agree that variety alone fully determines repertoire size.","A","1","Text 2 does not deny a role for variety; it argues that social feedback helps determine which sounds persist in the juvenile repertoire.","75","none","{}","","","","","","Cross-Text Connections","","rw;passage:R006;arch:RW_CTC_006;sim:rw_cross_text_connections_paired_text_relation;fp:aafe1aad611f;surf:SURF_RW_CTC_006;difficulty_profile:D3"
"SAT_RW_7","rw_split_v9","7-front","400-600","SAT_RW_7_M1_Q08","RW","1","base","8","Information and Ideas","Central Ideas and Details","RW_CID_001","Identify main idea, key detail, or summary","main_claim","Easy","1","multiple_choice","Biologists studying a desert lizard species expected individuals living on darker rock to have darker skin, which could help them blend into the background. Photographs from six sites supported that pattern, but the researchers also measured body temperature because darker surfaces absorb more solar energy. Lizards on the darkest rock warmed faster in the morning than lizards at pale sites, yet they also retreated into shade earlier. As a result, average daytime body temperatures differed little among sites. Genetic sampling showed that color differences were partly heritable rather than solely caused by recent sun exposure. Taken together, the findings suggest that coloration is associated with local background color, while behavior limits one possible thermal cost of being darker. The researchers therefore argued that the trait cannot be understood by considering camouflage or heat balance alone. Its persistence likely reflects an interaction between inherited coloration and daily behavioral adjustments that keep body temperature within a workable range.","Which choice best states the main idea of the text?","The lizards become darker only because repeated sun exposure changes their skin during adulthood.","Dark-colored lizards maintain substantially higher daytime body temperatures than pale-colored lizards at every site.","The researchers found that camouflage is unrelated to rock color and depends entirely on daily shade use.","The lizards’ coloration is linked to local background color, while behavior appears to reduce a potential thermal cost of darker coloration.","D","4","The passage combines evidence for inherited background-matching coloration with behavioral thermoregulation that keeps average temperature differences small.","75","none","{}","","","","","","Central Ideas and Details","","rw;passage:R001;arch:RW_CID_001;sim:rw_central_ideas_and_details_main_claim;fp:c8be94772ce7;surf:SURF_RW_CID_001;difficulty_profile:D1"
"SAT_RW_7","rw_split_v9","7-front","400-600","SAT_RW_7_M1_Q09","RW","1","base","9","Information and Ideas","Central Ideas and Details","RW_CID_004","Identify main idea, key detail, or summary","cause_effect","Medium","1","multiple_choice","A school district tested whether later start times would reduce first-period absences at three high schools. The change shifted the opening bell by forty minutes but left bus routes and total instructional time unchanged. During the first semester, first-period absences fell at all three schools. Administrators initially attributed the decline to students getting more sleep. A student survey, however, showed only a modest increase in reported sleep duration. Another change was more substantial: fewer students reported missing the bus, because the later schedule reduced overlap with early-morning traffic on several routes. Attendance records also showed that the largest declines in absences occurred among students who relied on those routes. The district concluded that the schedule change likely improved attendance through more than one pathway. Additional sleep may have helped some students, but transportation reliability appears to have contributed as well, particularly where buses had previously encountered the most congestion.","Which choice best states the central idea of the text?","Later school start times were associated with fewer first-period absences, and improved bus reliability appears to have contributed alongside modest increases in sleep.","Later start times reduced absences entirely because every student slept substantially longer.","The schedule change had little effect on attendance because bus routes and instructional time stayed the same.","Traffic congestion increased after the schedule change, causing more students who rode buses to miss first period.","A","1","The passage attributes the attendance improvement to multiple pathways, with transportation reliability especially supported by route-level evidence.","75","none","{}","","","","","","Central Ideas and Details","","rw;passage:R084;arch:RW_CID_004;sim:rw_central_ideas_and_details_cause_effect;fp:0bd11b0be425;surf:SURF_RW_CID_004;difficulty_profile:D2"
"SAT_RW_7","rw_split_v9","7-front","400-600","SAT_RW_7_M1_Q10","RW","1","base","10","Information and Ideas","Command of Evidence","RW_COE_001","Use textual or quantitative evidence","supporting_detail","Medium","1","multiple_choice","Researchers examining rooftop gardens asked whether adding flowering plants could increase visits by native bees in dense commercial districts. They established paired plots on twelve roofs. Each pair contained the same amount of soil and received similar watering, but one plot included a mixture of flowering species while the other contained only ornamental grasses. Over eight weeks, observers counted bee visits during matched morning periods. Flowering plots received about three times as many visits as grass-only plots. The difference was largest on roofs farthest from large parks, where other floral resources were scarce. The researchers concluded that even small rooftop plantings can provide useful foraging stops in heavily built areas. They also noted that the experiment measured visitation rather than long-term colony growth, so it did not establish whether rooftop flowers improve bee population size. Still, the pattern supports the narrower claim that floral diversity can increase local foraging activity where alternative resources are limited.","Which finding from the study most directly supports the researchers’ claim that flowering rooftop plots can increase local bee foraging activity?","The researchers used the same amount of soil in each paired plot.","Flowering plots received about three times as many bee visits as grass-only plots during matched observation periods.","Some study roofs were farther from large parks than others.","The study did not measure whether bee colonies grew over the long term.","B","2","The visit-count difference is the direct observed evidence for increased local foraging activity.","75","none","{}","","","","","","Command of Evidence","","rw;passage:R077;arch:RW_COE_001;sim:rw_command_of_evidence_supporting_detail;fp:da8c570767a5;surf:SURF_RW_COE_001;difficulty_profile:D2"
"SAT_RW_7","rw_split_v9","7-front","400-600","SAT_RW_7_M1_Q11","RW","1","base","11","Information and Ideas","Command of Evidence","RW_COE_003","Use textual or quantitative evidence","cause_effect","Medium","1","multiple_choice","A materials scientist proposed that a thin coating made from plant-based wax could slow moisture loss from fresh produce during transport. To test the idea, her team coated half of a batch of cucumbers and left the rest untreated. All cucumbers were stored at the same temperature and humidity. After six days, the coated cucumbers had lost less mass and remained firmer on average than the untreated ones. The team then repeated the test after scratching the coating on some cucumbers. Those scratched samples lost moisture almost as quickly as untreated produce, suggesting that an intact surface layer was important to the effect. Chemical analysis found no meaningful difference in sugar content between coated and untreated samples. The researchers argued that the coating primarily reduced water loss rather than changing ripening chemistry. Because the experiment isolated surface condition while keeping storage conditions constant, the results directly connect coating integrity with moisture retention.","Which finding most directly supports the claim that the wax coating reduced moisture loss by acting as an intact surface barrier?","Coated and untreated cucumbers had similar sugar content.","All cucumbers were stored at the same temperature and humidity.","Cucumbers with scratched coatings lost moisture almost as quickly as untreated cucumbers.","The coated cucumbers were selected from the same batch as the untreated cucumbers.","C","3","Scratching specifically disrupted the surface layer and largely removed the moisture-retention advantage, directly linking coating integrity to the effect.","75","none","{}","","","","","","Command of Evidence","","rw;passage:R047;arch:RW_COE_003;sim:rw_command_of_evidence_cause_effect;fp:6ae577e78975;surf:SURF_RW_COE_003;difficulty_profile:D3"
"SAT_RW_7","rw_split_v9","7-front","400-600","SAT_RW_7_M1_Q12","RW","1","base","12","Information and Ideas","Inferences","RW_INF_010","Draw supported conclusions","evidence_based_inference","Easy","1","multiple_choice","Archaeologists excavating a coastal settlement found hundreds of shell beads in houses dating to roughly the same century. Most shells came from species that live near the settlement, but a small group came from a species found only much farther south. The imported shells appeared in several houses rather than in a single elite structure. They were also unfinished: many lacked drilled holes, and some showed marks from early shaping. This pattern differs from what archaeologists would expect if residents had received only completed ornaments from distant traders. Instead, the finds suggest that raw or partly worked shells reached the settlement and were finished locally. Because the imported material was distributed across multiple households, bead production may not have been controlled by one specialized workshop. The evidence does not show exactly how the shells traveled north, but it points to exchange networks that moved workable materials as well as finished goods.","Which conclusion is most reasonably inferred from the text?","All imported shell beads were produced in a single elite workshop at the settlement.","Residents had no access to shell species living near the settlement.","The imported shells must have traveled north by one specific trade route.","Some residents likely obtained imported shells before they had been made into finished beads.","D","4","Because imported shells were unfinished and occurred in multiple houses, it is reasonable to infer that at least some arrived as raw or partly worked material.","75","none","{}","","","","","","Inferences","","rw;passage:R113;arch:RW_INF_010;sim:rw_inferences_evidence_based_inference;fp:9a24683d0a72;surf:SURF_RW_INF_010;difficulty_profile:D1"
"SAT_RW_7","rw_split_v9","7-front","400-600","SAT_RW_7_M1_Q13","RW","1","base","13","Information and Ideas","Inferences","RW_INF_002","Draw supported conclusions","cause_effect","Medium","1","multiple_choice","A linguist recorded conversations in two neighboring towns where speakers use slightly different pronunciations of the same vowel. Younger speakers in the first town increasingly used the pronunciation associated with Town B, especially when talking with friends who regularly traveled between the towns. Older speakers there changed much less. The linguist also examined school enrollment records and found that cross-town attendance had risen during the previous decade. Because the pronunciation shift was strongest among people with frequent social contact across the town boundary, the researcher suspected that the change spread through repeated interaction rather than through mass media. Radio and television access was similar for all age groups, yet the shift was concentrated among younger speakers with cross-town ties. The evidence therefore suggests that mobility and peer networks can accelerate local language change even when neighboring communities retain distinct speech patterns overall.","Which inference is best supported by the text?","Mass media exposure was much greater for younger speakers than for older speakers in Town A.","Increased contact among younger speakers from the two towns likely helped spread the Town B pronunciation into Town A.","Older speakers in Town A adopted the Town B pronunciation more rapidly than younger speakers did.","School enrollment records show that students stopped traveling between the two towns during the decade studied.","B","2","The pronunciation shift is concentrated among younger speakers with cross-town ties, while media access is similar across age groups.","75","none","{}","","","","","","Inferences","","rw;passage:R085;arch:RW_INF_002;sim:rw_inferences_cause_effect;fp:fe21f41abe47;surf:SURF_RW_INF_002;difficulty_profile:D2"
"SAT_RW_7","rw_split_v9","7-front","400-600","SAT_RW_7_M1_Q14","RW","1","base","14","Information and Ideas","Inferences","RW_INF_011","Draw supported conclusions","main_claim","Medium","1","multiple_choice","Environmental engineers monitored a stream after a small dam was removed. Before removal, fine sediment had accumulated in the slow water upstream of the structure. The engineers expected some of that sediment to move downstream once the river flowed freely, but they were unsure how long the pulse would last. Sensors recorded unusually cloudy water during the first two storms after removal. By the third month, however, turbidity during storms had returned close to levels measured at an upstream reference site. Gravel beds downstream initially collected fine sediment, then gradually cleared as later flows redistributed it. Aquatic insect surveys showed a temporary decline immediately below the former dam but partial recovery by the end of the season. These observations suggest that the removal caused a short-term disturbance rather than a steadily worsening one. The system changed abruptly at first, then moved toward conditions more similar to those elsewhere in the stream.","Which inference is most strongly supported by the text?","Sediment levels continued rising throughout the season after dam removal.","Aquatic insects immediately became more abundant below the former dam and remained so.","The dam had prevented all fine sediment from ever moving downstream before removal.","The stream experienced an intense but diminishing sediment disturbance after the dam was removed.","D","4","Turbidity spiked early and later approached reference conditions, while fine sediment on gravel beds also cleared over time.","75","none","{}","","","","","","Inferences","","rw;passage:R061;arch:RW_INF_011;sim:rw_inferences_main_claim;fp:09e8196739f4;surf:SURF_RW_INF_011;difficulty_profile:D3"
"SAT_RW_7","rw_split_v9","7-front","400-600","SAT_RW_7_M1_Q15","RW","1","base","15","Standard English Conventions","Boundaries","SEC.BND","Boundaries","Punctuating two independent clauses","Easy","1","multiple_choice","The archive’s reading room closes at six each evening ____ researchers must request restricted boxes no later than five thirty.","Which choice completes the text so that it conforms to the conventions of Standard English?",", "," because ","; "," and ","C","3","A semicolon correctly joins the two independent clauses without a coordinating conjunction.","60","none","{}","","","","","","Boundaries","","rw;sec;grammar;arch:SEC-BND-001;sim:SEC.BND:sentence_boundary_semicolon:A. minimal-context version;fp:81ce12d25c3a;ctx:CTX-GRM-001;tier:SEC1;difficulty_profile:D1"
"SAT_RW_7","rw_split_v9","7-front","400-600","SAT_RW_7_M1_Q16","RW","1","base","16","Standard English Conventions","Boundaries","SEC.BND","Boundaries","Introductory dependent clauses","Medium","1","multiple_choice","Although the clay samples came from the same hillside ____ their mineral compositions varied enough to distinguish three production zones.","Which choice completes the text so that it conforms to the conventions of Standard English?","; ",": ",", ","—","C","3","The introductory dependent clause beginning with “Although” must be followed by a comma before the independent clause.","60","none","{}","","","","","","Boundaries","","rw;sec;grammar;arch:SEC-BND-016;sim:SEC.BND:introductory_subordinate_clause:A. minimal-context version;fp:c4b091c49131;ctx:CTX-GRM-002;tier:SEC2;difficulty_profile:D2"
"SAT_RW_7","rw_split_v9","7-front","400-600","SAT_RW_7_M1_Q17","RW","1","base","17","Standard English Conventions","Boundaries","SEC.BND","Boundaries","Nonessential appositive information","Medium","1","multiple_choice","The observatory’s oldest instrument ____ still records precipitation during power outages.","Which choice completes the text so that it conforms to the conventions of Standard English?"," a brass rain gauge installed in 1912","; a brass rain gauge installed in 1912,",": a brass rain gauge installed in 1912",", a brass rain gauge installed in 1912,","D","4","The appositive is nonessential and must be set off with commas on both sides.","60","none","{}","","","","","","Boundaries","","rw;sec;grammar;arch:SEC-BND-027;sim:SEC.BND:nonessential_appositive:B. internal punctuation nearby;fp:05e4119a4aba;ctx:CTX-GRM-007;tier:SEC2;difficulty_profile:D2"
"SAT_RW_7","rw_split_v9","7-front","400-600","SAT_RW_7_M1_Q18","RW","1","base","18","Standard English Conventions","Boundaries","SEC.BND","Boundaries","Colon after a complete lead-in","Medium","1","multiple_choice","After comparing three surviving plans, each of which labels rooms differently, the architectural historians agreed that the renovation preserved three original features ____ the stone staircase, the north-facing windows, and the carved doors.","Which choice completes the text so that it conforms to the conventions of Standard English?",",",":",";",".","B","2","The clause before the blank is complete, and the material after the blank is a noun-phrase list naming the three features; a colon correctly introduces that list.","60","none","{}","","","","","","Boundaries","","rw;sec;grammar;arch:SEC-BND-044;sim:SEC.BND:colon_after_independent_clause:D. academic register;fp:1224de146bc2;ctx:CTX-GRM-008;tier:SEC3;difficulty_profile:D3"
"SAT_RW_7","rw_split_v9","7-front","400-600","SAT_RW_7_M1_Q19","RW","1","base","19","Standard English Conventions","Form, Structure, and Sense","SEC.FSS","Form, Structure, and Sense","Subject-verb agreement","Medium","1","multiple_choice","A collection of letters from merchants who traveled the northern route ____ how frequently winter storms delayed deliveries.","Which choice completes the text so that it conforms to the conventions of Standard English?","shows","show","have shown","showing","A","1","The singular subject “A collection” requires the singular verb “shows”; the intervening plural nouns do not control agreement.","60","none","{}","","","","","","Form, Structure, and Sense","","rw;sec;grammar;arch:SEC-FSS-002;sim:SEC.FSS:subject_verb_agreement:B. intervening material;fp:214b79463e36;ctx:CTX-GRM-010;tier:SEC2;difficulty_profile:D2"
"SAT_RW_7","rw_split_v9","7-front","400-600","SAT_RW_7_M1_Q20","RW","1","base","20","Standard English Conventions","Form, Structure, and Sense","SEC.FSS","Form, Structure, and Sense","Logical verb tense","Medium","1","multiple_choice","By the time the conservation staff reopened the gallery, they ____ every frame for loose fittings and recorded the repairs.","Which choice completes the text so that it conforms to the conventions of Standard English?","inspect","will inspect","are inspecting","had inspected","D","4","The past perfect “had inspected” correctly places the inspection before the later past event of reopening.","60","none","{}","","","","","","Form, Structure, and Sense","","rw;sec;grammar;arch:SEC-FSS-006;sim:SEC.FSS:verb_tense_sequence:A. single-trap version;fp:89b685455e42;ctx:CTX-GRM-006;tier:SEC2;difficulty_profile:D2"
"SAT_RW_7","rw_split_v9","7-front","400-600","SAT_RW_7_M1_Q21","RW","1","base","21","Standard English Conventions","Form, Structure, and Sense","SEC.FSS","Form, Structure, and Sense","Dangling modifiers and logical subjects","Medium","1","multiple_choice","The conservator adjusted the lamp while the epigrapher leaned over the tablet. After examining the faint inscription under angled light, ____ identified two additional characters near the damaged edge.","Which choice completes the text so that it conforms to the conventions of Standard English?","the conservator","the epigrapher","the photographer","the curator","B","2","The introductory modifier must describe the subject that follows it. The preceding sentence identifies the epigrapher as the person examining the tablet, so “the epigrapher” is the logical subject.","60","none","{}","","","","","","Form, Structure, and Sense","","rw;sec;grammar;arch:SEC-FSS-061;sim:SEC.FSS:logical_subject_after_modifier:A. single-trap version;fp:8e0d5743ef66;ctx:CTX-GRM-003;tier:SEC3;difficulty_profile:D3"
"SAT_RW_7","rw_split_v9","7-front","400-600","SAT_RW_7_M1_Q22","RW","1","base","22","Expression of Ideas","Transitions","RW_TR_008","Select transition that logically connects ideas","contrast","Medium","1","multiple_choice","The coastal trail is shorter than the inland route, and its surface is easier to maintain. ____ the inland route passes through three distinct habitat zones, so naturalists often prefer it for field surveys.","Which choice most logically connects the ideas in the text?","For example,","However,","Similarly,","Therefore,","B","2","The second sentence introduces an advantage of the inland route that contrasts with the advantages just given for the coastal route.","60","none","{}","","","","","","Transitions","","rw;passage:R046;arch:RW_TR_008;sim:rw_transitions_contrast;fp:6ab92763d749;surf:SURF_RW_TR_008;difficulty_profile:D2"
"SAT_RW_7","rw_split_v9","7-front","400-600","SAT_RW_7_M1_Q23","RW","1","base","23","Expression of Ideas","Transitions","RW_TR_009","Select transition that logically connects ideas","cause_effect","Medium","1","multiple_choice","The first prototype used a rigid hinge that wore down after repeated cycles. Engineers replaced it with a flexible joint made from layered polymer. ____ the revised device completed twice as many cycles before showing comparable wear.","Which choice best completes the discussion?","Nevertheless,","Meanwhile,","For instance,","As a result,","D","4","The greater durability is presented as a result of replacing the rigid hinge with the flexible joint.","60","none","{}","","","","","","Transitions","","rw;passage:R118;arch:RW_TR_009;sim:rw_transitions_cause_effect;fp:73819596a651;surf:SURF_RW_TR_009;difficulty_profile:D2"
"SAT_RW_7","rw_split_v9","7-front","400-600","SAT_RW_7_M1_Q24","RW","1","base","24","Expression of Ideas","Transitions","RW_TR_005","Select transition that logically connects ideas","evidence_based_inference","Medium","1","multiple_choice","A poet’s early notebooks contain many abandoned opening lines. Several later poems begin with phrases that first appeared in those drafts. ____ the notebooks offer evidence that discarded beginnings sometimes became material for finished work.","Which choice most logically completes the final sentence?","By contrast,","Likewise,","Thus,","Instead,","C","3","The final statement draws a conclusion from the recurrence of draft phrases in later finished poems.","60","none","{}","","","","","","Transitions","","rw;passage:R016;arch:RW_TR_005;sim:rw_transitions_evidence_based_inference;fp:2aa46a93f852;surf:SURF_RW_TR_005;difficulty_profile:D3"
"SAT_RW_7","rw_split_v9","7-front","400-600","SAT_RW_7_M1_Q25","RW","1","base","25","Expression of Ideas","Rhetorical Synthesis","RW_RS_001","Use notes to achieve a writing goal","revision_goal","Medium","1","multiple_choice","A student wants to emphasize a practical benefit of a community science project.

- Volunteers place low-cost temperature sensors on apartment balconies.
- The sensors record heat conditions on individual blocks.
- Citywide weather stations are often several kilometers apart.
- The project gives planners more detailed information about neighborhood heat variation.","Which choice most effectively uses the notes to emphasize the practical benefit described in the goal?","City weather stations are often several kilometers apart, and apartment balconies can be located in many different neighborhoods.","By placing low-cost sensors on apartment balconies, volunteers give planners block-level heat data that can reveal variation missed by widely spaced city weather stations.","Volunteers use temperature sensors, while planners also work with information collected by citywide weather stations.","The project involves apartment balconies and temperature readings collected from individual blocks.","B","2","This choice directly emphasizes the practical benefit: finer-grained heat information than widely spaced stations provide.","60","none","{}","","","","","","Rhetorical Synthesis","","rw;passage:R076;arch:RW_RS_001;sim:rw_rhetorical_synthesis_revision_goal;fp:dfbc4ca4ae0f;surf:SURF_RW_RS_001;difficulty_profile:D2"
"SAT_RW_7","rw_split_v9","7-front","400-600","SAT_RW_7_M1_Q26","RW","1","base","26","Expression of Ideas","Rhetorical Synthesis","RW_RS_009","Use notes to achieve a writing goal","contrast","Medium","1","multiple_choice","A student wants to highlight a contrast between two restoration methods.

- Method A replants marsh grass in large continuous plots.
- Method B plants smaller clusters separated by open mud.
- Continuous plots reduce erosion quickly.
- Clustered plots create more edges where juvenile crabs can shelter.
- Both methods increased plant survival after one year.","Which choice most effectively uses the notes to highlight the contrast specified in the goal?","Method A and Method B both involve planting marsh grass, and both increased plant survival after one year.","Continuous plots are large, while clustered plots are separated by areas of open mud.","Although both methods improved plant survival, continuous plots reduced erosion quickly, whereas clustered plots created more sheltering edges for juvenile crabs.","Juvenile crabs can shelter along edges, and marsh grass can also reduce erosion.","C","3","This choice explicitly contrasts the distinct benefit associated with each method while accurately noting their shared survival result.","60","none","{}","","","","","","Rhetorical Synthesis","","rw;passage:R028;arch:RW_RS_009;sim:rw_rhetorical_synthesis_contrast;fp:88ec7db1b1e2;surf:SURF_RW_RS_009;difficulty_profile:D2"
"SAT_RW_7","rw_split_v9","7-front","400-600","SAT_RW_7_M1_Q27","RW","1","base","27","Expression of Ideas","Rhetorical Synthesis","RW_RS_010","Use notes to achieve a writing goal","cause_effect","Medium","1","multiple_choice","A student wants to explain why an archive digitized a collection of fragile maps.

- The maps were printed on acidic paper that tears easily.
- Frequent handling accelerates damage.
- Researchers often need to compare several maps side by side.
- High-resolution scans allow comparison without repeated physical handling.
- The original maps remain available for cases in which paper texture or ink must be examined.","Which choice most effectively uses the notes to explain the archive’s reason for digitizing the maps?","Because repeated handling can damage the acidic paper, the archive created high-resolution scans so researchers can compare the maps while limiting physical use of the fragile originals.","The archive’s maps are printed on acidic paper, and some researchers are interested in paper texture and ink.","Researchers can compare several maps side by side, and the original maps remain available in the archive.","High-resolution scanning is one method archives can use when they have collections of maps.","A","1","This choice links the maps’ fragility and researchers’ comparison needs directly to the reason for digitization.","60","none","{}","","","","","","Rhetorical Synthesis","","rw;passage:R116;arch:RW_RS_010;sim:rw_rhetorical_synthesis_cause_effect;fp:f66c71d71abd;surf:SURF_RW_RS_010;difficulty_profile:D3"
"SAT_RW_7","rw_split_v9","SAT_RW_7_BACK","700-800","RW7_M2_Q01","RW","2","hard","1","Craft and Structure","Words in Context","RW_WIC_007","Determine meaning or function of a word/phrase in context","verb_pronoun_agreement","Hard","1","multiple_choice","Along a sheltered coast, marine ecologists compared eelgrass beds exposed to different levels of boat noise. Hydrophone records showed that the loudest sites had fewer juvenile fish during midday, a pattern that initially seemed to implicate noise directly. Yet the same sites also had thinner eelgrass canopies and more frequent propeller disturbance. At two quieter sites with similarly sparse vegetation, juvenile fish counts were also low. The vegetation data therefore temper any claim that sound level alone determines where young fish gather. That caution does not erase the acoustic pattern: at beds with similarly dense vegetation, fish were still somewhat less common during the noisiest periods. Instead, the combined observations narrow the claim to conditions in which habitat structure and noise differ together. The team proposed a later experiment that would broadcast recorded engine noise over matched eelgrass plots, allowing acoustic effects to be separated from canopy density and physical disturbance more cleanly.","Which choice best describes the function of ""temper"" in the text?","It turns the acoustic pattern into evidence that vegetation differences should be disregarded when fish distribution is analyzed.","It shifts the discussion from acoustic conditions to a claim that propeller disturbance is the primary cause of fish avoidance.","It limits the strength of the noise-based claim by requiring the acoustic pattern to be considered alongside habitat structure.","It strengthens the initial noise-based interpretation by treating the quieter sparse sites as confirming evidence for it.","C","3","The passage first notes an apparent association between boat noise and juvenile-fish counts, then adds evidence that sparse vegetation is also associated with low counts. In context, “temper” functions to qualify the noise-only claim rather than reject the acoustic pattern altogether.","75","none","{}","","","","","","Words in Context","","passage:R021;arch:RW_WIC_007;sim:rw_words_in_context_verb_pronoun_agreement;wic;hard_vocab;wic_arch:WIC_CLAIM_FUNCTION_01;vocab:HV_123;tier:V4;target:temper;wic_family:claim_function;fp:99119b2a110a"
"SAT_RW_7","rw_split_v9","SAT_RW_7_BACK","700-800","RW7_M2_Q02","RW","2","hard","2","Craft and Structure","Words in Context","RW_WIC_008","Determine meaning or function of a word/phrase in context","paired_text_relation","Hard","1","multiple_choice","Students in a memory experiment studied pairs of unfamiliar symbols and short meanings. One group reviewed the pairs in a fixed order, while another encountered them in changing sequences. On a later test, both groups recognized about the same number of symbols when the original pairings were shown. The groups diverged, however, when meanings appeared without the symbols: students who had practiced changing sequences retrieved more meanings from partial cues. A follow-up condition complicated a simple “variety helps” account. When the changing sequences were shown so quickly that students could not pause between pairs, the advantage nearly disappeared. The authors proposed that, during practice, the opportunity to reorganize associations may mediate later retrieval benefits. Sequence variation by itself was therefore insufficient; what mattered was whether students had enough time to build several routes to the same meaning. The result links a feature of practice to performance through a process that depends on pacing.","Which choice best explains the role of ""mediate"" in the text?","It portrays pacing as a competing outcome that should replace retrieval performance as the study’s main measure.","It presents reorganization of associations as a process through which varied sequencing can affect later retrieval.","It treats changing sequence order as evidence that recognition and recall are equivalent forms of memory.","It suggests that sequence variation directly improves retrieval even when learners have no time to reorganize associations.","B","2","The follow-up condition shows that sequence variation loses its advantage when students lack time to reorganize associations. Thus, “mediate” places that reorganization between the practice feature and the retrieval benefit as an intervening process.","75","none","{}","","","","","","Words in Context","","passage:R087;arch:RW_WIC_008;sim:rw_words_in_context_paired_text_relation;wic;hard_vocab;wic_arch:WIC_RELATION_FUNCTION_01;vocab:HV_124;tier:V4;target:mediate;wic_family:relation_function;fp:3a77bb1b88b5"
"SAT_RW_7","rw_split_v9","SAT_RW_7_BACK","700-800","RW7_M2_Q03","RW","2","hard","3","Craft and Structure","Words in Context","RW_WIC_002","Determine meaning or function of a word/phrase in context","purpose_sentence","Hard","1","multiple_choice","Engineers testing warehouse robot grippers often report average success rates, but two devices with the same average can fail in very different ways. In a simulated packing line, one prototype released a box whenever its sensors detected an uncertain edge; another kept its grip and sometimes crushed thin packaging. Both completed 93 percent of trials. The report nevertheless chose to foreground recovery behavior rather than the shared success rate. During interrupted trials, the first gripper paused, repositioned, and resumed correctly in most cases, whereas the second continued with a bad estimate until a supervisor reset it. This emphasis was not meant to deny the value of throughput. The engineers noted that the second device completed routine trials slightly faster. For warehouses handling mixed materials, however, a failure that stops safely may be less costly than one that damages an item. Recovery performance therefore becomes a central criterion for evaluating reliability even when headline figures look nearly identical.","As used in the text, which choice most nearly means ""foreground""?","isolate","standardize","document","prioritize","D","4","The report turns away from the two grippers’ identical average success rate and gives greater evaluative weight to what happens after a failure. In this context, “foreground” most nearly means “prioritize.” The other verbs describe actions an engineering report might take, but none matches the passage’s shift in evaluative emphasis.","75","none","{}","","","","","","Words in Context","","passage:R093;arch:RW_WIC_002;sim:rw_words_in_context_purpose_sentence;wic;hard_vocab;wic_arch:WIC_DIRECT_MEANING_01;vocab:HV_148;tier:V4;target:foreground;wic_family:direct_meaning;fp:abaf46f11086"
"SAT_RW_7","rw_split_v9","SAT_RW_7_BACK","700-800","RW7_M2_Q04","RW","2","hard","4","Craft and Structure","Words in Context","RW_WIC_009","Determine meaning or function of a word/phrase in context","evidence_based_inference","Hard","1","multiple_choice","A city monitored twelve rain gardens installed along streets that differ in slope, soil depth, and storm-drain capacity. During moderate storms, blocks with the gardens sent less water into drains during the first twenty minutes than comparable blocks without them. During two exceptionally intense storms, however, several shallow-soil gardens filled quickly and overflowed, while deeper installations continued absorbing runoff. Engineers also found that some steep blocks shed water past the garden inlets before the basins could receive it. These rain-garden conditions circumscribe the strongest version of the city’s early runoff claim. The gardens reduced peak inflow under many observed conditions, but the data do not support treating installation alone as sufficient protection for every street. Soil volume, inlet placement, and storm intensity altered performance. The city can therefore justify expanding the program while distinguishing where the design already works from where added storage or redesigned curb openings may be necessary.","Which choice most accurately describes what ""circumscribe"" does in the text?","It converts the city’s early claim into a causal explanation centered on storm-drain capacity.","It presents overflow at shallow gardens as evidence that expanding the program would be ineffective across the monitored streets.","It limits the early claim to conditions in which site features and storm intensity allow the gardens to capture runoff effectively.","It broadens the early claim from the observed streets to rain-garden designs that have not yet been tested.","C","3","The text lists circumstances in which rain gardens performed differently—soil depth, inlet placement, slope, and storm intensity. “Circumscribe” therefore narrows the scope of the city’s strongest early claim rather than discarding the project’s observed benefits.","75","none","{}","","","","","","Words in Context","","passage:R117;arch:RW_WIC_009;sim:rw_words_in_context_evidence_based_inference;wic;hard_vocab;wic_arch:WIC_PRECISION_EFFECT_01;vocab:HV_169;tier:V4;target:circumscribe;wic_family:precision_effect;fp:b942e3a3501f"
"SAT_RW_7","rw_split_v9","SAT_RW_7_BACK","700-800","RW7_M2_Q05","RW","2","hard","5","Craft and Structure","Text Structure and Purpose","RW_TSP_011","Analyze structure or purpose","contrast","Hard","1","multiple_choice","A coral restoration project attached nursery-grown fragments to three damaged reef patches. After six months, the fragments at the sunniest patch had grown fastest, and early photographs made that site appear the most successful. A year later, however, many of those large colonies had broken during seasonal storms. At a more sheltered patch, colonies grew slowly but remained attached, and juvenile fish began using the new branches as cover. The third patch retained most colonies yet attracted few fish because nearby rubble continued shifting across the bottom. The project team consequently changed how it judged recovery. Growth rate remained useful, but it was treated alongside attachment survival, structural stability, and signs that other organisms were returning. By comparing the sites across several measures and over a longer interval, the team moved from a visually striking short-term indicator to a broader account of what makes a restored reef persist.","Which choice best describes the overall structure of the text?","It compares three reef patches mainly to show that sheltered sites grow coral fastest, then explains why growth rate remains the preferred measure of success.","It begins with a short-term result favoring one reef patch, then uses later and cross-site evidence to replace that single measure with a multidimensional view of recovery.","It presents several measures of reef recovery, then argues that the measure changing earliest should determine which patch is most successful.","It treats storm damage at one patch as an isolated complication and then replaces growth rate with fish abundance as the principal long-term measure.","B","2","The passage opens with rapid early growth at one site, then introduces later breakage and contrasting outcomes at the other sites. It concludes that the team broadened its criteria to include survival, stability, and ecological return as well as growth.","75","none","{}","","","","","","Text Structure and Purpose","","passage:R003;arch:RW_TSP_011;sim:rw_text_structure_and_purpose_contrast;fp:6e42c7c3cba6"
"SAT_RW_7","rw_split_v9","SAT_RW_7_BACK","700-800","RW7_M2_Q06","RW","2","hard","6","Craft and Structure","Text Structure and Purpose","RW_TSP_001","Analyze structure or purpose","purpose_sentence","Hard","1","multiple_choice","Rows of mature street trees can lower afternoon temperatures by shading pavement, but their effect after sunset is less straightforward. Sensors placed on six blocks showed that heavily shaded sidewalks cooled quickly in late afternoon. Buildings on those same blocks, however, released stored heat slowly into the narrow space between their facades. <u>By midnight, the air beneath the densest canopies was slightly warmer than the air on nearby blocks with more open sky.</u> The difference was modest and disappeared before dawn. It also varied with street width: broad avenues with large trees remained cooler through most of the night. These measurements complicate proposals that use canopy percentage as a single measure of neighborhood heat relief. Tree cover can substantially reduce daytime exposure, yet nighttime conditions also depend on building geometry and the ability of heat to escape upward. Planting decisions may therefore benefit from considering canopy and street form together.","Which choice best describes the function of the underlined portion in the passage?","It provides nighttime evidence that qualifies the apparent daytime advantage of dense canopy and helps motivate consideration of street form.","It generalizes the cooling pattern from broad avenues to the narrower streets included in the study.","It attributes the midnight temperature difference primarily to heat released from surrounding buildings.","It extends the slight midnight warmth into a claim that dense canopies remain warmer well past the observed interval.","A","1","The underlined sentence reports a modest midnight reversal of the daytime cooling pattern. The rest of the text uses that result, along with variation by street width, to argue that canopy percentage alone is insufficient for assessing heat relief.","75","none","{}","","","","","","Text Structure and Purpose","","passage:R051;arch:RW_TSP_001;sim:rw_text_structure_and_purpose_purpose_sentence;fp:561167fb3b24"
"SAT_RW_7","rw_split_v9","SAT_RW_7_BACK","700-800","RW7_M2_Q07","RW","2","hard","7","Craft and Structure","Text Structure and Purpose","RW_TSP_010","Analyze structure or purpose","supporting_detail","Hard","1","multiple_choice","Archaeologists studying pottery from two river settlements initially sorted vessels by painted motifs. One settlement favored narrow black bands, whereas the other used wider red spirals, so the styles appeared to represent separate production traditions. Clay analysis complicated that division. Several black-banded vessels contained the same unusual mineral mixture found in red-spiral vessels from the other settlement. <u>The chemical similarity does not establish that all of the vessels came from one workshop, because potters could have obtained clay from a shared source.</u> Still, the finding makes a purely stylistic map of production less secure. Tool marks provide another clue: some vessels with different decoration bear nearly identical scraping patterns on their interiors. Taken together, the evidence suggests that decorative style may have traveled across workshop or community boundaries. The researchers therefore use motifs as one line of evidence rather than as a direct substitute for information about where pots were made.","What is the main function of the underlined sentence within the passage’s argument?","It shows that painted motifs are more reliable than clay chemistry for locating individual workshops.","It treats identical scraping marks as sufficient evidence for assigning differently decorated vessels to the same workshop.","It dismisses the mineral evidence because shared clay sources make chemical analysis unusable for studying exchange.","It sets the mineral evidence aside because shared clay sources weaken direct workshop attribution.","D","4","The sentence prevents the chemical similarity from being treated as proof of one workshop, since shared clay could produce the same signal. The passage nevertheless uses the similarity, together with tool marks, to weaken a production map based only on decoration.","75","none","{}","","","","","","Text Structure and Purpose","","passage:R063;arch:RW_TSP_010;sim:rw_text_structure_and_purpose_supporting_detail;fp:11939b558de2"
"SAT_RW_7","rw_split_v9","SAT_RW_7_BACK","700-800","RW7_M2_Q08","RW","2","hard","8","Craft and Structure","Cross-Text Connections","RW_CTC_006","Compare claims across paired texts","paired_text_relation","Hard","1","multiple_choice","Text 1:
Public buildings often add translated signs by placing a second language beneath the original text. That approach increases the amount of information available, but it can leave visitors scanning dense panels at doorways where decisions must be made quickly. A better design begins by identifying the few actions a visitor must take—enter, check in, choose a corridor—and gives those actions equal visual prominence across languages. Translation quality matters, but so does the hierarchy of information.

Text 2:
Sign systems should not assume that every visitor relies mainly on written language. In a library pilot, staff paired concise bilingual labels with consistent symbols and floor markings. Visitors using either language made fewer wrong turns, yet the largest improvement occurred among people who reported limited reading confidence. The result suggests that multilingual access can improve when translation is combined with cues that remain useful even when text is read slowly.","Based on the texts, how would the author of Text 2 most likely respond to Text 1’s proposal to give key actions equal visual prominence across languages?","The proposal would probably be ineffective because translated text should be removed from decision points in public buildings.","The proposal would be sufficient only if every translated sign contains the same amount of information as the original-language sign.","The proposal would likely reduce wrong turns chiefly by encouraging visitors to spend more time reading dense bilingual panels.","The proposal would likely improve access, but pairing concise multilingual text with consistent nontextual cues could help a still broader range of visitors.","D","4","Text 2 agrees that concise bilingual information can help but emphasizes that symbols and floor markings particularly benefited visitors with limited reading confidence. The author would therefore likely endorse Text 1’s hierarchy while adding nontextual cues.","75","none","{}","","","","","","Cross-Text Connections","","passage:R048;arch:RW_CTC_006;sim:rw_cross_text_connections_paired_text_relation;fp:74042c13cd3f"
"SAT_RW_7","rw_split_v9","SAT_RW_7_BACK","700-800","RW7_M2_Q09","RW","2","hard","9","Information and Ideas","Central Ideas and Details","RW_CID_001","Identify main idea, key detail, or summary","main_claim","Hard","1","multiple_choice","Bees returning from unfamiliar feeding stations can use several kinds of information such as landmarks near the hive and the direction of sunlight. In an orchard experiment, hives were placed beside either continuous hedgerows or widely spaced trees. Bees from both settings reached a feeder at similar rates after training. When the feeder was moved, however, bees from hedgerow sites searched along the old hedge line before expanding their search, whereas bees from open sites dispersed in several directions almost immediately. Covering the hive entrance briefly to alter the bees’ view of the sun reduced directional accuracy in both groups but did not eliminate the different search patterns. The observations suggest that route learning is not controlled by a single cue. Solar information helps orient flight, while continuous landscape features can shape where a bee searches when a familiar goal disappears. The two sources of guidance appear to operate together rather than interchangeably.","Which choice best states the main idea of the text?","Bees appear to combine solar orientation with landscape structure, and continuous features can shape search behavior when a learned destination changes.","Because bees at open sites dispersed quickly, solar information appears to be useful only when continuous hedgerows are absent.","Hedgerows enable bees to reach trained feeders faster than widely spaced trees do, even before the feeder is moved.","Briefly changing the bees’ view of the sun eliminates the influence of landscape features on where they search.","A","1","The experiment separates two influences: altered solar information reduced directional accuracy in both groups, while hedgerow versus open landscapes produced different search patterns after the feeder moved. The text concludes that these cues work together rather than interchangeably.","75","none","{}","","","","","","Central Ideas and Details","","passage:R002;arch:RW_CID_001;sim:rw_central_ideas_and_details_main_claim;fp:0db658676d1c"
"SAT_RW_7","rw_split_v9","SAT_RW_7_BACK","700-800","RW7_M2_Q10","RW","2","hard","10","Information and Ideas","Central Ideas and Details","RW_CID_003","Identify main idea, key detail, or summary","contrast","Hard","1","multiple_choice","A museum tested two versions of labels for a gallery of unfamiliar tools. The standard labels named each object, dated it, and supplied a short description. The revised labels retained those facts but opened with a question about how the tool might have been held or used. Visitors wearing location trackers spent more time near objects with question-first labels, yet they did not visit a larger number of objects overall. Interviews revealed another difference: people who saw the revised labels more often described physical features—handles, wear marks, and balance—before mentioning the label’s historical facts. Some visitors, however, said the questions felt unnecessary when an object’s function was already obvious. The pilot therefore suggests that question-first labels can redirect attention toward close observation without uniformly increasing gallery coverage or improving every visitor’s experience. Their strongest effect may be on how people examine selected objects rather than on how many objects they encounter.","Which choice best captures the contrast the text draws between the revised labels’ effects on visitor behavior?","The revised labels reduced the time visitors spent at each object while increasing the total number of objects they viewed.","The revised labels improved every visitor’s experience, although they drew attention away from physical features toward historical facts.","The revised labels encouraged closer attention to features of selected objects, but they did not increase the number of objects visitors encountered.","The revised labels changed which historical facts visitors remembered but had no detectable effect on how they examined objects.","C","3","Visitors spent more time near question-first labels and discussed physical features more often, yet they did not visit more objects. The passage therefore distinguishes a change in how selected objects were examined from gallery coverage.","75","none","{}","","","","","","Central Ideas and Details","","passage:R008;arch:RW_CID_003;sim:rw_central_ideas_and_details_contrast;fp:da90bbf0562a"
"SAT_RW_7","rw_split_v9","SAT_RW_7_BACK","700-800","RW7_M2_Q11","RW","2","hard","11","Information and Ideas","Central Ideas and Details","RW_CID_002","Identify main idea, key detail, or summary","supporting_detail","Hard","1","multiple_choice","A grocery cooperative wanted nutrition labels to help shoppers compare similar packaged foods without making the shelves harder to scan. Designers tested a large front-of-package score, a color-coded nutrient strip, and a smaller panel listing three key values. The large score sped up choices, but interviews showed that some shoppers treated products with the same score as nutritionally equivalent even when their sodium and fiber differed sharply. The color strip preserved those distinctions, though shoppers needed more time to interpret it. The smaller panel produced the slowest decisions but the fewest mistaken claims of equivalence. These results show that simplifying information changes not just how quickly people choose but also which differences remain visible during comparison. A single summary value can support rapid sorting, while a more detailed display may better preserve distinctions that matter to shoppers with specific dietary priorities. Label design therefore involves balancing speed with informational resolution.","Which choice best summarizes what the label experiment suggests about simplifying nutrition information?","The large summary score was the most accurate display because shoppers reached decisions quickly and rarely treated different products as equivalent.","The color-coded strip was preferable in every respect because it preserved nutrient distinctions without increasing decision time.","The smaller panel demonstrated that shoppers value detailed nutrition information more than quick decision making.","Greater simplification can speed comparison while hiding distinctions that more detailed displays preserve, so design involves a tradeoff between speed and informational resolution.","D","4","The large score produced faster choices but more mistaken equivalence claims; the more detailed formats preserved distinctions at a time cost. The conclusion explicitly frames label design as balancing speed against the resolution of information.","75","none","{}","","","","","","Central Ideas and Details","","passage:R044;arch:RW_CID_002;sim:rw_central_ideas_and_details_supporting_detail;fp:32249d63409b"
"SAT_RW_7","rw_split_v9","SAT_RW_7_BACK","700-800","RW7_M2_Q12","RW","2","hard","12","Information and Ideas","Command of Evidence","RW_COE_001","Use textual or quantitative evidence","supporting_detail","Hard","1","multiple_choice","Indoor-air engineers compared two ways of operating portable particle filters in classrooms that open onto a busy corridor. In one schedule, filters ran continuously at a moderate speed. In another, they ran at high speed only during the ten minutes before and after class changes, when corridor doors were opened most often. Both schedules used the same amount of electricity over a school day. The engineers proposed that timing filtration around short periods of particle entry could reduce students’ total exposure more effectively than spreading the same filtration effort evenly across the day. That claim depends on whether particles entering during door openings remain suspended long enough to contribute substantially to later exposure. If most particles settle or leave the room almost immediately, brief high-speed operation may offer little advantage. The team therefore sought measurements that would connect the timing of filter operation to the concentration students actually encountered during occupied periods.","Which finding would most directly support the engineers’ claim about timing filtration around classroom door openings?","Particle concentrations fall to background levels within seconds of each door opening under both schedules.","Particles entering during class changes remain elevated through occupied periods, and the high-speed schedule lowers those later concentrations more than the continuous schedule does.","The continuous schedule uses less electricity than the high-speed schedule over a school day.","Students report that the high-speed schedule sounds louder during class changes than the continuous schedule.","B","2","The claim is that concentrating equal filtration effort around periods of particle entry can lower total student exposure. Evidence that particles persist and that the timed high-speed schedule reduces the concentrations students later encounter directly supports both the proposed mechanism and outcome.","75","none","{}","","","","","","Command of Evidence","","passage:R047;arch:RW_COE_001;sim:rw_command_of_evidence_supporting_detail;fp:2a72c9ff0739"
"SAT_RW_7","rw_split_v9","SAT_RW_7_BACK","700-800","RW7_M2_Q13","RW","2","hard","13","Information and Ideas","Command of Evidence","RW_COE_011","Use textual or quantitative evidence","evidence_based_inference","Hard","1","multiple_choice","Stormwater planners compared rain gardens built with two basin depths along streets with similar pavement area. Deeper basins could hold more runoff before overflowing, but field crews worried that the extra stored water might drain slowly after repeated storms. Shallower basins had less storage yet exposed a larger fraction of their soil surface to air between events. The planners described the design problem as a tradeoff between limiting peak runoff during a storm and restoring storage capacity before the next one. They predicted that neither basin type would be preferable under every rainfall pattern. In a week with one intense storm, greater temporary storage could matter most; during a sequence of smaller storms, drainage recovery could become more important. To evaluate this claim, the team compared overflow volume and the time each basin needed to return to half of its post-storm water level. Evidence supporting the tradeoff would need to reflect both performance dimensions rather than just one.","Which finding would most directly support the planners’ proposed tradeoff between rain-garden storage and recovery?","Deep basins hold more water immediately after the tested storms, while shallow basins contain less water at those same measurement times.","Both basin types drain at nearly the same rate, but deep basins cost more to excavate.","Shallow basins overflow less and return to half-full more quickly than deep basins across the observed rainfall sequences.","Deep basins overflow less during a single intense storm but take longer to drain, whereas shallow basins overflow more in that storm but recover storage sooner before later storms.","D","4","The proposed tradeoff has two sides: deeper basins should provide more temporary storage, while shallower basins may regain capacity sooner. The keyed finding supplies evidence for both sides in the same comparison rather than supporting only one performance dimension.","75","none","{}","","","","","","Command of Evidence","","passage:R017;arch:RW_COE_011;sim:rw_command_of_evidence_evidence_based_inference;fp:e83ede3864bc"
"SAT_RW_7","rw_split_v9","SAT_RW_7_BACK","700-800","RW7_M2_Q14","RW","2","hard","14","Information and Ideas","Inferences","RW_INF_010","Draw supported conclusions","evidence_based_inference","Hard","1","multiple_choice","A study of sleep timing asked university students to complete the same sustained-attention task on three mornings. Participants recorded when they had fallen asleep and awakened, and wrist sensors provided an independent estimate of sleep duration. Students whose sleep midpoint shifted by more than two hours across the week made more late-task errors than students with steadier schedules, even when the two groups averaged similar total sleep. The association was strongest on mornings after a large shift and weaker after two relatively stable nights. Students with irregular schedules also reported drinking more caffeine, but caffeine intake did not closely track the day-to-day error pattern. Because the study did not assign sleep schedules, it cannot establish that timing variability caused the attention changes. Still, the within-person pattern suggests that total sleep duration may not capture every aspect of sleep relevant to sustained performance, especially when bed and wake times move substantially from one day to the next.","Which conclusion is best supported by the text?","For these students, shifts in sleep timing may be associated with sustained-attention performance even when average sleep duration is similar.","Caffeine intake is the most likely cause of the extra late-task errors because irregular sleepers reported drinking more caffeine.","Keeping sleep midpoint stable will necessarily prevent late-task attention errors in university students.","Average sleep duration has no relationship to attention performance when bedtimes and wake times vary.","A","1","Students with larger timing shifts made more late-task errors despite similar average sleep duration, and the association weakened after stable nights. Because the study was observational, the text supports an association rather than a causal guarantee.","75","none","{}","","","","","","Inferences","","passage:R029;arch:RW_INF_010;sim:rw_inferences_evidence_based_inference;fp:6c9a78c19501"
"SAT_RW_7","rw_split_v9","SAT_RW_7_BACK","700-800","RW7_M2_Q15","RW","2","hard","15","Information and Ideas","Inferences","RW_INF_002","Draw supported conclusions","cause_effect","Hard","1","multiple_choice","Readers in a digital-text experiment studied short history chapters either as continuously scrolling pages or as screen-sized sections with visible page boundaries. Both formats contained identical words, headings, and illustrations. On questions asking for isolated facts, the two groups performed similarly. On questions requiring readers to connect an early claim with evidence several paragraphs later, the sectioned-page group performed better, but mainly among participants who had used the page indicator to revisit earlier sections. Eye-movement records showed that scrolling readers returned to earlier material just as often overall; their returns, however, tended to stop near headings rather than at the precise paragraph containing the needed claim. The results do not show that fixed pages improve comprehension by themselves. Instead, they suggest that visible location cues may become useful when readers actively use them to relocate specific information, particularly for tasks that require integrating separated parts of a text.","What can most reasonably be inferred about the visible page boundaries in the experiment?","Their benefit for integration tasks depended in part on readers using location cues to return to specific earlier material.","They improved fact recall even for readers who never consulted the page indicator.","They reduced how often readers returned to earlier material compared with continuous scrolling.","They caused readers to stop at headings rather than at the paragraph containing a needed claim.","A","1","The sectioned-page advantage appeared mainly among readers who used the page indicator to revisit earlier sections. Scrolling readers returned just as often overall, so the evidence points to effective relocation of specific information rather than fewer returns or automatic improvement.","75","none","{}","","","","","","Inferences","","passage:R041;arch:RW_INF_002;sim:rw_inferences_cause_effect;fp:0c865c1159fb"
"SAT_RW_7","rw_split_v9","SAT_RW_7_BACK","700-800","RW7_M2_Q16","RW","2","hard","16","Standard English Conventions","Boundaries","SEC.BND","Boundaries","Restrictive modifiers without commas","Hard","1","multiple_choice","A rowing coach compared six recovery routines, grouped by when stretching occurred and whether athletes cooled down on the water. Among the routines, the ____ produced the lowest next-day fatigue scores was then tested for another month.","Which choice completes the text so that it conforms to the conventions of Standard English?","method, which combined a short cool-down with delayed stretching,","method that combined a short cool-down with delayed stretching","routine, combining a short cool-down with delayed stretching,","approach—combining a short cool-down with delayed stretching—","B","2","The tested convention is restrictive versus nonessential modification. The context presents six routines and has not previously identified one specific routine, so the information about the cool-down and stretching must identify which method produced the lowest scores. B supplies that restrictive modifier. A, C, and D all set the identifying information off as supplemental, leaving “the method,” “the routine,” or “the approach” insufficiently identified in a context containing several alternatives.","75","none","{}","","","","","","Boundaries","","sec;grammar;arch:SEC-BND-037;sim:SEC.BND:restrictive_no_comma:B. internal punctuation nearby;ctx:CTX-GRM-011;tier:SEC3;grammar_family:restrictive_no_comma;fp:dcb3c835ee44"
"SAT_RW_7","rw_split_v9","SAT_RW_7_BACK","700-800","RW7_M2_Q17","RW","2","hard","17","Standard English Conventions","Boundaries","SEC.BND","Boundaries","Punctuating two independent clauses","Hard","1","multiple_choice","A linguist compared recordings from shopkeepers speaking to relatives and to unfamiliar customers. The honorific used at the opening of a sale varied with customer familiarity, which the field notes also ____ the phrase used at closing varied more with whether the purchase was a gift.","Which choice completes the text so that it conforms to the conventions of Standard English?","tracked,","tracked:","tracked and","tracked;","D","4","The tested convention is the boundary between independent clauses. After “tracked,” the sentence shifts from the complete clause about the opening honorific to the complete clause beginning “the phrase used at closing.” D supplies a semicolon after “tracked” and correctly joins those closely related clauses. A creates a comma splice, B wrongly casts the second contrasting observation as an explanation introduced by a colon, and C joins the clauses with “and” but omits the comma required before that coordinating conjunction.","75","none","{}","","","","","","Boundaries","","sec;grammar;arch:SEC-BND-004;sim:SEC.BND:sentence_boundary_semicolon:D. academic register;ctx:CTX-GRM-007;tier:SEC3;grammar_family:sentence_boundary_semicolon;fp:065d585be35a"
"SAT_RW_7","rw_split_v9","SAT_RW_7_BACK","700-800","RW7_M2_Q18","RW","2","hard","18","Standard English Conventions","Boundaries","SEC.BND","Boundaries","Punctuation before trailing modifiers","Hard","1","multiple_choice","Five riverbank sensors were installed before the rainy season, and each was assigned a unique code in the field log. After flooding, the team replaced ____ when fine sediment entered a cracked housing, before recalibrating the remaining devices.","Which choice completes the text so that it conforms to the conventions of Standard English?","sensor R4, damaged","sensor R4 that was damaged","sensor R4—damaged","sensor R4; damaged","A","1","The tested convention is punctuation before a nonessential trailing modifier. “Sensor R4” is already uniquely identified by the coding system, so “damaged when…” adds supplemental information; A correctly opens that modifier with a comma, paired with the comma after “housing.” B treats the damage clause as restrictive even though the code already identifies the sensor. C opens a dash interruption that is closed with a comma, creating mismatched boundaries. D places a semicolon before a participial modifier rather than between independent clauses.","75","none","{}","","","","","","Boundaries","","sec;grammar;arch:SEC-BND-070;sim:SEC.BND:modifier_boundary_after_noun:E. expanded syntax;ctx:CTX-GRM-008;tier:SEC4;grammar_family:modifier_boundary_after_noun;fp:f7063c732e51"
"SAT_RW_7","rw_split_v9","SAT_RW_7_BACK","700-800","RW7_M2_Q19","RW","2","hard","19","Standard English Conventions","Form, Structure, and Sense","SEC.FSS","Form, Structure, and Sense","Logical verb tense","Hard","1","multiple_choice","Volunteers digitized theater letters every Friday throughout the spring. By the time the archivist changed the file-naming system in April, the team ____ more than six hundred pages, and it continued adding descriptive metadata through June.","Which choice completes the text so that it conforms to the conventions of Standard English?","was scanning","had scanned","has scanned","will have scanned","B","2","The tested convention is logical verb tense. The scanning had reached a completed total before the archivist changed the naming system, so the past perfect “had scanned” marks that earlier completed action relative to a later past event. A uses a progressive form that does not express the completed six-hundred-page total. C uses present perfect with a definite past reference point. D uses future perfect even though both events are in the past.","75","none","{}","","","","","","Form, Structure, and Sense","","sec;grammar;arch:SEC-FSS-009;sim:SEC.FSS:verb_tense_sequence:D. logic cue;ctx:CTX-GRM-012;tier:SEC3;grammar_family:verb_tense_sequence;fp:73ebf7072ac9"
"SAT_RW_7","rw_split_v9","SAT_RW_7_BACK","700-800","RW7_M2_Q20","RW","2","hard","20","Standard English Conventions","Form, Structure, and Sense","SEC.FSS","Form, Structure, and Sense","Conventional expression and preposition choice","Hard","1","multiple_choice","The town council reviewed a shaded-bus-stop pilot program ____ residents, after examining route maps and temperature logs from a second survey, participated during July before the shelters were evaluated in August.","Which choice completes the text so that it conforms to the conventions of Standard English?","with which","in which","for which","which","B","2","The tested convention is the conventional preposition in the expression “participate in.” The intervening phrase separates the blank from the verb, but the full relative construction must still read “a restoration program in which local historians … participated.” A and C use prepositions not licensed by “participated” in this sense, and D omits the required preposition.","75","none","{}","","","","","","Form, Structure, and Sense","","sec;grammar;arch:SEC-FSS-049;sim:SEC.FSS:conventional_expression:D. logic cue;ctx:CTX-GRM-046;tier:SEC3;grammar_family:conventional_expression;fp:cf2555fe5d61"
"SAT_RW_7","rw_split_v9","SAT_RW_7_BACK","700-800","RW7_M2_Q21","RW","2","hard","21","Standard English Conventions","Form, Structure, and Sense","SEC.FSS","Form, Structure, and Sense","Parallel structure","Hard","1","multiple_choice","The revised charting protocol, which the design team adopted after a week of inconsistent annotations, required the coordinator not only to assign review categories and record late corrections but also ____ before analysts received the files.","Which choice completes the text so that it conforms to the conventions of Standard English?","checking the disputed entries against the source sheet","a review of the disputed entries against the source sheet","to check the disputed entries against the source sheet","she checked the disputed entries against the source sheet","C","3","The tested convention is parallel structure. The correlative construction begins with “not only to assign … and record …,” so the element after “but also” must use the same infinitive form: “to check.” A shifts to a gerund, B to a noun phrase, and D to a full finite clause. Each can function in other environments after coordination, but none is parallel to the first member of this correlative structure.","75","none","{}","","","","","","Form, Structure, and Sense","","sec;grammar;arch:SEC-FSS-035;sim:SEC.FSS:parallel_structure:E. expanded syntax;ctx:CTX-GRM-040;tier:SEC4;grammar_family:parallel_structure;fp:25af06113469"
"SAT_RW_7","rw_split_v9","SAT_RW_7_BACK","700-800","RW7_M2_Q22","RW","2","hard","22","Standard English Conventions","Form, Structure, and Sense","SEC.FSS","Form, Structure, and Sense","Complete sentence structure","Hard","1","multiple_choice","Although the mapmaker’s revised boundary, which integrated satellite images with handwritten survey notes, resolved several discrepancies that had appeared in earlier drafts, ____.","Which choice completes the text so that it conforms to the conventions of Standard English?","and the older sketches remained in the archive because they documented earlier interpretations","because the older sketches remained in the archive as a record of earlier interpretations","the older sketches remained in the archive because they documented how the interpretation had changed","which meant that the older sketches remained in the archive as evidence of earlier interpretations","C","3","The tested convention is complete sentence structure. The sentence begins with the subordinating conjunction “Although,” so after that dependent clause ends, it needs an independent main clause. C supplies one. A leaves the construction without a properly coordinated main clause, B adds a second dependent “because” clause, and D adds a relative “which” clause; none of those choices supplies the independent clause required by the opening “Although” clause.","75","none","{}","","","","","","Form, Structure, and Sense","","sec;grammar;arch:SEC-FSS-070;sim:SEC.FSS:sentence_completeness_fss:E. expanded syntax;ctx:CTX-GRM-072;tier:SEC4;grammar_family:sentence_completeness_fss;fp:f36b1c29332a"
"SAT_RW_7","rw_split_v9","SAT_RW_7_BACK","700-800","RW7_M2_Q23","RW","2","hard","23","Expression of Ideas","Transitions","RW_TR_008","Select transition that logically connects ideas","contrast","Hard","1","multiple_choice","A transit study compared three stations that admitted nearly the same number of riders per hour. At one station, feeder buses delivered passengers in short bursts; at the others, arrivals were steadier. Because the hourly totals were similar, the initial model predicted similar average platform crowding. ____ the bursty station repeatedly exceeded the platform’s target density for two or three minutes at a time, even though its hourly average matched the others. The timing of arrivals, not just the total, shaped brief crowding peaks.","Which choice most logically completes the text?","For instance,","Even so,","As a result,","Similarly,","B","2","The preceding sentence gives the model’s prediction of similar crowding, while the next sentence reports a bursty station that repeatedly exceeded the target density. “Even so” marks this counterevidence. “For instance” would treat the station as an illustration of the prediction, “As a result” would make the exceedances a direct consequence of the prediction, and “Similarly” would imply parallel outcomes rather than a discrepancy.","75","none","{}","","","","","","Transitions","","passage:R034;arch:RW_TR_008;sim:rw_transitions_contrast;fp:cfc482561335"
"SAT_RW_7","rw_split_v9","SAT_RW_7_BACK","700-800","RW7_M2_Q24","RW","2","hard","24","Expression of Ideas","Transitions","RW_TR_009","Select transition that logically connects ideas","cause_effect","Hard","1","multiple_choice","An electric-bus pilot compared aggressive and moderate regenerative-braking settings. Across the full route network, the aggressive setting recovered more energy. Two steep routes accounted for most of that advantage, however, while the settings performed almost identically on level routes. ____ the fleetwide average favors the aggressive setting, but route-level results indicate that the benefit is concentrated where buses make repeated descents. A single network average therefore gives an incomplete picture of which setting is preferable on a particular route.","Which choice most logically completes the passage?","More precisely,","Nevertheless,","As an illustration,","Meanwhile,","A","1","The text first gives a fleetwide advantage, then shows that most of it comes from two steep routes. The sentence after the blank restates that broad result with a sharper route-level qualification, so “More precisely” fits. “Nevertheless” suggests opposition to the route-level evidence, “As an illustration” would introduce an instance rather than a synthesis, and “Meanwhile” suggests a separate simultaneous development.","75","none","{}","","","","","","Transitions","","passage:R040;arch:RW_TR_009;sim:rw_transitions_cause_effect;fp:cc8d90a7affa"
"SAT_RW_7","rw_split_v9","SAT_RW_7_BACK","700-800","RW7_M2_Q25","RW","2","hard","25","Expression of Ideas","Transitions","RW_TR_001","Select transition that logically connects ideas","logical_link","Hard","1","multiple_choice","An indoor-air pilot tested a filter controller that automatically increased fan speed when particle sensors detected a spike. During corridor class changes, the controller responded quickly and reduced peak particle levels. Cooking demonstrations in an adjacent room also triggered the sensors, however, even when classroom levels stayed low. Manual threshold adjustments reduced those false responses but made the system slower to react to brief corridor spikes. ____ automation reduced the need for constant staff adjustment, yet its usefulness depended on distinguishing relevant spikes from nearby activity.","Which choice provides the most logical completion of the text?","For example,","Consequently,","On balance,","In the same way,","C","3","The passage presents both a benefit of automation and a limitation caused by false triggers, then the final sentence weighs those sides together. “On balance” signals that synthesis. “For example” would make the sentence another instance, “Consequently” would reduce the two-sided conclusion to a single causal result, and “In the same way” would require a parallel case that is not present.","75","none","{}","","","","","","Transitions","","passage:R022;arch:RW_TR_001;sim:rw_transitions_logical_link;fp:58cd38150cae"
"SAT_RW_7","rw_split_v9","SAT_RW_7_BACK","700-800","RW7_M2_Q26","RW","2","hard","26","Expression of Ideas","Rhetorical Synthesis","RW_RS_001","Use notes to achieve a writing goal","revision_goal","Hard","1","multiple_choice","A student wants to emphasize how a design feature helped readers compare information across two digital book formats.

- Sixty readers used either a continuous-scroll edition or a sectioned-page edition.
- Both editions contained the same text and images.
- Each edition displayed a small persistent chapter map showing the reader’s current location.
- Readers who consulted the chapter map were faster at returning to an earlier claim, regardless of edition.
- The sectioned-page group consulted the map slightly more often.","Which choice most effectively uses the notes to achieve the student’s stated goal?","The sectioned-page group consulted the persistent chapter map slightly more often than the continuous-scroll group did.","Both digital editions contained the same text and images, although one scrolled continuously and the other used sectioned pages.","Because readers in both formats who consulted the persistent chapter map returned to earlier claims faster, the map helped readers reconnect separated information across format types.","Sixty readers used two digital book formats, each of which displayed a persistent chapter map showing the reader’s location.","C","3","The goal is to emphasize how the design feature helped readers across both formats. The keyed choice uses the chapter-map result that applies regardless of edition and connects it to returning to earlier information. The other choices accurately report notes but emphasize usage frequency, shared content, or study setup rather than the feature’s cross-format benefit.","75","none","{}","","","","","","Rhetorical Synthesis","","passage:R016;arch:RW_RS_001;sim:rw_rhetorical_synthesis_revision_goal;fp:d3c9360be29c"
"SAT_RW_7","rw_split_v9","SAT_RW_7_BACK","700-800","RW7_M2_Q27","RW","2","hard","27","Expression of Ideas","Rhetorical Synthesis","RW_RS_010","Use notes to achieve a writing goal","cause_effect","Hard","1","multiple_choice","A student wants to make a qualified recommendation about using automated acoustic monitors in coastal habitat studies.

- Automated monitors can record continuously when field staff are absent.
- The software can rapidly flag recordings that resemble target animal calls.
- Wind, rain, and boat engines can increase false alerts.
- Human review can remove many false alerts but requires staff time.
- Combining automated screening with scheduled human review reduced the amount of audio staff had to inspect in a pilot project.","Which choice best uses the notes to make the student’s qualified recommendation?","Coastal studies can use automated screening to reduce review volume, but scheduled human review remains useful because wind, rain, and boat engines can generate false alerts.","Because automated monitors can record when staff are absent, coastal studies should rely on the software’s flagged calls without adding human review.","Wind, rain, and boat engines can trigger acoustic-monitoring software, so continuous recording offers little value when field staff are absent.","A pilot project used automated screening and human review, and the software rapidly flagged recordings that resembled target animal calls.","A","1","The recommendation must be qualified: automation saves review effort, but false alerts make human review useful. The keyed choice states both sides using the notes. The other choices either remove the qualification, undervalue the benefit, or merely describe the pilot without making the requested recommendation.","75","none","{}","","","","","","Rhetorical Synthesis","","passage:R046;arch:RW_RS_010;sim:rw_rhetorical_synthesis_cause_effect;fp:81f18486fcd5"
"SAT_Math_questions.7","7","math_v6_batch_7","SAT Math practice","MATH.7.M1.Q01","MATH","1","base","1","Algebra","Linear Equations","ALG_LE_001","Solve a one-variable linear equation with constants on both sides","Solve a one-variable linear equation with constants on both sides","easy","1","multiple_choice","","What value of x satisfies 3x - 5 = 16?","7","5","6","8","A","1","Add 5 to both sides to get 3x = 21. Dividing by 3 gives x = 7.","60","none","{}","","3x-5=16","","","","solve a one-variable linear equation with constants on both sides","","math,domain:Algebra,skill:ALG_LE_001,arch:MATH_ARCH_001_LINEAR_EQUATION_ONE_VARIABLE,sim:SIM_LINEAR_EQUATIONS_AND_INEQUALITIES,fp:3ebd7525,tier:E1"
"SAT_Math_questions.7","7","math_v6_batch_7","SAT Math practice","MATH.7.M1.Q02","MATH","1","base","2","Geometry and Trigonometry","Triangles","GEO_TRI_001","Use angle relationships with parallel lines and transversal","Use angle relationships with parallel lines and transversal","easy","1","multiple_choice","","Two parallel lines are cut by a transversal. If one angle measures 63 degrees, what is the measure, in degrees, of its corresponding angle?","27","117","63","126","C","3","Corresponding angles formed by a transversal of parallel lines are congruent, so the angle measure is 63 degrees.","60","none","{}","","","","","","use angle relationships with parallel lines and transversal","","math,domain:Geometry and Trigonometry,skill:GEO_TRI_001,arch:MATH_ARCH_084_ANGLE_PAIRS_PARALLEL_LINES,sim:SIM_PARALLEL_LINES_ANGLES,fp:28807480,tier:E1"
"SAT_Math_questions.7","7","math_v6_batch_7","SAT Math practice","MATH.7.M1.Q03","MATH","1","base","3","Advanced Math","Nonlinear Functions","ADV_NF_002","Evaluate a function at a given input","Evaluate a function at a given input","medium","1","multiple_choice","","For the function f(x)=2x^2-3x+4, what is f(5)?","29","34","45","39","D","4","Substitute 5 for x: f(5)=2(25)-3(5)+4=50-15+4=39.","70","none","{}","","f(x)=2x^2-3x+4","","","","evaluate a function at a given input","","math,domain:Advanced Math,skill:ADV_NF_002,arch:MATH_ARCH_063_FUNCTION_EVALUATE,sim:SIM_FUNCTION_NOTATION_AND_VALUES,fp:156b3279,tier:M1"
"SAT_Math_questions.7","7","math_v6_batch_7","SAT Math practice","MATH.7.M1.Q04","MATH","1","base","4","Problem-Solving and Data Analysis","Percentages","PSD_PCT_001","Compute a percent of a whole or identify percent from part/whole","Compute a percent of a whole or identify percent from part/whole","medium","1","multiple_choice","","18 is 30% of what number?","48","54","72","60","D","4","Let n be the number. Since 0.30n=18, n=18/0.30=60.","60","none","{}","","","","","","compute a percent of a whole or identify percent from part/whole","","math,domain:Problem-Solving and Data Analysis,skill:PSD_PCT_001,arch:MATH_ARCH_042_PERCENT_OF_WHOLE,sim:SIM_PERCENT_RELATIONSHIPS,fp:faefc8fe,tier:M1"
"SAT_Math_questions.7","7","math_v6_batch_7","SAT Math practice","MATH.7.M1.Q05","MATH","1","base","5","Algebra","Linear Functions","ALG_LF_002","Build a linear equation from a starting amount and constant rate","Build a linear equation from a starting amount and constant rate","medium","1","multiple_choice","","A gym charges a one-time sign-up fee of $18 plus $7 for each class. Which expression gives the total cost, in dollars, for c classes?","18c + 7","7c + 18","25c","7(c + 18)","B","2","The fixed fee is 18 dollars, and the variable cost is 7 dollars per class, so the total is 7c+18.","75","none","{}","","","","","","build a linear equation from a starting amount and constant rate","","math,domain:Algebra,skill:ALG_LF_002,arch:MATH_ARCH_005_LINEAR_MODEL_BUILD_FROM_CONTEXT,sim:SIM_LINEAR_FUNCTIONS_AND_GRAPHS,fp:27ea5fdf,tier:M1"
"SAT_Math_questions.7","7","math_v6_batch_7","SAT Math practice","MATH.7.M1.Q06","MATH","1","base","6","Advanced Math","Equivalent Expressions","ADV_EE_007","Add, subtract, or multiply complex numbers","Add, subtract, or multiply complex numbers","medium","1","multiple_choice","","What is the sum of (3+2i) and (5-7i)?","8 - 5i","8 + 9i","2 - 5i","15 - 14i","A","1","Add the real parts and the imaginary parts separately: (3+5)+(2i-7i)=8-5i.","70","none","{}","","(3+2i)+(5-7i)","","","","add, subtract, or multiply complex numbers","","math,domain:Advanced Math,skill:ADV_EE_007,arch:MATH_ARCH_082_COMPLEX_ARITHMETIC,sim:SIM_COMPLEX_NUMBERS,fp:1b99c09d,tier:M1"
"SAT_Math_questions.7","7","math_v6_batch_7","SAT Math practice","MATH.7.M1.Q07","MATH","1","base","7","Algebra","Linear Functions","ALG_LF_004","Find slope from two coordinate points","Find slope from two coordinate points","medium","1","multiple_choice","","What is the slope of the line passing through the points (-2, 5) and (4, -7)?","2","-2","-1/2","1/2","B","2","The slope is (-7-5)/(4-(-2))=-12/6=-2.","70","none","{}","","","","","","find slope from two coordinate points","","math,domain:Algebra,skill:ALG_LF_004,arch:MATH_ARCH_007_LINEAR_GRAPH_SLOPE_FROM_POINTS,sim:SIM_LINEAR_FUNCTIONS_AND_GRAPHS,fp:7f4f0229,tier:M1"
"SAT_Math_questions.7","7","math_v6_batch_7","SAT Math practice","MATH.7.M1.Q08","MATH","1","base","8","Problem-Solving and Data Analysis","Ratios Rates and Proportions","PSD_RRP_007","Convert units using one conversion factor","Convert units using one conversion factor","medium","1","multiple_choice","","There are 5,280 feet in 1 mile. How many feet are in 2.5 miles?","10,560","13,200","12,500","15,840","B","2","Multiply 2.5 by 5,280: 2.5(5,280)=13,200 feet.","60","none","{}","","","","","","convert units using one conversion factor","","math,domain:Problem-Solving and Data Analysis,skill:PSD_RRP_007,arch:MATH_ARCH_038_UNIT_CONVERSION_SINGLE,sim:SIM_RATIOS_RATES_PROPORTIONS,fp:73ba65ed,tier:M1"
"SAT_Math_questions.7","7","math_v6_batch_7","SAT Math practice","MATH.7.M1.Q09","MATH","1","base","9","Geometry and Trigonometry","Triangles","GEO_TRI_003","Use Pythagorean theorem in right triangle","Use Pythagorean theorem in right triangle","medium","1","multiple_choice","","In a right triangle, the legs have lengths 9 and 12. What is the length of the hypotenuse?","14","16","15","21","C","3","By the Pythagorean theorem, the hypotenuse is sqrt(9^2+12^2)=sqrt(225)=15.","75","right_triangle","{""diagram_type"":""right_triangle"",""render_mode"":""exact_to_scale"",""not_to_scale"":false,""vertices"":[""A"",""B"",""C""],""right_angle_at"":""B"",""side_labels"":{""AB"":""9"",""BC"":""12"",""AC"":""?""},""coordinates"":{""A"":[0,9],""B"":[0,0],""C"":[12,0]},""target"":""AC""}","","","","","","use Pythagorean theorem in right triangle","","math,domain:Geometry and Trigonometry,skill:GEO_TRI_003,arch:MATH_ARCH_086_PYTHAGOREAN_THEOREM,sim:SIM_RIGHT_TRIANGLE_PYTHAGOREAN,fp:9919e1ce,tier:M1"
"SAT_Math_questions.7","7","math_v6_batch_7","SAT Math practice","MATH.7.M1.Q10","MATH","1","base","10","Algebra","Systems of Equations","ALG_SYS_001","Determine which ordered pair solves a system of linear equations","Determine which ordered pair solves a system of linear equations","medium","1","multiple_choice","","Which ordered pair (x, y) is the solution to the system 2x + y = 11 and x - y = 1?","(3, 4)","(4, 3)","(5, 1)","(2, 7)","B","2","Adding the equations gives 3x=12, so x=4. Then x-y=1 gives y=3.","80","none","{}","","2x+y=11; x-y=1","","","","determine which ordered pair solves a system of linear equations","","math,domain:Algebra,skill:ALG_SYS_001,arch:MATH_ARCH_015_SYSTEM_SOLUTION_ORDERED_PAIR,sim:SIM_LINEAR_SYSTEMS,fp:887c0163,tier:M1"
"SAT_Math_questions.7","7","math_v6_batch_7","SAT Math practice","MATH.7.M1.Q11","MATH","1","base","11","Advanced Math","Equivalent Expressions","ADV_EE_002","Simplify radicals and rational exponents","Simplify radicals and rational exponents","medium","1","multiple_choice","","Which expression is equivalent to sqrt(72)?","8sqrt(3)","6sqrt(2)","12sqrt(6)","36sqrt(2)","B","2","Since 72=36*2, sqrt(72)=sqrt(36)*sqrt(2)=6sqrt(2).","70","none","{}","","\sqrt{72}","","","","simplify radicals and rational exponents","","math,domain:Advanced Math,skill:ADV_EE_002,arch:MATH_ARCH_068_RADICAL_SIMPLIFY,sim:SIM_EXPONENT_RADICALS,fp:8292cfcf,tier:M1"
"SAT_Math_questions.7","7","math_v6_batch_7","SAT Math practice","MATH.7.M1.Q12","MATH","1","base","12","Algebra","Linear Equations","ALG_LE_004","Rearrange a formula to isolate a variable","Rearrange a formula to isolate a variable","medium","1","multiple_choice","","The formula P = 2l + 2w gives the perimeter P of a rectangle with length l and width w. Which equation gives l in terms of P and w?","P - 2w","(P + 2w)/2","(P - 2w)/2","P/2 + 2w","C","3","Subtract 2w from both sides to get P-2w=2l. Divide by 2 to get l=(P-2w)/2.","80","none","{}","","P=2l+2w","","","","rearrange a formula to isolate a variable","","math,domain:Algebra,skill:ALG_LE_004,arch:MATH_ARCH_013_FORMULA_REARRANGE_SINGLE_VARIABLE,sim:SIM_LINEAR_EQUATIONS_AND_INEQUALITIES,fp:c5387be1,tier:M1"
"SAT_Math_questions.7","7","math_v6_batch_7","SAT Math practice","MATH.7.M1.Q13","MATH","1","base","13","Problem-Solving and Data Analysis","Probability","PSD_PROB_001","Compute probability from a two-way table with correct denominator","Compute probability from a two-way table with correct denominator","medium","1","multiple_choice","","The table summarizes 30 students in a club. If one student is selected at random, what is the probability that the student is a senior who owns a laptop?","1/3","3/5","3/10","2/5","D","4","There are 12 seniors who own a laptop out of 30 students total, so the probability is 12/30=2/5.","90","table","{}","| Group | Owns laptop | Does not own laptop |\n|---|---:|---:|\n| Juniors | 8 | 6 |\n| Seniors | 12 | 4 |","","","","","compute probability from a two-way table with correct denominator","","math,domain:Problem-Solving and Data Analysis,skill:PSD_PROB_001,arch:MATH_ARCH_049_TWO_WAY_TABLE_PROBABILITY,sim:SIM_PROBABILITY_TABLES,fp:a2ce2e96,tier:M2"
"SAT_Math_questions.7","7","math_v6_batch_7","SAT Math practice","MATH.7.M1.Q14","MATH","1","base","14","Advanced Math","Equivalent Expressions","ADV_EE_004","Factor polynomial expression","Factor polynomial expression","medium","1","multiple_choice","","Which expression is equivalent to 3x^2 + 11x + 6?","(3x + 1)(x + 6)","(x + 2)(3x + 3)","(3x - 2)(x - 3)","(3x + 2)(x + 3)","D","4","The product (3x+2)(x+3) expands to 3x^2+9x+2x+6=3x^2+11x+6.","90","none","{}","","3x^2+11x+6","","","","factor polynomial expression","","math,domain:Advanced Math,skill:ADV_EE_004,arch:MATH_ARCH_071_POLYNOMIAL_FACTOR,sim:SIM_POLYNOMIAL_RATIONAL_EXPRESSIONS,fp:aa26c143,tier:M2"
"SAT_Math_questions.7","7","math_v6_batch_7","SAT Math practice","MATH.7.M1.Q15","MATH","1","base","15","Algebra","Systems of Equations","ALG_SYS_003","Solve a 2x2 linear system by substitution","Solve a 2x2 linear system by substitution","medium","1","multiple_choice","","What is the solution (x, y) to the system y = 2x + 1 and x + y = 10?","(4, 6)","(3, 7)","(7, 3)","(2, 8)","B","2","Substitute y=2x+1 into x+y=10 to get x+2x+1=10, so 3x=9 and x=3. Then y=7.","90","none","{}","","y=2x+1; x+y=10","","","","solve a 2x2 linear system by substitution","","math,domain:Algebra,skill:ALG_SYS_003,arch:MATH_ARCH_017_SYSTEM_SOLVE_SUBSTITUTION,sim:SIM_LINEAR_SYSTEMS,fp:f68ba3c9,tier:M2"
"SAT_Math_questions.7","7","math_v6_batch_7","SAT Math practice","MATH.7.M1.Q16","MATH","1","base","16","Geometry and Trigonometry","Trigonometry","GEO_TRIG_003","Use complementary angle trig relationships","Use complementary angle trig relationships","medium","1","multiple_choice","","If angle A is acute and sin(A) = cos(32 degrees), what is the value of A, in degrees?","32","58","48","68","B","2","For acute angles, sin(A)=cos(90 degrees - A). Thus 90-A=32, so A=58 degrees.","90","none","{}","","","","","","use complementary angle trig relationships","","math,domain:Geometry and Trigonometry,skill:GEO_TRIG_003,arch:MATH_ARCH_097_TRIG_COMPLEMENTARY,sim:SIM_TRIGONOMETRY_RELATIONSHIPS,fp:7faa4671,tier:M1"
"SAT_Math_questions.7","7","math_v6_batch_7","SAT Math practice","MATH.7.M1.Q17","MATH","1","base","17","Advanced Math","Nonlinear Functions","ADV_NF_005","Read function value or input from graph","Read function value or input from graph","medium","1","multiple_choice","","The graph of the function g is a line that passes through the points (0, -1) and (3, 5). What is g(3)?","5","-1","3","6","A","1","The point (3, 5) is on the graph, so the value of the function when x=3 is 5.","80","function_graph","{""diagram_type"":""function_graph"",""render_mode"":""exact_to_scale"",""x_min"":-1,""x_max"":4,""y_min"":-2,""y_max"":6,""x_label"":""x"",""y_label"":""g(x)"",""grid"":true,""equation"":""y=2x-1"",""points"":[[0,-1],[3,5]],""point_labels"":{""(0,-1)"":""(0, -1)"",""(3,5)"":""(3, 5)""},""target"":""g(3)""}","","","","","","read function value or input from graph","","math,domain:Advanced Math,skill:ADV_NF_005,arch:MATH_ARCH_066_FUNCTION_GRAPH_VALUE,sim:SIM_FUNCTION_NOTATION_AND_VALUES,fp:f3469bc5,tier:M2"
"SAT_Math_questions.7","7","math_v6_batch_7","SAT Math practice","MATH.7.M1.Q18","MATH","1","base","18","Problem-Solving and Data Analysis","Percentages","PSD_PCT_005","Use revenue, cost percentage, and profit percentage","Use revenue, cost percentage, and profit percentage","medium","1","multiple_choice","","A store buys a backpack for $80 and sells it for $104. The profit is what percent of the store's cost?","24%","25%","35%","30%","D","4","The profit is 104-80=24 dollars. As a percent of the cost, 24/80=0.30, or 30%.","95","none","{}","","","","","","use revenue, cost percentage, and profit percentage","","math,domain:Problem-Solving and Data Analysis,skill:PSD_PCT_005,arch:MATH_ARCH_046_COMMISSION_PROFIT_PERCENT,sim:SIM_PERCENT_RELATIONSHIPS,fp:b486c6ec,tier:M2"
"SAT_Math_questions.7","7","math_v6_batch_7","SAT Math practice","MATH.7.M1.Q19","MATH","1","base","19","Algebra","Systems of Equations","ALG_SYS_010","Translate multi-constraint budget/resource situation into inequalities","Translate multi-constraint budget/resource situation into inequalities","hard","1","multiple_choice","","A student buys notebooks for $3 each and pens for $2 each. The student wants to buy at least 10 items and spend no more than $26. Which combination meets both conditions?","8 notebooks and 3 pens","9 notebooks and 0 pens","6 notebooks and 4 pens","5 notebooks and 6 pens","C","3","For 6 notebooks and 4 pens, the total number of items is 10 and the cost is 6(3)+4(2)=26, so both conditions are met.","110","none","{}","","","","","","translate multi-constraint budget/resource situation into inequalities","","math,domain:Algebra,skill:ALG_SYS_010,arch:MATH_ARCH_030_BUDGET_SYSTEM_INEQUALITIES,sim:SIM_LINEAR_SYSTEMS,fp:b7c9d591,tier:H2"
"SAT_Math_questions.7","7","math_v6_batch_7","SAT Math practice","MATH.7.M1.Q20","MATH","1","base","20","Advanced Math","Nonlinear Functions","ADV_NF_004","Evaluate nested or composed functions","Evaluate nested or composed functions","hard","1","multiple_choice","","Let f(x)=2x-3 and g(x)=x^2+1. What is f(g(4))?","25","31","30","35","B","2","First, g(4)=4^2+1=17. Then f(17)=2(17)-3=31.","100","none","{}","","f(x)=2x-3; g(x)=x^2+1","","","","evaluate nested or composed functions","","math,domain:Advanced Math,skill:ADV_NF_004,arch:MATH_ARCH_065_FUNCTION_COMPOSITION,sim:SIM_FUNCTION_NOTATION_AND_VALUES,fp:3c84e812,tier:H2"
"SAT_Math_questions.7","7","math_v6_batch_7","SAT Math practice","MATH.7.M1.Q21","MATH","1","base","21","Algebra","Systems of Equations","ALG_SYS_008","Find maximum possible coordinate from two linear inequalities","Find maximum possible coordinate from two linear inequalities","hard","1","student_response","","For nonnegative x and y, suppose x + 2y <= 14 and 3x + y <= 18. What is the greatest possible value of x + y?","","","","","","","The maximum occurs at the intersection of x+2y=14 and 3x+y=18. Solving gives x=22/5 and y=24/5, so x+y=46/5=9.2.","120","none","{}","","x+2y\le 14; 3x+y\le 18","decimal","9.2","0","find maximum possible coordinate from two linear inequalities","","math,domain:Algebra,skill:ALG_SYS_008,arch:MATH_ARCH_027_SYSTEM_INEQUALITIES_MAX_COORDINATE,sim:SIM_LINEAR_SYSTEMS,fp:6980c885,tier:H2"
"SAT_Math_questions.7","7","math_v6_batch_7","SAT Math practice","MATH.7.M1.Q22","MATH","1","base","22","Advanced Math","Nonlinear Functions","ADV_NF_015","Find imaginary solutions of a quadratic equation","Find imaginary solutions of a quadratic equation","hard","1","student_response","","The solutions to x^2 - 8x + 41 = 0 are 4 + bi and 4 - bi, where b > 0. What is the value of b?","","","","","","","Using the quadratic formula gives x=(8 ± sqrt(64-164))/2=(8 ± sqrt(-100))/2=4 ± 5i, so b=5.","120","none","{}","","x^2-8x+41=0","integer","5","0","find imaginary solutions of a quadratic equation","","math,domain:Advanced Math,skill:ADV_NF_015,arch:MATH_ARCH_083_COMPLEX_QUADRATIC_ROOTS,sim:SIM_QUADRATIC_SOLVING,fp:ce6d1698,tier:H2"
"SAT_Math_questions.7","7","math_v6_batch_7","SAT Math practice","MATH.7.M2.Q01","MATH","2","hard","1","Algebra","Linear Functions","ALG_LF_006","Write the equation of a line through two points","Write the equation of a line through two points","medium","1","multiple_choice","","A line passes through the points (2, 5) and (6, 17). Which equation represents the line?","y = 3x + 1","y = 4x - 3","y = 2x + 1","y = 3x - 1","D","4","The slope is (17-5)/(6-2)=3. Using (2,5), 5=3(2)+b, so b=-1.","90","none","{}","","","","","","write the equation of a line through two points","","math,domain:Algebra,skill:ALG_LF_006,arch:MATH_ARCH_009_LINEAR_GRAPH_EQUATION_FROM_POINTS,sim:SIM_LINEAR_FUNCTIONS_AND_GRAPHS,fp:3781c758,tier:M2"
"SAT_Math_questions.7","7","math_v6_batch_7","SAT Math practice","MATH.7.M2.Q02","MATH","2","hard","2","Advanced Math","Nonlinear Functions","ADV_NF_009","Solve quadratic equation by factoring","Solve quadratic equation by factoring","medium","1","student_response","","What is the larger solution to x^2 - 9x + 20 = 0?","","","","","","","Factor the quadratic as (x-4)(x-5)=0. The solutions are 4 and 5, so the larger solution is 5.","90","none","{}","","x^2-9x+20=0","integer","5","0","solve quadratic equation by factoring","","math,domain:Advanced Math,skill:ADV_NF_009,arch:MATH_ARCH_075_QUADRATIC_SOLVE_FACTOR,sim:SIM_QUADRATIC_SOLVING,fp:4f45acf7,tier:M2"
"SAT_Math_questions.7","7","math_v6_batch_7","SAT Math practice","MATH.7.M2.Q03","MATH","2","hard","3","Problem-Solving and Data Analysis","Ratios Rates and Proportions","PSD_RRP_002","Use a ratio of ingredients to find amount in a mixture","Use a ratio of ingredients to find amount in a mixture","medium","1","multiple_choice","","A mixture contains blue beads and red beads in a ratio of 3 to 5. If the mixture contains 64 beads total, how many blue beads are in the mixture?","24","16","32","40","A","1","There are 3+5=8 equal parts. Each part is 64/8=8 beads, so the number of blue beads is 3(8)=24.","90","none","{}","","","","","","use a ratio of ingredients to find amount in a mixture","","math,domain:Problem-Solving and Data Analysis,skill:PSD_RRP_002,arch:MATH_ARCH_033_RATIO_MIXTURE_UNITS,sim:SIM_RATIOS_RATES_PROPORTIONS,fp:377dd67b,tier:M2"
"SAT_Math_questions.7","7","math_v6_batch_7","SAT Math practice","MATH.7.M2.Q04","MATH","2","hard","4","Advanced Math","Equivalent Expressions","ADV_EE_003","Expand polynomial products","Expand polynomial products","medium","1","multiple_choice","","Which expression is equivalent to (2x - 3)(x + 5)?","2x^2 + 7x - 15","2x^2 + 10x - 15","2x^2 - 7x - 15","2x^2 + 7x + 15","A","1","Expand: (2x)(x)+(2x)(5)-3(x)-3(5)=2x^2+10x-3x-15=2x^2+7x-15.","90","none","{}","","(2x-3)(x+5)","","","","expand polynomial products","","math,domain:Advanced Math,skill:ADV_EE_003,arch:MATH_ARCH_070_POLYNOMIAL_EXPAND,sim:SIM_POLYNOMIAL_RATIONAL_EXPRESSIONS,fp:105a8dd8,tier:M1"
"SAT_Math_questions.7","7","math_v6_batch_7","SAT Math practice","MATH.7.M2.Q05","MATH","2","hard","5","Algebra","Systems of Equations","ALG_SYS_004","Combine equations to solve directly for x+y or a linear combination","Combine equations to solve directly for x+y or a linear combination","hard","1","multiple_choice","","If 2x + 3y = 18 and 5x - 3y = 3, what is the value of x + y?","3","7","4","10","B","2","Adding the equations gives 7x=21, so x=3. Substitute into 2x+3y=18 to get 6+3y=18, so y=4. Thus x+y=7.","110","none","{}","","2x+3y=18; 5x-3y=3","","","","combine equations to solve directly for x+y or a linear combination","","math,domain:Algebra,skill:ALG_SYS_004,arch:MATH_ARCH_018_SYSTEM_SUM_DIRECT,sim:SIM_LINEAR_SYSTEMS,fp:0bf2524d,tier:H2"
"SAT_Math_questions.7","7","math_v6_batch_7","SAT Math practice","MATH.7.M2.Q06","MATH","2","hard","6","Advanced Math","Nonlinear Functions","ADV_NF_011","Complete the square to find vertex or solve","Complete the square to find vertex or solve","hard","1","multiple_choice","","Which expression is equivalent to x^2 - 10x + 33?","(x - 5)^2 - 8","(x - 5)^2 + 8","(x + 5)^2 + 8","(x - 10)^2 + 33","B","2","Complete the square: x^2-10x+33=(x^2-10x+25)+8=(x-5)^2+8.","110","none","{}","","x^2-10x+33","","","","complete the square to find vertex or solve","","math,domain:Advanced Math,skill:ADV_NF_011,arch:MATH_ARCH_077_QUADRATIC_COMPLETE_SQUARE,sim:SIM_QUADRATIC_FEATURES,fp:e50aa00e,tier:H3"
"SAT_Math_questions.7","7","math_v6_batch_7","SAT Math practice","MATH.7.M2.Q07","MATH","2","hard","7","Problem-Solving and Data Analysis","Ratios Rates and Proportions","PSD_RRP_010","Solve weighted average mixture with two components","Solve weighted average mixture with two components","hard","1","multiple_choice","","A chemist has 30 liters of a 12% acid solution. How many liters of a 30% acid solution must be added to make a 20% acid solution?","15","18","36","24","D","4","Let x be the liters added. Then 0.12(30)+0.30x=0.20(30+x). Solving gives 3.6+0.30x=6+0.20x, so x=24.","125","none","{}","","","","","","solve weighted average mixture with two components","","math,domain:Problem-Solving and Data Analysis,skill:PSD_RRP_010,arch:MATH_ARCH_047_WEIGHTED_AVERAGE_MIXTURE,sim:SIM_WEIGHTED_AVERAGE_MIXTURE,fp:51ddc71b,tier:H2"
"SAT_Math_questions.7","7","math_v6_batch_7","SAT Math practice","MATH.7.M2.Q08","MATH","2","hard","8","Geometry and Trigonometry","Circles","GEO_CIRC_002","Find arc length or sector area from central angle","Find arc length or sector area from central angle","hard","1","multiple_choice","","In a circle with radius 12, a central angle measures 150 degrees. What is the length of the intercepted arc?","5pi","12pi","20pi","10pi","D","4","Arc length is (150/360)(2pi*12)=(5/12)(24pi)=10pi.","120","circle","{""diagram_type"":""circle"",""render_mode"":""schematic_not_to_scale"",""not_to_scale"":true,""center_label"":""O"",""radius"":12,""radius_label"":""12"",""central_angle_degrees"":150,""central_angle_label"":""150 degrees"",""target"":""arc length""}","","","","","","find arc length or sector area from central angle","","math,domain:Geometry and Trigonometry,skill:GEO_CIRC_002,arch:MATH_ARCH_092_CIRCLE_ARC_SECTOR,sim:SIM_CIRCLE_MEASUREMENTS,fp:2b6fa5c2,tier:H3"
"SAT_Math_questions.7","7","math_v6_batch_7","SAT Math practice","MATH.7.M2.Q09","MATH","2","hard","9","Algebra","Linear Equations","ALG_LE_011","Solve inequality with discrete rounding or ceiling/floor interpretation","Solve inequality with discrete rounding or ceiling/floor interpretation","hard","1","multiple_choice","","A club charges a $25 registration fee plus $8 for each meeting attended. If Mia can spend at most $100, what is the greatest number of meetings she can attend?","8","10","9","12","C","3","The inequality is 25+8m<=100. Then 8m<=75, so m<=9.375. The greatest whole number of meetings is 9.","105","none","{}","","25+8m\le 100","","","","solve inequality with discrete rounding or ceiling/floor interpretation","","math,domain:Algebra,skill:ALG_LE_011,arch:MATH_ARCH_031_INTEGER_ROUNDING_INEQUALITY,sim:SIM_LINEAR_EQUATIONS_AND_INEQUALITIES,fp:39a103cd,tier:H2"
"SAT_Math_questions.7","7","math_v6_batch_7","SAT Math practice","MATH.7.M2.Q10","MATH","2","hard","10","Advanced Math","Nonlinear Functions","ADV_NF_008","Model exponential growth or decay","Model exponential growth or decay","hard","1","multiple_choice","","A population is modeled by P(t)=800(1.12)^t, where t is measured in years. According to the model, what is P(2)?","896","995.20","1120","1003.52","D","4","Substitute t=2: P(2)=800(1.12)^2=800(1.2544)=1003.52.","105","none","{}","","P(t)=800(1.12)^t","","","","model exponential growth or decay","","math,domain:Advanced Math,skill:ADV_NF_008,arch:MATH_ARCH_074_EXPONENTIAL_GROWTH_DECAY,sim:SIM_EXPONENTIAL_MODELS,fp:e74b8422,tier:H3"
"SAT_Math_questions.7","7","math_v6_batch_7","SAT Math practice","MATH.7.M2.Q11","MATH","2","hard","11","Algebra","Systems of Equations","ALG_SYS_009","Identify quadrants containing solutions to a system of inequalities","Identify quadrants containing solutions to a system of inequalities","hard","1","multiple_choice","","Which point satisfies both inequalities y > 2x - 1 and x + y <= 5?","(1, 3)","(2, 2)","(3, 1)","(0, 6)","A","1","For (1,3), 3>2(1)-1 and 1+3<=5, so it satisfies both inequalities. The other choices fail at least one inequality.","110","none","{}","","y>2x-1; x+y\le 5","","","","identify quadrants containing solutions to a system of inequalities","","math,domain:Algebra,skill:ALG_SYS_009,arch:MATH_ARCH_028_SYSTEM_INEQUALITIES_REGION_QUADRANTS,sim:SIM_LINEAR_SYSTEMS,fp:a657d0fd,tier:H2"
"SAT_Math_questions.7","7","math_v6_batch_7","SAT Math practice","MATH.7.M2.Q12","MATH","2","hard","12","Advanced Math","Nonlinear Functions","ADV_NF_014","Use discriminant to determine number/type of solutions","Use discriminant to determine number/type of solutions","hard","1","student_response","","For what positive value of k does the equation x^2 + kx + 25 = 0 have exactly one real solution?","","","","","","","A quadratic has exactly one real solution when its discriminant is 0. Here k^2-4(1)(25)=0, so k^2=100. The positive value is k=10.","120","none","{}","","x^2+kx+25=0","integer","10","0","use discriminant to determine number/type of solutions","","math,domain:Advanced Math,skill:ADV_NF_014,arch:MATH_ARCH_080_QUADRATIC_DISCRIMINANT,sim:SIM_QUADRATIC_SOLVING,fp:ec4f817c,tier:H3"
"SAT_Math_questions.7","7","math_v6_batch_7","SAT Math practice","MATH.7.M2.Q13","MATH","2","hard","13","Algebra","Systems of Equations","ALG_SYS_006","Find parameter value that makes two linear equations parallel","Find parameter value that makes two linear equations parallel","hard","1","multiple_choice","","For what value of a does the system 4x + ay = 12 and 6x + 9y = 20 have no solution?","4","8","6","9","C","3","For no solution, the x- and y-coefficients must be proportional but the constants must not be. Since 4/6=a/9, a=6. The constants have ratio 12/20, not 4/6, so there is no solution.","130","none","{}","","4x+ay=12; 6x+9y=20","","","","find parameter value that makes two linear equations parallel","","math,domain:Algebra,skill:ALG_SYS_006,arch:MATH_ARCH_020_SYSTEM_NO_SOLUTION_PARAMETER,sim:SIM_LINEAR_SYSTEMS,fp:f8592c79,tier:H3"
"SAT_Math_questions.7","7","math_v6_batch_7","SAT Math practice","MATH.7.M2.Q14","MATH","2","hard","14","Geometry and Trigonometry","Triangles","GEO_TRI_006","Use similar triangles and scale factors","Use similar triangles and scale factors","hard","1","multiple_choice","","Triangles ABC and DEF are similar, with A corresponding to D, B to E, and C to F. If AB = 9, BC = 12, DE = 15, and EF = x, what is x?","20","16","18","22","A","1","The scale factor from triangle ABC to triangle DEF is DE/AB=15/9=5/3. Since EF corresponds to BC, x=12(5/3)=20.","125","triangle","{""diagram_type"":""similar_triangles"",""render_mode"":""schematic_not_to_scale"",""not_to_scale"":true,""triangles"":[{""triangle_id"":""ABC"",""vertices"":[""A"",""B"",""C""],""side_labels"":{""AB"":""9"",""BC"":""12""},""angle_labels"":{}},{""triangle_id"":""DEF"",""vertices"":[""D"",""E"",""F""],""side_labels"":{""DE"":""15"",""EF"":""x""},""angle_labels"":{}}],""correspondence"":{""A"":""D"",""B"":""E"",""C"":""F""},""target"":""EF""}","","","","","","use similar triangles and scale factors","","math,domain:Geometry and Trigonometry,skill:GEO_TRI_006,arch:MATH_ARCH_089_SIMILAR_TRIANGLES_SCALE,sim:SIM_SIMILAR_TRIANGLES,fp:02f4d779,tier:H3"
"SAT_Math_questions.7","7","math_v6_batch_7","SAT Math practice","MATH.7.M2.Q15","MATH","2","hard","15","Problem-Solving and Data Analysis","Probability","PSD_PROB_002","Compute conditional probability from a table subset","Compute conditional probability from a table subset","hard","1","multiple_choice","","The table shows how students travel to school. Among the students who bike, what is the probability that a randomly selected student is in grade 12?","3/5","7/20","1/2","21/80","A","1","There are 14+21=35 students who bike, and 21 of them are in grade 12. The probability is 21/35=3/5.","120","table","{}","| Grade | Bus | Bike | Walk |\n|---|---:|---:|---:|\n| 11 | 18 | 14 | 8 |\n| 12 | 12 | 21 | 7 |","","","","","compute conditional probability from a table subset","","math,domain:Problem-Solving and Data Analysis,skill:PSD_PROB_002,arch:MATH_ARCH_050_CONDITIONAL_PROBABILITY_TABLE,sim:SIM_PROBABILITY_TABLES,fp:b893268e,tier:H3"
"SAT_Math_questions.7","7","math_v6_batch_7","SAT Math practice","MATH.7.M2.Q16","MATH","2","hard","16","Advanced Math","Equivalent Expressions","ADV_EE_005","Simplify rational expression with restrictions","Simplify rational expression with restrictions","hard","1","student_response","","For x not equal to 3, the expression (x^2 - 9)/(x - 3) is equivalent to x + c. What is the value of c?","","","","","","","Factor the numerator: x^2-9=(x-3)(x+3). For x not equal to 3, the expression simplifies to x+3, so c=3.","115","none","{}","","\frac{x^2-9}{x-3}","integer","3","0","simplify rational expression with restrictions","","math,domain:Advanced Math,skill:ADV_EE_005,arch:MATH_ARCH_072_RATIONAL_EXPRESSION_SIMPLIFY,sim:SIM_POLYNOMIAL_RATIONAL_EXPRESSIONS,fp:80a75e8a,tier:H3"
"SAT_Math_questions.7","7","math_v6_batch_7","SAT Math practice","MATH.7.M2.Q17","MATH","2","hard","17","Algebra","Systems of Equations","ALG_SYS_007","Find parameter value that makes two equations equivalent","Find parameter value that makes two equations equivalent","hard","1","multiple_choice","","For what value of a does the system ax + 6y = 18 and 2x + 3y = 9 have infinitely many solutions?","2","3","4","6","C","3","For infinitely many solutions, the first equation must be the same as a multiple of the second. Doubling 2x+3y=9 gives 4x+6y=18, so a=4.","130","none","{}","","ax+6y=18; 2x+3y=9","","","","find parameter value that makes two equations equivalent","","math,domain:Algebra,skill:ALG_SYS_007,arch:MATH_ARCH_021_SYSTEM_INFINITE_SOLUTIONS_PARAMETER,sim:SIM_LINEAR_SYSTEMS,fp:9f8434a1,tier:H3"
"SAT_Math_questions.7","7","math_v6_batch_7","SAT Math practice","MATH.7.M2.Q18","MATH","2","hard","18","Advanced Math","Nonlinear Functions","ADV_NF_007","Solve rational equation and reject excluded values","Solve rational equation and reject excluded values","hard","1","multiple_choice","","What is the solution to 3/(x - 2) + 1 = 5/(x - 2), with x not equal to 2?","4","2","3","5","A","1","Subtract 3/(x-2) from both sides to get 1=2/(x-2). Thus x-2=2, so x=4, which is allowed.","125","none","{}","","\frac{3}{x-2}+1=\frac{5}{x-2}","","","","solve rational equation and reject excluded values","","math,domain:Advanced Math,skill:ADV_NF_007,arch:MATH_ARCH_073_RATIONAL_EQUATION_SOLVE,sim:SIM_RATIONAL_EQUATIONS,fp:abbdd988,tier:H3"
"SAT_Math_questions.7","7","math_v6_batch_7","SAT Math practice","MATH.7.M2.Q19","MATH","2","hard","19","Geometry and Trigonometry","Circles","GEO_CIRC_003","Use equation of a circle in coordinate plane","Use equation of a circle in coordinate plane","hard","1","multiple_choice","","A circle has center (3, -2) and radius 5. Which equation represents the circle?","(x - 3)^2 + (y + 2)^2 = 25","(x + 3)^2 + (y - 2)^2 = 25","(x - 3)^2 + (y + 2)^2 = 5","(x + 2)^2 + (y - 3)^2 = 25","A","1","A circle with center (h,k) and radius r has equation (x-h)^2+(y-k)^2=r^2. With h=3, k=-2, and r=5, the equation is (x-3)^2+(y+2)^2=25.","130","coordinate_plane","{""diagram_type"":""coordinate_plane"",""render_mode"":""exact_to_scale"",""x_min"":-3,""x_max"":9,""y_min"":-8,""y_max"":4,""x_label"":""x"",""y_label"":""y"",""grid"":true,""circle"":{""center"":[3,-2],""radius"":5},""point_labels"":{""center"":""(3, -2)""},""target"":""equation""}","","","","","","use equation of a circle in coordinate plane","","math,domain:Geometry and Trigonometry,skill:GEO_CIRC_003,arch:MATH_ARCH_093_CIRCLE_EQUATION,sim:SIM_CIRCLE_EQUATIONS,fp:ad5b6d2c,tier:H3"
"SAT_Math_questions.7","7","math_v6_batch_7","SAT Math practice","MATH.7.M2.Q20","MATH","2","hard","20","Advanced Math","Nonlinear Functions","ADV_NF_010","Use quadratic formula to solve or analyze roots","Use quadratic formula to solve or analyze roots","hard","1","multiple_choice","","What is the positive solution to 2x^2 - 7x - 4 = 0?","1/2","-1/2","4","7/2","C","3","Using the quadratic formula, x=(7 ± sqrt(49+32))/4=(7 ± 9)/4. The solutions are 4 and -1/2, so the positive solution is 4.","125","none","{}","","2x^2-7x-4=0","","","","use quadratic formula to solve or analyze roots","","math,domain:Advanced Math,skill:ADV_NF_010,arch:MATH_ARCH_076_QUADRATIC_SOLVE_FORMULA,sim:SIM_QUADRATIC_SOLVING,fp:55059bd0,tier:H3"
"SAT_Math_questions.7","7","math_v6_batch_7","SAT Math practice","MATH.7.M2.Q21","MATH","2","hard","21","Algebra","Linear Equations","ALG_LE_005","Solve a literal equation with parameters in terms of other variables","Solve a literal equation with parameters in terms of other variables","hard","1","multiple_choice","","If (ax + b)/c = d and a is not 0, which expression is equal to x?","(d - b)/(ac)","(c - bd)/a","(ad - b)/c","(cd - b)/a","D","4","Multiply both sides by c to get ax+b=cd. Subtract b and divide by a: x=(cd-b)/a.","130","none","{}","","\frac{ax+b}{c}=d","","","","solve a literal equation with parameters in terms of other variables","","math,domain:Algebra,skill:ALG_LE_005,arch:MATH_ARCH_014_LITERAL_EQUATION_PARAMETER,sim:SIM_LINEAR_EQUATIONS_AND_INEQUALITIES,fp:94bc32c5,tier:H3"
"SAT_Math_questions.7","7","math_v6_batch_7","SAT Math practice","MATH.7.M2.Q22","MATH","2","hard","22","Geometry and Trigonometry","Triangles","GEO_TRI_004","Use 30-60-90 or 45-45-90 triangle ratios","Use 30-60-90 or 45-45-90 triangle ratios","hard","1","multiple_choice","","In a 30-60-90 right triangle, the side opposite the 30-degree angle has length 7. What is the length of the hypotenuse?","7sqrt(3)","14sqrt(3)","14","21","C","3","In a 30-60-90 triangle, the hypotenuse is twice the length of the side opposite the 30-degree angle. Therefore, the hypotenuse is 2(7)=14.","125","right_triangle","{""diagram_type"":""right_triangle"",""render_mode"":""exact_to_scale"",""not_to_scale"":false,""vertices"":[""A"",""B"",""C""],""right_angle_at"":""C"",""angle_labels"":{""A"":""30 degrees"",""B"":""60 degrees""},""side_labels"":{""BC"":""7"",""AB"":""?""},""target"":""AB""}","","","","","","use 30-60-90 or 45-45-90 triangle ratios","","math,domain:Geometry and Trigonometry,skill:GEO_TRI_004,arch:MATH_ARCH_087_SPECIAL_RIGHT_TRIANGLES,sim:SIM_SPECIAL_RIGHT_TRIANGLES,fp:0f5d1875,tier:H3"