"test_id","exam_version","generation_batch_id","target_score_band","question_id","section","module","route","question_number","content_domain","skill_group","skill_code","skill_label","question_topic","difficulty","scoring_weight","question_type","passage","question","choice_a","choice_b","choice_c","choice_d","correct_answer","correct_choice_index","explanation","time_estimate_sec","visual_type","visual_json","table_markdown","equation_latex","student_response_type","correct_numeric_answer","answer_tolerance","primary_skill","secondary_skill","tags"
"SAT_RW_18","RW_SECTION_PACKAGE_V1","18","all","SAT_RW_18_M1_Q01","RW","1","base","1","Craft and Structure","Words in Context","RW_WIC_001","Determine meaning or function of a word/phrase in context","vocabulary_in_context","Easy","1","multiple_choice","During a week of unusually hot afternoons, a city library tested whether keeping its west-facing blinds closed would lower indoor temperatures. The change helped, but the effect was smaller than expected because the reading room’s skylights still admitted strong sunlight. Staff members therefore kept the blinds closed while adding light-filtering film to the skylights. In their report, they wrote that the blinds tempered the heat without eliminating the need for a second measure.","In the passage, the word ""tempered"" most nearly means","moderated","measured","endured","intensified","A","1","The report says the blinds helped but did not remove the need for another measure, so ""tempered"" means moderated or reduced the heat's effect.","75","none","{}","","","","","","Words in Context","vocabulary_in_context","rw,passage:R001,arch:RW_WIC_001,sim:rw_words_in_context_cause_effect,fp:3a81b0241354,wic,hard_vocab,vocab:HV_123,tier:V4,target:temper,family:direct_meaning"
"SAT_RW_18","RW_SECTION_PACKAGE_V1","18","all","SAT_RW_18_M1_Q02","RW","1","base","2","Craft and Structure","Words in Context","RW_WIC_002","Determine meaning or function of a word/phrase in context","vocabulary_in_context","Easy","1","multiple_choice","A museum installed small sensors near a popular sculpture to learn how visitors moved through the gallery. Before the sensors were added, staff assumed most visitors paused in front of the sculpture for several minutes. The data showed otherwise: many visitors slowed only briefly, and the average pause was less than thirty seconds. Even so, the sensors recorded an appreciable increase in the number of visitors who circled the sculpture rather than viewing it from one side.","As used in the passage, ""appreciable"" most nearly means","noticeable","grateful","estimated","expensive","A","1","The increase is worth noting even though pauses were brief, so ""appreciable"" means noticeable.","75","none","{}","","","","","","Words in Context","vocabulary_in_context","rw,passage:R002,arch:RW_WIC_002,sim:rw_words_in_context_purpose_sentence,fp:904b6e294f7a,wic,family:direct_meaning"
"SAT_RW_18","RW_SECTION_PACKAGE_V1","18","all","SAT_RW_18_M1_Q03","RW","1","base","3","Craft and Structure","Words in Context","RW_WIC_003","Determine meaning or function of a word/phrase in context","word_function","Medium","1","multiple_choice","Ecologists studying a restored marsh expected bird nesting to depend mainly on the number of reed beds. Their observations were more complicated. Nests appeared only where reeds stood near shallow pools with abundant insects, while dense reed beds far from pools remained almost unused. The team also found that minor differences in water depth did not predict nest placement by themselves. The word ""hinges"" appears in the researchers' conclusion: successful nesting hinges on the combination of cover and nearby food, not on reed density alone.","In the researchers' conclusion, the word ""hinges"" mainly serves to","suggest that nesting birds physically attach their nests to reeds","indicate that reed beds are no longer relevant to the marsh ecosystem","show that the researchers measured bird movements with mechanical devices","emphasize that one outcome depends on a specific combination of conditions","D","4","The sentence says nesting depends on cover and nearby food together, so ""hinges"" highlights that dependence.","75","none","{}","","","","","","Words in Context","word_function","rw,passage:R003,arch:RW_WIC_003,sim:rw_words_in_context_word_function,fp:6d1d481e5cbe,wic,family:relation_function"
"SAT_RW_18","RW_SECTION_PACKAGE_V1","18","all","SAT_RW_18_M1_Q04","RW","1","base","4","Craft and Structure","Text Structure and Purpose","RW_TSP_001","Analyze structure or purpose","purpose_sentence","Medium","1","multiple_choice","For years, local officials explained the sharp bends in Old Mill Road as a result of careless nineteenth-century surveying. Recently, however, historian Leila Santos compared the road with an 1848 property map and noticed that each bend avoided land that had belonged to separate farms. The route also follows the edges of former stone walls, some still visible in wooded sections. Rather than being a surveying mistake, the road may preserve the boundaries of an earlier agricultural landscape.","Which choice best describes the function of the second sentence in the passage?","It identifies the officials who created the original route of the road.","It introduces evidence that challenges the long-standing explanation for the road's shape.","It explains why nineteenth-century surveyors preferred curved roads.","It presents a consequence of removing old stone walls from farmland.","B","2","The second sentence describes Santos's comparison of the road with an old map, which challenges the claim that careless surveying caused the bends.","75","none","{}","","","","","","Text Structure and Purpose","purpose_sentence","rw,passage:R004,arch:RW_TSP_001,sim:rw_text_structure_and_purpose_purpose_sentence,fp:91d819a5d42f"
"SAT_RW_18","RW_SECTION_PACKAGE_V1","18","all","SAT_RW_18_M1_Q05","RW","1","base","5","Craft and Structure","Text Structure and Purpose","RW_TSP_002","Analyze structure or purpose","contrast","Medium","1","multiple_choice","When potter Mina Arakawa began firing clay with rice-husk ash, she expected the ash to produce a pale, even glaze. Some bowls did emerge with a uniform surface, but others developed dark speckles wherever the ash had settled unevenly. Arakawa first considered the speckles flaws. After customers repeatedly asked for the speckled bowls, she began sifting the ash less carefully to encourage the effect. A feature she had tried to avoid became a deliberate part of her style.","How does the passage develop its account of Arakawa's work?","It compares two artists who used the same material for different purposes.","It traces a change in Arakawa's judgment about an unexpected visual effect.","It argues that traditional firing methods are superior to experimental ones.","It lists the chemical properties that make rice-husk ash useful in pottery.","B","2","The passage begins with Arakawa's expectation, describes an unexpected effect, and ends with her adopting that effect intentionally.","75","none","{}","","","","","","Text Structure and Purpose","contrast","rw,passage:R005,arch:RW_TSP_002,sim:rw_text_structure_and_purpose_word_function,fp:6dd47d304b18"
"SAT_RW_18","RW_SECTION_PACKAGE_V1","18","all","SAT_RW_18_M1_Q06","RW","1","base","6","Craft and Structure","Text Structure and Purpose","RW_TSP_003","Analyze structure or purpose","main_claim","Medium","1","multiple_choice","The city of Larksport replaced several downtown parking spaces with bicycle racks, expecting the change to reduce congestion. Merchants initially objected, fearing that fewer parking spaces would mean fewer customers. Receipts collected over the next six months told a different story: sales on the blocks with new racks rose slightly, while sales on nearby blocks stayed about the same. Surveys suggested that cyclists were making shorter but more frequent visits to shops. The agency treated the receipts as one measure among several, not as a final verdict.","Which choice best states the main purpose of the passage?","To explain how evidence complicated a common concern about replacing parking spaces with bike racks","To argue that all downtown parking should be eliminated as quickly as possible","To describe the engineering process used to install bicycle racks on sidewalks","To show that merchants were correct to oppose changes to street design","A","1","The passage focuses on a policy change, a concern about it, and evidence suggesting the concern was not borne out.","75","none","{}","","","","","","Text Structure and Purpose","main_claim","rw,passage:R006,arch:RW_TSP_003,sim:rw_text_structure_and_purpose_revision_goal,fp:0d0e2917c068"
"SAT_RW_18","RW_SECTION_PACKAGE_V1","18","all","SAT_RW_18_M1_Q07","RW","1","base","7","Craft and Structure","Cross-Text Connections","RW_CTC_001","Compare claims across paired texts","paired_text_relation","Medium","1","multiple_choice","Text 1:
Many community gardens succeed because they let residents make small decisions together: what to plant, when to harvest, and how to share tools. Those ordinary choices can build trust more reliably than formal meetings do, especially in neighborhoods where residents have few other public spaces. Even a short planting season can give participants repeated chances to solve practical problems together.

Text 2:
Community gardens can bring neighbors together, but they do not automatically create lasting civic participation. In several cities, gardens flourished for a season and then declined when organizers moved away or when land access became uncertain. Without reliable access to water, tools, and a secure site, early cooperation may not continue. Durable results require stable support as well as enthusiasm.","Based on the texts, how would the author of Text 2 most likely respond to the claim in Text 1?","By agreeing that gardens can foster cooperation while emphasizing that cooperation may fade without stable support","By denying that shared decisions in gardens can ever help residents build trust","By arguing that formal meetings are the only reliable way to create public spaces","By claiming that gardening is less popular in cities than in rural communities","A","1","Text 2 accepts that gardens can bring neighbors together but adds that lasting results depend on organizers and secure land access.","75","none","{}","","","","","","Cross-Text Connections","paired_text_relation","rw,passage:R007,arch:RW_CTC_001,sim:rw_cross_text_connections_word_function,fp:c4348b6cb110"
"SAT_RW_18","RW_SECTION_PACKAGE_V1","18","all","SAT_RW_18_M1_Q08","RW","1","base","8","Information and Ideas","Central Ideas and Details","RW_CID_001","Identify main idea, key detail, or summary","main_claim","Easy","1","multiple_choice","Botanist Amina Voss studied a vine that grows on shaded cliffs. Earlier descriptions of the vine emphasized its thick leaves, which were assumed to help the plant store water. Voss noticed, however, that the leaves were thickest on plants growing where water seeped constantly from the rock. In drier spots, the same species produced thinner leaves but longer roots. Voss proposed that the thick leaves may protect the plant from falling grit rather than from drought.","Which choice best states the central idea of the passage?","A vine found on cliffs cannot survive in locations where water is scarce.","A botanist's observations led her to question the usual explanation for a vine's thick leaves.","Thick leaves always indicate that a plant has adapted to drought conditions.","A botanist proved that falling grit is the only threat faced by cliff plants.","B","2","The passage contrasts an earlier assumption with Voss's observations and revised explanation.","75","none","{}","","","","","","Central Ideas and Details","main_claim","rw,passage:R008,arch:RW_CID_001,sim:rw_central_ideas_and_details_main_claim,fp:70511b0a0d29"
"SAT_RW_18","RW_SECTION_PACKAGE_V1","18","all","SAT_RW_18_M1_Q09","RW","1","base","9","Information and Ideas","Central Ideas and Details","RW_CID_002","Identify main idea, key detail, or summary","supporting_detail","Medium","1","multiple_choice","In 1970, composer Ruth Crawford Seeger’s music was often described as difficult because of its dense rhythms and unconventional harmonies. Recent performances have encouraged a different view. When ensembles introduce the pieces by explaining the folk melodies that shaped Seeger’s later work, audiences often hear patterns that once seemed obscure. The pieces have not changed, but the listening context has: listeners who know what to attend to may find the music more inviting.","Which detail from the passage most directly supports the idea that audience response to Seeger's music can depend on context?","Seeger's music was described as difficult in 1970.","Audiences often respond differently when ensembles explain the folk melodies connected to the pieces.","Seeger used dense rhythms and unconventional harmonies in some works.","The pieces themselves have not changed over time.","B","2","The detail about explanations changing what audiences hear directly supports the idea that context affects response.","75","none","{}","","","","","","Central Ideas and Details","supporting_detail","rw,passage:R009,arch:RW_CID_002,sim:rw_central_ideas_and_details_supporting_detail,fp:63e5b3e72b2d"
"SAT_RW_18","RW_SECTION_PACKAGE_V1","18","all","SAT_RW_18_M1_Q10","RW","1","base","10","Information and Ideas","Command of Evidence","RW_COE_001","Use textual or quantitative evidence","quantitative_support","Medium","1","multiple_choice","A transit agency redesigned bus shelters on four routes by adding lighting and clearer route maps. Planners expected the changes to matter most at stops where riders had previously reported confusion about transfer options. Survey comments identified Market Street and Garden Loop as common transfer points, but Market Street had received the most complaints about unclear routes. The agency compared average morning boardings before and after the redesign to see whether the new information helped riders use those stops. Riders at those stops had also asked for posted route diagrams.","Which finding from the table, together with the passage, best supports the planners' expectation?","Market Street, a major transfer stop, gained 57 morning boardings after the redesign.","Hillcrest gained only 1 morning boarding after the redesign.","North Pier had fewer morning boardings than Market Street before the redesign.","Garden Loop gained 47 morning boardings, but the passage identifies transfer confusion as the expected factor.","A","1","Because the passage says the redesign was expected to help where transfer confusion mattered, the increase at Market Street, described as a major transfer stop, most directly supports the expectation.","90","table","{}","| Station | Morning boardings before redesign | Morning boardings after redesign |
|---|---:|---:|
| North Pier | 214 | 241 |
| Market Street | 389 | 446 |
| Hillcrest | 176 | 177 |
| Garden Loop | 121 | 168 |","","","","","Command of Evidence","quantitative evidence","rw,passage:R010,arch:RW_COE_001,sim:rw_command_of_evidence_supporting_detail,fp:b27e33f4d1b1"
"SAT_RW_18","RW_SECTION_PACKAGE_V1","18","all","SAT_RW_18_M1_Q11","RW","1","base","11","Information and Ideas","Command of Evidence","RW_COE_002","Use textual or quantitative evidence","textual_evidence","Medium","1","multiple_choice","Archaeologists excavating a coastal settlement found fish bones in older layers and large storage jars in newer layers. At first, they thought the jars showed that the community had shifted from fishing to grain storage. Residue analysis complicated that interpretation: many jars contained traces of fish oil, and several were found near hearths used for processing seafood. The jars may have changed how the community stored fish products rather than proving that fishing declined. Those locations matched tools used for preparing catches.","Which choice provides the best evidence for the archaeologists' revised interpretation?","The settlement was located near the coast rather than inland.","Older excavation layers contained fish bones.","Many storage jars contained fish-oil residue and were found near seafood-processing hearths.","The jars were larger than many containers found at the site.","C","3","Fish-oil residue and the jars' location near seafood-processing hearths directly support the idea that the jars were used for fish products.","75","none","{}","","","","","","Command of Evidence","textual_evidence","rw,passage:R011,arch:RW_COE_002,sim:rw_command_of_evidence_contrast,fp:cff063f65beb"
"SAT_RW_18","RW_SECTION_PACKAGE_V1","18","all","SAT_RW_18_M1_Q12","RW","1","base","12","Information and Ideas","Inferences","RW_INF_001","Draw supported conclusions","inference_from_pattern","Medium","1","multiple_choice","A school district tested two methods for reminding families about parent-teacher conferences. Some families received a printed flyer sent home with students, while others received a text message that included a link for choosing a meeting time. Attendance increased more among families who received the text message. District staff cautioned that the link may have mattered as much as the reminder itself, since it removed the need to call the school office. Staff planned another trial to separate those effects.","Which conclusion is best supported by the passage?","Printed flyers prevented families from learning that conferences were available.","The convenience of scheduling may have contributed to the higher attendance among families who received text messages.","Text messages increased attendance because they reached families who lacked phones.","Calling the school office was the only barrier to conference attendance.","B","2","The staff caution that the scheduling link may have mattered because it removed the need to call, so convenience likely contributed.","75","none","{}","","","","","","Inferences","inference_from_pattern","rw,passage:R012,arch:RW_INF_001,sim:rw_inferences_contrast,fp:cc02554f68f6"
"SAT_RW_18","RW_SECTION_PACKAGE_V1","18","all","SAT_RW_18_M1_Q13","RW","1","base","13","Information and Ideas","Inferences","RW_INF_002","Draw supported conclusions","cause_effect","Medium","1","multiple_choice","In a trial of a new roof coating, engineers painted half of a warehouse roof with a reflective material and left the other half unchanged. They placed sensors beneath both sides and recorded temperatures at the same times each day. On sunny days, sensors beneath the coated side recorded lower temperatures than sensors beneath the uncoated side. On cloudy days, the difference nearly disappeared. The engineers concluded that the coating's effect depended on how much sunlight struck the roof.","Which choice most logically follows from the engineers' observations?","The coating cooled the roof equally well in all weather conditions.","The uncoated side of the roof received no sunlight on sunny days.","Cloudy conditions caused the coating to absorb more heat than the uncoated roof.","The coating was most effective when sunlight was strong enough for reflectivity to matter.","D","4","The temperature difference was clear on sunny days but almost absent on cloudy days, indicating the coating worked when sunlight was available to reflect.","75","none","{}","","","","","","Inferences","cause_effect","rw,passage:R013,arch:RW_INF_002,sim:rw_inferences_cause_effect,fp:50de63a1ae77"
"SAT_RW_18","RW_SECTION_PACKAGE_V1","18","all","SAT_RW_18_M1_Q14","RW","1","base","14","Information and Ideas","Inferences","RW_INF_003","Draw supported conclusions","literary_inference","Medium","1","multiple_choice","When the train finally stopped, Mara kept her gloved hand on the window latch. The platform lamps made bright coins on the wet pavement, and travelers hurried past with their collars raised. Her brother had written that he would wait by the clock, but the clock tower stood empty except for a pigeon shaking rain from its wings. Mara stepped down slowly, still holding the letter folded in her pocket. The delay made her movements careful rather than hurried.","What can reasonably be inferred about Mara from the passage?","She has decided not to leave the train because of the weather.","She expected to meet her brother at the station but does not immediately see him there.","She is visiting a city she has seen many times before.","She believes the letter from her brother was delivered to the wrong person.","B","2","The letter said her brother would wait by the clock, but the clock tower is empty, so she expected him and does not see him.","75","none","{}","","","","","","Inferences","literary_inference","rw,passage:R014,arch:RW_INF_003,sim:rw_inferences_purpose_sentence,fp:7564772bf1f6"
"SAT_RW_18","RW_SECTION_PACKAGE_V1","18","all","SAT_RW_18_M1_Q15","RW","1","base","15","Standard English Conventions","Boundaries","SEC.BND","Boundaries","semicolon_with_conjunctive_adverb","Easy","1","multiple_choice","The marine biologist expected the restored eelgrass beds to recover slowly ____ after three months, new shoots covered nearly twice the area.","Which choice completes the text so that it conforms to the conventions of Standard English?",", however,","; however,","however,","; however","B","2","The correct choice uses a semicolon before the conjunctive adverb ""however"" and a comma after it to connect two independent clauses.","75","none","{}","","","","","","Boundaries","semicolon_with_conjunctive_adverb","sec,grammar,arch:SEC-BND-001,sim:sec_sentence_boundary_semicolon,ctx:GC001,tier:SEC1,fp:621258e5efb5,surface_fp:621258e5efb5"
"SAT_RW_18","RW_SECTION_PACKAGE_V1","18","all","SAT_RW_18_M1_Q16","RW","1","base","16","Standard English Conventions","Boundaries","SEC.BND","Boundaries","introductory_clause_comma","Easy","1","multiple_choice","After measuring the tunnel's airflow ____ the engineers adjusted the angles of several vents.","Which choice completes the text so that it conforms to the conventions of Standard English?",";",":",",","no punctuation","C","3","A comma should follow the introductory dependent clause ""After measuring the tunnel's airflow."" A semicolon or colon would incorrectly separate the dependent clause from the main clause.","75","none","{}","","","","","","Boundaries","introductory_clause_comma","sec,grammar,arch:SEC-BND-002,sim:sec_introductory_clause,ctx:GC002,tier:SEC1,fp:c6320a0d483a,surface_fp:c6320a0d483a"
"SAT_RW_18","RW_SECTION_PACKAGE_V1","18","all","SAT_RW_18_M1_Q17","RW","1","base","17","Standard English Conventions","Boundaries","SEC.BND","Boundaries","colon_before_list","Medium","1","multiple_choice","The cookbook highlighted three fermented ingredients ____ kimchi, miso, and yogurt.","Which choice completes the text so that it conforms to the conventions of Standard English?",",",";","and",":","D","4","A colon correctly introduces the list of three ingredients after a complete introductory clause.","75","none","{}","","","","","","Boundaries","colon_before_list","sec,grammar,arch:SEC-BND-003,sim:sec_colon_list,ctx:GC003,tier:SEC2,fp:16d7ffeaff41,surface_fp:16d7ffeaff41"
"SAT_RW_18","RW_SECTION_PACKAGE_V1","18","all","SAT_RW_18_M1_Q18","RW","1","base","18","Standard English Conventions","Boundaries","SEC.BND","Boundaries","restrictive_modifier_no_commas","Medium","1","multiple_choice","The soil samples ____ revealed higher nitrogen levels than the samples taken near the road.","Which choice completes the text so that it conforms to the conventions of Standard English?",", collected after the first rainstorm,","collected after the first rainstorm","collected after the first rainstorm,","; collected after the first rainstorm","B","2","The phrase identifies which soil samples are being discussed, so it should not be set off with commas or introduced by a semicolon.","75","none","{}","","","","","","Boundaries","restrictive_modifier_no_commas","sec,grammar,arch:SEC-BND-004,sim:sec_restrictive_modifier,ctx:GC004,tier:SEC2,fp:fb31ff894939,surface_fp:fb31ff894939"
"SAT_RW_18","RW_SECTION_PACKAGE_V1","18","all","SAT_RW_18_M1_Q19","RW","1","base","19","Standard English Conventions","Form, Structure, and Sense","SEC.FSS","Form, Structure, and Sense","subject_verb_agreement","Medium","1","multiple_choice","Currently, the collection of maps from the harbor archive ____ on display in the library's main hall.","Which choice completes the text so that it conforms to the conventions of Standard English?","are","have been","were being","is","D","4","The subject is ""collection,"" which is singular, so the singular verb ""is"" agrees with it.","75","none","{}","","","","","","Form, Structure, and Sense","subject_verb_agreement","sec,grammar,arch:SEC-FSS-001,sim:sec_subject_verb_agreement,ctx:GC005,tier:SEC2,fp:a6b7bc1718c7,surface_fp:a6b7bc1718c7"
"SAT_RW_18","RW_SECTION_PACKAGE_V1","18","all","SAT_RW_18_M1_Q20","RW","1","base","20","Standard English Conventions","Form, Structure, and Sense","SEC.FSS","Form, Structure, and Sense","pronoun_agreement","Medium","1","multiple_choice","When either of the two curators rearranges the fossils, ____ records the new display order in a shared log.","Which choice completes the text so that it conforms to the conventions of Standard English?","they","them","that curator","those curators","C","3","The subject ""either"" is singular, so the singular noun phrase ""that curator"" fits the sentence.","75","none","{}","","","","","","Form, Structure, and Sense","pronoun_agreement","sec,grammar,arch:SEC-FSS-002,sim:sec_pronoun_agreement,ctx:GC006,tier:SEC2,fp:e7247a98d3c9,surface_fp:e7247a98d3c9"
"SAT_RW_18","RW_SECTION_PACKAGE_V1","18","all","SAT_RW_18_M1_Q21","RW","1","base","21","Standard English Conventions","Form, Structure, and Sense","SEC.FSS","Form, Structure, and Sense","verb_form","Medium","1","multiple_choice","Before the demonstration, the robotics team hopes to ____ the sensor so that it responds to smaller changes in light.","Which choice completes the text so that it conforms to the conventions of Standard English?","calibrate","calibrating","calibrated","calibration","A","1","After ""hopes to,"" the base form of the verb is required, so ""calibrate"" is correct.","75","none","{}","","","","","","Form, Structure, and Sense","verb_form","sec,grammar,arch:SEC-FSS-003,sim:sec_verb_form_infinitive,ctx:GC007,tier:SEC3,fp:ffbe9fd64354,surface_fp:ffbe9fd64354"
"SAT_RW_18","RW_SECTION_PACKAGE_V1","18","all","SAT_RW_18_M1_Q22","RW","1","base","22","Expression of Ideas","Transitions","RW_TR_001","Select transition that logically connects ideas","contrast","Easy","1","multiple_choice","The first edition of the guidebook listed only the city's largest museums. ____ the revised edition includes several small neighborhood galleries that opened during the last decade.","Which choice completes the text with the most logical transition?","By contrast,","For example,","Accordingly,","In other words,","A","1","The second sentence contrasts the limited first edition with the broader revised edition, so ""By contrast,"" is logical.","75","none","{}","","","","","","Transitions","contrast","rw,passage:R015,arch:RW_TR_001,sim:rw_transitions_logical_link,fp:3ff2aa144ec3"
"SAT_RW_18","RW_SECTION_PACKAGE_V1","18","all","SAT_RW_18_M1_Q23","RW","1","base","23","Expression of Ideas","Transitions","RW_TR_002","Select transition that logically connects ideas","example","Easy","1","multiple_choice","Several insects can survive brief periods of freezing by producing protective compounds. ____ some beetle larvae accumulate glycerol, a substance that helps prevent damaging ice crystals from forming in their tissues.","Which transition best links the two sentences?","Nevertheless,","Instead,","As a result,","For instance,","D","4","The second sentence gives a specific example of the general statement in the first sentence.","75","none","{}","","","","","","Transitions","example","rw,passage:R016,arch:RW_TR_002,sim:rw_transitions_punctuation_boundary,fp:f038646cf7c1"
"SAT_RW_18","RW_SECTION_PACKAGE_V1","18","all","SAT_RW_18_M1_Q24","RW","1","base","24","Expression of Ideas","Transitions","RW_TR_003","Select transition that logically connects ideas","cause_effect","Medium","1","multiple_choice","The rehearsal room's ceiling absorbed much of the singers' sound. ____ the choir director moved the final practice to a hall with more reflective surfaces.","Which transition most logically completes the text?","Similarly,","However,","Consequently,","For example,","C","3","The director's move was a result of the poor sound in the rehearsal room, so ""Consequently,"" is appropriate.","75","none","{}","","","","","","Transitions","cause_effect","rw,passage:R017,arch:RW_TR_003,sim:rw_transitions_verb_pronoun_agreement,fp:7758f285d512"
"SAT_RW_18","RW_SECTION_PACKAGE_V1","18","all","SAT_RW_18_M1_Q25","RW","1","base","25","Expression of Ideas","Rhetorical Synthesis","RW_RS_001","Use notes to achieve a writing goal","introduce_topic","Medium","1","multiple_choice","While researching a topic, a student has taken the following notes:
- The glass frog has translucent skin on its underside.
- When the frog rests on a leaf, some internal organs are difficult to see from below.
- Researchers think this trait helps the frog avoid predators.
- The frog's green back also blends with leaves.","The student wants to introduce the glass frog's camouflage by connecting two relevant notes. Which choice most effectively uses the notes to accomplish this goal?","The glass frog has a green back, and researchers study many animals that live on leaves.","Some internal organs of the glass frog are difficult to see, although predators hunt in many different ways.","The glass frog rests on leaves, which are common in the habitats of many small amphibians.","The glass frog avoids predators partly because its translucent underside and green back help it blend with leaves.","D","4","The correct choice connects the translucent underside, green back, and predator-avoidance function, which directly introduces camouflage.","75","none","{}","","","","","","Rhetorical Synthesis","introduce_topic","rw,passage:R018,arch:RW_RS_001,sim:rw_rhetorical_synthesis_revision_goal,fp:af12ea49b849"
"SAT_RW_18","RW_SECTION_PACKAGE_V1","18","all","SAT_RW_18_M1_Q26","RW","1","base","26","Expression of Ideas","Rhetorical Synthesis","RW_RS_002","Use notes to achieve a writing goal","emphasize_difference","Medium","1","multiple_choice","While researching a topic, a student has taken the following notes:
- Pianist Hazel Scott performed classical works and jazz pieces.
- In some concerts, Scott shifted between Bach and boogie-woogie.
- Critics sometimes tried to place performers in only one musical category.
- Scott's programs challenged that habit.","The student wants to emphasize how Scott's concerts challenged a common expectation. Which choice most effectively uses the notes to accomplish this goal?","By shifting between Bach and boogie-woogie, Scott challenged critics' tendency to place performers in a single musical category.","Hazel Scott was a pianist who performed classical works at some concerts and jazz pieces at others.","Critics wrote about many performers, and some of them preferred concerts with only one musical category.","Boogie-woogie and Bach are different kinds of music that audiences may hear in concert settings.","A","1","The correct choice connects Scott's shifting repertoire to the expectation she challenged.","75","none","{}","","","","","","Rhetorical Synthesis","emphasize_difference","rw,passage:R019,arch:RW_RS_002,sim:rw_rhetorical_synthesis_logical_link,fp:88ffbed5257b"
"SAT_RW_18","RW_SECTION_PACKAGE_V1","18","all","SAT_RW_18_M1_Q27","RW","1","base","27","Expression of Ideas","Rhetorical Synthesis","RW_RS_003","Use notes to achieve a writing goal","compare","Medium","1","multiple_choice","While researching a topic, a student has taken the following notes:
- Two bridges cross the same river in a mountain town.
- The older bridge is made of stone and carries pedestrians.
- The newer bridge is made of steel and carries highway traffic.
- Both bridges must withstand heavy spring floods.","The student wants to compare the bridges while acknowledging an important similarity. Which choice most effectively uses the notes to accomplish this goal?","The mountain town has two bridges, and one of them is older than the other.","The newer bridge carries highway traffic, which often moves faster than pedestrian traffic.","The older bridge is made of stone, whereas many modern bridges are made of steel.","Although one bridge is a stone pedestrian bridge and the other is a steel highway bridge, both must withstand heavy spring floods.","D","4","The correct choice contrasts the bridges' materials and uses while also stating their shared need to withstand floods.","75","none","{}","","","","","","Rhetorical Synthesis","compare","rw,passage:R020,arch:RW_RS_003,sim:rw_rhetorical_synthesis_punctuation_boundary,fp:f15be2e9660e"
"SAT_RW_18","RW_SECTION_PACKAGE_V1","18","all","SAT_RW_18_M2_Q01","RW","2","hard","1","Craft and Structure","Words in Context","RW_WIC_004","Determine meaning or function of a word/phrase in context","claim_function","Hard","1","multiple_choice","A team studying ancient pigments found that a blue colorant remained bright on pottery fragments buried in alkaline soil but faded on fragments from acidic soil. Earlier lab tests had exposed the pigment only to neutral conditions, so the researchers had described it as unusually stable. The researchers therefore qualified their initial claim, noting that the pigment's stability appeared to depend on the chemistry of the surrounding soil. They did not abandon the claim, but they narrowed the conditions under which it would apply.","In the passage, the word ""qualified"" mainly indicates that the researchers","became officially eligible to conduct chemical tests on the pottery","translated the claim into more technical language for specialists","limited the scope of an earlier claim in light of new evidence","proved that the pigment's color was unrelated to burial conditions","C","3","The researchers kept the claim but narrowed when it applies, so ""qualified"" indicates limiting or softening the claim.","75","none","{}","","","","","","Words in Context","claim_function","rw,passage:R021,arch:RW_WIC_004,sim:rw_words_in_context_revision_goal,fp:84096e690188,wic,hard_vocab,vocab:HV_121,tier:V4,target:qualify,family:claim_function"
"SAT_RW_18","RW_SECTION_PACKAGE_V1","18","all","SAT_RW_18_M2_Q02","RW","2","hard","2","Craft and Structure","Words in Context","RW_WIC_005","Determine meaning or function of a word/phrase in context","relation_function","Hard","1","multiple_choice","When linguist Marta Keane compared two villages' word lists, she noticed that their fishing terms were nearly identical even though other vocabulary differed sharply. The villages were separated by hills, and their household words showed few similarities. Rather than treating the shared terms as proof that the villages had once spoken the same language, Keane argued that trade could have mediated the resemblance: fishers from both villages met regularly at coastal markets, where specialized terms would have circulated. No written records showed a formal school shared by the villages.","In the passage, ""mediated"" helps express which relationship?","Trade settled a dispute between fishers who used different words.","Trade may have served as an indirect channel through which similar terms spread.","Trade made the villages' entire vocabularies almost identical.","Trade prevented coastal markets from influencing specialized language.","B","2","The passage suggests trade at markets could indirectly transmit fishing terms, so ""mediated"" expresses that channel.","75","none","{}","","","","","","Words in Context","relation_function","rw,passage:R022,arch:RW_WIC_005,sim:rw_words_in_context_logical_link,fp:fded6dea949e,wic,hard_vocab,vocab:HV_124,tier:V4,target:mediate,family:relation_function"
"SAT_RW_18","RW_SECTION_PACKAGE_V1","18","all","SAT_RW_18_M2_Q03","RW","2","hard","3","Craft and Structure","Words in Context","RW_WIC_006","Determine meaning or function of a word/phrase in context","precision_effect","Hard","1","multiple_choice","A new algorithm identified cracks in bridge photographs with high accuracy when the images were taken in bright, even light. Engineers then tested images from shaded bridge decks, where stains and shadows often overlap. Its performance was more equivocal in shadows: some stains were labeled as cracks, while several narrow cracks were missed. The engineer presenting the results used that word to avoid describing the shadowed-image results as either a clear success or a complete failure. That cautious wording shaped the team's next testing plan.","What does the word ""equivocal"" help the engineer convey?","The shadowed-image results were mixed and did not support a simple judgment.","The algorithm produced the same result for every shadowed image.","The photographs taken in shadows were brighter than expected.","The engineer believed the algorithm had no practical value.","A","1","The passage describes both false positives and missed cracks, so ""equivocal"" conveys mixed or uncertain results.","75","none","{}","","","","","","Words in Context","precision_effect","rw,passage:R023,arch:RW_WIC_006,sim:rw_words_in_context_punctuation_boundary,fp:d3fce1711f31,wic,hard_vocab,vocab:HV_199,tier:V4,target:equivocal,family:precision_effect"
"SAT_RW_18","RW_SECTION_PACKAGE_V1","18","all","SAT_RW_18_M2_Q04","RW","2","hard","4","Craft and Structure","Words in Context","RW_WIC_007","Determine meaning or function of a word/phrase in context","tonal_effect","Hard","1","multiple_choice","The mayor praised the riverfront plan but described its timeline as provisional. At a public meeting, she said the design goals had broad support, yet she also noted that soil testing, permit review, and winter weather could each delay construction. Her comments were supportive, but they avoided treating the spring start date as fixed. City planners later said the schedule would be updated after the permit review rather than printed in the final brochure immediately. She asked reporters to treat the date as a planning estimate, not a promise.","In the passage, ""provisional"" characterizes the timeline as","tentative and subject to change because several uncertainties remain","guaranteed because officials have already completed every review","irrelevant because the mayor opposes the riverfront plan","confusing because it contradicts every part of the soil-testing report","A","1","The passage explains that several steps could delay construction and that the start date is not fixed, so ""provisional"" means tentative and subject to change.","75","none","{}","","","","","","Words in Context","tonal_effect","rw,passage:R024,arch:RW_WIC_007,sim:rw_words_in_context_verb_pronoun_agreement,fp:6e0e5eecbb42,wic,hard_vocab,vocab:HV_207,tier:V4,target:provisional,family:tonal_effect"
"SAT_RW_18","RW_SECTION_PACKAGE_V1","18","all","SAT_RW_18_M2_Q05","RW","2","hard","5","Craft and Structure","Text Structure and Purpose","RW_TSP_004","Analyze structure or purpose","cause_effect","Hard","1","multiple_choice","Meteorologist Jun Park expected the valley's coldest nights to occur whenever regional temperatures were lowest. Weather-station records complicated that expectation. Some moderately cold nights produced extreme valley frost when winds were calm, while colder regional nights produced less frost when breezes mixed the air. Park concluded that the valley's shape mattered because still air could settle there, allowing cold pockets to form even when the broader region was not at its coldest.","Which choice best describes the organization of the passage?","It compares two valleys to determine which has the colder climate overall.","It presents an initial expectation, introduces observations that complicate it, and offers a refined explanation.","It lists several weather instruments before explaining how each one was repaired.","It argues that regional temperature records are useless for all forecasting.","B","2","The passage moves from Park's expectation to complicating records and then to a refined explanation involving still air and valley shape.","75","none","{}","","","","","","Text Structure and Purpose","cause_effect","rw,passage:R025,arch:RW_TSP_004,sim:rw_text_structure_and_purpose_logical_link,fp:de41d86c077a"
"SAT_RW_18","RW_SECTION_PACKAGE_V1","18","all","SAT_RW_18_M2_Q06","RW","2","hard","6","Craft and Structure","Text Structure and Purpose","RW_TSP_005","Analyze structure or purpose","rhetorical_purpose","Hard","1","multiple_choice","In the late 1800s, some mapmakers filled blank ocean areas with decorative ships or sea monsters. At first glance, those images seem merely fanciful, especially when they appear beside carefully drawn coastlines. Yet they also served a practical function: they made empty spaces visually engaging while signaling that the mapmaker lacked precise information about those waters. The decorations therefore reveal both artistic taste and the limits of geographic knowledge at the time. A viewer could admire the image while also recognizing where measurement remained incomplete.","What is the main purpose of the passage?","To prove that mapmakers in the late 1800s had accurate information about every ocean","To explain why sea monsters were more common in scientific maps than in decorative maps","To argue that blank spaces on maps should never be filled with images","To show that decorative features on some old maps could communicate uncertainty as well as ornament the page","D","4","The passage explains that decorative images were not merely fanciful; they also indicated limits in knowledge.","75","none","{}","","","","","","Text Structure and Purpose","rhetorical_purpose","rw,passage:R026,arch:RW_TSP_005,sim:rw_text_structure_and_purpose_punctuation_boundary,fp:e7fd2ef4973e"
"SAT_RW_18","RW_SECTION_PACKAGE_V1","18","all","SAT_RW_18_M2_Q07","RW","2","hard","7","Craft and Structure","Text Structure and Purpose","RW_TSP_006","Analyze structure or purpose","function_of_detail","Hard","1","multiple_choice","During the first months of the weaving cooperative, members sold only plain cloth because patterned pieces took longer to make. Demand for the plain cloth was steady but limited. Then one member brought in a faded family blanket whose pattern used a simple repeating diamond. The group adapted the design, and the patterned cloth soon attracted buyers from neighboring towns. The blanket did not supply new equipment or materials; it supplied a visual idea that changed what the cooperative could offer.","Which choice best describes the role of the family blanket in the passage?","It proves that the cooperative's members had previously refused to make patterned cloth.","It supplies the raw material from which the cooperative weaves its new cloth.","It provides the design inspiration that allows the cooperative to expand beyond its original product.","It shows that buyers from neighboring towns preferred faded blankets to new textiles.","C","3","The blanket's pattern inspires the cooperative's successful patterned cloth, changing its offerings.","75","none","{}","","","","","","Text Structure and Purpose","function_of_detail","rw,passage:R027,arch:RW_TSP_006,sim:rw_text_structure_and_purpose_verb_pronoun_agreement,fp:f6ced2e3649d"
"SAT_RW_18","RW_SECTION_PACKAGE_V1","18","all","SAT_RW_18_M2_Q08","RW","2","hard","8","Craft and Structure","Cross-Text Connections","RW_CTC_002","Compare claims across paired texts","qualification","Hard","1","multiple_choice","Text 1:
Digitized museum collections allow visitors who cannot travel to examine rare objects, compare images, and read curators' notes. For many users, a high-resolution photograph of a fragile manuscript provides access that would otherwise be impossible. Digital access also lets classes study the same object without exposing it to repeated handling, a benefit that can broaden participation in museum research.

Text 2:
Digital collections are valuable, but they can make objects seem flatter than they are. A photograph of a manuscript may show ink color clearly while hiding the thickness of the paper, the way pages turn, or the scale of the binding. Those physical features can affect how scholars understand a manuscript's use. Online access should supplement, not replace, careful study of physical objects.","How would the author of Text 2 most likely respond to Text 1's claim about high-resolution photographs?","By insisting that digital photographs prevent any meaningful comparison of rare objects","By arguing that curators should stop writing notes for online visitors","By claiming that fragile manuscripts are less informative than other museum objects","By acknowledging their usefulness while noting that photographs can omit physical qualities important to study","D","4","Text 2 values digital collections but argues that photographs can miss material features such as thickness and scale.","75","none","{}","","","","","","Cross-Text Connections","qualification","rw,passage:R028,arch:RW_CTC_002,sim:rw_cross_text_connections_revision_goal,fp:b386daddf814"
"SAT_RW_18","RW_SECTION_PACKAGE_V1","18","all","SAT_RW_18_M2_Q09","RW","2","hard","9","Information and Ideas","Central Ideas and Details","RW_CID_003","Identify main idea, key detail, or summary","contrast","Hard","1","multiple_choice","Historian Nia Calder examined shipping logs from a small Caribbean port. The logs had long been used mainly to count how many ships arrived each month. Calder noticed that the margins contained short notes about repairs, weather delays, and crew shortages. Those notes revealed patterns that the monthly totals hid: a season with many arrivals could still be commercially difficult if storms kept ships in harbor for weeks. Calder argued that the logs should be read not just as counts but as records of uncertainty.","Which choice best captures the main idea of the passage?","Calder showed that the number of ships arriving each month was recorded incorrectly in most logs.","Calder argued that Caribbean ports were commercially successful whenever many ships arrived.","Calder concluded that weather delays were unrelated to the operation of Caribbean ports.","Calder found that marginal notes in shipping logs reveal economic difficulties not apparent from arrival totals alone.","D","4","The passage emphasizes Calder's use of marginal notes to complicate what arrival counts alone suggest.","75","none","{}","","","","","","Central Ideas and Details","contrast","rw,passage:R029,arch:RW_CID_003,sim:rw_central_ideas_and_details_contrast,fp:27e2ac5a0bb2"
"SAT_RW_18","RW_SECTION_PACKAGE_V1","18","all","SAT_RW_18_M2_Q10","RW","2","hard","10","Information and Ideas","Central Ideas and Details","RW_CID_004","Identify main idea, key detail, or summary","cause_effect","Hard","1","multiple_choice","A laboratory tested a biodegradable film made from seaweed extracts. The film broke down quickly in warm, microbe-rich compost but persisted much longer in cold, dry storage rooms. Researchers also observed that samples buried in sterile sand changed very little, even after several weeks. They cautioned that the film's environmental benefits depend on where it is discarded. A material designed to decompose can remain intact if the conditions needed for decomposition are absent. Disposal setting, then, was central to the researchers' warning.","According to the passage, what factor most affects whether the seaweed-based film breaks down quickly?","The color of the seaweed used to make the film","The number of storage rooms available in the laboratory","The conditions in the place where the film is discarded","The thickness of other biodegradable materials nearby","C","3","The film decomposed quickly in warm, microbe-rich compost but lasted in cold, dry rooms, showing that disposal conditions matter.","75","none","{}","","","","","","Central Ideas and Details","cause_effect","rw,passage:R030,arch:RW_CID_004,sim:rw_central_ideas_and_details_cause_effect,fp:6517850544ce"
"SAT_RW_18","RW_SECTION_PACKAGE_V1","18","all","SAT_RW_18_M2_Q11","RW","2","hard","11","Information and Ideas","Central Ideas and Details","RW_CID_005","Identify main idea, key detail, or summary","detail_function","Hard","1","multiple_choice","Poet Kamala Das often revised a poem by changing a single image rather than rewriting the entire piece. Her notebooks show that she sometimes tested several adjectives before settling on one. In one draft, a doorway described as ""narrow"" became ""unlit."" The revision did not alter the poem's setting, but it changed the mood from physical constraint to uncertainty. Small substitutions like this show how Das could redirect a reader's attention without changing a poem's basic scene.","What does the example of the doorway most directly illustrate?","A single word change can shift the mood of a poem without changing its setting.","Das preferred to remove all images of doorways from her poems.","A poem's setting must change whenever its mood changes.","Readers usually ignore small substitutions in revised poems.","A","1","The doorway example shows that changing ""narrow"" to ""unlit"" shifts mood while the setting remains the same.","75","none","{}","","","","","","Central Ideas and Details","detail_function","rw,passage:R031,arch:RW_CID_005,sim:rw_central_ideas_and_details_purpose_sentence,fp:d8e2e83411bb"
"SAT_RW_18","RW_SECTION_PACKAGE_V1","18","all","SAT_RW_18_M2_Q12","RW","2","hard","12","Information and Ideas","Command of Evidence","RW_COE_003","Use textual or quantitative evidence","quantitative_support","Hard","1","multiple_choice","Plant scientists tested whether compost improved seedling growth mainly by increasing soil microbes rather than by adding minerals alone. They used the same seed variety and watering schedule in each treatment so that differences would be easier to interpret. Mineral fertilizer supplied nutrients but did not add living microbes, while compost added both organic matter and a microbe-rich mixture. The scientists grew seedlings under four soil treatments and compared height and leaf count after six weeks. This setup allowed a direct comparison of compost and fertilizer effects.","Which result from the table best supports the scientists' view that compost had an effect beyond mineral addition alone?","Untreated soil produced seedlings with an average height of 8.1 centimeters.","The combined compost-and-fertilizer treatment produced seedlings with 7.6 leaves on average.","Mineral fertilizer increased average seedling height compared with untreated soil.","Seedlings in compost-treated soil were taller and had more leaves than seedlings given mineral fertilizer alone.","D","4","Compost alone outperformed mineral fertilizer alone on both measures, supporting the idea that compost's effect was not merely mineral addition.","95","table","{}","| Soil treatment | Average seedling height after 6 weeks (cm) | Average leaf count |
|---|---:|---:|
| Untreated soil | 8.1 | 5.2 |
| Compost added | 12.4 | 7.8 |
| Mineral fertilizer added | 10.9 | 6.1 |
| Compost and fertilizer added | 12.7 | 7.6 |","","","","","Command of Evidence","quantitative evidence","rw,passage:R032,arch:RW_COE_003,sim:rw_command_of_evidence_cause_effect,fp:57cbfc619635"
"SAT_RW_18","RW_SECTION_PACKAGE_V1","18","all","SAT_RW_18_M2_Q13","RW","2","hard","13","Information and Ideas","Command of Evidence","RW_COE_004","Use textual or quantitative evidence","evidence_selection","Hard","1","multiple_choice","In a study of online discussion groups, sociologist Elian Moore predicted that groups with strict posting rules would have fewer new participants than groups with flexible rules. The data did not fit that prediction. Some strict-rule groups attracted many newcomers when moderators explained the rules clearly and welcomed first posts. By contrast, some flexible-rule groups lost newcomers because conversations were dominated by a few longtime members. Moore concluded that participants responded not only to written rules but also to how moderators applied them.","Which choice best supports the conclusion that moderation style, not rule strictness alone, influenced newcomer participation?","Moore predicted that strict posting rules would discourage new participants.","Strict-rule groups attracted newcomers when moderators explained expectations and welcomed first posts.","Some discussion groups had flexible rules rather than strict posting rules.","Longtime members participated in the online discussion groups.","B","2","The success of strict-rule groups with clear, welcoming moderation shows that how rules were handled mattered, not just how strict they were.","75","none","{}","","","","","","Command of Evidence","evidence_selection","rw,passage:R033,arch:RW_COE_004,sim:rw_command_of_evidence_purpose_sentence,fp:1fb16f20a89b"
"SAT_RW_18","RW_SECTION_PACKAGE_V1","18","all","SAT_RW_18_M2_Q14","RW","2","hard","14","Information and Ideas","Inferences","RW_INF_004","Draw supported conclusions","complex_inference","Hard","1","multiple_choice","A violin maker compared two varnishes on otherwise similar instruments. Varnish A dried quickly and produced a bright sound immediately after application, but instruments coated with it became less resonant after several months. Varnish B dried slowly and initially muted the sound, yet the instruments gained resonance as the varnish cured. Players who tested the instruments after a year preferred the warmer tone of Varnish B. The maker decided to use Varnish B for instruments intended for professional players. The choice reflected that long-term preference.","Which inference is best supported by the passage?","Varnish A is impossible to apply to instruments intended for beginners.","Professional players prefer instruments that never change after varnish is applied.","The maker values long-term sound quality more than immediate brightness for professional instruments.","Varnish B dries quickly because it produces a muted sound at first.","C","3","The maker chooses Varnish B despite its slow drying and initially muted sound because it improves over time.","75","none","{}","","","","","","Inferences","complex_inference","rw,passage:R034,arch:RW_INF_004,sim:rw_inferences_word_function,fp:983ab1ee723c"
"SAT_RW_18","RW_SECTION_PACKAGE_V1","18","all","SAT_RW_18_M2_Q15","RW","2","hard","15","Information and Ideas","Inferences","RW_INF_005","Draw supported conclusions","literary_inference","Hard","1","multiple_choice","The letter from the academy lay unopened on Imani's desk while she tuned the old piano in the parlor. Each time a key rang true, she smiled; each time the envelope crackled in the draft, her shoulders tightened. The academy's seal was familiar from the application she had mailed months earlier. Her aunt finally asked whether she planned to read it. Imani said she would, but not before the middle C stopped wavering. The task gave her a reason to postpone the moment.","What can reasonably be inferred about Imani?","She is delaying a potentially important decision by focusing on a familiar task.","She has already read the academy's letter and rejected its offer.","She is repairing the piano because her aunt asked her to do so immediately.","She believes the piano will be sold if she opens the letter.","A","1","Imani avoids opening the academy letter and concentrates on tuning the piano, suggesting she is postponing a significant moment.","75","none","{}","","","","","","Inferences","literary_inference","rw,passage:R035,arch:RW_INF_005,sim:rw_inferences_revision_goal,fp:f33f3af83f35"
"SAT_RW_18","RW_SECTION_PACKAGE_V1","18","all","SAT_RW_18_M2_Q16","RW","2","hard","16","Standard English Conventions","Boundaries","SEC.BND","Boundaries","dependent_clause_comma","Hard","1","multiple_choice","Because the manuscript's margins contain notes by several hands ____ the editors cannot attribute every comment to a single reader.","Which choice completes the text so that it follows the conventions of Standard English?",";",",",":","while","B","2","A comma should separate the introductory dependent clause from the main clause. A semicolon or colon cannot correctly join a dependent clause to the main clause here.","75","none","{}","","","","","","Boundaries","dependent_clause_comma","sec,grammar,arch:SEC-BND-005,sim:sec_dependent_intro_clause,ctx:GC008,tier:SEC2,fp:bf04cb367707,surface_fp:bf04cb367707"
"SAT_RW_18","RW_SECTION_PACKAGE_V1","18","all","SAT_RW_18_M2_Q17","RW","2","hard","17","Standard English Conventions","Boundaries","SEC.BND","Boundaries","paired_dash_parenthetical","Hard","1","multiple_choice","The fungus can remain dormant for years—an ability that complicates field surveys ____ before producing visible fruiting bodies.","Which choice completes the text so that it conforms to the conventions of Standard English?",",",";","—","no punctuation","C","3","The parenthetical phrase introduced by the first dash should be closed with a second dash before the sentence continues.","75","none","{}","","","","","","Boundaries","paired_dash_parenthetical","sec,grammar,arch:SEC-BND-006,sim:sec_paired_dash,ctx:GC009,tier:SEC3,fp:8097d2f30d91,surface_fp:8097d2f30d91"
"SAT_RW_18","RW_SECTION_PACKAGE_V1","18","all","SAT_RW_18_M2_Q18","RW","2","hard","18","Standard English Conventions","Boundaries","SEC.BND","Boundaries","semicolon_conjunctive_adverb","Hard","1","multiple_choice","The committee did not reject the proposal outright ____ instead, it asked the architects to revise the entrance plan.","Which choice completes the text so that it follows the conventions of Standard English?",",",":",";","whereas","C","3","A semicolon correctly joins the two independent clauses when the second begins with the conjunctive adverb ""instead."" A comma alone would create a comma splice.","75","none","{}","","","","","","Boundaries","semicolon_conjunctive_adverb","sec,grammar,arch:SEC-BND-007,sim:sec_conjunctive_adverb,ctx:GC010,tier:SEC3,fp:5e4c3ac5df8a,surface_fp:5e4c3ac5df8a"
"SAT_RW_18","RW_SECTION_PACKAGE_V1","18","all","SAT_RW_18_M2_Q19","RW","2","hard","19","Standard English Conventions","Form, Structure, and Sense","SEC.FSS","Form, Structure, and Sense","subject_verb_agreement_intervening_phrase","Hard","1","multiple_choice","The results of the long-term survey, along with the short field notes, ____ a more cautious conclusion than the first report offered.","Which choice completes the text so that it conforms to the conventions of Standard English?","supports","supporting","has supported","support","D","4","The subject ""results"" is plural; the intervening phrase ""along with the short field notes"" does not change the subject-verb agreement. ""Support"" is correct.","75","none","{}","","","","","","Form, Structure, and Sense","subject_verb_agreement_intervening_phrase","sec,grammar,arch:SEC-FSS-004,sim:sec_subject_verb_intervening,ctx:GC011,tier:SEC3,fp:b4a59df62b04,surface_fp:b4a59df62b04"
"SAT_RW_18","RW_SECTION_PACKAGE_V1","18","all","SAT_RW_18_M2_Q20","RW","2","hard","20","Standard English Conventions","Form, Structure, and Sense","SEC.FSS","Form, Structure, and Sense","modifier_placement","Hard","1","multiple_choice","____ the ancient road seemed to disappear beneath the dunes.","Which choice completes the text so that it conforms to the conventions of Standard English?","Viewing from the cliff,","After viewing the cliff,","Viewed from the cliff,","To view from the cliff,","C","3","The past participial phrase ""Viewed from the cliff"" logically modifies ""the ancient road."" The other choices illogically suggest that the road is doing the viewing or create an awkward purpose phrase.","75","none","{}","","","","","","Form, Structure, and Sense","modifier_placement","sec,grammar,arch:SEC-FSS-005,sim:sec_modifier_placement,ctx:GC012,tier:SEC3,fp:56e18287e721,surface_fp:56e18287e721"
"SAT_RW_18","RW_SECTION_PACKAGE_V1","18","all","SAT_RW_18_M2_Q21","RW","2","hard","21","Standard English Conventions","Form, Structure, and Sense","SEC.FSS","Form, Structure, and Sense","pronoun_clarity","Hard","1","multiple_choice","When Moreno compared Chen's model with Rivera's, ____ predicted the storm's path more accurately.","Which choice completes the text so that it follows the conventions of Standard English?","Chen's model","it","this","they","A","1","The noun phrase ""Chen's model"" clearly identifies what predicted the storm's path; the pronouns are ambiguous or do not agree with the singular noun.","75","none","{}","","","","","","Form, Structure, and Sense","pronoun_clarity","sec,grammar,arch:SEC-FSS-006,sim:sec_pronoun_clarity,ctx:GC013,tier:SEC4,fp:a67cd849fd16,surface_fp:a67cd849fd16"
"SAT_RW_18","RW_SECTION_PACKAGE_V1","18","all","SAT_RW_18_M2_Q22","RW","2","hard","22","Standard English Conventions","Form, Structure, and Sense","SEC.FSS","Form, Structure, and Sense","future_perfect_tense","Hard","1","multiple_choice","By the time the gallery opens next month, the conservators ____ the mural's protective coating.","Which choice completes the text so that it conforms to the conventions of Standard English?","replace","replaced","will have replaced","will replace","C","3","The future perfect ""will have replaced"" shows that the replacement will be completed before the gallery opens.","75","none","{}","","","","","","Form, Structure, and Sense","future_perfect_tense","sec,grammar,arch:SEC-FSS-007,sim:sec_future_perfect,ctx:GC014,tier:SEC4,fp:2133edb525c4,surface_fp:2133edb525c4"
"SAT_RW_18","RW_SECTION_PACKAGE_V1","18","all","SAT_RW_18_M2_Q23","RW","2","hard","23","Expression of Ideas","Transitions","RW_TR_004","Select transition that logically connects ideas","concession","Hard","1","multiple_choice","The new archive software can search handwritten labels with impressive accuracy. ____ it still struggles with labels written in faded pencil or on wrinkled paper.","Which transition logically completes the text?","For example,","Nevertheless,","Consequently,","Likewise,","B","2","The second sentence limits the praise in the first by introducing a remaining problem, so ""Nevertheless,"" is logical.","75","none","{}","","","","","","Transitions","concession","rw,passage:R036,arch:RW_TR_004,sim:rw_transitions_paired_text_relation,fp:e12120a57eb5"
"SAT_RW_18","RW_SECTION_PACKAGE_V1","18","all","SAT_RW_18_M2_Q24","RW","2","hard","24","Expression of Ideas","Transitions","RW_TR_005","Select transition that logically connects ideas","addition","Hard","1","multiple_choice","The restoration team cleaned the mural's surface with soft brushes. ____ they adjusted the room's humidity so the paint would not crack as it dried.","Which choice best connects the ideas in the text?","Instead,","However,","For this reason,","Additionally,","D","4","The second action is another part of the restoration process, so ""Additionally,"" best connects the ideas.","75","none","{}","","","","","","Transitions","addition","rw,passage:R037,arch:RW_TR_005,sim:rw_transitions_evidence_based_inference,fp:587daa1bad8a"
"SAT_RW_18","RW_SECTION_PACKAGE_V1","18","all","SAT_RW_18_M2_Q25","RW","2","hard","25","Expression of Ideas","Transitions","RW_TR_006","Select transition that logically connects ideas","result","Hard","1","multiple_choice","The island's only ferry stopped running during the storm. ____ several students who commute from the mainland attended class by video instead.","Which transition best completes the text?","By comparison,","As a result,","On the other hand,","For instance,","B","2","The students' attending by video was a consequence of the ferry stopping, so ""As a result,"" is appropriate.","75","none","{}","","","","","","Transitions","result","rw,passage:R038,arch:RW_TR_006,sim:rw_transitions_main_claim,fp:9c8696639d73"
"SAT_RW_18","RW_SECTION_PACKAGE_V1","18","all","SAT_RW_18_M2_Q26","RW","2","hard","26","Expression of Ideas","Rhetorical Synthesis","RW_RS_004","Use notes to achieve a writing goal","explain_significance","Hard","1","multiple_choice","While researching a topic, a student has taken the following notes:
- Marine snow is made of tiny organic particles that sink through the ocean.
- The particles carry carbon from surface waters to deeper layers.
- Some deep-sea organisms eat marine snow.
- Scientists study marine snow to understand the ocean's carbon cycle.","The student wants to explain why scientists study marine snow. Which choice most effectively uses the notes to accomplish this goal?","Marine snow is made of tiny particles, and many things in the ocean sink from the surface.","Some deep-sea organisms eat particles, while scientists study many separate ocean processes.","Scientists study marine snow because it moves carbon to deeper waters and provides food for some deep-sea organisms.","The ocean has surface waters and deeper layers that differ from each other in several ways.","C","3","The correct choice connects marine snow to carbon movement and deep-sea food, explaining its scientific significance.","75","none","{}","","","","","","Rhetorical Synthesis","explain_significance","rw,passage:R039,arch:RW_RS_004,sim:rw_rhetorical_synthesis_verb_pronoun_agreement,fp:21863980f2d5"
"SAT_RW_18","RW_SECTION_PACKAGE_V1","18","all","SAT_RW_18_M2_Q27","RW","2","hard","27","Expression of Ideas","Rhetorical Synthesis","RW_RS_005","Use notes to achieve a writing goal","make_contrast","Hard","1","multiple_choice","While researching a topic, a student has taken the following notes:
- In the 1930s, photographer Berenice Abbott documented New York City streets.
- Abbott often photographed elevated trains, storefronts, and changing neighborhoods.
- Some earlier city photographs emphasized monuments and formal boulevards.
- Abbott's work drew attention to ordinary scenes shaped by rapid urban change.","The student wants to contrast Abbott's subject matter with that of some earlier city photographs. Which choice most effectively uses the notes to accomplish this goal?","Unlike some earlier city photographs that emphasized monuments and formal boulevards, Abbott's images highlighted ordinary New York scenes shaped by rapid urban change.","Abbott photographed New York City in the 1930s, a period when many photographers worked in cities.","Elevated trains, storefronts, monuments, and boulevards can all appear in photographs of urban places.","Some earlier city photographs were formal, and Abbott's work was also part of the history of photography.","A","1","The correct choice contrasts the earlier emphasis on monuments and boulevards with Abbott's attention to ordinary changing city scenes.","75","none","{}","","","","","","Rhetorical Synthesis","make_contrast","rw,passage:R040,arch:RW_RS_005,sim:rw_rhetorical_synthesis_paired_text_relation,fp:4e84dffbdd5d"
"SAT_Math_questions.18","18","math_v6_18","full_range","SATM18_M1_Q01","MATH","1","base","1","Algebra","Linear Equations","ALG_LE_001","Solve a one-variable linear equation with constants on both sides","Solve a one-variable linear equation with constants on both sides","E1","1","multiple_choice","","What is the solution to 3(2x - 5) + 4 = 25?","4","5","6","7","C","3","Distribute and combine: 6x - 15 + 4 = 25, so 6x - 11 = 25. Then 6x = 36, and x = 6.","75","none","{}","","","","","","solve a one-variable linear equation with constants on both sides","","math,domain:Algebra,skill:ALG_LE_001,arch:MATH_ARCH_001_LINEAR_EQUATION_ONE_VARIABLE,sim:SIM_LINEAR_EQUATIONS_AND_INEQUALITIES,fp:30c50bdf,tier:E1"
"SAT_Math_questions.18","18","math_v6_18","full_range","SATM18_M1_Q02","MATH","1","base","2","Geometry and Trigonometry","Trigonometry","GEO_TRIG_001","Convert between degrees and radians","Convert between degrees and radians","E1","1","multiple_choice","","An angle measures 150 degrees. What is its measure in radians?","π/6","5π/6","2π/3","3π/4","B","2","Multiply degrees by π/180: 150π/180 = 5π/6.","60","none","{}","","","","","","convert between degrees and radians","","math,domain:Geometry and Trigonometry,skill:GEO_TRIG_001,arch:MATH_ARCH_095_RADIAN_DEGREE_CONVERSION,sim:SIM_ANGLE_UNIT_CONVERSION,fp:5e449f3c,tier:E1"
"SAT_Math_questions.18","18","math_v6_18","full_range","SATM18_M1_Q03","MATH","1","base","3","Algebra","Linear Equations","ALG_LE_006","Solve a one-variable linear inequality, including sign reversal","Solve a one-variable linear inequality, including sign reversal","E1","1","multiple_choice","","Which inequality is equivalent to -4x + 7 < 19?","x > -3","x < -3","x > 3","x < 3","A","1","Subtract 7 to get -4x < 12. Dividing by -4 reverses the inequality, so x > -3.","75","none","{}","","","","","","solve a one-variable linear inequality, including sign reversal","","math,domain:Algebra,skill:ALG_LE_006,arch:MATH_ARCH_023_INEQUALITY_ONE_VARIABLE,sim:SIM_LINEAR_EQUATIONS_AND_INEQUALITIES,fp:bbd77d1d,tier:E1"
"SAT_Math_questions.18","18","math_v6_18","full_range","SATM18_M1_Q04","MATH","1","base","4","Advanced Math","Nonlinear Functions","ADV_NF_002","Evaluate a function at a given input","Evaluate a function at a given input","M1","1","multiple_choice","","For the function h(t) = 2t^2 - 3t + 5, what is h(4)?","21","29","37","25","D","4","Substitute 4 for t: h(4)=2(4^2)-3(4)+5=32-12+5=25.","75","none","{}","","","","","","evaluate a function at a given input","","math,domain:Advanced Math,skill:ADV_NF_002,arch:MATH_ARCH_063_FUNCTION_EVALUATE,sim:SIM_FUNCTION_NOTATION_AND_VALUES,fp:82423639,tier:M1"
"SAT_Math_questions.18","18","math_v6_18","full_range","SATM18_M1_Q05","MATH","1","base","5","Problem-Solving and Data Analysis","Ratios Rates and Proportions","PSD_RRP_007","Convert units using one conversion factor","Convert units using one conversion factor","M1","1","multiple_choice","","A container holds 3.5 liters of water. How many milliliters of water does it hold?","350","35","35000","3500","D","4","There are 1000 milliliters in 1 liter, so 3.5 liters is 3.5 × 1000 = 3500 milliliters.","70","none","{}","","","","","","convert units using one conversion factor","","math,domain:Problem-Solving and Data Analysis,skill:PSD_RRP_007,arch:MATH_ARCH_038_UNIT_CONVERSION_SINGLE,sim:SIM_RATIOS_RATES_PROPORTIONS,fp:723e79bb,tier:M1"
"SAT_Math_questions.18","18","math_v6_18","full_range","SATM18_M1_Q06","MATH","1","base","6","Algebra","Linear Equations","ALG_LE_002","Clear denominators to solve a linear equation with fractional coefficients","Clear denominators to solve a linear equation with fractional coefficients","M1","1","multiple_choice","","What is the solution to x/3 + 5 = 2x - 1?","3","6","18/5","12/5","C","3","Multiply by 3 to get x + 15 = 6x - 3. Then 18 = 5x, so x = 18/5.","90","none","{}","","","","","","clear denominators to solve a linear equation with fractional coefficients","","math,domain:Algebra,skill:ALG_LE_002,arch:MATH_ARCH_002_LINEAR_EQUATION_FRACTIONS,sim:SIM_LINEAR_EQUATIONS_AND_INEQUALITIES,fp:30551645,tier:M1"
"SAT_Math_questions.18","18","math_v6_18","full_range","SATM18_M1_Q07","MATH","1","base","7","Advanced Math","Equivalent Expressions","ADV_EE_001","Simplify expression using exponent rules","Simplify expression using exponent rules","M1","1","student_response","","What is the value of (2^5 × 2^3) / 2^4?","","","","","","","Combine exponents with the same base: 2^(5+3-4)=2^4=16.","70","none","{}","","","integer","16","0","simplify expression using exponent rules","","math,domain:Advanced Math,skill:ADV_EE_001,arch:MATH_ARCH_067_EXPONENT_RULES_SIMPLIFY,sim:SIM_EXPONENT_RADICALS,fp:21ce1b16,tier:M1"
"SAT_Math_questions.18","18","math_v6_18","full_range","SATM18_M1_Q08","MATH","1","base","8","Problem-Solving and Data Analysis","Ratios Rates and Proportions","PSD_RRP_005","Use direct proportionality to scale a quantity","Use direct proportionality to scale a quantity","M1","1","multiple_choice","","The value of y varies directly with x. If y = 18 when x = 6, what is y when x = 11?","29","31","35","33","D","4","Direct variation has y = kx. Since 18 = 6k, k = 3. When x = 11, y = 3(11) = 33.","90","none","{}","","","","","","use direct proportionality to scale a quantity","","math,domain:Problem-Solving and Data Analysis,skill:PSD_RRP_005,arch:MATH_ARCH_036_DIRECT_VARIATION,sim:SIM_RATIOS_RATES_PROPORTIONS,fp:54401f92,tier:M1"
"SAT_Math_questions.18","18","math_v6_18","full_range","SATM18_M1_Q09","MATH","1","base","9","Geometry and Trigonometry","Triangles","GEO_TRI_003","Use Pythagorean theorem in right triangle","Use Pythagorean theorem in right triangle","M1","1","multiple_choice","","In right triangle ABC, angle B is a right angle, AB = 9, BC = 12, and AC = x. What is the value of x?","13","18","21","15","D","4","AC is the hypotenuse. By the Pythagorean theorem, x^2 = 9^2 + 12^2 = 225, so x = 15.","90","right_triangle","{""diagram_type"":""right_triangle"",""render_mode"":""exact_to_scale"",""not_to_scale"":false,""vertices"":[""A"",""B"",""C""],""right_angle_at"":""B"",""side_labels"":{""AB"":""9"",""BC"":""12"",""AC"":""x""},""coordinates"":{""A"":[0,9],""B"":[0,0],""C"":[12,0]},""target"":""AC""}","","","","","","use Pythagorean theorem in right triangle","","math,domain:Geometry and Trigonometry,skill:GEO_TRI_003,arch:MATH_ARCH_086_PYTHAGOREAN_THEOREM,sim:SIM_RIGHT_TRIANGLE_PYTHAGOREAN,fp:943e26cb,tier:M1"
"SAT_Math_questions.18","18","math_v6_18","full_range","SATM18_M1_Q10","MATH","1","base","10","Algebra","Linear Functions","ALG_LF_001","Interpret slope and intercept in a real-world linear model","Interpret slope and intercept in a real-world linear model","M1","1","multiple_choice","","A streaming service charges a sign-up fee of $18 and then $7 each month. The total cost C, in dollars, after m months is C = 18 + 7m. What does the 7 represent?","The sign-up fee, in dollars","The monthly charge, in dollars","The number of months","The total cost after 7 months","B","2","In C = 18 + 7m, the coefficient of m is the amount added for each month, so 7 is the monthly charge.","80","none","{}","","","","","","interpret slope and intercept in a real-world linear model","","math,domain:Algebra,skill:ALG_LF_001,arch:MATH_ARCH_004_LINEAR_MODEL_INITIAL_RATE,sim:SIM_LINEAR_FUNCTIONS_AND_GRAPHS,fp:1a8f482b,tier:M1"
"SAT_Math_questions.18","18","math_v6_18","full_range","SATM18_M1_Q11","MATH","1","base","11","Advanced Math","Equivalent Expressions","ADV_EE_003","Expand polynomial products","Expand polynomial products","M1","1","multiple_choice","","Which expression is equivalent to (x + 5)(x - 3)?","x^2 + 2x - 15","x^2 - 2x - 15","x^2 + 8x - 15","x^2 + 2x + 15","A","1","Use distribution: x^2 - 3x + 5x - 15 = x^2 + 2x - 15.","75","none","{}","","","","","","expand polynomial products","","math,domain:Advanced Math,skill:ADV_EE_003,arch:MATH_ARCH_070_POLYNOMIAL_EXPAND,sim:SIM_POLYNOMIAL_RATIONAL_EXPRESSIONS,fp:61b0e476,tier:M1"
"SAT_Math_questions.18","18","math_v6_18","full_range","SATM18_M1_Q12","MATH","1","base","12","Advanced Math","Equivalent Expressions","ADV_EE_007","Add, subtract, or multiply complex numbers","Add, subtract, or multiply complex numbers","M2","1","multiple_choice","","What is (3 + 2i)(4 - i) written in the form a + bi?","10 + 5i","14 + 11i","10 + 11i","14 + 5i","D","4","Multiply: 12 - 3i + 8i - 2i^2. Since i^2 = -1, this is 12 + 5i + 2 = 14 + 5i.","85","none","{}","","","","","","add, subtract, or multiply complex numbers","","math,domain:Advanced Math,skill:ADV_EE_007,arch:MATH_ARCH_082_COMPLEX_ARITHMETIC,sim:SIM_COMPLEX_NUMBERS,fp:c3375712,tier:M1"
"SAT_Math_questions.18","18","math_v6_18","full_range","SATM18_M1_Q13","MATH","1","base","13","Advanced Math","Equivalent Expressions","ADV_EE_006","Evaluate powers of i","Evaluate powers of i","M1","1","multiple_choice","","What is the value of i^37?","-i","1","-1","i","D","4","Powers of i repeat every 4. Since 37 leaves a remainder of 1 when divided by 4, i^37 = i.","65","none","{}","","","","","","evaluate powers of i","","math,domain:Advanced Math,skill:ADV_EE_006,arch:MATH_ARCH_081_COMPLEX_POWERS_I,sim:SIM_COMPLEX_NUMBERS,fp:6a69ab87,tier:M1"
"SAT_Math_questions.18","18","math_v6_18","full_range","SATM18_M1_Q14","MATH","1","base","14","Advanced Math","Equivalent Expressions","ADV_EE_004","Factor polynomial expression","Factor polynomial expression","M2","1","multiple_choice","","Which expression is equivalent to x^2 - 9x + 20?","(x - 4)(x - 5)","(x + 4)(x + 5)","(x - 2)(x - 10)","(x + 4)(x - 5)","A","1","The two numbers that multiply to 20 and add to -9 are -4 and -5, so the factorization is (x - 4)(x - 5).","80","none","{}","","","","","","factor polynomial expression","","math,domain:Advanced Math,skill:ADV_EE_004,arch:MATH_ARCH_071_POLYNOMIAL_FACTOR,sim:SIM_POLYNOMIAL_RATIONAL_EXPRESSIONS,fp:e6ca7d6c,tier:M2"
"SAT_Math_questions.18","18","math_v6_18","full_range","SATM18_M1_Q15","MATH","1","base","15","Algebra","Systems of Equations","ALG_SYS_002","Solve a 2x2 linear system by elimination","Solve a 2x2 linear system by elimination","M2","1","student_response","","The system of equations x + y = 11 and 2x - y = 7 has solution (x, y). What is the value of y?","","","","","","","Add the equations to get 3x = 18, so x = 6. Substitute into x + y = 11 to get y = 5.","100","none","{}","","","integer","5","0","solve a 2x2 linear system by elimination","","math,domain:Algebra,skill:ALG_SYS_002,arch:MATH_ARCH_016_SYSTEM_SOLVE_ELIMINATION,sim:SIM_LINEAR_SYSTEMS,fp:4bdfbb22,tier:M2"
"SAT_Math_questions.18","18","math_v6_18","full_range","SATM18_M1_Q16","MATH","1","base","16","Problem-Solving and Data Analysis","Probability","PSD_PROB_001","Compute probability from a two-way table with correct denominator","Compute probability from a two-way table with correct denominator","M2","1","multiple_choice","","The table shows project completion for 50 students. If one student from the table is selected at random, what is the probability that the student completed the project?","31/50","31/19","14/23","17/27","A","1","There are 31 students who completed the project out of 50 total students, so the probability is 31/50.","95","table","{}","| Project status | Grade 11 | Grade 12 | Total |\n|---|---:|---:|---:|\n| Completed | 14 | 17 | 31 |\n| Not completed | 9 | 10 | 19 |\n| Total | 23 | 27 | 50 |","","","","","compute probability from a two-way table with correct denominator","","math,domain:Problem-Solving and Data Analysis,skill:PSD_PROB_001,arch:MATH_ARCH_049_TWO_WAY_TABLE_PROBABILITY,sim:SIM_PROBABILITY_TABLES,fp:d4fa597e,tier:M2"
"SAT_Math_questions.18","18","math_v6_18","full_range","SATM18_M1_Q17","MATH","1","base","17","Geometry and Trigonometry","Volume","GEO_VOL_001","Compute volume of prism, cylinder, cone, sphere, or composite solid","Compute volume of prism, cylinder, cone, sphere, or composite solid","H1","1","student_response","","A cylinder has radius 3 and height 8. Its volume is kπ cubic units. What is the value of k?","","","","","","","The cylinder volume is πr^2h = π(3^2)(8) = 72π, so k = 72.","90","none","{}","","","integer","72","0","compute volume of prism, cylinder, cone, sphere, or composite solid","","math,domain:Geometry and Trigonometry,skill:GEO_VOL_001,arch:MATH_ARCH_099_SOLID_VOLUME,sim:SIM_SOLID_MEASUREMENT,fp:bfe6f67d,tier:E1"
"SAT_Math_questions.18","18","math_v6_18","full_range","SATM18_M1_Q18","MATH","1","base","18","Algebra","Systems of Equations","ALG_SYS_003","Solve a 2x2 linear system by substitution","Solve a 2x2 linear system by substitution","M2","1","multiple_choice","","The equations y = 2x + 1 and 3x + y = 21 have solution (x, y). What is the value of x?","3","5","4","9","C","3","Substitute y = 2x + 1 into 3x + y = 21 to get 3x + 2x + 1 = 21. Thus 5x = 20, so x = 4.","100","none","{}","","","","","","solve a 2x2 linear system by substitution","","math,domain:Algebra,skill:ALG_SYS_003,arch:MATH_ARCH_017_SYSTEM_SOLVE_SUBSTITUTION,sim:SIM_LINEAR_SYSTEMS,fp:b6cb9dea,tier:M2"
"SAT_Math_questions.18","18","math_v6_18","full_range","SATM18_M1_Q19","MATH","1","base","19","Algebra","Systems of Equations","ALG_SYS_004","Combine equations to solve directly for x+y or a linear combination","Combine equations to solve directly for x+y or a linear combination","H2","1","multiple_choice","","If 3x + 2y = 22 and 2x + 3y = 23, what is the value of x + y?","9","8","10","11","A","1","Add the equations: 5x + 5y = 45. Dividing by 5 gives x + y = 9.","100","none","{}","","","","","","combine equations to solve directly for x+y or a linear combination","","math,domain:Algebra,skill:ALG_SYS_004,arch:MATH_ARCH_018_SYSTEM_SUM_DIRECT,sim:SIM_LINEAR_SYSTEMS,fp:17fae14c,tier:H2"
"SAT_Math_questions.18","18","math_v6_18","full_range","SATM18_M1_Q20","MATH","1","base","20","Advanced Math","Nonlinear Functions","ADV_NF_004","Evaluate nested or composed functions","Evaluate nested or composed functions","H2","1","multiple_choice","","Let f(x) = 2x - 1 and g(x) = x^2 + 3. What is f(g(3))?","17","23","21","25","B","2","First find g(3)=3^2+3=12. Then f(12)=2(12)-1=23.","105","none","{}","","","","","","evaluate nested or composed functions","","math,domain:Advanced Math,skill:ADV_NF_004,arch:MATH_ARCH_065_FUNCTION_COMPOSITION,sim:SIM_FUNCTION_NOTATION_AND_VALUES,fp:3855abd6,tier:H2"
"SAT_Math_questions.18","18","math_v6_18","full_range","SATM18_M1_Q21","MATH","1","base","21","Problem-Solving and Data Analysis","Percentages","PSD_PCT_003","Compute net effect of successive percent changes","Compute net effect of successive percent changes","H2","1","multiple_choice","","A jacket originally costs $80. Its price is increased by 25% and then the new price is decreased by 20%. What is the final price of the jacket?","$76","$84","$80","$100","C","3","After a 25% increase, the price is 80(1.25)=100. After a 20% decrease, the price is 100(0.80)=80 dollars.","110","none","{}","","","","","","compute net effect of successive percent changes","","math,domain:Problem-Solving and Data Analysis,skill:PSD_PCT_003,arch:MATH_ARCH_044_SUCCESSIVE_PERCENT_CHANGE,sim:SIM_PERCENT_RELATIONSHIPS,fp:c4e45947,tier:H2"
"SAT_Math_questions.18","18","math_v6_18","full_range","SATM18_M1_Q22","MATH","1","base","22","Algebra","Systems of Equations","ALG_SYS_008","Find maximum possible coordinate from two linear inequalities","Find maximum possible coordinate from two linear inequalities","H2","1","student_response","","Nonnegative integers x and y satisfy x + y ≤ 20, x ≤ 12, and y ≤ 15. What is the maximum possible value of 3x + 2y?","","","","","","","Because x has the larger coefficient, make x as large as possible: x = 12. Then y can be at most 8 from x + y ≤ 20, giving 3(12)+2(8)=52.","120","none","{}","","","integer","52","0","find maximum possible coordinate from two linear inequalities","","math,domain:Algebra,skill:ALG_SYS_008,arch:MATH_ARCH_027_SYSTEM_INEQUALITIES_MAX_COORDINATE,sim:SIM_LINEAR_SYSTEMS,fp:01efec65,tier:H2"
"SAT_Math_questions.18","18","math_v6_18","full_range","SATM18_M2_Q01","MATH","2","hard","1","Algebra","Equivalent Expressions","ALG_EE_001","Select an equivalent linear expression after distribution and combining terms","Select an equivalent linear expression after distribution and combining terms","M2","1","student_response","","In the expression 4(3x - 2) - 5(2x + 7) + 9, what is the coefficient of x after the expression is fully simplified?","","","","","","","Distribute and combine like terms: 12x - 8 - 10x - 35 + 9 = 2x - 34, so the coefficient of x is 2.","95","none","{}","","","integer","2","0","select an equivalent linear expression after distribution and combining terms","","math,domain:Algebra,skill:ALG_EE_001,arch:MATH_ARCH_003_LINEAR_EXPRESSION_EQUIVALENT,sim:SIM_LINEAR_EQUIVALENT_EXPRESSIONS,fp:84914076,tier:M2"
"SAT_Math_questions.18","18","math_v6_18","full_range","SATM18_M2_Q02","MATH","2","hard","2","Advanced Math","Nonlinear Functions","ADV_NF_009","Solve quadratic equation by factoring","Solve quadratic equation by factoring","M2","1","student_response","","One solution to x^2 - 7x + 12 = 0 is 3. What is the other solution?","","","","","","","Factor the quadratic: x^2 - 7x + 12 = (x - 3)(x - 4). The two solutions are 3 and 4.","90","none","{}","","","integer","4","0","solve quadratic equation by factoring","","math,domain:Advanced Math,skill:ADV_NF_009,arch:MATH_ARCH_075_QUADRATIC_SOLVE_FACTOR,sim:SIM_QUADRATIC_SOLVING,fp:d93ace08,tier:M2"
"SAT_Math_questions.18","18","math_v6_18","full_range","SATM18_M2_Q03","MATH","2","hard","3","Problem-Solving and Data Analysis","Ratios Rates and Proportions","PSD_RRP_002","Use a ratio of ingredients to find amount in a mixture","Use a ratio of ingredients to find amount in a mixture","M2","1","multiple_choice","","A drink mix uses juice and water in a ratio of 2 to 5 by volume. If 84 ounces of the drink mix are made, how many ounces of water are used?","24","60","48","70","B","2","The ratio has 2 + 5 = 7 total parts. Water is 5 of the 7 parts, so the amount of water is (5/7)(84)=60 ounces.","110","none","{}","","","","","","use a ratio of ingredients to find amount in a mixture","","math,domain:Problem-Solving and Data Analysis,skill:PSD_RRP_002,arch:MATH_ARCH_033_RATIO_MIXTURE_UNITS,sim:SIM_RATIOS_RATES_PROPORTIONS,fp:761be365,tier:M2"
"SAT_Math_questions.18","18","math_v6_18","full_range","SATM18_M2_Q04","MATH","2","hard","4","Algebra","Linear Equations","ALG_LE_007","Find greatest or least expression value from a linear inequality","Find greatest or least expression value from a linear inequality","H1","1","student_response","","If 5 - 2x ≥ -11, what is the greatest possible value of 3x + 1?","","","","","","","Subtract 5 to get -2x ≥ -16. Dividing by -2 reverses the inequality, so x ≤ 8. The greatest value of 3x + 1 occurs at x = 8 and equals 25.","110","none","{}","","","integer","25","0","find greatest or least expression value from a linear inequality","","math,domain:Algebra,skill:ALG_LE_007,arch:MATH_ARCH_024_INEQUALITY_GREATEST_LEAST_VALUE,sim:SIM_LINEAR_EQUATIONS_AND_INEQUALITIES,fp:55818a7f,tier:M2"
"SAT_Math_questions.18","18","math_v6_18","full_range","SATM18_M2_Q05","MATH","2","hard","5","Algebra","Systems of Equations","ALG_SYS_009","Identify quadrants containing solutions to a system of inequalities","Identify quadrants containing solutions to a system of inequalities","H2","1","multiple_choice","","Which point satisfies both inequalities y > x + 2 and y < -x + 6?","(3, 8)","(1, 4)","(4, 1)","(-2, -1)","B","2","For (1, 4), 4 > 1 + 2 and 4 < -1 + 6, so both inequalities are true. Each other point fails at least one inequality.","105","none","{}","","","","","","identify quadrants containing solutions to a system of inequalities","","math,domain:Algebra,skill:ALG_SYS_009,arch:MATH_ARCH_028_SYSTEM_INEQUALITIES_REGION_QUADRANTS,sim:SIM_LINEAR_SYSTEMS,fp:7f57bfb7,tier:H2"
"SAT_Math_questions.18","18","math_v6_18","full_range","SATM18_M2_Q06","MATH","2","hard","6","Problem-Solving and Data Analysis","Ratios Rates and Proportions","PSD_RRP_010","Solve weighted average mixture with two components","Solve weighted average mixture with two components","H2","1","multiple_choice","","A solution is made by mixing 20 liters of a 30% acid solution with 10 liters of a 60% acid solution. What percent of the resulting 30-liter solution is acid?","35%","45%","50%","40%","D","4","The amount of acid is 20(0.30)+10(0.60)=6+6=12 liters. The concentration is 12/30 = 0.40, or 40%.","120","none","{}","","","","","","solve weighted average mixture with two components","","math,domain:Problem-Solving and Data Analysis,skill:PSD_RRP_010,arch:MATH_ARCH_047_WEIGHTED_AVERAGE_MIXTURE,sim:SIM_WEIGHTED_AVERAGE_MIXTURE,fp:89e3120e,tier:H2"
"SAT_Math_questions.18","18","math_v6_18","full_range","SATM18_M2_Q07","MATH","2","hard","7","Advanced Math","Nonlinear Functions","ADV_NF_015","Find imaginary solutions of a quadratic equation","Find imaginary solutions of a quadratic equation","H2","1","student_response","","The solutions to x^2 + 49 = 0 are x = ±ki. What is the value of k?","","","","","","","From x^2 = -49, the solutions are x = ±7i. Therefore, k = 7.","90","none","{}","","","integer","7","0","find imaginary solutions of a quadratic equation","","math,domain:Advanced Math,skill:ADV_NF_015,arch:MATH_ARCH_083_COMPLEX_QUADRATIC_ROOTS,sim:SIM_QUADRATIC_SOLVING,fp:67c2afbe,tier:H2"
"SAT_Math_questions.18","18","math_v6_18","full_range","SATM18_M2_Q08","MATH","2","hard","8","Advanced Math","Nonlinear Functions","ADV_NF_007","Solve rational equation and reject excluded values","Solve rational equation and reject excluded values","H2","1","multiple_choice","","For x ≠ 2, what is the solution to 3/(x - 2) + 1 = 5/(x - 2)?","4","2","3","5","A","1","Subtract 3/(x - 2) from both sides to get 1 = 2/(x - 2). Then x - 2 = 2, so x = 4, which is allowed.","120","none","{}","","","","","","solve rational equation and reject excluded values","","math,domain:Advanced Math,skill:ADV_NF_007,arch:MATH_ARCH_073_RATIONAL_EQUATION_SOLVE,sim:SIM_RATIONAL_EQUATIONS,fp:91ab15e2,tier:H3"
"SAT_Math_questions.18","18","math_v6_18","full_range","SATM18_M2_Q09","MATH","2","hard","9","Algebra","Systems of Equations","ALG_SYS_010","Translate multi-constraint budget/resource situation into inequalities","Translate multi-constraint budget/resource situation into inequalities","H2","1","multiple_choice","","A theater group will buy adult tickets and student tickets. Let a be the number of adult tickets and s be the number of student tickets. Adult tickets cost $12 each, student tickets cost $8 each, the group wants at least 15 tickets, and the total cost must be at most $160. Which system of inequalities represents this situation?","a + s ≤ 15 and 12a + 8s ≤ 160","a + s ≥ 15 and 12a + 8s ≤ 160","a + s ≥ 15 and 12a + 8s ≥ 160","12a + 8s ≥ 15 and a + s ≤ 160","B","2","At least 15 tickets gives a + s ≥ 15. A total cost of at most $160 gives 12a + 8s ≤ 160.","120","none","{}","","","","","","translate multi-constraint budget/resource situation into inequalities","","math,domain:Algebra,skill:ALG_SYS_010,arch:MATH_ARCH_030_BUDGET_SYSTEM_INEQUALITIES,sim:SIM_LINEAR_SYSTEMS,fp:50a6ff6b,tier:H2"
"SAT_Math_questions.18","18","math_v6_18","full_range","SATM18_M2_Q10","MATH","2","hard","10","Algebra","Linear Equations","ALG_LE_011","Solve inequality with discrete rounding or ceiling/floor interpretation","Solve inequality with discrete rounding or ceiling/floor interpretation","H2","1","multiple_choice","","A storage box holds 24 files. What is the minimum number of storage boxes needed to hold 265 files?","10","11","13","12","D","4","Since 265 ÷ 24 = 11 remainder 1, 11 boxes are not enough and 12 boxes are needed.","105","none","{}","","","","","","solve inequality with discrete rounding or ceiling/floor interpretation","","math,domain:Algebra,skill:ALG_LE_011,arch:MATH_ARCH_031_INTEGER_ROUNDING_INEQUALITY,sim:SIM_LINEAR_EQUATIONS_AND_INEQUALITIES,fp:378c5f17,tier:H2"
"SAT_Math_questions.18","18","math_v6_18","full_range","SATM18_M2_Q11","MATH","2","hard","11","Advanced Math","Nonlinear Functions","ADV_NF_010","Use quadratic formula to solve or analyze roots","Use quadratic formula to solve or analyze roots","H2","1","multiple_choice","","What are the solutions to 2x^2 - 3x - 5 = 0?","1 and 5/2","-5/2 and 1","-1 and 5/2","-1 and -5/2","C","3","Using the quadratic formula, x = (3 ± sqrt(9 + 40))/4 = (3 ± 7)/4. The solutions are -1 and 5/2.","130","none","{}","","","","","","use quadratic formula to solve or analyze roots","","math,domain:Advanced Math,skill:ADV_NF_010,arch:MATH_ARCH_076_QUADRATIC_SOLVE_FORMULA,sim:SIM_QUADRATIC_SOLVING,fp:1557cb19,tier:H3"
"SAT_Math_questions.18","18","math_v6_18","full_range","SATM18_M2_Q12","MATH","2","hard","12","Problem-Solving and Data Analysis","Probability","PSD_PROB_002","Compute conditional probability from a table subset","Compute conditional probability from a table subset","H3","1","multiple_choice","","The table shows club choices for 60 students. If one grade 12 student from the table is selected at random, what is the probability that the student chose robotics?","8/15","4/15","7/30","16/60","A","1","Among grade 12 students, there are 30 students total and 16 chose robotics. The conditional probability is 16/30 = 8/15.","115","table","{}","| Grade | Math team | Robotics | Total |\n|---|---:|---:|---:|\n| 11 | 18 | 12 | 30 |\n| 12 | 14 | 16 | 30 |\n| Total | 32 | 28 | 60 |","","","","","compute conditional probability from a table subset","","math,domain:Problem-Solving and Data Analysis,skill:PSD_PROB_002,arch:MATH_ARCH_050_CONDITIONAL_PROBABILITY_TABLE,sim:SIM_PROBABILITY_TABLES,fp:b6a4b70a,tier:H3"
"SAT_Math_questions.18","18","math_v6_18","full_range","SATM18_M2_Q13","MATH","2","hard","13","Algebra","Systems of Equations","ALG_SYS_006","Find parameter value that makes two linear equations parallel","Find parameter value that makes two linear equations parallel","H3","1","multiple_choice","","For what value of k does the system 6x + 2y = 10 and 3x + ky = 7 have no solution?","2","1","3","5","B","2","For no solution, the lines must be parallel but distinct. Multiplying 3x + ky = 7 by 2 gives 6x + 2ky = 14. Matching the left-side coefficients requires 2k = 2, so k = 1; the constants 10 and 14 are different.","130","none","{}","","","","","","find parameter value that makes two linear equations parallel","","math,domain:Algebra,skill:ALG_SYS_006,arch:MATH_ARCH_020_SYSTEM_NO_SOLUTION_PARAMETER,sim:SIM_LINEAR_SYSTEMS,fp:2945beb5,tier:H3"
"SAT_Math_questions.18","18","math_v6_18","full_range","SATM18_M2_Q14","MATH","2","hard","14","Advanced Math","Nonlinear Functions","ADV_NF_011","Complete the square to find vertex or solve","Complete the square to find vertex or solve","H3","1","multiple_choice","","What is the minimum value of the expression x^2 - 10x + 18?","-7","-25","7","18","A","1","Complete the square: x^2 - 10x + 18 = (x - 5)^2 - 7. Since (x - 5)^2 ≥ 0, the minimum value is -7.","125","none","{}","","","","","","complete the square to find vertex or solve","","math,domain:Advanced Math,skill:ADV_NF_011,arch:MATH_ARCH_077_QUADRATIC_COMPLETE_SQUARE,sim:SIM_QUADRATIC_FEATURES,fp:6d0efd3b,tier:H3"
"SAT_Math_questions.18","18","math_v6_18","full_range","SATM18_M2_Q15","MATH","2","hard","15","Geometry and Trigonometry","Area","GEO_AREA_001","Compute surface area of prism/cylinder or composite solid","Compute surface area of prism/cylinder or composite solid","H2","1","multiple_choice","","A closed cylinder has radius 3 and height 7. Its total surface area is kπ square units. What is the value of k?","42","54","60","84","C","3","The total surface area is 2πr^2 + 2πrh = 2π(3^2)+2π(3)(7)=18π+42π=60π, so k = 60.","130","none","{}","","","","","","compute surface area of prism/cylinder or composite solid","","math,domain:Geometry and Trigonometry,skill:GEO_AREA_001,arch:MATH_ARCH_100_SOLID_SURFACE_AREA,sim:SIM_SOLID_MEASUREMENT,fp:bca125bb,tier:H3"
"SAT_Math_questions.18","18","math_v6_18","full_range","SATM18_M2_Q16","MATH","2","hard","16","Advanced Math","Nonlinear Functions","ADV_NF_012","Interpret vertex form of a quadratic function","Interpret vertex form of a quadratic function","H2","1","multiple_choice","","The function f is defined by f(x) = -2(x - 3)^2 + 18. What is the maximum value of f?","18","3","-2","20","A","1","The vertex form shows the vertex is (3, 18). Since the coefficient of the squared term is negative, the maximum value is 18.","110","none","{}","","","","","","interpret vertex form of a quadratic function","","math,domain:Advanced Math,skill:ADV_NF_012,arch:MATH_ARCH_078_QUADRATIC_VERTEX_FORM,sim:SIM_QUADRATIC_FEATURES,fp:623286f0,tier:H3"
"SAT_Math_questions.18","18","math_v6_18","full_range","SATM18_M2_Q17","MATH","2","hard","17","Geometry and Trigonometry","Triangles","GEO_TRI_004","Use 30-60-90 or 45-45-90 triangle ratios","Use 30-60-90 or 45-45-90 triangle ratios","H3","1","multiple_choice","","In right triangle PQR, angle Q is a right angle, angle P measures 30°, and the side opposite angle P has length 7. What is the length of hypotenuse PR?","7√3","14","7","14√3","B","2","In a 30-60-90 triangle, the hypotenuse is twice the length of the side opposite the 30° angle. Thus PR = 2(7) = 14.","120","right_triangle","{""diagram_type"":""right_triangle"",""render_mode"":""near_to_scale"",""not_to_scale"":true,""vertices"":[""P"",""Q"",""R""],""right_angle_at"":""Q"",""angle_labels"":{""P"":""30\u00b0"",""R"":""60\u00b0""},""side_labels"":{""QR"":""7"",""PR"":""x""},""target"":""PR""}","","","","","","use 30-60-90 or 45-45-90 triangle ratios","","math,domain:Geometry and Trigonometry,skill:GEO_TRI_004,arch:MATH_ARCH_087_SPECIAL_RIGHT_TRIANGLES,sim:SIM_SPECIAL_RIGHT_TRIANGLES,fp:c1d8f35c,tier:H3"
"SAT_Math_questions.18","18","math_v6_18","full_range","SATM18_M2_Q18","MATH","2","hard","18","Algebra","Systems of Equations","ALG_SYS_007","Find parameter value that makes two equations equivalent","Find parameter value that makes two equations equivalent","H3","1","multiple_choice","","For what value of a does the system 4x + ay = 12 and 2x + 3y = 6 have infinitely many solutions?","3","4","12","6","D","4","For infinitely many solutions, the first equation must be a multiple of the second. Multiplying 2x + 3y = 6 by 2 gives 4x + 6y = 12, so a = 6.","120","none","{}","","","","","","find parameter value that makes two equations equivalent","","math,domain:Algebra,skill:ALG_SYS_007,arch:MATH_ARCH_021_SYSTEM_INFINITE_SOLUTIONS_PARAMETER,sim:SIM_LINEAR_SYSTEMS,fp:82cd3634,tier:H3"
"SAT_Math_questions.18","18","math_v6_18","full_range","SATM18_M2_Q19","MATH","2","hard","19","Advanced Math","Nonlinear Functions","ADV_NF_014","Use discriminant to determine number/type of solutions","Use discriminant to determine number/type of solutions","H3","1","student_response","","For the equation x^2 + kx + 16 = 0 to have exactly one real solution, k can be positive. What is the positive value of k?","","","","","","","Exactly one real solution requires discriminant 0. Thus k^2 - 4(1)(16) = 0, so k^2 = 64. The positive value is k = 8.","120","none","{}","","","integer","8","0","use discriminant to determine number/type of solutions","","math,domain:Advanced Math,skill:ADV_NF_014,arch:MATH_ARCH_080_QUADRATIC_DISCRIMINANT,sim:SIM_QUADRATIC_SOLVING,fp:07241b97,tier:H3"
"SAT_Math_questions.18","18","math_v6_18","full_range","SATM18_M2_Q20","MATH","2","hard","20","Geometry and Trigonometry","Trigonometry","GEO_TRIG_004","Use benchmark unit-circle values","Use benchmark unit-circle values","H2","1","multiple_choice","","What is sin(5π/6)?","-1/2","1/2","√3/2","-√3/2","B","2","The angle 5π/6 has reference angle π/6 and lies in Quadrant II, where sine is positive. Therefore sin(5π/6)=1/2.","90","none","{}","","","","","","use benchmark unit-circle values","","math,domain:Geometry and Trigonometry,skill:GEO_TRIG_004,arch:MATH_ARCH_098_UNIT_CIRCLE_BENCHMARK,sim:SIM_TRIGONOMETRY_RELATIONSHIPS,fp:da2cb1c9,tier:H3"
"SAT_Math_questions.18","18","math_v6_18","full_range","SATM18_M2_Q21","MATH","2","hard","21","Geometry and Trigonometry","Circles","GEO_CIRC_002","Find arc length or sector area from central angle","Find arc length or sector area from central angle","H3","1","multiple_choice","","A sector of a circle has radius 6 and central angle 120°. What is the area of the sector?","6π","24π","12π","36π","C","3","The sector is 120/360 = 1/3 of the circle. The full circle area is π(6^2)=36π, so the sector area is 12π.","120","circle","{""diagram_type"":""sector"",""render_mode"":""near_to_scale"",""not_to_scale"":true,""center_label"":""O"",""radius"":6,""radius_label"":""6"",""central_angle_degrees"":120,""central_angle_label"":""120\u00b0"",""shaded_sector"":true,""target"":""sector_area""}","","","","","","find arc length or sector area from central angle","","math,domain:Geometry and Trigonometry,skill:GEO_CIRC_002,arch:MATH_ARCH_092_CIRCLE_ARC_SECTOR,sim:SIM_CIRCLE_MEASUREMENTS,fp:423836b1,tier:H3"
"SAT_Math_questions.18","18","math_v6_18","full_range","SATM18_M2_Q22","MATH","2","hard","22","Advanced Math","Nonlinear Functions","ADV_NF_001","Determine parameters for a line and parabola system with two real solutions","Determine parameters for a line and parabola system with two real solutions","H3","1","multiple_choice","","The graphs of y = x^2 - 6x + c and y = 2x + 3 intersect at two real points when which of the following is the value of c?","19","22","15","24","C","3","Set the expressions equal: x^2 - 6x + c = 2x + 3, so x^2 - 8x + (c - 3) = 0. The discriminant is 64 - 4(c - 3) = 76 - 4c. Two real intersections require 76 - 4c > 0, or c < 19. Of the choices, only 15 works.","150","none","{}","","","","","","determine parameters for a line and parabola system with two real solutions","","math,domain:Advanced Math,skill:ADV_NF_001,arch:MATH_ARCH_022_SYSTEM_QUADRATIC_LINE_TWO_SOLUTIONS,sim:SIM_QUADRATIC_SOLVING,fp:fcf9629c,tier:H3"
