"test_id","exam_version","generation_batch_id","target_score_band","question_id","section","module","route","question_number","content_domain","skill_group","skill_code","skill_label","question_topic","difficulty","scoring_weight","question_type","passage","question","choice_a","choice_b","choice_c","choice_d","correct_answer","correct_choice_index","explanation","time_estimate_sec","visual_type","visual_json","table_markdown","equation_latex","student_response_type","correct_numeric_answer","answer_tolerance","primary_skill","secondary_skill","tags"
"SAT_IMPORTED","pdf_import_v1","import_batch_005","","SAT5_RW_M1_Q01","RW","1","base","1","Craft and Structure","Words in Context","","Words in Context","Words in Context","","1","multiple_choice","The following text is from the 1913 story “The King’s Coin” by Emily Pauline Johnson, a Kanienkahagen (Mohawk) writer also known as Tekahionwake. Fox-Foot, a young Ojibwe man, is guiding a group of fur traders who are traveling by canoe and suspects that they are being followed.

At supper time, Fox-Foot would allow no fire to be built, no landing to be made, no <u>trace</u> of their passing to be left. They ate canned meat and marmalade, drank again of the stream and pushed on, until just at dusk they reached the edge of a long, still lake, with shores of granite and dense fir forest.","As used in the text, what does the word “trace” most nearly mean?","Evidence","Blemish","Amount","Sketch","A","1","Choice A is the best answer because the text indicates that Fox-Foot doesn’t let the group build a fire or create a canoe landing when it’s time for supper. This context suggests that he doesn’t want anyone who might be following the group to see any sign of them or their activities. In other words, Fox-Foot doesn’t want there to be any trace, or evidence, of the group’s movements (“their passing”) through the area.

Choice B is incorrect because the text conveys that Fox-Foot doesn’t want the group to be detected, not that he doesn’t want their presence to create a blemish, or a spoiling flaw, in the area; human activity could disturb a natural environment, but the context emphasizes that Fox-Foot is instead focused on avoiding giving any sign of the group’s movements through a place (“their passing”) to anyone who might be following them. Choice C is incorrect because the text focuses on Fox-Foot’s desire to avoid detection by those who might be following the group. This context conveys that Fox-Foot doesn’t want to create any signs or evidence of the group moving through a place (“their passing”), not that he doesn’t want to leave behind some quantity of their presence; indeed, it isn’t clear what an amount of a group’s movement would be. Choice D is incorrect because nothing in the text suggests that the group has a sketch, or rough drawing, of their movements through that area (“their passing”) that might be left behind. Rather, the context emphasizes that Fox-Foot is focused on ensuring that the group doesn’t give any kind of indication of their presence, as he wants to avoid detection by anyone who might be following the group.","","none","{}","","","","","","Words in Context","","import,pdf,section:RW,source:sat-practice-test-5-digital.pdf,page:4,source_q:1,test:5"
"SAT_IMPORTED","pdf_import_v1","import_batch_005","","SAT5_RW_M1_Q02","RW","1","base","2","Craft and Structure","Words in Context","","Words in Context","Words in Context","","1","multiple_choice","Many ancient sculptures of people’s heads are missing their noses. This is because the nose is the most _____ part of a sculpture of a person’s head. It is delicate and sticks out from the rest of the sculpture, making it especially easy to break.","Which choice completes the text with the most logical and precise word or phrase?","recognizable","fragile","common","sophisticated","B","2","Choice B is the best answer because it most logically completes the text’s discussion of noses on ancient sculptures. In this context, “fragile” means weak or delicate. This matches the text’s description of noses on ancient sculptures, which are often missing from sculptures’ heads because they are “especially easy to break.” Therefore, this context indicates that noses on ancient sculptures are the most fragile part of the sculptures’ heads.

Choice A is incorrect. In this context, “recognizable” would mean identifiable, and since the text indicates that noses are often missing from ancient statues, they therefore cannot be the most recognizable part of the statue. Choice C is incorrect because the text indicates that many ancient statues are missing noses, so noses wouldn’t be “common,” or frequent, aspects of ancient statues; they would conversely be uncommon. Choice D is incorrect because the text only indicates that noses on ancient statues often stick out and end up missing from the heads, which doesn’t relate to the noses being “sophisticated,” or knowledgeable or refined.","","none","{}","","","","","","Words in Context","","import,pdf,section:RW,source:sat-practice-test-5-digital.pdf,page:4,source_q:2,test:5"
"SAT_IMPORTED","pdf_import_v1","import_batch_005","","SAT5_RW_M1_Q03","RW","1","base","3","Craft and Structure","Words in Context","","Words in Context","Words in Context","","1","multiple_choice","K.D. Leka and colleagues found that the Sun’s corona provides an advance indication of solar flares—intense eruptions of electromagnetic radiation that emanate from active regions in the Sun’s photosphere and can interfere with telecommunications on Earth. Preceding a flare, the corona temporarily exhibits increased brightness above the region where the flare is _____.","Which choice completes the text with the most logical and precise word or phrase?","antecedent","impending","innocuous","perpetual","B","2","Choice B is the best answer because it most logically completes the text’s discussion of advance indications of solar flares. In this context the word “impending” means imminent or approaching. The text mentions a study by Leka and colleagues that found that the Sun’s corona provides an advance indication of solar flares. The text then points out why such an advance indication would be useful—solar flares can interfere with communications on Earth—and concludes by describing the characteristic of the corona that gives warning of a solar flare. The text indicates that this characteristic—increased brightness in a particular region of the corona—comes before the appearance of the flare. Therefore, in context, the best answer would indicate that the flare is approaching, or impending.

Choice A is incorrect. The best answer would be one that indicates that the increased brightness of the Sun’s corona precedes the appearance of the flare. But if the flare were “antecedent,” or previous, then the flare would instead precede the appearance of the increased brightness of the corona, a statement that is logically inconsistent. Choice C is incorrect. The word “innocuous,” or harmless, does not logically complete the text; since solar flares can interfere with communications on Earth, they cannot reasonably be described as innocuous. Choice D is incorrect. If the solar flares have an advance indication of their appearance, then there must therefore be a time before the appearance of the flares when they do not exist. But the word “perpetual,” or never-ending, would in context indicate that the flare exists at the same time as the advance indication provided by the Sun’s corona, which would not make logical sense.","","none","{}","","","","","","Words in Context","","import,pdf,section:RW,source:sat-practice-test-5-digital.pdf,page:5,source_q:3,test:5"
"SAT_IMPORTED","pdf_import_v1","import_batch_005","","SAT5_RW_M1_Q04","RW","1","base","4","Craft and Structure","Words in Context","","Words in Context","Words in Context","","1","multiple_choice","Despite the generalizations about human behavior they have produced, many studies of behavioral psychology have used highly unrepresentative subject pools: students at the colleges and universities where the researchers are employed. To _____ this situation, it is necessary to actively recruit subjects from diverse backgrounds and locations.","Which choice completes the text with the most logical and precise word or phrase?","sanction","ameliorate","rationalize","postulate","B","2","Choice B is the best answer because it most logically completes the text’s discussion of behavioral psychology studies. In this context, “ameliorate” means to help remedy or improve. The text states that many behavioral psychology studies are flawed because the subjects used are “highly unrepresentative.” It is then suggested that researchers should recruit subjects from “diverse backgrounds and locations” in order to help address the issue of unrepresentative subject pools. Thus, this context conveys that recruitment efforts focused on diversity would help ameliorate the problems outlined in the text.

Choice A is incorrect. In this context, “sanction” could have two meanings: to give official approval for something or to enact a penalty, neither of which makes sense in this context. The text describes a situation known to be problematic in behavioral psychology studies and then presents a potential remedy to that situation; the text does not suggest that the situation is officially approved or results in any type of penalty. Choice C is incorrect because rather than “rationalize,” or explain or justify, a situation, the text presents a situation and its potential remedy. Choice D is incorrect because the text is not attempting to “postulate,” or suggest a claim or theory, related to the situation described in the text but is rather presenting a potential remedy for the situation.","","none","{}","","","","","","Words in Context","","import,pdf,section:RW,source:sat-practice-test-5-digital.pdf,page:5,source_q:5,test:5"
"SAT_IMPORTED","pdf_import_v1","import_batch_005","","SAT5_RW_M1_Q05","RW","1","base","5","Craft and Structure","Text Structure and Purpose","","Text Structure and Purpose","Text Structure and Purpose","","1","multiple_choice","The following text is adapted from Jean Webster’s 1912 novel Daddy-Long-Legs. The narrator is a young college student writing letters detailing her weekly experiences.

[The college is] organizing the Freshman basket-ball team and there’s just a chance that I shall make it. I’m little of course, but terribly quick and wiry and tough. While the others are hopping about in the air, I can dodge under their feet and grab the ball.","Which choice best states the main purpose of the text?","To compare basketball with other sports","To provide details of how to play basketball","To state how players will be chosen for the basketball team","To explain why the narrator thinks she might make the basketball team","D","4","Choice D is the best answer because it most accurately describes the main purpose of the text. In the first sentence of the text, the narrator states that she thinks there’s a chance she will become part of the basketball team at her college. She goes on to explain that she is “quick” and “tough.” Based on these characteristics, she thinks she has a chance to join the team. Thus, the main purpose of the text is to explain why the narrator thinks she might make the basketball team.

Choice A is incorrect because the text focuses solely on basketball and doesn’t mention any other kinds of sports. Choice B is incorrect because the text doesn’t describe aspects of the game of basketball. Instead, it provides the narrator’s reasoning for thinking that she might make her school basketball team. Choice C is incorrect. Although the narrator explains why she thinks she will be chosen for the basketball team at her school, the text doesn’t go into the general decision- making process or the requirements for being picked for the team.","","none","{}","","","","","","Text Structure and Purpose","","import,pdf,section:RW,source:sat-practice-test-5-digital.pdf,page:5,source_q:6,test:5"
"SAT_IMPORTED","pdf_import_v1","import_batch_005","","SAT5_RW_M1_Q06","RW","1","base","6","Craft and Structure","Text Structure and Purpose","","Text Structure and Purpose","Text Structure and Purpose","","1","multiple_choice","In the late 1800s, Spanish-language newspapers flourished in cities across Texas. San Antonio alone produced eleven newspapers in Spanish between 1890 and 1900. But El Paso surpassed all other cities in the state. This city produced twenty-two newspapers in Spanish during that period. El Paso is located on the border with Mexico and has always had a large population of Spanish speakers. Thus, it is unsurprising that this city became such a rich site for Spanish-language journalism.","Which choice best states the main purpose of the text?","To compare Spanish-language newspapers published in Texas today with ones published there during the late 1800s","To explain that Spanish-language newspapers thrived in Texas and especially in El Paso during the late 1800s","To argue that Spanish-language newspapers published in El Paso influenced the ones published in San Antonio during the late 1800s","To explain why Spanish-language newspapers published in Texas were so popular in Mexico during the late 1800s","B","2","Choice B is the best answer because it most accurately describes the main purpose of the text. The text begins by stating that there were many Spanish- language newspapers in cities across Texas in the late 1800s, citing San Antonio as a city that produced eleven such newspapers. The text then goes on to note that in El Paso, there were twenty-two newspapers published in Spanish in the late 1800s, more than any other Texas city. The text then concludes by explaining that the reason for this large number of Spanish-language newspapers was likely El Paso’s location near Mexico and its large population of Spanish speakers. Therefore, the main purpose of the text is to explain that Spanish-language newspapers thrived in Texas cities, especially in El Paso, in the late 1800s.

Choice A is incorrect because the text doesn’t discuss Spanish-language newspapers published in Texas today, let alone compare them with newspapers that were published in the 1800s. Choice C is incorrect. Although the text characterizes El Paso as a particularly rich site for Spanish-language journalism in the late 1800s, the text doesn’t discuss whether newspapers published in El Paso influenced the newspapers published in other cities across Texas, including San Antonio. Choice D is incorrect because the text doesn’t mention whether Spanish-language newspapers published in Texas were also widely read in Mexico. The text only focuses on the popularity of Spanish-language newspapers within Texas, and especially in El Paso.","","none","{}","","","","","","Text Structure and Purpose","","import,pdf,section:RW,source:sat-practice-test-5-digital.pdf,page:6,source_q:7,test:5"
"SAT_IMPORTED","pdf_import_v1","import_batch_005","","SAT5_RW_M1_Q07","RW","1","base","7","Craft and Structure","Text Structure and Purpose","","Text Structure and Purpose","Text Structure and Purpose","","1","multiple_choice","Changes to vegetation cover and other human activities influence carbon and nitrogen levels in soil, though how deep these effects extend is unclear. Hypothesizing that differences in land use lead to differences in carbon and nitrogen levels that are not restricted to the topsoil layer (0–30 cm deep), Chukwuebuka Okolo and colleagues sampled soils across multiple land-use types (e.g., grazing land, cropland, forest) within each of several Ethiopian locations. They found, though, that across land-use types, carbon and nitrogen decreased to comparably low levels beyond depths of 30 cm.","Which choice best describes the overall structure of the text?","It describes a phenomenon that scientists do not fully understand, explains a research team’s hypothesis about that phenomenon, and then describes a finding that led the team to refine the hypothesis.","It introduces an unresolved scientific question, presents a research team’s hypothesis pertaining to that question, and then describes an observation made by the team that conflicts with that hypothesis.","It discusses a process that scientists are somewhat unclear about, introduces competing hypotheses about that process, and then explains how a research team concluded that one of those hypotheses is likely correct.","It explains a hypothesis that has been the subject of scientific debate, discusses how a research team tested that hypothesis, and then presents data the team collected that validate the hypothesis.","B","2","Choice B is the best answer because it most accurately describes the overall structure of the text. The text begins by explaining that human activities influence carbon and nitrogen levels in soil, but how deeply these effects are seen in the soil remains an unresolved question. Next, the text summarizes Okolo and colleagues’ hypothesis regarding this question—which is that the different effects on carbon and nitrogen levels associated with different types of land use would also be observed below the topsoil layer—and then briefly explains the methods they used to test this hypothesis. Finally, the text states that the researchers found that at depths below the topsoil layer, carbon and nitrogen decreased to similarly low levels across all land-use types, a finding that conflicts with the team’s hypothesis presented earlier in the text. Thus, the text introduces an unresolved scientific question, presents a research team’s hypothesis pertaining to that question, and then describes an observation that the team made that conflicted with their hypothesis.

Choice A is incorrect. Although the text introduces a phenomenon (the fact that human activities influence carbon and nitrogen levels in the soil) that isn’t fully understood by scientists and explains a research team’s hypothesis about the phenomenon, the text doesn’t describe how the team refined their hypothesis when a research finding contradicted it. Choice C is incorrect because the text doesn’t discuss a process at all; rather, it poses an unsolved scientific question and presents a hypothesis that Okolo and colleagues tested to answer that question. Moreover, the text only describes one hypothesis; it doesn’t mention any competing hypotheses, nor does it suggest that Okolo’s team was able to determine which hypothesis was correct. Choice D is incorrect because the text doesn’t begin by presenting a hypothesis that is under scientific debate; rather, it presents a question that scientists have been unable to answer and then introduces a hypothesis formulated by Okolo and colleagues. While the text does explain how Okolo’s team tested their hypothesis, the text goes on to say that their data conflicted with their hypothesis, not that the data validated, or supported, their hypothesis.","","none","{}","","","","","","Text Structure and Purpose","","import,pdf,section:RW,source:sat-practice-test-5-digital.pdf,page:7,source_q:10,test:5"
"SAT_IMPORTED","pdf_import_v1","import_batch_005","","SAT5_RW_M1_Q08","RW","1","base","8","Information and Ideas","Central Ideas and Details","","Central Ideas and Details","Central Ideas and Details","","1","multiple_choice","Recently, scientists looked at data collected by NASA’s InSight lander to learn more about seismic activity on Mars, known as marsquakes. The data show that the marsquakes all started from the same location on the planet. This discovery was surprising to scientists, as they expected that the marsquakes would originate from all over the planet because of the cooling of the planet’s surface. Now, scientists believe that there could be areas of active magma flows deep beneath the planet’s surface that trigger the marsquakes.","According to the text, what was surprising to scientists studying the seismic activity data from NASA’s InSight lander?","The surface temperature of Mars has been rising.","There were different types of seismic waves causing marsquakes.","NASA’s InSight lander collected less data than scientists had expected.","All the marsquakes started from the same location on the planet.","D","4","Choice D is the best answer because it presents a statement about what surprised the scientists that is supported by the text. The text states that the marsquakes described in the data from NASA’s InSight lander originated from the same location on Mars. The text goes on to say that because they had expected the opposite (that marsquakes would originate from all over the planet) this discovery surprised the scientists.

Choice A is incorrect because the text doesn’t say that the data from NASA’s InSight lander revealed any surprising information about the planet’s surface temperature. Instead, the text mentions the cooling of Mars’s surface as a reason the scientists expected that marsquakes had multiple origins. In addition, cooling would indicate that the temperature has been falling rather than rising. Choice B is incorrect. Although the text indicates that by studying seismic activity scientists found a possible explanation for what causes marsquakes, the text doesn’t say

that they discovered that marsquakes are caused by different types of seismic waves. Rather, the text states that based on the data from NASA’s InSight lander, scientists now believe that this seismic activity happens because of areas of active magma that flow below the planet’s surface. Choice C is incorrect because the text doesn’t discuss the amount of data NASA’s InSight lander collected or whether scientists who studied the data found the amount to be as expected. Instead, the text focuses on what the data revealed about where on Mars the marsquakes originated.","","none","{}","","","","","","Central Ideas and Details","","import,pdf,section:RW,source:sat-practice-test-5-digital.pdf,page:8,source_q:11,test:5"
"SAT_IMPORTED","pdf_import_v1","import_batch_005","","SAT5_RW_M1_Q09","RW","1","base","9","Information and Ideas","Central Ideas and Details","","Central Ideas and Details","Central Ideas and Details","","1","multiple_choice","The ancient writing system used in the Maya kingdoms of southern Mexico and Central America had a symbol for the number zero. The earliest known example of the symbol dates to more than 2,000 years ago. At that time, almost none of the writing systems elsewhere in the world possessed a zero symbol. And the use of zero in Mexico and Central America may be even more ancient. Some historians suggest that Maya mathematicians inherited it from the Olmec civilization, which flourished in the region 2,400–3,600 years ago.","According to the text, what do some historians suggest about Maya civilization?","Maya civilization acquired the use of zero from the Olmec civilization.","Maya civilization respected its historians more than it respected its mathematicians.","Maya civilization was highly secretive about its intellectual achievements.","Maya civilization tried to introduce its writing system to other civilizations.","A","1","Choice A is the best answer because it presents information about Maya civilization that is supported by the text. The text states that the writing system used in the Maya kingdoms had a symbol for the number zero. It goes on to say that at the time of the zero symbol’s earliest example, more than 2,000 years ago, almost no other writing systems in the world featured such a symbol. The text also points out that some historians suggest that Maya mathematicians inherited the use of zero from the Olmec civilization, which existed in the same area as the Maya civilization at an earlier date. Thus, according to the text, some historians suggest that the Maya civilization acquired the use of zero from the Olmec civilization.

Choice B is incorrect because although the text mentions present-day historians and Maya mathematicians, it does not say anything about how much the Maya civilization respected its historians and mathematicians. Choice C is incorrect because the text does not indicate that the Maya civilization treated its use of the zero symbol, or any other intellectual achievements, as secrets to be kept from other civilizations. Choice D is incorrect because although the text mentions historians who suggest that the writing system of the Maya civilization inherited some features from the earlier Olmec civilization, the text does not describe any attempts of Maya civilization to introduce its writing system to other civilizations.","","none","{}","","","","","","Central Ideas and Details","","import,pdf,section:RW,source:sat-practice-test-5-digital.pdf,page:8,source_q:12,test:5"
"SAT_IMPORTED","pdf_import_v1","import_batch_005","","SAT5_RW_M1_Q10","RW","1","base","10","Information and Ideas","Command of Evidence","","Command of Evidence","Command of Evidence","","1","multiple_choice","“The Bet” is an 1889 short story by Anton Chekhov. In the story, a banker is described as being very upset about something: _____","Which quotation from “The Bet” most effectively illustrates the claim?","“Then the banker cautiously broke the seals off the door and put the key in the keyhole.”","“It struck three o’clock, the banker listened; everyone was asleep in the house and nothing could be heard outside but the rustling of the chilled trees.”","“The banker, spoilt and frivolous, with millions beyond his reckoning, was delighted at the bet.”","“When [the banker] got home he lay on his bed, but his tears and emotion kept him for hours from sleeping.”","D","4","Choice D is the best answer because it most effectively uses a quotation from “The Bet” to illustrate the claim that the banker was very upset about something. The quotation indicates that the banker shed tears, which suggests that he was likely unhappy about something, and that his emotions were so strong that they kept him from sleeping for hours. These details suggest that the banker was very upset.

Choice A is incorrect because this quotation mainly describes the banker cautiously unlocking a door; it doesn’t suggest that he was particularly upset about anything. Choice B is incorrect because this quotation doesn’t mention whether the banker was experiencing any particularly strong negative feelings; instead, the quotation focuses on the quietness of the setting. Choice C is incorrect because this quotation states that the banker was feeling “delighted,” not that he was upset.","","none","{}","","","","","","Command of Evidence","","import,pdf,section:RW,source:sat-practice-test-5-digital.pdf,page:8,source_q:13,test:5"
"SAT_IMPORTED","pdf_import_v1","import_batch_005","","SAT5_RW_M1_Q11","RW","1","base","11","Information and Ideas","Command of Evidence","","Command of Evidence","Command of Evidence","","1","multiple_choice","“The Yellow Wallpaper” is an 1892 short story by Charlotte Perkins Gilman. In the story, the narrator expresses mixed feelings about her surroundings:","Which quotation from “The Yellow Wallpaper” most effectively illustrates the claim?","“This wallpaper has a kind of sub-pattern in a different shade, a particularly irritating one, for you can only see it in certain lights, and not clearly then.”","“By moonlight—the moon shines in all night when there is a moon—I wouldn’t know it was the same paper.”","“I’m really getting quite fond of the big room, all but that horrid [wall]paper.”","“The color is repellant, almost revolting; a smouldering, unclean yellow, strangely faded by the slow-turning sunlight.”","C","3","Choice C is the best answer because it most effectively illustrates the claim that the narrator of “The Yellow Wallpaper” has mixed feelings about her surroundings. She says she is “really getting quite fond of the big room,” a positive sentiment, but also describes the room’s wallpaper as “horrid,” a negative sentiment. Since some of her feelings about her surroundings are positive and others are negative, they are best described as mixed.

Choice A is incorrect because though the narrator describes the room’s wallpaper as “irritating,” a negative sentiment, she does not mention a positive sentiment. Thus, the quotation does not effectively illustrate the claim that the narrator has mixed feelings about her surroundings. Choice B is incorrect because it describes how the appearance of the room’s wallpaper changes at night but does not mention the narrator’s feelings about her surroundings. Choice D is incorrect because though the narrator describes the room’s wallpaper as “repellant,” a negative sentiment, she does not mention a positive sentiment. Thus, the quotation does not effectively illustrate the claim that the narrator has mixed feelings about her surroundings.","","none","{}","","","","","","Command of Evidence","","import,pdf,section:RW,source:sat-practice-test-5-digital.pdf,page:9,source_q:15,test:5"
"SAT_IMPORTED","pdf_import_v1","import_batch_005","","SAT5_RW_M1_Q12","RW","1","base","12","Information and Ideas","Inferences","","Inferences","Inferences","","1","multiple_choice","The Younger Dryas was a period of extreme cooling from 11,700 to 12,900 years ago in the Northern Hemisphere. Some scientists argue that a comet fragment hitting Earth brought about the cooling. Others disagree, partly because there is no known crater from such an impact that dates to the beginning of the period. In 2015, a team led by Kurt Kjær detected a 19-mile-wide crater beneath a glacier in Greenland. The scientists who believe an impact caused the Younger Dryas claim that this discovery supports their view. However, Kjær’s team hasn’t yet been able to determine the age of the crater. Therefore, the team suggests that _____","Which choice most logically completes the text?","it can’t be concluded that the impact that made the crater was connected to the beginning of the Younger Dryas.","it can’t be determined whether a comet fragment could make a crater as large as 19 miles wide.","scientists have ignored the possibility that something other than a comet fragment could have made the crater.","the scientists who believe an impact caused the Younger Dryas have made incorrect assumptions about when the period began.","A","1","Choice A is the best answer because it most logically completes the text’s discussion of a crater’s connection to the start of the Younger Dryas. According to the text, some scientists believe that a comet fragment hitting Earth caused the cooling of the Younger Dryas period to come about. The text then indicates that a team of scientists found a crater in Greenland, which some believe supports the theory of a comet fragment hitting Earth to initiate the Younger Dryas. However, the text also notes that the team was unable to determine the age of the crater. If the age of the crater can’t be determined, then its connection to the Younger Dryas period of time can’t be confirmed either. Thus, it can’t be concluded that the impact that made the crater was connected to the beginning of the Younger Dryas.

Choice B is incorrect because though the text suggests that the age of the comet crater found by a team of scientists is uncertain, it doesn’t address whether a comet fragment can make a crater as large as 19 miles wide. The text doesn’t consider the size of comet fragments and how they relate to the size of craters they might make. Choice C is incorrect because the debate in the text centers on the age of the crater found, not the cause of the crater. The text doesn’t indicate uncertainty about what caused the discovered crater. Choice D is incorrect because the text suggests that the age of the crater found by the team of scientists is uncertain, not that the dates of the Younger Dryas are uncertain or incorrect. The text states that “the Younger Dryas was a period of extreme cooling from 11,700 to 12,900 years ago” but doesn’t indicate any debate about the timing of the period.","","none","{}","","","","","","Inferences","","import,pdf,section:RW,source:sat-practice-test-5-digital.pdf,page:11,source_q:17,test:5"
"SAT_IMPORTED","pdf_import_v1","import_batch_005","","SAT5_RW_M1_Q13","RW","1","base","13","Information and Ideas","Inferences","","Inferences","Inferences","","1","multiple_choice","In 2016 biological anthropologist Heather F. Smith and her team investigated the evolution of the appendix, an intestinal organ that is present in some mammals, including humans, but is generally thought to have no function. Studying 533 mammal species, the team found that the appendix has emerged independently across multiple lineages in separate instances and, significantly, hasn’t disappeared after emerging in specific lineages. Moreover, the team determined that species with the organ tend to have higher concentrations of lymphoid tissue, which supports immune responses, in the cecum, the organ the appendix is attached to. Therefore, the team hypothesized that the appendix likely _____","Which choice most logically completes the text?","was once present in many nonmammal species but has since disappeared from those lineages.","has been preserved in certain mammal species because it benefits their immune systems.","will emerge in a greater number of mammal species because it may serve a necessary function in the immune system.","produced higher concentrations of lymphoid tissue in mammals in the past than it does currently.","B","2","Choice B is the best answer because it most logically completes the text’s discussion of Smith and colleagues’ investigation of the evolution and biological role of the appendix. The text indicates that the team found several instances of the appendix emerging and not disappearing in the lineages of various mammal species the team examined. Furthermore, the text states that species that possess an appendix also tend to have relatively high amounts of lymphoid tissue—a type of tissue that supports immune system function. Taken together, these details strongly support the hypothesis that the appendix has persisted in some species because it has a function that contributes to effective immune responses in those species.

Choice A is incorrect because the text doesn’t address any nonmammalian species. Choice C is incorrect because the text doesn’t make predictions about the evolutionary future of the species Smith and colleagues examined, and although the implication of the text is that the appendix likely does serve a function for the immune system, nothing in the text indicates that the appendix will become more widespread in the future. Choice D is incorrect. Although the text does suggest an association between having an appendix and relatively high concentrations of lymphoid tissue, it doesn’t claim that the appendix causes the tissue to grow, nor does it address the relative production of the tissue at different periods of time.","","none","{}","","","","","","Inferences","","import,pdf,section:RW,source:sat-practice-test-5-digital.pdf,page:11,source_q:18,test:5"
"SAT_IMPORTED","pdf_import_v1","import_batch_005","","SAT5_RW_M1_Q14","RW","1","base","14","Information and Ideas","Inferences","","Inferences","Inferences","","1","multiple_choice","Some ethicists hold that the moral goodness of an individual’s actions depends solely on whether the actions themselves are good, irrespective of the context in which they are carried out. Philosopher L. Sebastian Purcell has shown that surviving works of Aztec (Nahua) philosophy express a very different view. Purcell reveals that these works posit an ethical system in which an individual’s actions are judged in light of how well they accord with the individual’s role in society and how well they contribute to the community. To the extent that these works are representative of Aztec thought, Purcell’s analysis suggests that _____","Which choice most logically completes the text?","the Aztecs would have disputed the idea that the morality of an individual’s actions can be assessed by appealing to standards of behavior that are independent of the individual’s social circumstances.","the Aztecs would not have accepted the notion that the morality of an individual’s actions can be fairly evaluated by people who do not live in the same society as that individual.","actions by members of Aztec society who contributed a great deal to their community could be judged as morally good even if those actions were inconsistent with behaviors the Aztecs regarded as good in all contexts.","similar actions performed by people in different social roles in Aztec society would have been regarded as morally equivalent unless those actions led to different outcomes for the community.","A","1","Choice A is the best answer because it most logically completes the text’s discussion about Aztec (Nahua) ethics. The text indicates that, according to Purcell’s interpretation of available Aztec philosophical works, the Aztec ethical system views an individual’s actions in relation to that individual’s societal role and how the actions affect the community. The text contrasts this view with another held by some ethicists, namely that actions are morally good or bad regardless of the context in which they occur. Thus, Purcell’s analysis suggests that the Aztecs would have asserted that the morality of an individual’s actions are rooted in that person’s position in the community and the actions’ effects and therefore cannot be determined in the absence of that context.

Choice B is incorrect. Although the text indicates that morally judging an action according to Aztec ethics requires an understanding of the action’s effects and the individual’s social circumstances, it does not specify that only members of that society can acquire this information. Choice C is incorrect because it implies that the Aztecs considered some actions good or bad regardless of the surrounding context, which contradicts the text’s claim that the Aztecs believed that the morality of an individual’s action is dependent on the action’s effects on the community and the person’s specific circumstances. Choice D is incorrect. Although the text indicates that in Aztec ethics the morality of an action depends in part on how it affects the community, this is only one of the two factors—the other being the person’s societal role—that need to be considered. Therefore, it is possible that two actions with the same effect on the community could be considered morally distinct if they are performed by individuals in different social roles.","","none","{}","","","","","","Inferences","","import,pdf,section:RW,source:sat-practice-test-5-digital.pdf,page:12,source_q:19,test:5"
"SAT_IMPORTED","pdf_import_v1","import_batch_005","","SAT5_RW_M1_Q15","RW","1","base","15","Standard English Conventions","Form, Structure, and Sense","","Form, Structure, and Sense","Form, Structure, and Sense","","1","multiple_choice","Lê Lươ ng Minh became the thirteenth secretary-general of the Association of Southeast Asian Nations (ASEAN) in January 2013, making _____ the first time the organization would appoint a Vietnamese leader.","Which choice completes the text so that it conforms to the conventions of Standard English?","these","those","this","some","C","3","Choice C is the best answer. The convention being tested is pronoun-antecedent agreement. The singular pronoun “this” agrees in number with the singular antecedent “Lê Lương Minh became the thirteenth secretary-general of the Association of Southeast Asian Nations (ASEAN) in January 2013.” The pronoun “this” is referring back to the singular event described earlier in the sentence in which Minh became secretary-general of ASEAN.

Choice A is incorrect because the plural pronoun “these” doesn’t agree in number with the singular antecedent “Lê Lương Minh became the thirteenth secretary-

general of the Association of Southeast Asian Nations (ASEAN) in January 2013.” Choice B is incorrect because the plural pronoun “those” doesn’t agree in number with the singular antecedent “Lê Lương Minh became the thirteenth secretary- general of the Association of Southeast Asian Nations (ASEAN) in January 2013.” Choice D is incorrect because the indefinite pronoun “some” is ambiguous in this context; the resulting sentence leaves unclear what marks the first time the organization appointed a Vietnamese leader.","","none","{}","","","","","","Form, Structure, and Sense","","import,pdf,section:RW,source:sat-practice-test-5-digital.pdf,page:12,source_q:20,test:5"
"SAT_IMPORTED","pdf_import_v1","import_batch_005","","SAT5_RW_M1_Q16","RW","1","base","16","Standard English Conventions","Form, Structure, and Sense","","Form, Structure, and Sense","Form, Structure, and Sense","","1","multiple_choice","In 1929, Edwin Herbert Land invented a polarizing filter that was featured in a number of products, from sunglasses to 3D movies. A decade later, Land _____ his technology to invent the world’s first instant camera, the Polaroid Land camera.","Which choice completes the text so that it conforms to the conventions of Standard English?","used","to have used","to use","using","A","1","Choice A is the best answer. The convention being tested is the use of verb forms within a sentence. A main clause requires a finite (tensed) verb to perform the action of the subject (in this case, Land), and this choice supplies the finite past tense verb “used” to indicate what Land did with the technology he had invented.

Choice B is incorrect because it results in an ungrammatical sentence. The nonfinite perfect infinitive “to have used” doesn’t supply the main clause with a finite verb. Choice C is incorrect because it results in an ungrammatical sentence. The nonfinite to-infinitive “to use” doesn’t supply the main clause with a finite verb. Choice D is incorrect because it results in an ungrammatical sentence. The nonfinite participle “using” doesn’t supply the main clause with a finite verb.","","none","{}","","","","","","Form, Structure, and Sense","","import,pdf,section:RW,source:sat-practice-test-5-digital.pdf,page:12,source_q:21,test:5"
"SAT_IMPORTED","pdf_import_v1","import_batch_005","","SAT5_RW_M1_Q17","RW","1","base","17","Standard English Conventions","Form, Structure, and Sense","","Form, Structure, and Sense","Form, Structure, and Sense","","1","multiple_choice","An online content creator who uses copyrighted songs without permission risks being demonetized (prohibited from including paid advertisements in content). The best way to avoid demonetization is to choose music from the public domain. Using one of these noncopyrighted songs _____ a creator won’t lose advertising revenue.","Which choice completes the text so that it conforms to the conventions of Standard English?","are ensuring","have ensured","ensure","ensures","D","4","Choice D is the best answer. The convention being tested is subject-verb agreement. The singular verb “ensures” agrees in number with the singular subject “using.”

Choice A is incorrect because the plural verb “are ensuring” doesn’t agree in number with the singular subject “using.” Choice B is incorrect because the plural verb “have ensured” doesn’t agree in number with the singular subject “using.” Choice C is incorrect because the plural verb “ensure” doesn’t agree in number with the singular subject “using.”","","none","{}","","","","","","Form, Structure, and Sense","","import,pdf,section:RW,source:sat-practice-test-5-digital.pdf,page:13,source_q:22,test:5"
"SAT_IMPORTED","pdf_import_v1","import_batch_005","","SAT5_RW_M1_Q18","RW","1","base","18","Standard English Conventions","Form, Structure, and Sense","","Form, Structure, and Sense","Form, Structure, and Sense","","1","multiple_choice","What makes the theremin a unique musical instrument? You play it without touching it. When you place your _____ the pitch will shift as your hands move through the air.","Which choice completes the text with the most logical transition?","hand’s between the two antenna’s,","hands between the two antennas,","hands’ between the two antennas’,","hands’ between the two antennas,","B","2","Choice B is the best answer. The convention being tested is the use of plural nouns in a sentence. The plural noun “hands” and the plural noun “antennas” correctly indicate that two hands are placed between two antennas when playing the theremin.

Choice A is incorrect because the context requires the plural nouns “hands” and “antennas,” not the singular possessive nouns “hand’s” and “antenna’s.” Choice C is incorrect because the context requires the plural nouns “hands” and “antennas,” not the plural possessive nouns “hands’” and “antennas’.” Choice D is incorrect because the context requires the plural noun “hands,” not the plural possessive noun “hands’.”","","none","{}","","","","","","Form, Structure, and Sense","","import,pdf,section:RW,source:sat-practice-test-5-digital.pdf,page:13,source_q:23,test:5"
"SAT_IMPORTED","pdf_import_v1","import_batch_005","","SAT5_RW_M1_Q19","RW","1","base","19","Standard English Conventions","Form, Structure, and Sense","","Form, Structure, and Sense","Form, Structure, and Sense","","1","multiple_choice","In the music video for the song “We Didn’t Start the Fire” by Billy Joel, the singer lists 118 political and cultural references. Such iconic references, cited in rapid and frenetic procession by the musician, who is seated impassively at a dinner table, _____ key moments and personalities of the twentieth century.","Which choice completes the text so that it conforms to the conventions of Standard English?","represents","has represented","was representing","represent","D","4","Choice D is the best answer. The convention being tested is subject-verb agreement. The plural verb “represent” agrees in number with the plural subject “references.”

Choice A is incorrect because the singular verb “represents” doesn’t agree in number with the plural subject “references.” Choice B is incorrect because the singular verb “has represented” doesn’t agree in number with the plural subject “references.” Choice C is incorrect because the singular verb “was representing” doesn’t agree in number with the plural subject “references.”","","none","{}","","","","","","Form, Structure, and Sense","","import,pdf,section:RW,source:sat-practice-test-5-digital.pdf,page:13,source_q:24,test:5"
"SAT_IMPORTED","pdf_import_v1","import_batch_005","","SAT5_RW_M1_Q20","RW","1","base","20","Standard English Conventions","Boundaries","","Boundaries","Boundaries","","1","multiple_choice","Long attributed to Jacques-Louis David, the preeminent Neoclassical painter of his day, the 1801 painting Marie Joséphine Charlotte du Val d’Ognes gained fresh attention in the 1990s when art historians discovered that the painting—which depicts a solitary young woman sketching—was actually the work of little-known French portrait _____ Marie-Denise Villers (1774–1821).","Which choice completes the text so that it conforms to the conventions of Standard English?","artist—","artist","artist:","artist,","B","2","Choice B is the best answer. The convention being tested is the use of punctuation between titles and proper nouns. No punctuation is needed to set off the proper noun “Marie-Denise Villers” from the title that describes Villers, “little- known French portrait artist.”

Choice A is incorrect because no punctuation is needed. Choice C is incorrect because no punctuation is needed. Choice D is incorrect because no punctuation is needed.","","none","{}","","","","","","Boundaries","","import,pdf,section:RW,source:sat-practice-test-5-digital.pdf,page:13,source_q:25,test:5"
"SAT_IMPORTED","pdf_import_v1","import_batch_005","","SAT5_RW_M1_Q21","RW","1","base","21","Standard English Conventions","Boundaries","","Boundaries","Boundaries","","1","multiple_choice","In 1986, conceptual artist Sophie Calle asked twenty-three people, all of whom had been born without sight, to describe “their image of beauty” in rich detail. Calle paired excerpts of these conversations with photographs—both of interviewees and the items they _____ to powerful effect in her exhibition The Blind.","Which choice completes the text so that it conforms to the conventions of Standard English?","described, from hair to grass to sculptures","described, from hair to grass to sculptures—","described—from hair to grass to sculptures,","described: from hair to grass to sculptures","B","2","Choice B is the best answer. The convention being tested is the punctuation of supplementary elements within a sentence. The comma after “described” separates the first supplementary element (“both of interviewees and the items they described”) from the second supplementary element (“from hair to grass to sculptures”). Furthermore, the dash after “sculptures” pairs with the dash after “photographs” to separate these two supplementary elements from the rest of the sentence. The pair of dashes, which operate at a higher organizing level than the comma, indicates that the elements between the dashes function together— in this case, the second supplement (“from…sculptures”) describes the range of items mentioned in the first supplement—and could be removed without affecting the grammatical coherence of the sentence.

Choice A is incorrect because it fails to appropriately punctuate the supplementary elements in the sentence. A dash is needed after “sculptures” to separate the supplementary elements (“both…sculptures”) from the rest of the sentence. Choice C is incorrect because it fails to appropriately punctuate the supplementary elements in the sentence. The two supplementary elements “both…described” and “from…sculptures” function together to describe the photographs, and placing a dash between them would make this relationship less clear, suggesting that the supplement “both...described” is a standalone element that could be removed without affecting the grammatical coherence of the sentence, which isn’t the case. Choice D is incorrect because it fails to appropriately punctuate the supplementary elements in the sentence. A colon isn’t conventionally used in this way to separate a supplementary element (“from hair to grass to sculptures”) from the noun phrase it is modifying (“items they described”). Additionally, a dash is needed after “sculptures” to separate the supplementary elements (“both…sculptures”) from the rest of the sentence.","","none","{}","","","","","","Boundaries","","import,pdf,section:RW,source:sat-practice-test-5-digital.pdf,page:14,source_q:26,test:5"
"SAT_IMPORTED","pdf_import_v1","import_batch_005","","SAT5_RW_M1_Q22","RW","1","base","22","Expression of Ideas","Transitions","","Transitions","Transitions","","1","multiple_choice","Celebrated Tewa potter Maria Martinez (1887–1980) made her signature all-black ceramic vessels using a heating technique called reduction firing. This technique involves smothering the flame surrounding the clay vessel. _____ the vessel takes on a shiny, black hue.","Which choice completes the text with the most logical transition?","On the contrary,","For example,","Previously,","As a result,","D","4","Choice D is the best answer. “As a result” logically signals that the information in this sentence—the vessel turning black—is a result of the heating technique discussed in the previous sentence.

Choice A is incorrect because “on the contrary” illogically signals that the information in this sentence directly opposes the heating technique in the previous sentence. Instead, the vessel turns black as a result of that technique. Choice B is incorrect because “for example” illogically signals that the information in this sentence is an example of the heating technique in the previous sentence. Instead, the vessel turns black as a result of that technique. Choice C is incorrect because “previously” illogically signals that the information in this sentence occurs earlier in a chronological series of events than does the heating technique discussed in the first two sentences. Instead, the vessel turns black as a result of that technique.","","none","{}","","","","","","Transitions","","import,pdf,section:RW,source:sat-practice-test-5-digital.pdf,page:14,source_q:27,test:5"
"SAT_IMPORTED","pdf_import_v1","import_batch_005","","SAT5_RW_M1_Q23","RW","1","base","23","Expression of Ideas","Transitions","","Transitions","Transitions","","1","multiple_choice","According to Duverger’s law, countries with single-ballot majoritarian elections for single-member districts tend to polarize into two-party systems, wherein dueling political parties consistently dominate the political system. _____ countries with proportional-representation electoral systems tend to support multi-partyism, under which power gets distributed among many political parties.","Which choice completes the text with the most logical transition?","Subsequently,","Conversely,","For instance,","In other words,","B","2","Choice B is the best answer. “Conversely” logically signals that the information in this sentence—that countries with proportional-representation electoral systems tend toward multi-partyism—contrasts with the previous information about countries with single-ballot majoritarian elections, which tend to have two-party systems.

Choice A is incorrect because “subsequently” illogically signals that the information in this sentence about countries with proportional-representation electoral systems occurs later in a chronological sequence of events than the information in the previous sentence. Instead, it contrasts with the previous information. Choice C is incorrect because “for instance” illogically signals that the information in this sentence about countries with proportional-representation electoral systems is an example supporting the previous statement about

countries with single-ballot majoritarian elections. Instead, it contrasts with the previous statement. Choice D is incorrect because “in other words” illogically signals that the information in this sentence about countries with proportional- representation electoral systems is a paraphrase or restatement of the previous information about countries with single-ballot majoritarian elections. Instead, it contrasts with the previous information.","","none","{}","","","","","","Transitions","","import,pdf,section:RW,source:sat-practice-test-5-digital.pdf,page:14,source_q:29,test:5"
"SAT_IMPORTED","pdf_import_v1","import_batch_005","","SAT5_RW_M1_Q24","RW","1","base","24","Expression of Ideas","Transitions","","Transitions","Transitions","","1","multiple_choice","A turtle shell appears external to the animal, protecting its body like armor. _____ the shell is often incorrectly assumed to be an exoskeleton, a rigid outer casing like that of a crustacean or an insect, when in fact it is an endoskeleton, a part of the turtle’s internal bone structure, more akin to a spine or a pair of ribs.","Which choice completes the text with the most logical transition?","That being said,","However,","For instance,","Hence,","D","4","Choice D is the best answer. “Hence” logically signals that the information in this sentence about turtle shells—that people incorrectly assume they are exoskeletons—is a consequence of the shells appearing external to the animal.

Choice A is incorrect because “that being said” illogically signals that this sentence qualifies or contrasts with the previous information about turtle shells appearing external to the animal. Instead, it presents a consequence of that information. Choice B is incorrect because “however” illogically signals that this sentence contrasts with the previous information about turtle shells appearing external to the animal. Instead, it presents a consequence of that information. Choice C is incorrect because “for instance” illogically signals that this sentence provides an example supporting the previous information about turtle shells appearing external to the animal. Instead, it presents a consequence of that information.","","none","{}","","","","","","Transitions","","import,pdf,section:RW,source:sat-practice-test-5-digital.pdf,page:15,source_q:30,test:5"
"SAT_IMPORTED","pdf_import_v1","import_batch_005","","SAT5_RW_M1_Q25","RW","1","base","25","Expression of Ideas","Rhetorical Synthesis","","Rhetorical Synthesis","Rhetorical Synthesis","","1","multiple_choice","While researching a topic, a student has taken the following notes:

- In 1859, the novel Adam Bede was published in England.
- According to the novel’s title page, the author’s name was George Eliot.
- George Eliot was widely assumed to be a pseudonym.
- A pseudonym is a fake name used to conceal an author’s identity.
- A woman named Mary Ann Evans later revealed herself as the novel’s real author.","The student wants to identify the real author of Adam Bede. Which choice most effectively uses relevant information from the notes to accomplish this goal?","The real author of Adam Bede was Mary Ann Evans, who published the novel using the pseudonym George Eliot.","George Eliot, which Adam Bede’s title page indicated was the name of the novel’s author, was widely assumed to be a pseudonym.","The title page of the novel Adam Bede indicated that the author’s name was George Eliot.","A woman who had used a pseudonym to conceal her identity later revealed herself as the real author of Adam Bede.","A","1","Choice A is the best answer. The sentence identifies the novel’s real author, explaining that Mary Ann Evans published the novel under the pseudonym of George Eliot.

Choice B is incorrect. The sentence explains that George Eliot was assumed to be a pseudonym; it doesn’t identify the novel’s real author. Choice C is incorrect. The sentence specifies the pseudonym used on the novel’s title page; it doesn’t identify the novel’s real author. Choice D is incorrect. While the sentence indicates that the novel’s real author used a pseudonym, it doesn’t identify that author as Mary Ann Evans.","","none","{}","","","","","","Rhetorical Synthesis","","import,pdf,section:RW,source:sat-practice-test-5-digital.pdf,page:15,source_q:31,test:5"
"SAT_IMPORTED","pdf_import_v1","import_batch_005","","SAT5_RW_M1_Q26","RW","1","base","26","Expression of Ideas","Rhetorical Synthesis","","Rhetorical Synthesis","Rhetorical Synthesis","","1","multiple_choice","While researching a topic, a student has taken the following notes:

- Scientists have developed a “freeze-thaw” battery that can retain 92% of its charge after twelve weeks.
- The battery contains molten salt (a type of salt that liquifies when heated and solidifies at room temperature).
- When the salt is in a liquid state, energy flows through the battery.
- When the salt is in a solid state, energy stops flowing and is stored in the battery.
- The stored (frozen) energy can be used by reheating (thawing) the battery.","The student wants to specify how the salt enables energy storage. Which choice most effectively uses relevant information from the notes to accomplish this goal?","Scientists have developed a freeze-thaw battery that contains molten salt, which liquifies when heated and solidifies at room temperature.","The stored energy in a freeze-thaw battery, which contains molten salt, can be used by reheating the battery.","When the molten salt in a freeze-thaw battery solidifies at room temperature, energy stops flowing and can be stored in the battery.","Molten salt allows a freeze-thaw battery to retain 92% of its charge after twelve weeks.","C","3","Choice C is the best answer. The sentence specifies how the salt in a freeze-thaw battery enables energy storage, explaining that energy stops flowing and can be stored when the salt solidifies at room temperature.

Choice A is incorrect. The sentence explains some properties of molten salt; it doesn’t specify how that salt enables energy storage. Choice B is incorrect. The sentence indicates how the energy in a freeze-thaw battery can be released; it doesn’t specify how the salt in the battery enables energy storage. Choice D is incorrect. The sentence specifies how much charge the freeze-thaw battery retains when storing energy; it doesn’t specify how the salt in the battery enables energy storage.","","none","{}","","","","","","Rhetorical Synthesis","","import,pdf,section:RW,source:sat-practice-test-5-digital.pdf,page:16,source_q:32,test:5"
"SAT_IMPORTED","pdf_import_v1","import_batch_005","","SAT5_RW_M1_Q27","RW","1","base","27","Expression of Ideas","Rhetorical Synthesis","","Rhetorical Synthesis","Rhetorical Synthesis","","1","multiple_choice","While researching a topic, a student has taken the following notes:

- The US Fish and Wildlife Service (FWS) keeps a list of all at-risk species.
- Species on the list are classified as either endangered or threatened.
- A species that is in danger of extinction throughout most or all of its range is classified as endangered.
- A species that is likely to soon become endangered is classified as threatened.
- The California red-legged frog (Rana draytonii) is likely to soon become endangered, according to the FWS.","The student wants to indicate the California red-legged frog’s FWS classification category. Which choice most effectively uses relevant information from the notes to accomplish this goal?","Species on the FWS list, which includes the California red-legged frog (Rana draytonii), are classified as either endangered or threatened.","The California red-legged frog (Rana draytonii) appears on the FWS list of at-risk species.","According to the FWS, the California red-legged frog is in the endangered category, in danger of extinction throughout most or all of its range.","Likely to soon become endangered, the California red-legged frog is classified as threatened by the FWS.","D","4","Choice D is the best answer. The sentence effectively indicates the California red-legged frog’s FWS classification category, noting that the FWS classifies the frog as threatened, a classification given to species that are likely to soon become endangered.

Choice A is incorrect. The sentence specifies the classification categories of the FWS list; it doesn’t indicate the classification category of the California red-legged frog. Choice B is incorrect. While the sentence does note that the California red-legged frog is among the species classified by the FWS, it doesn’t indicate what classification category the California red-legged frog occupies. Choice C is incorrect. While the sentence does appear to indicate the California red-legged frog’s FWS classification category, the sentence is factually incorrect and therefore ineffective; the frog’s classification category is threatened, not endangered.","","none","{}","","","","","","Rhetorical Synthesis","","import,pdf,section:RW,source:sat-practice-test-5-digital.pdf,page:16,source_q:33,test:5"
"SAT_IMPORTED","pdf_import_v1","import_batch_005","","SAT5_RW_M2_Q01","RW","2","hard","1","Craft and Structure","Words in Context","","Words in Context","Words in Context","","1","multiple_choice","The following text is adapted from Elizabeth von Arnim’s 1922 novel The Enchanted April. Mrs. Wilkins and her friend Rose are traveling in Italy.

“I’m going to have one of these gorgeous oranges,” said Mrs. Wilkins, staying where she was and <u>reaching across to</u> a black bowl piled with them. “Rose, how can you resist them. Look—have this one. Do have this beauty—” And she held out a big one.","As used in the text, what does the phrase “reaching across to” most nearly mean?","Joining with","Gaining on","Stretching toward","Arriving at","C","3","Choice C is the best answer because as used in the text “reaching across to” most nearly means stretching toward. The text begins with Mrs. Wilkins stating that she wants to have one of the oranges that she’s admiring. The text then indicates that Mrs. Wilkins, staying where she is, holds out a big orange to her friend. This context suggests that when the text describes Mrs. Wilkins as reaching across to the bowl of oranges, it means that she is stretching toward the bowl.

Choice A is incorrect because the text never suggests that Mrs. Wilkins is joining with, or becoming attached to, the bowl of oranges. Rather, the text indicates that she is stretching toward the bowl so she can pick out oranges for herself and her friend Rose to eat. Choice B is incorrect because the text never suggests that Mrs. Wilkins is gaining on, or overtaking in a competition or race, the bowl of oranges. The text suggests instead that the bowl is sitting still on a surface and that Mrs. Wilkins is extending her arm toward the bowl so she can pick out oranges for herself and her friend Rose to eat. Choice D is incorrect because the text doesn’t indicate that Mrs. Wilkins is arriving at the bowl of oranges. In fact, the text states that Mrs. Wilkins stays where she is when reaching across to the bowl, meaning that she remains at a distance from it.","","none","{}","","","","","","Words in Context","","import,pdf,section:RW,source:sat-practice-test-5-digital.pdf,page:18,source_q:1,test:5"
"SAT_IMPORTED","pdf_import_v1","import_batch_005","","SAT5_RW_M2_Q02","RW","2","hard","2","Craft and Structure","Words in Context","","Words in Context","Words in Context","","1","multiple_choice","A team of paleontologists has found a rich fossil deposit near Gulgong, Australia. The fossils are so well preserved that the team has been able to _____ detailed information about the life forms that left them behind, such as color patterns and how they interacted with other species.","Which choice completes the text with the most logical and precise word or phrase?","occupy","hoard","reserve","obtain","D","4","Choice D is the best answer because it most logically completes the text’s discussion of the fossil deposit. In this context, “obtain” means gain or acquire. According to the text, a team of paleontologists has found fossils that are very well preserved. For this reason, the text suggests, the paleontologists have been able to gain detailed information from the fossils, such as the color patterns of the life forms that left them behind.

Choice A is incorrect because “occupy” means engage or inhabit, neither of which would make sense in context. It’s unclear what it would mean for detailed

information revealed by fossils to be engaged or inhabited. Choice B is incorrect because the text gives no indication that the paleontologists wanted to “hoard,” or collect and hide, the detailed information revealed by the well-preserved fossils. Choice C is incorrect because the text gives no indication that the paleontologists wanted to “reserve,” or withhold, the detailed information revealed by the well- preserved fossils.","","none","{}","","","","","","Words in Context","","import,pdf,section:RW,source:sat-practice-test-5-digital.pdf,page:18,source_q:2,test:5"
"SAT_IMPORTED","pdf_import_v1","import_batch_005","","SAT5_RW_M2_Q03","RW","2","hard","3","Craft and Structure","Words in Context","","Words in Context","Words in Context","","1","multiple_choice","According to a team of neuroeconomists from the University of Zurich, ease of decision making may be linked to communication between two brain regions, the prefrontal cortex and the parietal cortex. Individuals tend to be more decisive if the information flow between the regions is intensified, whereas they make choices more slowly when information flow is _____.","Which choice completes the text with the most logical and precise word or phrase?","reduced","evaluated","determined","acquired","A","1","Choice A is the best answer because it most logically completes the text’s discussion of how the flow of information between two regions of the brain may affect the ease of people’s decision making. In this context, “reduced” means decreased. The text presents the finding from a team of neuroeconomists that decision making may be connected to communication between the prefrontal cortex and the parietal cortex. In presenting this finding, the text suggests a contrast between people who tend to be more decisive and people who make decisions more slowly. According to the text, people tend to be more decisive when the flow of information between the two brain regions is intensified, or strengthened. On the other hand, this context suggests that people make choices more slowly when the flow of information between the two brain regions is decreased.

Choice B is incorrect because “evaluated” means assessed, which wouldn’t make sense in context. According to the text, people tend to be more decisive when the flow of information between two brain regions is intensified, or strengthened. This suggests that people’s ease of decision making varies based on the rate of information traveling between the regions, not based on an effort to assess the information. Choice C is incorrect because “determined” means judged or influenced, neither of which would make sense in context. According to the text, people tend to be more decisive when the flow of information between two brain regions is intensified, or strengthened. This suggests that people’s ease of decision making varies based on the rate of information traveling between the regions, not based on an effort to judge or influence the information. Choice D is incorrect because “acquired” means developed or attained, neither of which would make sense in context. According to the text, people tend to be more decisive when the flow of information between two brain regions is intensified, or strengthened. This suggests that people’s ease of decision making varies based on the rate of information traveling between the regions, not based on the development or attainment of the information.","","none","{}","","","","","","Words in Context","","import,pdf,section:RW,source:sat-practice-test-5-digital.pdf,page:19,source_q:3,test:5"
"SAT_IMPORTED","pdf_import_v1","import_batch_005","","SAT5_RW_M2_Q04","RW","2","hard","4","Craft and Structure","Words in Context","","Words in Context","Words in Context","","1","multiple_choice","The War of 1812 has _____ place in historical memory in Britain, partly because it is overshadowed by the much larger concurrent conflict against Napoleonic France and partly because it essentially maintained the geopolitical status quo for Britain: the country neither gained nor lost significant territory or position as a result of its participation in the war.","Which choice completes the text with the most logical and precise word or phrase?","a tenuous","an enduring","a contentious","a conspicuous","A","1","Choice A is the best answer because it most logically completes the text’s discussion of the significance of the War of 1812 in British historical memory. In this context, “tenuous” means vulnerable or uncertain. The text indicates that the War of 1812 was both smaller, and less prominent, than the conflict with France, and resulted in no significant geopolitical changes. These details imply that the War of 1812 is less likely than other British historical events to be remembered, giving the War of 1812 a tenuous place in British historical memory.

Choice B is incorrect because in this context “enduring” would mean lasting or durable, but the text describes the War of 1812 as being overshadowed by, and smaller than, the simultaneous conflict with France. This seems to conflict with the notion that the War of 1812 has an enduring place in British historical memory. Choice C is incorrect because in this context “contentious” would mean likely to cause disagreement, and while there likely are contentious issues related to the War of 1812, nothing in the text discusses or implies any such disagreement. Choice D is incorrect because in this context “conspicuous” would mean obvious, but the text describes the War of 1812 as being overshadowed by, and smaller than, the simultaneous conflict with France. Rather than suggesting that the War of 1812 has a conspicuous place in British historical memory, these descriptions suggest that its place is not particularly obvious.","","none","{}","","","","","","Words in Context","","import,pdf,section:RW,source:sat-practice-test-5-digital.pdf,page:19,source_q:4,test:5"
"SAT_IMPORTED","pdf_import_v1","import_batch_005","","SAT5_RW_M2_Q05","RW","2","hard","5","Craft and Structure","Words in Context","","Words in Context","Words in Context","","1","multiple_choice","Claims about the original significance of Minoan bull-leaping rituals—depicted in paintings and sculptures from the second millennium BCE—are difficult to successfully _____. We know so little about the people archaeologists call the Minoans that assertions about what bull-leaping meant to them will almost inevitably rely on significant speculation and guesswork.","Which choice completes the text with the most logical and precise word or phrase?","imagine","summarize","defend","adjust","C","3","Choice C is the best answer because it most logically completes the text’s discussion of Minoan bull-leaping rituals. In this context, “defend” means support in the face of argument. The overall focus of the text is on the difficulty of determining what bull-leaping rituals meant to the Minoans, about whom, the text indicates, we know very little. The text states that because of this scarcity of information, assertions about the meaning of the rituals, which took place a very long time ago (in the second millennium BCE), are highly likely to be based on speculation and guesswork. This context suggests that claims about the meaning of the rituals are difficult to successfully support, or defend.

Choice A is incorrect because “imagine” in this context would mean form a mental image of something. Although it’s possible to imagine what Minoan bull-leaping rituals might have looked like, the focus of the text isn’t on how the rituals looked but rather on claims about them, which the text suggests are difficult to support because very little is known about the Minoans. Choice B is incorrect because “summarize” in this context would mean recap or outline, neither of which makes sense. The text indicates that claims about the significance of Minoan bull-leaping rituals will inevitably rely on speculation and guesswork because very little is known about the Minoans. This suggests that claims about the Minoan rituals are difficult to support in the face of argument, not that they’re difficult to recap or outline. Choice D is incorrect because “adjust” in this context would mean modify or correct. Although a claim about a ritual’s meaning could be modified or corrected based on newly discovered evidence, the text doesn’t focus on any specific claims made about the significance of Minoan bull-leaping rituals. Rather, the text focuses on the feasibility of making valid claims about the rituals in general, suggesting that the scarcity of information about the Minoans makes it difficult to support any claims about the rituals.","","none","{}","","","","","","Words in Context","","import,pdf,section:RW,source:sat-practice-test-5-digital.pdf,page:19,source_q:5,test:5"
"SAT_IMPORTED","pdf_import_v1","import_batch_005","","SAT5_RW_M2_Q06","RW","2","hard","6","Craft and Structure","Text Structure and Purpose","","Text Structure and Purpose","Text Structure and Purpose","","1","multiple_choice","The following text is adapted from Jerome K. Jerome’s 1889 novel Three Men in a Boat (To Say Nothing of the Dog). The narrator is traveling by boat with Harris and another friend.

[Harris] told us anecdotes of how he had gone across the [English] Channel when it was so rough that the passengers had to be tied into their [beds], and he and the captain were the only two living souls on board who were not ill. Sometimes it was he and the second mate who were not ill; but it was generally he and one other man. <u>If not he and an other man, then it was he by himself.</u>","Which choice best describes the function of the underlined sentence in the text as a whole?","It indicates the reason for Harris’s eagerness to resume traveling.","It hints at Harris’s feeling that during an earlier boat trip, others didn’t include him in activities.","It emphasizes that Harris always boasts about his own constitution when speaking of a previous boat trip.","It reveals that although Harris claims to prefer solitary activities when traveling, he actually enjoys having company.","C","3","Choice C is the best answer because it most accurately describes how the underlined sentence functions in the text as a whole. In the text, Harris tells stories about his previous boat trip across the English Channel, when conditions were so rough that others onboard became seasick. According to the text, Harris’s accounts vary somewhat but generally involve him and only one other

man not growing ill. The underlined sentence then adds that if it was “not [Harris] and another man” who didn’t develop seasickness, “then it was [Harris] by himself.” That is, some versions of the story even involve Harris being the only person onboard who resisted seasickness. Therefore, the underlined sentence emphasizes that Harris always boasts about his own constitution, or physical well- being, when speaking of a previous boat trip.

Choice A is incorrect because the text doesn’t portray Harris as being eager to resume traveling; instead, it shows Harris boasting of how he didn’t become seasick on a previous boat trip when most or all of the other people onboard did. Choice B is incorrect because there’s nothing in the text to suggest that Harris felt excluded from activities during an earlier boat trip. The text suggests that Harris experienced isolation during that trip because others onboard had grown ill, not because Harris had wanted to join certain activities but felt left out. Choice D is incorrect because the text doesn’t portray Harris as either enjoying company or claiming to prefer solitude. The text suggests that Harris experienced some degree of isolation during a previous boat trip, but the reason provided by the text has nothing to do with a preference for either solitude or the opposite; rather, the reason, according to Harris, is that most or all of the other people onboard were sick.","","none","{}","","","","","","Text Structure and Purpose","","import,pdf,section:RW,source:sat-practice-test-5-digital.pdf,page:20,source_q:6,test:5"
"SAT_IMPORTED","pdf_import_v1","import_batch_005","","SAT5_RW_M2_Q07","RW","2","hard","7","Craft and Structure","Cross-Text Connections","","Cross-Text Connections","Cross-Text Connections","","1","multiple_choice","Text 1:
Graphic novels are increasingly popular in bookstores and libraries, but they shouldn’t be classified as literature. By definition, literature tells a story or conveys meaning through language only; graphic novels tell stories through illustrations and use language only sparingly, in captions and dialogue. Graphic novels are experienced as series of images and not as language, making them more similar to film than to literature.

Text 2:
Graphic novels present their stories through both language and images. Without captions and dialogue, readers would be unable to understand what is depicted in the illustrations: the story results from the interaction of text and image. Moreover, Alison Bechdel’s Fun Home and many other graphic novels feature text that is as beautifully written as the prose found in many standard novels. Therefore, graphic novels qualify as literary texts.","Based on the texts, how would the author of Text 2 most likely respond to the overall argument presented in Text 1?","By asserting that language plays a more important role in graphic novels than the author of Text 1 recognizes","By acknowledging that the author of Text 1 has identified a flaw that is common to all graphic novels","By suggesting that the story lines of certain graphic novels are more difficult to understand than the author of Text 1 claims","By agreeing with the author of Text 1 that most graphic novels aren’t as well crafted as most literary works are","A","1","Choice A is the best answer because it most accurately states how the author of Text 2 would most likely respond to the argument presented in Text 1. In arguing that graphic novels shouldn’t be classified as literature and are more comparable to film, Text 1 claims that language plays a relatively limited role in graphic novels: images, not language, are the primary means by which graphic novels tell their stories, and language is used “only sparingly”—that is, comparatively very little—in the form of captions and dialogue. However, the author of Text 2 asserts that language in graphic novels is as equally vital for conveying meaning as images are, since without captions and dialogue, readers wouldn’t be able to make sense of the narrative. Moreover, the author of Text 2 argues that there are many graphic novels that are “beautifully written” and whose use of language is as accomplished as any standard novel. Because Text 1 argues that language is subordinate to images in graphic novels, whereas Text 2 highlights how language is an essential component of a graphic novel’s storytelling, it can reasonably be inferred that the author of Text 2 would say that language plays a more important role in graphic novels than the author of Text 1 recognizes.

Choice B is incorrect. Although Text 1 indicates that graphic novels shouldn’t be classified as literature based on their limited use of language, there’s no indication that the author of Text 1 considers this limited use of language as a flaw, just that it doesn’t fit the particular definition of “literature” proposed in the text. Even if Text 1 had suggested that their use of language was a common flaw of graphic novels, the author of Text 2 emphasizes how many graphic novels are “beautifully written,” and would therefore say that their use of language is exemplary, not that it is flawed. Choice C is incorrect because Text 1 doesn’t claim that the story lines of graphic novels are generally relatively easy to understand; in addition, Text 2 argues that given their dependence on the interaction of image and text, the stories of graphic novels would be incomprehensible if their captions and dialogue were removed, not that the story lines of some graphic novels are more difficult to understand than Text 1 acknowledges. Choice D is incorrect because the author of Text 1 doesn’t imply that graphic novels aren’t well crafted, only that they use language too sparingly to fit the definition of “literature,” and that their use of images to convey stories makes them more comparable to film than to literature. Even if the author of Text 1 had implied that most graphic novels aren’t well crafted, Text 2 refers to the fact that many graphic novels are as beautifully written—that is, well crafted—as many standard novels; thus, it wouldn’t be accurate to say that the author of Text 2 would agree with the author of Text 1 that most graphic novels aren’t well crafted.","","none","{}","","","","","","Cross-Text Connections","","import,pdf,section:RW,source:sat-practice-test-5-digital.pdf,page:21,source_q:8,test:5"
"SAT_IMPORTED","pdf_import_v1","import_batch_005","","SAT5_RW_M2_Q08","RW","2","hard","8","Information and Ideas","Central Ideas and Details","","Central Ideas and Details","Central Ideas and Details","","1","multiple_choice","The following text is adapted from Ann Petry’s 1946 novel The Street. Lutie lives in an apartment in Harlem, New York.

The glow from the sunset was making the street radiant. The street is nice in this light, [Lutie] thought. It was swarming with children who were playing ball and darting back and forth across the sidewalk in complicated games of tag. Girls were skipping double dutch rope, going tirelessly through the exact center of a pair of ropes, jumping first on one foot and then the other.

©1946 by Ann Petry","Which choice best describes what is happening in the text?","Lutie is observing the appearance of the street at a particular time of day and the events occurring on it.","Lutie is annoyed by the noise of children playing games on her street.","Lutie is puzzled by the rules of certain children’s games.","Lutie is spending time alone in her apartment because she doesn’t want to interact with her neighbors.","A","1","Choice A is the best answer because it most accurately states what is happening in the text. The narrator notes that Lutie thinks the street looks nice in the light of the sunset. The narrator goes on to describe what Lutie can see in the street: children playing ball or tag and girls skipping rope. Thus, what is happening in the text is that Lutie is observing the appearance of the street at a particular time of day and the events occurring on it.

Choice B is incorrect. Although Lutie is observing children playing games on her street, the text doesn’t suggest that she is annoyed by the noise of the games. Instead, the text says that Lutie thinks the street looks nice in the light of the sunset. Choice C is incorrect. Although Lutie is observing children playing games on her street, the text doesn’t suggest that she is puzzled by the rules of the games. Choice D is incorrect because there is no evidence in the text that Lutie doesn’t want to interact with her neighbors or that she is in her apartment alone. All the text indicates about Lutie is that she is watching the events on the street and thinks the street looks nice in the light of the sunset.","","none","{}","","","","","","Central Ideas and Details","","import,pdf,section:RW,source:sat-practice-test-5-digital.pdf,page:21,source_q:9,test:5"
"SAT_IMPORTED","pdf_import_v1","import_batch_005","","SAT5_RW_M2_Q09","RW","2","hard","9","Information and Ideas","Central Ideas and Details","","Central Ideas and Details","Central Ideas and Details","","1","multiple_choice","Since its completion in 2014, Bosco Verticale (Vertical Forest)—a pair of residential towers in Milan, Italy, covered by vegetation—has become a striking symbol of environmental sustainability in architecture. Stefano Boeri intended his design, which features balconies that are home to hundreds of trees, to serve as a model for promoting urban biodiversity. However, the concept has faced skepticism: critics note that although the trees used in Bosco Verticale were specifically cultivated for the project, it’s too early to tell if they can thrive in this unusual setting.","According to the text, why are some critics skeptical of the concept behind Bosco Verticale?","Some essential aspects of Bosco Verticale’s design are difficult to adapt to locations other than Milan.","The plant life on Bosco Verticale ended up being less varied than Boeri had envisioned it would be.","The construction of Bosco Verticale was no less environmentally damaging than the construction of more conventional buildings is.","It is unclear whether Bosco Verticale can support the plant life included in its design.","D","4","Choice D is the best answer because it presents a statement about critics’ skepticism of Bosco Verticale that is supported by the text. The text states that Boeri’s design for Bosco Verticale features hundreds of trees on balconies and is intended to serve as a model for promoting urban biodiversity. But the text goes on to state that some critics believe that it is too early to determine if the trees planted on Bosco Verticale can thrive there. Therefore, according to the text, critics are skeptical of the concept behind Bosco Verticale because it is unclear whether Bosco Verticale can support the plant life included in its design.

Choice A is incorrect. Although the text states that one of Boeri’s goals was for Bosco Verticale to serve as a model for promoting biodiversity in architecture, which suggests that Boeri would likely support the idea of reproducing the same concept in other locations, the text does not discuss whether it is feasible to adapt the design to locations other than Milan. Instead, the text describes critics’ concerns that the plant life that currently exists on Bosco Verticale might not thrive in its current setting. Choice B is incorrect. Although the text states that one of Boeri’s goals in creating Bosco Verticale was to promote biodiversity, which implies a goal of including varied plant life in the design, it does not mention whether the hundreds of trees that were planted on its balconies failed to meet this goal. Rather, the text states that some critics are concerned that the trees on Bosco Verticale’s balconies may not thrive in this setting. Choice C is incorrect because the text does not mention how Bosco Verticale was constructed, let alone how environmentally destructive its construction may have been relative to the construction of more conventional buildings.","","none","{}","","","","","","Central Ideas and Details","","import,pdf,section:RW,source:sat-practice-test-5-digital.pdf,page:22,source_q:10,test:5"
"SAT_IMPORTED","pdf_import_v1","import_batch_005","","SAT5_RW_M2_Q10","RW","2","hard","10","Information and Ideas","Central Ideas and Details","","Central Ideas and Details","Central Ideas and Details","","1","multiple_choice","Many literary theorists distinguish between fabula, a narrative’s content, and syuzhet, a narrative’s arrangement and presentation of events. In the film The Godfather Part II, the fabula is the story of the Corleone family, and the syuzhet is the presentation of the story as it alternates between two timelines in 1901 and 1958. But literary theorist Mikhail Bakhtin maintained that fabula and syuzhet are insufficient to completely describe a narrative—he held that systematic categorizations of artistic phenomena discount the subtle way in which meaning is created by interactions between the artist, the work, and the audience.","Which choice best states the main idea of the text?","Literary theorist Mikhail Bakhtin argued that there are important characteristics of narratives that are not fully encompassed by two concepts that other theorists have used to analyze narratives.","Literary theorist Mikhail Bakhtin claimed that meaning is not inherent in a narrative but is created when an audience encounters a narrative so that narratives are interpreted differently by different people.","The storytelling methods used in The Godfather Part II may seem unusually complicated, but they can be easily understood when two concepts from literary theory are utilized.","Narratives that are told out of chronological order are more difficult for audiences to understand than are narratives presented chronologically.","A","1","Choice A is the best answer because it most accurately states the main idea of the text. The text begins by explaining that many literary theorists rely on the concepts of fabula (a narrative’s content) and syuzhet (a narrative’s arrangement and presentation of events) and illustrates these concepts by explaining how they can be applied to the film The Godfather Part II. The text then discusses how Mikhail Bakhtin, a literary theorist, argued that fabula and syuzhet can’t fully describe a narrative, since systematic categorizations such as these fail to account for all the ways in which interactions between the artist, the work, and the audience produce meaning. Thus, the main idea is that Bakhtin argued that there are important characteristics of narratives that are not fully encompassed by two concepts that other theorists have used to analyze narratives.

Choice B is incorrect because according to the text, Mikhail Bakhtin believed that meaning was created through the interactions of the artist, narrative, and audience, not simply through the interaction between the audience and narrative; moreover, the text doesn’t address whether Bakhtin focused on the ways in which different people interpret narratives differently. Choice C is incorrect. Although the text implies that the storytelling methods used in The Godfather Part II are complicated, it discusses the film only to illustrate how the concepts of fabula and syuzhet may be applied to a narrative. The film’s storytelling methods aren’t the primary focus of the text. Choice D is incorrect. The text discusses The Godfather Part II, whose narrative doesn’t adhere to a single chronological order, only to illustrate the concepts of fabula (a narrative’s content) and syuzhet (narrative’s arrangement and presentation of events). The primary focus of this text isn’t the structure of this film or of other narratives that are told out of chronological order; moreover, the text doesn’t consider whether such structures make it harder for audiences to understand narratives.","","none","{}","","","","","","Central Ideas and Details","","import,pdf,section:RW,source:sat-practice-test-5-digital.pdf,page:22,source_q:11,test:5"
"SAT_IMPORTED","pdf_import_v1","import_batch_005","","SAT5_RW_M2_Q11","RW","2","hard","11","Information and Ideas","Command of Evidence","","Command of Evidence","Command of Evidence","","1","multiple_choice","Fish whose DNA has been modified to include genetic material from other species are known as transgenic. Some transgenic fish have genes from jellyfish that result in fluorescence (that is, they glow in the dark). Although these fish were initially engineered for research purposes in the 1990s, they were sold as pets in the 2000s and can now be found in the wild in creeks in Brazil. A student in a biology seminar who is writing a paper on these fish asserts that their escape from Brazilian fish farms into the wild may have significant negative long-term ecological effects.","Which quotation from a researcher would best support the student’s assertion?","“In one site in the wild where transgenic fish were observed, females outnumbered males, while in another the numbers of females and males were equivalent.”","“Though some presence of transgenic fish in the wild has been recorded, there are insufficient studies of the impact of those fish on the ecosystems into which they are introduced.”","“The ecosystems into which transgenic fish are known to have been introduced may represent a subset of the ecosystems into which the fish have actually been introduced.”","“Through interbreeding, transgenic fish might introduce the trait of fluorescence into wild fish populations, making those populations more vulnerable to predators.”","D","4","Choice D is the best answer because this quotation would best support the student’s assertion that the escape of transgenic fish from Brazilian fish farms into the wild may have significant negative long-term ecological effects. The text explains that transgenic fish have DNA that includes genetic material from other species, that some transgenic fish have genes from jellyfish that make them glow in the dark, and that glow- in-the-dark transgenic fish can now be found in the wild in Brazilian creeks. The quotation indicates why the escape of these fish may have negative long-term ecological effects: glow-in-the-dark transgenic fish might introduce fluorescence into wild fish populations by breeding with wild fish, causing wild fish to glow in the dark and thereby allowing predators to prey on them much more easily.

Choice A is incorrect because this quotation doesn’t mention any negative effects of the introduction of fluorescent transgenic fish into the wild. The quotation merely compares the ratio of females to males at two sites in the wild where transgenic fish have been observed. Choice B is incorrect because this quotation doesn’t support the idea that the escape of fluorescent transgenic fish from Brazilian fish farms may have significant negative long-term ecological effects. Rather, the quotation suggests that more research is needed to understand the effects. Choice C is incorrect because this quotation supports the idea that transgenic fish may be present in more ecosystems than has been observed; it doesn’t address whether the presence of fluorescent transgenic fish affects these ecosystems.","","none","{}","","","","","","Command of Evidence","","import,pdf,section:RW,source:sat-practice-test-5-digital.pdf,page:23,source_q:13,test:5"
"SAT_IMPORTED","pdf_import_v1","import_batch_005","","SAT5_RW_M2_Q12","RW","2","hard","12","Information and Ideas","Command of Evidence","","Command of Evidence","Command of Evidence","","1","multiple_choice","“Poetry” is a 1919 poem by Marianne Moore. The poem highlights an ambivalence toward poetry as the speaker acknowledges its merits while also expressing a sense of displeasure, writing _____","Which quotation from “Poetry” most effectively illustrates the claim?","“nor is it valid / to discriminate against ‘business documents and / school-books’; all these phenomena are important.”","“One must make a distinction / however: when dragged into prominence by half poets, the result is not / poetry”","“when [poems] become so derivative as to become unintelligible, the / same thing may be said for all of us—that we / do not admire what / we cannot understand.”","“Reading [poetry], however, with a perfect contempt for it, one discovers that there is in / it after all, a place for the genuine.”","D","4","Choice D is the best answer because it most effectively uses a quotation from “Poetry” to illustrate the claim that the poem highlights an ambivalence, or a conflicted attitude, toward poetry. In the quotation, the speaker suggests that one might read poetry with “contempt,” or disdain, for it, but even with this negative attitude one will find “a place for the genuine.” Because the quotation expresses conflicting attitudes toward poetry, it effectively illustrates the speaker’s ambivalence in discussing the merits and displeasure of reading poetry.

Choice A is incorrect because it doesn’t mention poetry or show ambivalence. Choice B is incorrect. Although the idea of “half poets” may seem to relate to ambivalence, the speaker mentions only negative attitudes toward certain works and the quotation therefore lacks a contrasting positive or neutral attitude that would be needed to indicate ambivalence. Choice C is incorrect because the speaker mentions only negative attitudes toward certain works and the quotation therefore lacks a contrasting positive or neutral attitude that would be needed to indicate ambivalence.","","none","{}","","","","","","Command of Evidence","","import,pdf,section:RW,source:sat-practice-test-5-digital.pdf,page:25,source_q:15,test:5"
"SAT_IMPORTED","pdf_import_v1","import_batch_005","","SAT5_RW_M2_Q13","RW","2","hard","13","Information and Ideas","Command of Evidence","","Command of Evidence","Command of Evidence","","1","multiple_choice","Some climate models for the western United States predict that while total annual precipitation may remain unchanged from the present level, precipitation will become concentrated into fewer but more intense rain and snow events. University of Texas climate scientist Geeta Persad and her colleagues simulated how the amount of water entering aquifers and the amount being used for irrigation purposes would change if this were to occur. Persad and her colleagues concluded that concentration of precipitation into fewer events would result in a higher number of dry days, triggering more irrigation, but that this change in irrigation output is highly sensitive to the baseline concentration of precipitation that currently exists in an area.","Which choice best describes data from the table that support Persad and her colleagues’ conclusion?","If baseline precipitation is somewhat concentrated, the amount of water being used for irrigation will increase 0.4% for surface water and 0.9% for groundwater, whereas the amount of water entering aquifers will increase 11.0% if baseline precipitation is evenly distributed.","If baseline precipitation is somewhat concentrated, water use for irrigation will increase only slightly, whereas it will increase 9.0% for surface water and 7.9% for groundwater if baseline precipitation is evenly distributed.","If baseline precipitation is somewhat concentrated, the amount of water entering aquifers will increase 4.9%, while the amount being used for irrigation will increase 0.4% for surface water and 0.9% for groundwater.","If baseline precipitation is somewhat concentrated, water use for irrigation will decline by a small amount, whereas it will increase 11.0% for surface water and 9.0% for groundwater if baseline precipitation is evenly distributed.","B","2","Choice B is the best answer because it describes data from the table that support Persad and her colleagues’ conclusion. The text explains that, according to some climate models, precipitation in the western United States will become concentrated into fewer, more intense rain and snow events. According to the text, Persad and her colleagues concluded that more irrigation will consequently be needed but that the change in irrigation output will be highly sensitive to, or greatly affected by, the baseline concentration of precipitation in an area. This conclusion is supported by data from the researchers’ simulations of changes in annual irrigation output in two different scenarios—one in which an area’s annual precipitation is already somewhat concentrated and one in which its annual precipitation is evenly distributed. The table shows that if baseline precipitation is somewhat concentrated, water use for irrigation will increase only slightly, whereas if baseline precipitation is evenly distributed, water use for irrigation will increase much more—9.0% for surface water and 7.9% for groundwater. This difference illustrates the researchers’ conclusion that the amount of additional water needed for irrigation will vary greatly depending on how concentrated or spread out the annual precipitation in an area already is.

Choice A is incorrect because it compares changes in the amount of water being used for irrigation to changes in the amount of water entering aquifers. Persad and her colleagues’ conclusion doesn’t focus on changes to the amount of water entering aquifers; rather, the researchers’ conclusion focuses on changes to irrigation output relative to how concentrated or spread out the annual precipitation in an area is. Choice C is incorrect because it supports only part of Persad and her colleagues’ conclusion. According to the text, the researchers concluded that the concentration of precipitation into fewer events will trigger more irrigation but that this change in irrigation output will be highly sensitive to an area’s baseline concentration of annual precipitation. The data in this choice support the idea that more irrigation will be needed, but to support the rest of the researchers’ conclusion, additional data from the table are required to show that the increases in water use for irrigation will vary depending on how concentrated or spread out the annual precipitation in an area already is. Choice D is incorrect because data in the table indicate no declines in water use for irrigation, showing only increases in the form of positive values.","","table","{}","Simulated Change in Annual Aquifer Input and Irrigation Output if Precipitation Concentration Increases as Climate Models Predict

| Baseline concentration of annual precipitation | % change in water entering aquifers | % change in surface water used for irrigation | % change in groundwater used for irrigation |
|---|---:|---:|---:|
| Precipitation is currently somewhat concentrated | 4.9 | 0.4 | 0.9 |
| Precipitation is currently evenly distributed | 11.0 | 9.0 | 7.9 |","","","","","Command of Evidence","","import,pdf,section:RW,source:sat-practice-test-5-digital.pdf,page:26,source_q:16,test:5,fixed:table_extraction"
"SAT_IMPORTED","pdf_import_v1","import_batch_005","","SAT5_RW_M2_Q14","RW","2","hard","14","Information and Ideas","Inferences","","Inferences","Inferences","","1","multiple_choice","In dialects of English spoken in Scotland, the “r” sound is strongly emphasized when it appears at the end of syllables (as in “car”) or before other consonant sounds (as in “bird”). English dialects of the Upland South, a region stretching from Oklahoma to western Virginia, place similar emphasis on “r” at the ends of syllables and before other consonant sounds. Historical records show that the Upland South was colonized largely by people whose ancestors came from Scotland. Thus, linguists have concluded that _____","Which choice most logically completes the text?","the English dialects spoken in the Upland South acquired their emphasis on the “r” sound from dialects spoken in Scotland.","emphasis on the “r” sound will eventually spread from English dialects spoken in the Upland South to dialects spoken elsewhere.","the English dialects spoken in Scotland were influenced by dialects spoken in the Upland South.","people from Scotland abandoned their emphasis on the “r” sound after relocating to the Upland South.","A","1","Choice A is the best answer because it most logically completes the text’s discussion of English dialects spoken in Scotland and the Upland South. The text indicates that these dialects share a feature: putting emphasis on the “r” sound when it appears in certain positions in words. The text goes on to state that records indicate the Upland South was colonized largely by people of Scottish ancestry. It is reasonable to assume that the English dialects spoken by these colonizers were influenced by the English dialects spoken by their ancestors in Scotland. It follows, then, that the emphasis on the “r” sound in the dialects in Scotland carried over into the Upland South dialects as they developed—that is, that the Upland South dialects likely acquired it from dialects spoken in Scotland.

Choice B is incorrect because the text suggests that Scottish ancestry explains the origin of the emphasis on the “r” sound in English dialects spoken in the Upland South, since that linguistic feature is also found in dialects spoken in Scotland; the text doesn’t address any other dialects or suggest that the feature will spread elsewhere. Choice C is incorrect because the text indicates that many Upland South colonizers were the descendants of Scottish people, suggesting that the English dialects spoken by these colonizers had been influenced by the English dialects spoken by the colonizers’ ancestors in Scotland and had acquired their emphasis on the “r” sound from those ancestors’ dialects—not the other way around. Choice D is incorrect because the text indicates that the emphasis on the “r” sound is part of English dialects spoken in the Upland South today, which almost certainly wouldn’t be the case if people from Scotland, who were the main colonizers of the Upland South, had eliminated that linguistic feature from their dialects.","","none","{}","","","","","","Inferences","","import,pdf,section:RW,source:sat-practice-test-5-digital.pdf,page:27,source_q:17,test:5"
"SAT_IMPORTED","pdf_import_v1","import_batch_005","","SAT5_RW_M2_Q15","RW","2","hard","15","Standard English Conventions","Form, Structure, and Sense","","Form, Structure, and Sense","Form, Structure, and Sense","","1","multiple_choice","How did whales, once no bigger than seals, evolve to become the largest animals on Earth? Brazilian biologist Mariana Nery believes the answer might be found in whales’ DNA. In January 2023, Nery and her colleagues _____ a study showing changes over time in four whale genes associated with body size.","Which choice completes the text so that it conforms to the conventions of Standard English?","published","publishing","having published","to publish","A","1","Choice A is the best answer. The convention being tested is the use of verb forms within a sentence. A main clause requires a finite (tensed) verb to perform the action of the subject (in this case, Nery and her colleagues), and this choice supplies the finite past tense verb “published” to indicate that these biologists shared their findings about changes in whale genes associated with body size.

Choice B is incorrect because it results in an ungrammatical sentence. The nonfinite participle “publishing” doesn’t supply the main clause with a finite verb. Choice C is incorrect because it results in an ungrammatical sentence. The nonfinite participle “having published” doesn’t supply the main clause with a finite verb. Choice D is incorrect because it results in an ungrammatical sentence. The nonfinite to-infinitive “to publish” doesn’t supply the main clause with a finite verb.","","none","{}","","","","","","Form, Structure, and Sense","","import,pdf,section:RW,source:sat-practice-test-5-digital.pdf,page:27,source_q:18,test:5"
"SAT_IMPORTED","pdf_import_v1","import_batch_005","","SAT5_RW_M2_Q16","RW","2","hard","16","Standard English Conventions","Form, Structure, and Sense","","Form, Structure, and Sense","Form, Structure, and Sense","","1","multiple_choice","When they were first introduced to western Europe from Byzantium in the eleventh century, table forks were met with much resistance. The Bishop of Ostia, St. Peter Damian, condemned the eating utensils because he considered _____ dangerous and unnecessary luxury items.","Which choice completes the text so that it conforms to the conventions of Standard English?","them","this","that","it","A","1","Choice A is the best answer. The convention being tested is pronoun-antecedent agreement. The plural pronoun “them” agrees in number with the plural antecedent “utensils.”

Choice B is incorrect because the singular pronoun “this” doesn’t agree in number with the plural antecedent “utensils.” Choice C is incorrect because the singular pronoun “that” doesn’t agree in number with the plural antecedent “utensils.” Choice D is incorrect because the singular pronoun “it” doesn’t agree in number with the plural antecedent “utensils.”","","none","{}","","","","","","Form, Structure, and Sense","","import,pdf,section:RW,source:sat-practice-test-5-digital.pdf,page:27,source_q:20,test:5"
"SAT_IMPORTED","pdf_import_v1","import_batch_005","","SAT5_RW_M2_Q17","RW","2","hard","17","Standard English Conventions","Boundaries","","Boundaries","Boundaries","","1","multiple_choice","Julia Alvarez’s 1994 novel In the Time of the Butterflies, a fictionalized account of the lives of the Mirabal _____ can serve as a starting point for those wanting to explore how the rule of dictator Rafael Trujillo has been represented in Dominican American literature.","Which choice completes the text so that it conforms to the conventions of Standard English?","sisters, and","sisters and","sisters,","sisters","C","3","Choice C is the best answer. The convention being tested is the punctuation of a supplementary element within a sentence. The comma after “sisters” pairs with the comma after “Butterflies” to separate the supplementary element “a fictionalized account of the lives of the Mirabal sisters” from the rest of the sentence. This supplementary element functions to describe the novel In the Time of the Butterflies, and the pair of commas indicates that this element could be removed without affecting the grammatical coherence of the sentence.

Choice A is incorrect because a comma and conjunction can’t be used in this way to separate the supplementary element from the rest of the sentence. Choice B is incorrect because it fails to use appropriate punctuation to separate the supplementary element from the rest of the sentence. Choice D is incorrect because it fails to use appropriate punctuation to separate the supplementary element from the rest of the sentence.","","none","{}","","","","","","Boundaries","","import,pdf,section:RW,source:sat-practice-test-5-digital.pdf,page:27,source_q:21,test:5"
"SAT_IMPORTED","pdf_import_v1","import_batch_005","","SAT5_RW_M2_Q18","RW","2","hard","18","Standard English Conventions","Boundaries","","Boundaries","Boundaries","","1","multiple_choice","On March 23, 2021, a gust of wind wreaked havoc on global trade. Ever Given, an international shipping container vessel, became lodged in Egypt’s Suez Canal, a major shipping route between Europe and Asia. The vessel took six days to _____ it’s as heavy as two thousand blue whales when fully loaded.","Which choice completes the text so that it conforms to the conventions of Standard English?","dislodge in part due to its sheer size,","dislodge, in part due to its sheer size:","dislodge, in part due to its sheer size,","dislodge, in part, due to its sheer size","B","2","Choice B is the best answer. The convention being tested is punctuation between main clauses and a supplementary element. This choice correctly uses a comma to mark the boundary between the main clause (“The vessel took six days to dislodge”) and the supplementary element (“in part due to its sheer size”) that provides additional information on why the vessel was difficult to dislodge. Additionally, this choice correctly uses a colon to introduce another main clause that describes the vessel’s size (“it’s as heavy as two thousand blue whales when fully loaded”).

Choice A is incorrect because it results in a comma splice. A comma can’t be used in this way to mark the boundary between two main clauses (“The vessel…size” and “it’s…loaded”). Additionally, it fails to mark the boundary between the main clause (“The vessel took six days to dislodge”) and the supplementary element (“in part due to its sheer size”). Choice C is incorrect because it results in a comma splice. A comma can’t be used in this way to mark the boundary between two main clauses (“The vessel…size” and “it’s…loaded”). Choice D is incorrect because it results in a run-on sentence. The two main clauses (“The vessel…size” and “it’s…loaded”) are fused without punctuation and/or a conjunction.","","none","{}","","","","","","Boundaries","","import,pdf,section:RW,source:sat-practice-test-5-digital.pdf,page:28,source_q:22,test:5"
"SAT_IMPORTED","pdf_import_v1","import_batch_005","","SAT5_RW_M2_Q19","RW","2","hard","19","Standard English Conventions","Boundaries","","Boundaries","Boundaries","","1","multiple_choice","Fans of the film Moana (2016) may not know that the deep and humorous voice behind the _____ belongs to comedian, actor, and musician Jemaine Clement. The versatile performer has appeared in everything from television commercials to action movies, but voice acting, specifically, has become a notable part of his career.","Which choice completes the text so that it conforms to the conventions of Standard English?","character Tamatoa the crab","character Tamatoa the crab,","character: Tamatoa the crab,","character, Tamatoa the crab","A","1","Choice A is the best answer. The convention being tested is the use of punctuation around noun phrases. No punctuation is needed because the noun phrase “Tamatoa the crab” is a restrictive appositive, meaning that it provides essential identifying information about the noun phrase before it, “the character.” Additionally, no punctuation is needed between the noun phrase “the deep and humorous voice…crab” and the verb “belongs” that indicates whom the voice belongs to.

Choice B is incorrect because no punctuation is needed. Choice C is incorrect because no punctuation is needed. Choice D is incorrect because no punctuation is needed.","","none","{}","","","","","","Boundaries","","import,pdf,section:RW,source:sat-practice-test-5-digital.pdf,page:28,source_q:23,test:5"
"SAT_IMPORTED","pdf_import_v1","import_batch_005","","SAT5_RW_M2_Q20","RW","2","hard","20","Standard English Conventions","Form, Structure, and Sense","","Form, Structure, and Sense","Form, Structure, and Sense","","1","multiple_choice","In her 1983 book The Managed Heart: Commercialization of Human Feeling, sociologist Arlie Russell Hochschild first explored at length her conception of a “sociology of emotions”—the idea that the various cultural and ideological frameworks a person has internalized (class, gender, political affiliation, etc.) _____ each emotional reaction that person has within a situation.","Which choice completes the text so that it conforms to the conventions of Standard English?","underlies","is underlying","underlie","has been underlying","C","3","Choice C is the best answer. The convention being tested is subject-verb agreement. The plural verb “underlie” agrees in number with the plural subject “frameworks.”

Choice A is incorrect because the singular verb “underlies” doesn’t agree in number with the plural subject “frameworks.” Choice B is incorrect because the singular verb “is underlying” doesn’t agree in number with the plural subject “frameworks.” Choice D is incorrect because the singular verb “has been underlying” doesn’t agree in number with the plural subject “frameworks.”","","none","{}","","","","","","Form, Structure, and Sense","","import,pdf,section:RW,source:sat-practice-test-5-digital.pdf,page:28,source_q:24,test:5"
"SAT_IMPORTED","pdf_import_v1","import_batch_005","","SAT5_RW_M2_Q21","RW","2","hard","21","Standard English Conventions","Form, Structure, and Sense","","Form, Structure, and Sense","Form, Structure, and Sense","","1","multiple_choice","American abstract artist Richard _____ his installations to make passersby keenly aware of how one’s movements are affected by the physical features of one’s environment, assembles large-scale steel plates into sculptures that dominate the outdoor spaces they occupy.","Which choice completes the text so that it conforms to the conventions of Standard English?","Serra is intending","Serra, intends","Serra, intending","Serra intends","C","3","Choice C is the best answer. The convention being tested is the use of verb forms within a sentence. This choice pairs the comma after “Serra” with the comma after “environment” and uses the nonfinite present participle “intending” to correctly form a supplementary phrase describing the reaction Serra intends his sculptures to provoke. This supplementary phrase appears between the noun phrase that it modifies (“American abstract artist Richard Serra”) and the finite present tense verb (“assembles”), which functions as the sentence’s main verb and describes what Serra does.

Choice A is incorrect because it results in an ungrammatical sentence. The finite present continuous tense verb “is intending” can’t be used in this way in conjunction with the finite present tense verb “assembles,” which already functions as the main verb in the sentence. Choice B is incorrect because it results in an ungrammatical sentence. The finite present tense verb “intends” can’t be used in this way to supplement the noun phrase “American abstract artist Richard Serra.” Choice D is incorrect because it results in an ungrammatical sentence. The finite present tense verb “intends” can’t be used in this way in conjunction with the finite present tense verb “assembles,” which already functions as the main verb in the sentence.","","none","{}","","","","","","Form, Structure, and Sense","","import,pdf,section:RW,source:sat-practice-test-5-digital.pdf,page:28,source_q:25,test:5"
"SAT_IMPORTED","pdf_import_v1","import_batch_005","","SAT5_RW_M2_Q22","RW","2","hard","22","Expression of Ideas","Transitions","","Transitions","Transitions","","1","multiple_choice","In 1949, Frank Zamboni developed an ice rink resurfacing machine. As Zamboni’s machine moved along the rink’s surface, it first scraped off the top layer of ice. _____ it sprayed water into the deep grooves left behind by customers’ skates. Lastly, it smoothed over the newly formed ice.","Which choice completes the text with the most logical transition?","For example,","Next,","Similarly,","In contrast,","B","2","Choice B is the best answer. “Next” logically signals that the action in this sentence—the water spraying—is the next step in the resurfacing process, following the ice scraping mentioned in the previous sentence.

Choice A is incorrect because “for example” illogically signals that the action in this sentence is an example of the action in the previous sentence. Instead, the water spraying is the next step in a process that begins with the ice scraping. Choice C is incorrect because “similarly” illogically signals that the action in this sentence is similar to the action in the previous sentence. Instead, the water spraying is the next step in a process that begins with the ice scraping. Choice D is incorrect because “in contrast” illogically signals that the action in this sentence contrasts with the action in the previous sentence. Instead, the water spraying is the next step in a process that begins with the ice scraping.","","none","{}","","","","","","Transitions","","import,pdf,section:RW,source:sat-practice-test-5-digital.pdf,page:29,source_q:26,test:5"
"SAT_IMPORTED","pdf_import_v1","import_batch_005","","SAT5_RW_M2_Q23","RW","2","hard","23","Expression of Ideas","Transitions","","Transitions","Transitions","","1","multiple_choice","To guarantee the validity of experimental results, scientists rely on precise, unchanging standards of measurement. _____ metrologists (scientists who study measurement) developed the SI, or International System of Units. The SI’s units of measurement are based on unchanging values in nature, such as the mass of an electron or the speed of light.","Which choice completes the text with the most logical transition?","In contrast,","Regardless,","In addition,","For this reason,","D","4","Choice D is the best answer. “For this reason” logically signals that the information that follows—that metrologists developed the SI based on unchanging values in nature—is a result of the previous claim that scientists rely on precise, unchanging standards of measurement to guarantee the validity of experimental results.

Choice A is incorrect because “in contrast” illogically signals that the information that follows contrasts with the previous claim that scientists rely on precise, unchanging standards of measurement. Instead, the information that metrologists developed the SI based on unchanging values in nature is a result of that claim. Choice B is incorrect because “regardless” illogically signals that the information that follows is true despite the previous claim that scientists rely on precise, unchanging standards of measure. Instead, the information that metrologists developed the SI based on unchanging values in nature is a result of that claim. Choice C is incorrect because “in addition” illogically signals that the information that follows is merely an additional fact related to the previous claim that scientists rely on precise, unchanging standards of measurement. Instead, the information that metrologists developed the SI based on unchanging values in nature is a result of that claim.","","none","{}","","","","","","Transitions","","import,pdf,section:RW,source:sat-practice-test-5-digital.pdf,page:29,source_q:28,test:5"
"SAT_IMPORTED","pdf_import_v1","import_batch_005","","SAT5_RW_M2_Q24","RW","2","hard","24","Expression of Ideas","Rhetorical Synthesis","","Rhetorical Synthesis","Rhetorical Synthesis","","1","multiple_choice","While researching a topic, a student has taken the following notes:

- Iranian scholar Abu Rayhan al-Biruni studied Earth’s physical features.
- He theorized that a large landmass existed west of Europe and east of Asia.
- Al-Biruni published his landmass theory in 1037 CE.","The student wants to specify when al-Biruni published his landmass theory. Which choice most effectively uses relevant information from the notes to accomplish this goal?","In 1037 CE, al-Biruni published his theory that a large landmass existed west of Europe and east of Asia.","Al-Biruni, who studied Earth’s physical features, published a theory about a large landmass.","Al-Biruni was an Iranian scholar who studied Earth’s physical features.","An Iranian scholar who studied Earth’s physical features, al-Biruni theorized that a large landmass existed west of Europe and east of Asia.","A","1","Choice A is the best answer. The sentence specifies when al-Biruni published his landmass theory, indicating that it was published in the year 1037 CE.

Choice B is incorrect. While the sentence notes that al-Biruni published a landmass theory, it doesn’t specify when the theory was published. Choice C is incorrect. The sentence identifies al-Biruni as a scholar of Earth’s physical features; it doesn’t specify when he published his landmass theory. Choice D is incorrect. The sentence describes al-Biruni’s landmass theory; it doesn’t specify when the theory was published.","","none","{}","","","","","","Rhetorical Synthesis","","import,pdf,section:RW,source:sat-practice-test-5-digital.pdf,page:30,source_q:30,test:5"
"SAT_IMPORTED","pdf_import_v1","import_batch_005","","SAT5_RW_M2_Q25","RW","2","hard","25","Expression of Ideas","Rhetorical Synthesis","","Rhetorical Synthesis","Rhetorical Synthesis","","1","multiple_choice","While researching a topic, a student has taken the following notes:

- In astronomy, the mass of stars can be described in units called solar masses.
- One solar mass is roughly equal to the mass of the Sun.
- The mass of the star Proxima Centauri is 0.122 solar masses.
- The mass of the star Sirius A is 2.063 solar masses.","The student wants to emphasize the mass of Sirius A. Which choice most effectively uses relevant information from the notes to accomplish this goal?","The mass of stars, like Proxima Centauri, can be described in units called solar masses.","In astronomy, the mass of stars can be described in units called solar masses, and one solar mass is roughly equal to the mass of the Sun.","The Sun is more massive than Proxima Centauri, which has a mass of 0.122 solar masses.","With a mass of 2.063 solar masses, Sirius A is more massive than the Sun.","D","4","Choice D is the best answer. The sentence emphasizes the mass of Sirius A, noting that it has a mass of 2.063 solar masses and that it is larger than the Sun.

Choice A is incorrect. The sentence makes a generalization about how the mass of stars can be measured; it doesn’t emphasize the mass of Sirius A. Choice B is incorrect. The sentence introduces solar masses as a unit of measurement; it doesn’t emphasize the mass of Sirius A. Choice C is incorrect. The sentence emphasizes the mass of Proxima Centauri, not the mass of Sirius A.","","none","{}","","","","","","Rhetorical Synthesis","","import,pdf,section:RW,source:sat-practice-test-5-digital.pdf,page:30,source_q:31,test:5"
"SAT_IMPORTED","pdf_import_v1","import_batch_005","","SAT5_RW_M2_Q26","RW","2","hard","26","Expression of Ideas","Rhetorical Synthesis","","Rhetorical Synthesis","Rhetorical Synthesis","","1","multiple_choice","While researching a topic, a student has taken the following notes:

- A lever is a simple machine consisting of a rigid beam and a fulcrum.
- The fulcrum is the point about which the beam pivots.
- The input force (effort) is the force applied to the lever.
- The output force (load) is the force that the lever exerts on another object.
- In first-class levers, the fulcrum is located between the effort and the load.
- In second-class levers, the load is located between the effort and the fulcrum.","The student wants to contrast first-class levers and second-class levers. Which choice most effectively uses relevant information from the notes to accomplish this goal?","In levers, the effort is the force applied to the lever; the load, in contrast, is the force that the lever exerts on another object.","In first-class and second-class levers, the fulcrum and the load are in different locations.","First-class levers are simple machines consisting of a rigid beam and a fulcrum, but then again, the same is true of second-class levers.","In first-class levers, the fulcrum is located between the effort and the load, but in second-class levers, the load is located between the effort and the fulcrum.","D","4","Choice D is the best answer. The sentence contrasts first-class levers and second-class levers, explaining that the fulcrum in a first-class lever is between the effort and the load, whereas in a second-class lever the load is between the effort and the fulcrum.

Choice A is incorrect. The sentence defines two terms associated with levers; it doesn’t contrast first-class levers and second-class levers. Choice B is incorrect. While the sentence seems to acknowledge a general difference in fulcrum and load locations between first-class and second-class levers, it does not specify what this difference is. Moreover, the sentence could be read as emphasizing a similarity—that in both types of levers, the fulcrum and load are in different locations. The sentence thus fails to effectively contrast the two types of levers. Choice C is incorrect. The sentence describes a similarity between first-class and second-class levers; it doesn’t contrast them.","","none","{}","","","","","","Rhetorical Synthesis","","import,pdf,section:RW,source:sat-practice-test-5-digital.pdf,page:31,source_q:32,test:5"
"SAT_IMPORTED","pdf_import_v1","import_batch_005","","SAT5_RW_M2_Q27","RW","2","hard","27","Expression of Ideas","Rhetorical Synthesis","","Rhetorical Synthesis","Rhetorical Synthesis","","1","multiple_choice","While researching a topic, a student has taken the following notes:

- Earthquakes start at a point called a “focus” and spread out from there as seismic waves.
- The two types of seismic waves that travel beneath Earth’s surface are primary waves (P waves) and secondary waves (S waves).
- P waves travel more quickly beneath Earth’s surface than do S waves.
- P waves compress and expand the ground, causing it to move backward and forward.
- S waves cause the ground to move from side to side.","The student wants to emphasize a similarity between P waves and S waves. Which choice most effectively uses relevant information from the notes to accomplish this goal?","P waves and S waves both travel beneath Earth’s surface, causing the ground to move.","P waves travel away from an earthquake’s starting point at a higher rate of speed than do S waves.","Spreading out from the focus of an earthquake, P waves move the ground backward and forward.","Although P waves and S waves start at the same point, they behave very differently.","A","1","Choice A is the best answer. The sentence emphasizes a similarity between P waves and S waves, noting that they both travel beneath Earth’s surface, thereby causing the ground to move.

Choice B is incorrect. The sentence emphasizes a difference between P waves and S waves, noting that P waves travel faster than S waves; it doesn’t emphasize a similarity between the two types of waves. Choice C is incorrect. The sentence emphasizes how P waves move; it doesn’t emphasize a similarity between P waves and S waves. Choice D is incorrect. While the sentence acknowledges that P waves and S waves start at the same point, it doesn’t emphasize a similarity; instead, the sentence emphasizes a difference between the two types of waves, noting that they behave very differently.","","none","{}","","","","","","Rhetorical Synthesis","","import,pdf,section:RW,source:sat-practice-test-5-digital.pdf,page:31,source_q:33,test:5"
"SAT_IMPORTED","pdf_import_v1","import_batch_005","","SAT5_MATH_M1_Q01","MATH","1","base","1","Algebra","Linear functions","","Linear functions","Linear functions","","1","multiple_choice","","On the first day of a semester, a film club has 90 members. Each day after the first day of the semester, 10 new members join the film club. If no members leave the film club, how many total members will the film club have 4 days after the first day of the semester?","400","130","94","90","B","2","Choice B is correct. It’s given that the film club has 90 members on the first day of a semester, and 10 new members join the film club each day after the first day of the semester. This means that after 4 days, 4 # 10, or 40, new members will have joined the club. Adding 40 members to the original 90 club members yields 130 members. Thus, the film club will have 130 total members 4 days after the first day of the semester.

Choice A is incorrect. This is the number of members that will have joined the film club 4 days after the first day of the semester if 100 new members, not 10, join the film club each day. Choice C is incorrect. This is the number of members the film club will have 4 days after the first day of the semester if 1 new member, not 10, joins the film club each day. Choice D is incorrect. This is the number of members the film club has on the first day of the semester.","","none","{}","","","","","","Linear functions","","import,pdf,section:MATH,source:sat-practice-test-5-digital.pdf,page:34,source_q:2,test:5"
"SAT_IMPORTED","pdf_import_v1","import_batch_005","","SAT5_MATH_M1_Q02","MATH","1","base","2","Algebra","Linear functions","","Linear functions","Linear functions","","1","multiple_choice","","The graph of the linear function f is shown, where y = f(x). What is the y-intercept of the graph of f?","(0, 0)","(0, −16/11)","(0, −8)","(0, 8)","D","4","Choice D is correct. The y-intercept of a graph is the point where the graph intersects the y-axis. The graph of function f shown intersects the y-axis at the point ^0, 8h. Therefore, the y-intercept of the graph of f is ^0, 8h.

Choice A is incorrect. This is the point where the x-axis, not the graph of f , intersects the y-axis. Choice B is incorrect and may result from conceptual or calculation errors. Choice C is incorrect and may result from conceptual or calculation errors.","","line_graph","{""diagram_type"":""VIS_LINE_GRAPH_V1"",""render_mode"":""exact_to_scale"",""x_min"":-2,""x_max"":14,""y_min"":-1,""y_max"":9,""x_label"":""x"",""y_label"":""y"",""grid"":true,""equation"":""y = -1.5x + 8"",""target"":""y-intercept""}","","","","","","Linear functions","","import,pdf,section:MATH,source:sat-practice-test-5-digital.pdf,page:34,source_q:3,test:5,fixed:visual_schema"
"SAT_IMPORTED","pdf_import_v1","import_batch_005","","SAT5_MATH_M1_Q03","MATH","1","base","3","Algebra","Systems of linear equations","","Systems of linear equations","Systems of linear equations","","1","multiple_choice","","s + 7r = 27
r = 3
What is the solution (r, s) to the given system of equations?","(6, 3)","(3, 6)","(3, 27)","(27, 3)","B","2","Choice B is correct. The second equation in the given system is r = 3. Substituting 3 for r in the first equation in the given system yields s + 7^3h= 27, or s + 21 = 27. Subtracting 21 from both sides of this equation yields s = 6. Therefore, the solution ^r, sh to the given system of equations is ^3, 6h.

Choice A is incorrect. This is the solution ^s, rh, not ^r, sh, to the given system of equations. Choice C is incorrect and may result from conceptual or calculation errors. Choice D is incorrect and may result from conceptual or calculation errors.","","none","{}","","","","","","Systems of linear equations","","import,pdf,section:MATH,source:sat-practice-test-5-digital.pdf,page:35,source_q:4,test:5"
"SAT_IMPORTED","pdf_import_v1","import_batch_005","","SAT5_MATH_M1_Q04","MATH","1","base","4","Algebra","Linear and exponential functions","","Linear and exponential functions","Linear and exponential functions","","1","multiple_choice","","The table shows selected values from function f. Which of the following is the best description of function f?","Decreasing linear","Increasing linear","Decreasing exponential","Increasing exponential","B","2","Choice B is correct. The given values show that as x increases, f ^xh also increases, which means that f is an increasing function. Furthermore, f ^xh increases at a constant rate of 1 for each increase of x by 1. A function with a constant rate of change is linear. Thus, the function f can be described as an increasing linear function.

Choice A is incorrect. For a decreasing linear function, as x increases, f ^xh decreases rather than increases. Choice C is incorrect. For a decreasing exponential function, for each increase of x by 1, f ^xh decreases by a fixed percentage rather than increases at a constant rate. Choice D is incorrect. For an increasing exponential function, for each increase of x by 1, f ^xh increases by a fixed percentage rather than at a constant rate.","","table","{}","| x | f(x) |
|---:|---:|
| −1 | 16 |
| 0 | 17 |
| 1 | 18 |
| 2 | 19 |","","","","","Linear and exponential functions","","import,pdf,section:MATH,source:sat-practice-test-5-digital.pdf,page:35,source_q:5,test:5,fixed:table_extraction"
"SAT_IMPORTED","pdf_import_v1","import_batch_005","","SAT5_MATH_M1_Q05","MATH","1","base","5","Problem-Solving and Data Analysis","Measures of spread","","Measures of spread","Measures of spread","","1","student_response","","23, 27, 27, 32, 35, 36, 52 What is the range of the 7 scores shown?","","","","","","","The correct answer is 29. The range of a data set is the difference between its maximum value and its minimum value. For the data set shown, the maximum score is 52 and the minimum score is 23. The difference between those scores is 52 - 23, or 29. Therefore, the range of the 7 scores shown is 29.","","none","{}","","","numeric","29","0","Measures of spread","","import,pdf,section:MATH,source:sat-practice-test-5-digital.pdf,page:35,source_q:7,test:5"
"SAT_IMPORTED","pdf_import_v1","import_batch_005","","SAT5_MATH_M1_Q06","MATH","1","base","6","Algebra","Linear equations in two variables","","Linear equations in two variables","Linear equations in two variables","","1","multiple_choice","","The equation x + y = 1,440 represents the number of minutes of daylight (between sunrise and sunset), x, and the number of minutes of non-daylight, y, on a particular day in Oak Park, Illinois. If this day has 670 minutes of daylight, how many minutes of non-daylight does it have?","670","770","1,373","1,440","B","2","Choice B is correct. It’s given that the equation x + y = 1,440 represents the number of minutes of daylight, x, and the number of minutes of non-daylight, y, on a particular day in Oak Park, Illinois. It’s also given that this day has 670 minutes of daylight. Substituting 670 for x in the equation x + y = 1,440 yields 670 + y = 1,440. Subtracting 670 from both sides of this equation yields y = 770. Therefore, this day has 770 minutes of non-daylight.

Choice A is incorrect. This is the number of minutes of daylight, not non-daylight, on this day. Choice C is incorrect and may result from conceptual or calculation errors. Choice D is incorrect. This is the total number of minutes of daylight and non-daylight.","","none","{}","","","","","","Linear equations in two variables","","import,pdf,section:MATH,source:sat-practice-test-5-digital.pdf,page:36,source_q:9,test:5"
"SAT_IMPORTED","pdf_import_v1","import_batch_005","","SAT5_MATH_M1_Q07","MATH","1","base","7","Problem-Solving and Data Analysis","Inference from samples","","Inference from samples","Inference from samples","","1","multiple_choice","","Scott selected 20 employees at random from all 400 employees at a company. He found that 16 of the employees in this sample are enrolled in exactly three professional development courses this year. Based on Scott’s findings, which of the following is the best estimate of the number of employees at the company who are enrolled in exactly three professional development courses this year?","4","320","380","384","B","2","Choice B is correct. It’s given that from the sample of 20 employees at the company, 16 of the employees are enrolled in exactly three professional development courses this year. Since e 16 o is equal to 0.80, or , it follows that 80% of the employees in the sample are enrolled in exactly three professional development courses this year. Therefore, the best estimate for the percentage of employees at the company who are enrolled in exactly three professional development courses this year is 80%. It’s given that there are a total of 400 employees at the company. Therefore, the best estimate of the number of employees at the company who are enrolled in exactly three professional development courses this year is b 100 l`400j, or 320.

Choice A is incorrect. This is the number of employees from the sample who aren’t enrolled in exactly three professional development courses this year. Choice C is incorrect. This is the number of employees who weren’t selected for the sample. Choice D is incorrect and may result from conceptual or calculation errors.","","none","{}","","","","","","Inference from samples","","import,pdf,section:MATH,source:sat-practice-test-5-digital.pdf,page:36,source_q:10,test:5"
"SAT_IMPORTED","pdf_import_v1","import_batch_005","","SAT5_MATH_M1_Q08","MATH","1","base","8","Algebra","Linear equations in one variable","","Linear equations in one variable","Linear equations in one variable","","1","multiple_choice","","If 4x −28 = −24, what is the value of x −7?","−24","−22","−6","−1","C","3","Choice C is correct. Dividing all terms in the given equation by 4 yields 4x - 28 =- 244 , or x - 7 =-6. Therefore, the value of x - 7 is -6.

Choice A is incorrect. This is the value of 4x - 28, not x - 7. Choice B is incorrect and may result from conceptual or calculation errors. Choice D is incorrect and may result from conceptual or calculation errors.","","none","{}","","","","","","Linear equations in one variable","","import,pdf,section:MATH,source:sat-practice-test-5-digital.pdf,page:36,source_q:11,test:5"
"SAT_IMPORTED","pdf_import_v1","import_batch_005","","SAT5_MATH_M1_Q09","MATH","1","base","9","Algebra","Linear inequalities","","Linear inequalities","Linear inequalities","","1","multiple_choice","","For a snowstorm in a certain town, the minimum rate of snowfall recorded was 0.6 inches per hour, and the maximum rate of snowfall recorded was 1.8 inches per hour. Which inequality is true for all values of s, where s represents a rate of snowfall, in inches per hour, recorded for this snowstorm?","s ≥ 2.4","s ≥ 1.8","0 ≤ s ≤ 0.6","0.6 ≤ s ≤ 1.8","D","4","Choice D is correct. It’s given that for a snowstorm in a certain town, the minimum rate of snowfall recorded was 0.6 inches per hour, the maximum rate of snowfall recorded was 1.8 inches per hour, and s represents a rate of snowfall, in inches per hour, recorded for this snowstorm. It follows that the inequality 0.6 # s # 1.8 is true for all values of s.

Choice A is incorrect and may result from conceptual or calculation errors. Choice B is incorrect and may result from conceptual or calculation errors. Choice C is incorrect and may result from conceptual or calculation errors.","","none","{}","","","","","","Linear inequalities","","import,pdf,section:MATH,source:sat-practice-test-5-digital.pdf,page:37,source_q:12,test:5"
"SAT_IMPORTED","pdf_import_v1","import_batch_005","","SAT5_MATH_M1_Q10","MATH","1","base","10","Advanced Math","Systems with nonlinear equations","","Systems with nonlinear equations","Systems with nonlinear equations","","1","student_response","","y = 4x
y = x² − 12
A solution to the given system of equations is (x, y), where x > 0. What is the value of x?","","","","","","","The correct answer is 6. It’s given that y = 4x and y = x 2 - 12. Since y = 4x , substituting 4x for y in the second equation of the given system yields 4x = x 2 - 12. Subtracting 4x from both sides of this equation yields 0 = x 2 - 4x - 12. This equation can be rewritten as 0 =^x - 6h^x + 2h. By the zero product property, x - 6 = 0 or x + 2 = 0. Adding 6 to both sides of the equation x - 6 = 0 yields x = 6. Subtracting 2 from both sides of the equation x + 2 = 0 yields x =-2. Therefore, solutions to the given system of equations occur when x = 6 and when x =-2. It’s given that a solution to the given system of equations is ^x, y h, where x 2 0. Since 6 is greater than 0, it follows that the value of x is 6.","","none","{}","","","numeric","6","0","Systems with nonlinear equations","","import,pdf,section:MATH,source:sat-practice-test-5-digital.pdf,page:37,source_q:13,test:5"
"SAT_IMPORTED","pdf_import_v1","import_batch_005","","SAT5_MATH_M1_Q11","MATH","1","base","11","Algebra","Linear models","","Linear models","Linear models","","1","student_response","","A store sells two different-sized containers of blueberries. The store’s sales of these blueberries totaled 896.86 dollars last month. The equation 4.51x + 6.07y = 896.86 represents this situation, where x is the number of smaller containers sold and y is the number of larger containers sold. According to the equation, what is the price, in dollars, of each smaller container?","","","","","","","The correct answer is 4.51. It’s given that the equation 4.51x + 6.07y = 896.86 represents this situation, where x is the number of smaller containers sold, y is the number of larger containers sold, and 896.86 is the store’s total sales, in dollars, of blueberries last month. Therefore, 4.51x represents the store’s sales, in dollars, of smaller containers, and 6.07y represents the store’s sales, in dollars, of larger containers. Since x is the number of smaller containers sold, the price, in dollars, of each smaller container is 4.51.","","none","{}","","","numeric","4.51","0","Linear models","","import,pdf,section:MATH,source:sat-practice-test-5-digital.pdf,page:37,source_q:14,test:5"
"SAT_IMPORTED","pdf_import_v1","import_batch_005","","SAT5_MATH_M1_Q12","MATH","1","base","12","Geometry and Trigonometry","Volume","","Volume","Volume","","1","multiple_choice","","A right circular cylinder has a base diameter of 22 centimeters and a height of 6 centimeters. What is the volume, in cubic centimeters, of the cylinder?","132π","264π","726π","2,904π","C","3","Choice C is correct. The volume, V , of a right circular cylinder is given by the formula V = rr 2 h, where r is the radius of the base of the cylinder and h is the height of the cylinder. It’s given that a right circular cylinder has a height of 6 centimeters. Therefore, h = 6. It’s also given that the cylinder has a base diameter of 22 centimeters. The radius of a circle is half the diameter of the circle. Since the base of a right circular cylinder is a circle, it follows that the radius of the base of the right circular cylinder is 22 , or 11, centimeters. Therefore, r = 11. Substituting 11 for r and 6 for h in the formula V = rr 2 h yields V = r ^11h2 ^6h, which is equivalent to V = r ^121h^6h, or V = 726r . Therefore, the volume, in cubic centimeters, of the cylinder is 726r.

Choice A is incorrect. This is the volume of a right circular cylinder that has a base diameter of 2 22, not 22, centimeters and a height of 6 centimeters. Choice B is incorrect. This is the volume of a right circular cylinder that has a base diameter of 4 11, not 22, centimeters and a height of 6 centimeters. Choice D is incorrect. This is the volume of a right circular cylinder that has a base diameter of 44, not 22, centimeters and a height of 6 centimeters.","","none","{}","","","","","","Volume","","import,pdf,section:MATH,source:sat-practice-test-5-digital.pdf,page:37,source_q:15,test:5"
"SAT_IMPORTED","pdf_import_v1","import_batch_005","","SAT5_MATH_M1_Q13","MATH","1","base","13","Problem-Solving and Data Analysis","Ratios","","Ratios","Ratios","","1","multiple_choice","","At a particular track meet, the ratio of coaches to athletes is 1 to 26. If there are x coaches at the track meet, which of the following expressions represents the number of athletes at the track meet?","x/26","26x","x + 26","26/x","B","2","Choice B is correct. It’s given that at a particular track meet, the ratio of coaches to athletes is 1 to 26. If one number in a ratio is multiplied by a value, the other number must be multiplied by the same value in order to maintain the same ratio. If there are x coaches at the track meet, multiplying both numbers in the ratio by x yields 1^xh to 26^xh, or x to 26x . Therefore, the expression 26x represents the number of athletes at the track meet.

Choice A is incorrect and may result from conceptual or calculation errors. Choice C is incorrect and may result from conceptual or calculation errors. Choice D is incorrect and may result from conceptual or calculation errors.","","none","{}","","","","","","Ratios","","import,pdf,section:MATH,source:sat-practice-test-5-digital.pdf,page:39,source_q:17,test:5"
"SAT_IMPORTED","pdf_import_v1","import_batch_005","","SAT5_MATH_M1_Q14","MATH","1","base","14","Algebra","Linear models","","Linear models","Linear models","","1","multiple_choice","","Kaylani used fabric measuring 5 yards in length to make each suit for a men’s choir. The relationship between the number of suits that Kaylani made, x, and the total length of fabric that she purchased y, in yards, is represented by the equation y −5x = 6. What is the best interpretation of 6 in this context?","Kaylani made 6 suits.","Kaylani purchased a total of 6 yards of fabric.","Kaylani used a total of 6 yards of fabric to make the suits.","Kaylani purchased 6 yards more fabric than she used to make the suits.","D","4","Choice D is correct. It’s given that the equation y - 5x = 6 represents the relationship between the number of suits that Kaylani made, x, and the total length of fabric she purchased, y, in yards. Adding 5x to both sides of the given equation yields y = 5x + 6. Since Kaylani made x suits and used 5 yards of fabric to make each suit, the expression 5x represents the total amount of fabric she used to make the suits. Since y represents the total length of fabric Kaylani purchased, in yards, it follows from the equation y = 5x + 6 that Kaylani purchased 5x yards of fabric to make the suits, plus an additional 6 yards of fabric. Therefore, the best interpretation of 6 in this context is that Kaylani purchased 6 yards more fabric than she used to make the suits.

Choice A is incorrect. Kaylani made a total of x suits, not 6 suits. Choice B is incorrect. Kaylani purchased a total of y yards of fabric, not a total of 6 yards of fabric. Choice C is incorrect. Kaylani used a total of 5x yards of fabric to make the suits, not a total of 6 yards of fabric.","","none","{}","","","","","","Linear models","","import,pdf,section:MATH,source:sat-practice-test-5-digital.pdf,page:39,source_q:18,test:5"
"SAT_IMPORTED","pdf_import_v1","import_batch_005","","SAT5_MATH_M1_Q15","MATH","1","base","15","Geometry and Trigonometry","Trigonometric ratios","","Trigonometric ratios","Trigonometric ratios","","1","multiple_choice","","What is the value of tan(92π/3)?","−√3","−√3/3","√3/3","√3","A","1","Choice A is correct. A trigonometric ratio can be found using the unit circle, that is, a circle with radius 1 unit. If a central angle of a unit circle in the xy-plane centered at the origin has its starting side on the positive x-axis and its terminal side intersects the circle at a point ^x, y h, then the value of the tangent of the

central angle is equal to the y-coordinate divided by the x-coordinate. There are 2r radians in a circle. Dividing 92r by 2r yields 92 , which is equivalent to 15 + 23 . It follows that on the unit circle centered at the origin in the xy-plane, the angle 92r is the result of 15 revolutions from its starting side on the positive x-axis followed by a rotation through 2r radians. Therefore, the angles 92r and 2r are coterminal angles and tan e 92r o is equal to tan e o. Since 2r 2r is greater than 2r and less than r, it follows that the terminal side of the angle is in quadrant II and forms an angle of 3r , or 60°, with the negative x-axis. Therefore, the terminal side of the angle intersects the unit circle at the point f- 12 , 23 p. It follows that the value of tan e 2r o is 2 , which is equivalent to - 3 . Therefore, the value of tan e 92r o is - 3 . - Choice B is incorrect. This is the value of tan e 92r o, not tan e 92r o. Choice C is

incorrect. This is the value of r , not tan b 3 l. Choice D is incorrect. This is the 1 92r tan d n

value of tan a 3r k, not tan e 92r o.","","none","{}","","","","","","Trigonometric ratios","","import,pdf,section:MATH,source:sat-practice-test-5-digital.pdf,page:39,source_q:19,test:5"
"SAT_IMPORTED","pdf_import_v1","import_batch_005","","SAT5_MATH_M1_Q16","MATH","1","base","16","Advanced Math","Polynomial functions","","Polynomial functions","Polynomial functions","","1","student_response","","The function g is defined by g(x) = (x + 14)(t −x), where t is a constant. In the xy-plane, the graph of y = g(x) passes through the point (24, 0). What is the value of g(0)?","","","","","","","The correct answer is 336. By the zero product property, if ^x + 14h^t - xh= 0, then x + 14 = 0, which gives x =-14, or ^t - xh= 0, which gives x = t . Therefore, g ^xh= 0 when x =-14 and when x = t . Since the graph of y = g ^xh passes through the point ^24, 0h, it follows that g ^24h= 0, so t = 24. Substituting 24 for t in the equation g ^xh=^x + 14h^t - xh yields g ^xh=^x + 14h^24 - xh. The value of g ^0h can be calculated by substituting 0 for x in this equation, which yields g ^0h=^0 + 14h^24 - 0h, or g ^0h= 336.","","none","{}","","","numeric","336","0","Polynomial functions","","import,pdf,section:MATH,source:sat-practice-test-5-digital.pdf,page:40,source_q:21,test:5"
"SAT_IMPORTED","pdf_import_v1","import_batch_005","","SAT5_MATH_M1_Q17","MATH","1","base","17","Geometry and Trigonometry","Circles","","Circles","Circles","","1","multiple_choice","","(x + 4)² + (y −19)² = 121 The graph of the given equation is a circle in the xy-plane. The point (a, b) lies on the circle. Which of the following is a possible value for a?","−16","−14","11","19","B","2","Choice B is correct. An equation of the form ^x - hh2 +^y - kh2 = r 2 , where h, k, and r are constants, represents a circle in the xy-plane with center ^h, kh and radius r. Therefore, the circle represented by the given equation has center ^-4, 19h and radius 11. Since the center of the circle has an x-coordinate of -4 and the radius of the circle is 11, the least possible x-coordinate for any point on the circle is -4 - 11, or -15. Similarly, the greatest possible x-coordinate for any point on the circle is -4 + 11, or 7. Therefore, if the point ^a, bh lies on the circle, it must be true that -15 # a # 7. Of the given choices, only -14 satisfies this inequality.

Choice A is incorrect and may result from conceptual or calculation errors. Choice C is incorrect and may result from conceptual or calculation errors. Choice D is incorrect and may result from conceptual or calculation errors.","","none","{}","","","","","","Circles","","import,pdf,section:MATH,source:sat-practice-test-5-digital.pdf,page:40,source_q:22,test:5"
"SAT_IMPORTED","pdf_import_v1","import_batch_005","","SAT5_MATH_M1_Q18","MATH","1","base","18","Geometry and Trigonometry","Volume","","Volume","Volume","","1","multiple_choice","","A right rectangular prism has a height of 9 inches. The length of the prism’s base is x inches, which is 7 inches more than the width of the prism’s base. Which function V gives the volume of the prism, in cubic inches, in terms of the length of the prism’s base?","V(x) = x(x + 9)(x + 7)","V(x) = x(x + 9)(x −7)","V(x) = 9x(x + 7)","V(x) = 9x(x −7)","D","4","Choice D is correct. The volume of a right rectangular prism can be represented by a function V that gives the volume of the prism, in cubic inches, in terms of the length of the prism’s base. The volume of a right rectangular prism is equal to the area of its base times its height. It’s given that the length of the prism’s base is x inches, which is 7 inches more than the width of the prism’s base. This means that the width of the prism’s base is x - 7 inches. It follows that the area of the prism’s base, in square inches, is x ^x - 7h and the volume, in cubic inches, of the prism is x ^x - 7h^9h. Thus, the function V that gives the volume of this right rectangular prism, in cubic inches, in terms of the length of the prism’s base, x, is V ^xh= 9x ^x - 7h.

Choice A is incorrect. This function would give the volume of the prism if the height were 9 inches more than the length of its base and the width of the base were 7 inches more than its length. Choice B is incorrect. This function would give the volume of the prism if the height were 9 inches more than the length of its base. Choice C is incorrect. This function would give the volume of the prism if the width of the base were 7 inches more than its length, rather than the length of the base being 7 inches more than its width.","","none","{}","","","","","","Volume","","import,pdf,section:MATH,source:sat-practice-test-5-digital.pdf,page:40,source_q:23,test:5"
"SAT_IMPORTED","pdf_import_v1","import_batch_005","","SAT5_MATH_M1_Q19","MATH","1","base","19","Advanced Math","Exponential functions","","Exponential functions","Exponential functions","","1","multiple_choice","","Which of the following functions has(have) a minimum value at −3?
I. f(x) = −6(3)^x − 3
II. g(x) = −3(6)^x","I only","II only","I and II","Neither I nor II","D","4","Choice D is correct. A function of the form f ^xh= a ^bhx + c, where a 1 0 and b 2 1, is a decreasing function. Both of the given functions are of this form; therefore, both are decreasing functions. If a function f is decreasing, as the value of x increases, the corresponding value of f ^xh decreases; therefore, the function doesn’t have a minimum value. Thus, neither of the given functions has a minimum value.

Choice A is incorrect and may result from conceptual or calculation errors. Choice B is incorrect and may result from conceptual or calculation errors. Choice C is incorrect and may result from conceptual or calculation errors.","","none","{}","","","","","","Exponential functions","","import,pdf,section:MATH,source:sat-practice-test-5-digital.pdf,page:40,source_q:24,test:5"
"SAT_IMPORTED","pdf_import_v1","import_batch_005","","SAT5_MATH_M1_Q20","MATH","1","base","20","Problem-Solving and Data Analysis","Percentages","","Percentages","Percentages","","1","multiple_choice","","The result of increasing the quantity x by 400% is 60. What is the value of x?","12","15","240","340","A","1","Choice A is correct. It’s given that the result of increasing the quantity x by 400% is 60. This can be written as x +b 400 l x = 60, which is equivalent to x + 4x = 60, or 5x = 60. Dividing each side of this equation by 5 yields x = 12. Therefore, the value of x is 12.

Choice B is incorrect. The result of increasing the quantity 15 by 400% is 75, not 60. Choice C is incorrect. The result of increasing the quantity 240 by 400% is 1,200, not 60. Choice D is incorrect. The result of increasing the quantity 340 by 400% is 1,700, not 60.","","none","{}","","","","","","Percentages","","import,pdf,section:MATH,source:sat-practice-test-5-digital.pdf,page:41,source_q:25,test:5"
"SAT_IMPORTED","pdf_import_v1","import_batch_005","","SAT5_MATH_M1_Q21","MATH","1","base","21","Advanced Math","Quadratic functions","","Quadratic functions","Quadratic functions","","1","multiple_choice","","The function f is defined by f (x) = ax² + bx + c, where a, b, and c are constants. The graph of y = f (x) in the xy-plane passes through the points (7, 0) and (−3, 0). If a is an integer greater than 1, which of the following could be the value of a + b?","−6","−3","4","5","A","1","Choice A is correct. It’s given that the graph of y = f ^xh in the xy-plane passes through the points ^7, 0h and ^-3, 0h. It follows that when the value of x is either 7 or -3, the value of f ^xh is 0. It’s also given that the function f is defined by f ^xh= ax 2 + bx + c, where a, b, and c are constants. It follows that the function f is a quadratic function and, therefore, may be written in factored form as f ^xh= a ^x - uh^x - v h, where the value of f ^xh is 0 when x is either u or v. Since the value of f ^xh is 0 when the value of x is either 7 or -3, and the value of f ^xh is 0 when the value of x is either u or v, it follows that u and v are equal to 7 and -3. Substituting 7 for u and -3 for v in the equation f ^xh= a ^x - uh^x - v h yields f ^xh= a ^x - 7h^x -^-3hh, or f ^xh= a ^x - 7h^x + 3h. Distributing the right-hand side of this equation yields f ^xh= a ^x 2 - 7x + 3x - 21h, or f ^xh= ax 2 - 4ax - 21a. Since it’s given that f ^xh= ax 2 + bx + c, it follows that b =-4a. Adding a to each side of this equation yields a + b =-3a. Since a + b =-3a, if a is an integer, the value of a + b must be a multiple of 3. If a is an integer greater than 1, it follows that a $ 2. Therefore, -3a #-3 ^2h. It follows that the value of a + b is less than or equal to -3 ^2h, or -6. Of the given choices, only -6 is a multiple of 3 that’s less than or equal to -6.

Choice B is incorrect. This is the value of a + b if a is equal to, not greater than, 1. Choice C is incorrect and may result from conceptual or calculation errors. Choice D is incorrect and may result from conceptual or calculation errors.","","none","{}","","","","","","Quadratic functions","","import,pdf,section:MATH,source:sat-practice-test-5-digital.pdf,page:41,source_q:26,test:5"
"SAT_IMPORTED","pdf_import_v1","import_batch_005","","SAT5_MATH_M1_Q22","MATH","1","base","22","Advanced Math","Polynomial functions","","Polynomial functions","Polynomial functions","","1","student_response","","The function g is defined by g(x) = x(x −2)(x + 6)². The value of g(7 −w) is 0, where w is a constant. What is the sum of all possible values of w?","","","","","","","The correct answer is 25. The value of g ^7- w h is the value of g ^xh when x = 7 - w , where w is a constant. Substituting 7- w for x in the given equation yields g ^7 - w h=^7 - w h^7 - w - 2h^7 - w + 6h2 , which is equivalent to g ^7 - w h=^7 - w h^5 - w h^13 - w h2 . It’s given that the value of g ^7- w h is 0. Substituting 0 for g ^7- w h in the equation g ^7 - w h=^7 - w h^5 - w h^13 - w h2 yields 0 =^7 - w h^5 - w h^13 - w h2 . Since the product of the three factors on the right-hand side of this equation is equal to 0, at least one of these three factors must be equal to 0. Therefore, the possible values of w can be found by setting each factor equal to 0. Setting the first factor equal to 0 yields 7 - w = 0. Adding w to both sides of this equation yields 7= w . Therefore, 7 is one possible value of w. Setting the second factor equal to 0 yields 5 - w = 0. Adding w to both sides of this equation yields 5= w . Therefore, 5 is a second possible value of w. Setting the third factor equal to 0 yields ^13 - w h2 = 0. Taking the square root of both sides of this equation yields 13 - w = 0. Adding w to both sides of this equation yields 13= w . Therefore, 13 is a third possible value of w. Adding the three possible values of w yields 7 + 5 + 13, or 25. Therefore, the sum of all possible values of w is 25.","","none","{}","","","numeric","25","0","Polynomial functions","","import,pdf,section:MATH,source:sat-practice-test-5-digital.pdf,page:41,source_q:27,test:5"
"SAT_IMPORTED","pdf_import_v1","import_batch_005","","SAT5_MATH_M2_Q01","MATH","2","hard","1","Problem-Solving and Data Analysis","Percentages","","Percentages","Percentages","","1","multiple_choice","","What is 20% of 440?","44","88","880","1,760","B","2","Choice B is correct. 20% of 440 can be calculated as b 100 l`440j, which is

equivalent to 100 , or 88. 8,800

Choice A is incorrect. This is 10%, not 20%, of 440. Choice C is incorrect. This is 200%, not 20%, of 440. Choice D is incorrect. This is 400%, not 20%, of 440.","","none","{}","","","","","","Percentages","","import,pdf,section:MATH,source:sat-practice-test-5-digital.pdf,page:44,source_q:1,test:5"
"SAT_IMPORTED","pdf_import_v1","import_batch_005","","SAT5_MATH_M2_Q02","MATH","2","hard","2","Algebra","Linear functions","","Linear functions","Linear functions","","1","multiple_choice","","Argon is placed inside a container with a constant volume. The graph shows the estimated pressure y, in pounds per square inch (psi), of the argon when its temperature is x kelvins. What is the estimated pressure of the argon, in psi, when the temperature is 600 kelvins?","6","12","300","600","B","2","Choice B is correct. For the graph shown, the x-axis represents temperature, in kelvins, and the y-axis represents the estimated pressure, in pounds per square inch ^psih. The estimated pressure of the argon when the temperature is 600 kelvins can be found by locating the point on the graph where the value of x is equal to 600. The graph passes through the point ^600, 12h. This means that when the temperature is 600 kelvins, the estimated pressure is 12 psi.

Choice A is incorrect. This is the estimated pressure, in psi, of the argon when the temperature is 300 kelvins, not 600 kelvins. Choice C is incorrect and may result from conceptual or calculation errors. Choice D is incorrect. This is the temperature, in kelvins, of the argon.","","line_graph","{""diagram_type"":""VIS_LINE_GRAPH_V1"",""render_mode"":""exact_to_scale"",""x_min"":0,""x_max"":850,""y_min"":0,""y_max"":36,""x_label"":""Temperature (kelvins)"",""y_label"":""Pressure (psi)"",""grid"":true,""equation"":""y = 0.02x"",""target"":""pressure at 600 kelvins""}","","","","","","Linear functions","","import,pdf,section:MATH,source:sat-practice-test-5-digital.pdf,page:44,source_q:2,test:5,fixed:visual_schema"
"SAT_IMPORTED","pdf_import_v1","import_batch_005","","SAT5_MATH_M2_Q03","MATH","2","hard","3","Algebra","Linear functions","","Linear functions","Linear functions","","1","multiple_choice","","The function f is defined by f(x) = 4x −3. What is the value of f(10)?","−30","37","40","43","B","2","Choice B is correct. It’s given that the function f is defined by f ^xh= 4x - 3. Substituting 10 for x in the given function yields f ^10h= 4 ^10h- 3, which is equivalent to f ^10h= 40 - 3, or f ^10h= 37. Therefore, the value of f ^10h is 37.

Choice A is incorrect and may result from conceptual or calculation errors. Choice C is incorrect. This is the value of f ^10h for the function f ^xh= 4x , not f ^xh= 4x - 3. Choice D is incorrect. This is the value of f ^10h for the function f ^xh= 4x + 3, not f ^xh= 4x - 3.","","none","{}","","","","","","Linear functions","","import,pdf,section:MATH,source:sat-practice-test-5-digital.pdf,page:44,source_q:3,test:5"
"SAT_IMPORTED","pdf_import_v1","import_batch_005","","SAT5_MATH_M2_Q04","MATH","2","hard","4","Advanced Math","Equivalent polynomial expressions","","Equivalent polynomial expressions","Equivalent polynomial expressions","","1","multiple_choice","","Which expression is equivalent to 16x³y² + 14xy?","2xy(8xy + 7)","2xy(8x²y + 7)","14xy(2x²y + 1)","14xy(8x²y + 1)","B","2","Choice B is correct. Since 2xy is a common factor of each term in the given expression, the expression can be rewritten as 2xy ^8x 2 y + 7h.

Choice A is incorrect. This expression is equivalent to 16x 2 y 2 + 14xy . Choice C is incorrect. This expression is equivalent to 28x 3 y 2 + 14xy . Choice D is incorrect. This expression is equivalent to 112x 3 y 2 + 14xy .","","none","{}","","","","","","Equivalent polynomial expressions","","import,pdf,section:MATH,source:sat-practice-test-5-digital.pdf,page:44,source_q:4,test:5"
"SAT_IMPORTED","pdf_import_v1","import_batch_005","","SAT5_MATH_M2_Q05","MATH","2","hard","5","Algebra","Linear models","","Linear models","Linear models","","1","multiple_choice","","A veterinarian recommends that each day a certain rabbit should eat 25 calories per pound of the rabbit’s weight, plus an additional 11 calories. Which equation represents this situation, where c is the total number of calories the veterinarian recommends the rabbit should eat each day if the rabbit’s weight is x pounds?","c = 25x","c = 36x","c = 11x + 25","c = 25x + 11","D","4","Choice D is correct. It’s given that a veterinarian recommends that each day the rabbit should eat 25 calories per pound of the rabbit’s weight, plus an additional 11 calories. If the rabbit’s weight is x pounds, then multiplying 25 calories per pound by the rabbit’s weight, x pounds, yields 25x calories. Adding the additional 11 calories that the rabbit should eat each day yields 25x + 11 calories. It’s given that c is the total number of calories the veterinarian recommends the rabbit should eat each day if the rabbit’s weight is x pounds. Therefore, this situation can be represented by the equation c = 25x + 11.

Choice A is incorrect. This equation represents a situation where a veterinarian recommends that each day the rabbit should eat 25 calories per pound of the rabbit’s weight. Choice B is incorrect. This equation represents a situation where a veterinarian recommends that each day the rabbit should eat 25 + 11, or 36, calories per pound of the rabbit’s weight. Choice C is incorrect. This equation represents a situation where a veterinarian recommends that each day the rabbit should eat 11 calories per pound of the rabbit’s weight, plus an additional 25 calories.","","none","{}","","","","","","Linear models","","import,pdf,section:MATH,source:sat-practice-test-5-digital.pdf,page:44,source_q:5,test:5"
"SAT_IMPORTED","pdf_import_v1","import_batch_005","","SAT5_MATH_M2_Q06","MATH","2","hard","6","Algebra","Linear equations in one variable","","Linear equations in one variable","Linear equations in one variable","","1","student_response","","If 6n = 12, what is the value of n + 4?","","","","","","","The correct answer is 6. Dividing both sides of the equation 6n = 12 by 6 yields n = 2. Substituting 2 for n in the expression n + 4 yields 2 + 4, or 6.","","none","{}","","","numeric","6","0","Linear equations in one variable","","import,pdf,section:MATH,source:sat-practice-test-5-digital.pdf,page:45,source_q:6,test:5"
"SAT_IMPORTED","pdf_import_v1","import_batch_005","","SAT5_MATH_M2_Q07","MATH","2","hard","7","Algebra","Linear equations in two variables","","Linear equations in two variables","Linear equations in two variables","","1","multiple_choice","","Line r in the xy-plane has a slope of 4 and passes through the point (0, 6). Which equation defines line r?","y = −6x + 4","y = 6x + 4","y = 4x −6","y = 4x + 6","D","4","Choice D is correct. A line in the xy-plane with a slope of m and a y-intercept of ^0, bh can be defined by an equation in the form y = mx + b. It’s given that line r has a slope of 4 and passes through the point ^0, 6h. It follows that m = 4 and b = 6. Substituting 4 for m and 6 for b in the equation y = mx + b yields y = 4x + 6. Therefore, the equation y = 4x + 6 defines line r.

Choice A is incorrect. This equation defines a line that has a slope of -6, not 4, and passes through the point ^0, 4h, not ^0, 6h. Choice B is incorrect. This equation defines a line that has a slope of 6, not 4, and passes through the point ^0, 4h, not ^0, 6h. Choice C is incorrect. This equation defines a line that passes through the point ^0, - 6h, not ^0, 6h.","","none","{}","","","","","","Linear equations in two variables","","import,pdf,section:MATH,source:sat-practice-test-5-digital.pdf,page:45,source_q:8,test:5"
"SAT_IMPORTED","pdf_import_v1","import_batch_005","","SAT5_MATH_M2_Q08","MATH","2","hard","8","Advanced Math","Nonlinear functions","","Nonlinear functions","Nonlinear functions","","1","multiple_choice","","The kinetic energy, in joules, of an object with mass 9 kilograms traveling at a speed of v meters per second is given by the function K, where K(v) = (9/2)v². Which of the following is the best interpretation of K(34) = 5,202 in this context?","The object traveling at 34 meters per second has a kinetic energy of 5,202 joules.","The object traveling at 340 meters per second has a kinetic energy of 5,202 joules.","The object traveling at 5,202 meters per second has a kinetic energy of 34 joules.","The object traveling at 23,409 meters per second has a kinetic energy of 34 joules.","A","1","Choice A is correct. It’s given that the kinetic energy, in joules, of an object with a mass of 9 kilograms traveling at a speed of v meters per second is given by the function K , where K ^v h= 92 v 2 . It follows that in the equation K ^34h= 5,202, 34 is the value of v, or the speed of the object, in meters per second, and 5,202 is the kinetic energy, in joules, of the object at that speed. Therefore, the best interpretation of K ^34h= 5,202 in this context is the object traveling at 34 meters per second has a kinetic energy of 5,202 joules.

Choice B is incorrect. The object traveling at 340 meters per second has a kinetic energy of 520,200 joules. Choice C is incorrect. The object traveling at 5,202 meters per second has a kinetic energy of 121,773,618 joules. Choice D is incorrect. The object traveling at 23,409 meters per second has a kinetic energy of 2,465,915,764.5 joules.","","none","{}","","","","","","Nonlinear functions","","import,pdf,section:MATH,source:sat-practice-test-5-digital.pdf,page:46,source_q:10,test:5"
"SAT_IMPORTED","pdf_import_v1","import_batch_005","","SAT5_MATH_M2_Q09","MATH","2","hard","9","Problem-Solving and Data Analysis","Probability","","Probability","Probability","","1","multiple_choice","","At a movie theater, there are a total of 350 customers. Each customer is located in either theater A, theater B, or theater C. If one of these customers is selected at random, the probability of selecting a customer who is located in theater A is 0.48, and the probability of selecting a customer who is located in theater B is 0.24. How many customers are located in theater C?","28","40","84","98","D","4","Choice D is correct. It’s given that at a movie theater, there are a total of 350 customers and that each customer is located in either theater A, theater B, or theater C. If the probability of selecting a customer in theater A is 0.48, then ^0.48h^350h, or 168, customers are located in theater A. If the probability of selecting a customer in theater B is 0.24, then ^0.24h^350h, or 84, customers are located in theater B. It follows that there are 168 + 84, or 252, customers in theater A and theater B. Therefore, there are 350 - 252, or 98, customers in theater C.

Choice A is incorrect. This is the percent, not the number, of the customers that are located in theater C. Choice B is incorrect and may result from conceptual or calculation errors. Choice C is incorrect. This is the number of customers that are located in theater B, not theater C.","","none","{}","","","","","","Probability","","import,pdf,section:MATH,source:sat-practice-test-5-digital.pdf,page:47,source_q:12,test:5"
"SAT_IMPORTED","pdf_import_v1","import_batch_005","","SAT5_MATH_M2_Q10","MATH","2","hard","10","Algebra","Linear equations in two variables","","Linear equations in two variables","Linear equations in two variables","","1","student_response","","What is the slope of the graph of y = (1/3)(29x + 10) + 5x in the xy-plane?","","","","","","","The correct answer is 44/3. A linear equation can be written in the form y = mx + b, where m is the slope of the graph of the equation in the xy-plane and ^0, bh is the y-intercept. Distributing the 13 in the equation y = 13 ^29x + 10h+ 5x yields y = 29 x + 10 + 5x . Combining like terms on the right-hand side of this equation yields y = 44 x + 10 . This equation is in the form y = mx + b, where m = 44 and b = 10 . Therefore, the slope of the graph of the given equation in the xy-plane is . Note that 44/3, 14.66, and 14.67 are examples of ways to enter a correct answer.","","none","{}","","","numeric","44/3","0","Linear equations in two variables","","import,pdf,section:MATH,source:sat-practice-test-5-digital.pdf,page:47,source_q:13,test:5"
"SAT_IMPORTED","pdf_import_v1","import_batch_005","","SAT5_MATH_M2_Q11","MATH","2","hard","11","Geometry and Trigonometry","Area and surface area","","Area and surface area","Area and surface area","","1","student_response","","The length of each edge of a box is 29 inches. Each side of the box is in the shape of a square. The box does not have a lid. What is the exterior surface area, in square inches, of this box without a lid?","","","","","","","The correct answer is 4,205. The exterior surface area of a figure is the sum of the areas of all its faces. It’s given that the box does not have a lid and that each side of the box is in the shape of a square. Therefore, the box consists of 5 congruent square faces. It’s also given that the length of each edge is 29 inches. Let s represent the length of an edge of a square. It follows that the area of a square is equal to s 2 . Therefore, the area of each of the 5 square faces is equal to 29 2 , or 841, square inches. Since the box consists of 5 congruent square faces, it follows that the sum of the areas of all its faces, or the exterior surface area of this box without a lid, is 5 ^841h, or 4,205, square inches.","","none","{}","","","numeric","4205","0","Area and surface area","","import,pdf,section:MATH,source:sat-practice-test-5-digital.pdf,page:47,source_q:14,test:5"
"SAT_IMPORTED","pdf_import_v1","import_batch_005","","SAT5_MATH_M2_Q12","MATH","2","hard","12","Problem-Solving and Data Analysis","Measures of center","","Measures of center","Measures of center","","1","multiple_choice","","Five Eretmochelys imbricata, a type of sea turtle, each have a nest. The table shows an original data set of the number of eggs that each turtle laid in its nest. A sixth nest with 121 eggs is added to create a new data set. Which of the following correctly compares the means of the two data sets?","The mean of the original data set is greater than the mean of the new data set.","The mean of the original data set is less than the mean of the new data set.","The means of both data sets are equal.","There is not enough information to compare the means.","A","1","Choice A is correct. It’s given that the table shows an original data set of 5 values. It’s also given that a sixth value is added to create a new data set. The new data set consists of the 5 values in the original data set and one additional value, 121. Since the additional value, 121, is less than any value in the original data set, the mean of the original data set is greater than the mean of the new data set.

Choice B is incorrect and may result from conceptual or calculation errors. Choice C is incorrect and may result from conceptual or calculation errors. Choice D is incorrect and may result from conceptual or calculation errors.","","table","{}","| Nest | Number of eggs |
|---|---:|
| A | 149 |
| B | 144 |
| C | 148 |
| D | 136 |
| E | 139 |","","","","","Measures of center","","import,pdf,section:MATH,source:sat-practice-test-5-digital.pdf,page:47,source_q:15,test:5,fixed:table_extraction"
"SAT_IMPORTED","pdf_import_v1","import_batch_005","","SAT5_MATH_M2_Q13","MATH","2","hard","13","Geometry and Trigonometry","Triangle angle relationships","","Triangle angle relationships","Triangle angle relationships","","1","multiple_choice","","In △RST, the measure of ∠R is 63°. Which of the following could be the measure, in degrees, of ∠S?","116","118","126","180","A","1","Choice A is correct. The sum of the measures of the angles of a triangle is 180°. Therefore, the sum of the measures of +R , +S , and +T is 180°. It’s given that the measure of +R is 63°. It follows that the sum of the measures of +S and +T is ^180 - 63h° , or 117°. Therefore, the measure of +S , in degrees, must be less than 117. Of the given choices, only 116 is less than 117. Thus, the measure, in degrees, of +S could be 116.

Choice B is incorrect. If the measure of +S is 118°, then the sum of the measures of the angles of the triangle is greater than, not equal to, 180°. Choice C is incorrect. If the measure of +S is 126°, then the sum of the measures of the angles of the triangle is greater than, not equal to, 180°. Choice D is incorrect. This is the sum of the measures of the angles of a triangle, in degrees.","","none","{}","","","","","","Triangle angle relationships","","import,pdf,section:MATH,source:sat-practice-test-5-digital.pdf,page:47,source_q:16,test:5"
"SAT_IMPORTED","pdf_import_v1","import_batch_005","","SAT5_MATH_M2_Q14","MATH","2","hard","14","Advanced Math","Equivalent polynomial expressions","","Equivalent polynomial expressions","Equivalent polynomial expressions","","1","multiple_choice","","Which expression is equivalent to (8x³ + 8) −(x³ −2)?","8x³ + 6","7x³ + 10","8x³ + 10","7x³ + 6","B","2","Choice B is correct. The given expression is equivalent to 8x 3 + 8 - x 3 - ^-2h, or 8x 3 + 8 - x 3 + 2. Combining like terms in this expression yields 7x 3 + 10.

Choice A is incorrect. This expression is equivalent to ^8x 3 + 8h - 2, not ^8x 3 + 8h - ^x 3 - 2h. Choice C is incorrect. This expression is equivalent to ^8x 3 + 8h - ^-2h, not ^8x 3 + 8h - ^x 3 - 2h. Choice D is incorrect. This expression is equivalent to ^8x 3 + 8h - ^x 3 + 2h, not ^8x 3 + 8h - ^x 3 - 2h.","","none","{}","","","","","","Equivalent polynomial expressions","","import,pdf,section:MATH,source:sat-practice-test-5-digital.pdf,page:48,source_q:17,test:5"
"SAT_IMPORTED","pdf_import_v1","import_batch_005","","SAT5_MATH_M2_Q15","MATH","2","hard","15","Advanced Math","Nonlinear equations","","Nonlinear equations","Nonlinear equations","","1","multiple_choice","","If 4√(2x) = 16, what is the value of 6x?","24","48","72","96","B","2","Choice B is correct. Dividing each side of the given equation by 4 yields 2x = 4. Squaring both sides of this equation yields 2x = 16. Multiplying each side of this equation by 3 yields 6x = 48. Therefore, the value of 6x is 48.

Choice A is incorrect. This is the value of 3x , not 6x . Choice C is incorrect. This is the value of 9x , not 6x . Choice D is incorrect. This is the value of 12x , not 6x .","","none","{}","","","","","","Nonlinear equations","","import,pdf,section:MATH,source:sat-practice-test-5-digital.pdf,page:48,source_q:18,test:5"
"SAT_IMPORTED","pdf_import_v1","import_batch_005","","SAT5_MATH_M2_Q16","MATH","2","hard","16","Algebra","Systems of linear equations","","Systems of linear equations","Systems of linear equations","","1","student_response","","5y = 10x + 11
−5y = 5x − 21
The solution to the given system of equations is (x, y). What is the value of 30x?","","","","","","","The correct answer is 20. Adding the first equation to the second equation in the given system yields 5y - 5y = 10x + 5x + 11 - 21, or 0 = 15x - 10. Adding 10 to both sides of this equation yields 10 = 15x . Multiplying both sides of this equation by 2 yields 20 = 30x . Therefore, the value of 30x is 20.","","none","{}","","","numeric","20","0","Systems of linear equations","","import,pdf,section:MATH,source:sat-practice-test-5-digital.pdf,page:48,source_q:20,test:5"
"SAT_IMPORTED","pdf_import_v1","import_batch_005","","SAT5_MATH_M2_Q17","MATH","2","hard","17","Geometry and Trigonometry","Circles and right triangles","","Circles and right triangles","Circles and right triangles","","1","student_response","","A rectangle is inscribed in a circle, such that each vertex of the rectangle lies on the circumference of the circle. The diagonal of the rectangle is twice the length of the shortest side of the rectangle. The area of the rectangle is 1,089 3 square units. What is the length, in units, of the diameter of the circle?","","","","","","","The correct answer is 66. It’s given that each vertex of the rectangle lies on the circumference of the circle. Therefore, the length of the diameter of the circle is equal to the length of the diagonal of the rectangle. The diagonal of a rectangle forms a right triangle with the shortest and longest sides of the rectangle, where the shortest side and the longest side of the rectangle are the legs of the triangle and the diagonal of the rectangle is the hypotenuse of the triangle. Let s represent the length, in units, of the shortest side of the rectangle. Since it’s given that the diagonal is twice the length of the shortest side, 2s represents the length, in units, of the diagonal of the rectangle. By the Pythagorean theorem, if a right triangle has a hypotenuse with length c and legs with lengths a and b, then a 2 + b 2 = c 2 . Substituting s for a and 2s for c in this equation yields s 2 + b 2 =^2sh2 , or s 2 + b 2 = 4s 2 . Subtracting s 2 from both sides of this equation yields b 2 = 3s 2 . Taking the positive square root of both sides of this equation yields b = s 3 . Therefore, the length, in units, of the rectangle’s longest side is s 3. The area of a rectangle is the product of the length of the shortest side and the length of the longest side. The lengths, in units, of the shortest and longest sides of the rectangle are represented by s and s 3, and it’s given that the area of the rectangle is 1,089 3 square units. It follows that 1,089 3 = s ^s 3h, or 1,089 3 = s 2 3 . Dividing both sides of this equation by 3 yields 1,089 = s 2 . Taking the positive square root of both sides of this equation yields 33= s. Since the length, in units, of the diagonal is represented by 2s, it follows that the length, in units, of the diagonal is 2 ^33h, or 66. Since the length of the diameter of the circle is equal to the length of the diagonal of the rectangle, the length, in units, of the diameter of the circle is 66.","","none","{}","","","numeric","66","0","Circles and right triangles","","import,pdf,section:MATH,source:sat-practice-test-5-digital.pdf,page:49,source_q:21,test:5"
"SAT_IMPORTED","pdf_import_v1","import_batch_005","","SAT5_MATH_M2_Q18","MATH","2","hard","18","Advanced Math","Equivalent rational expressions","","Equivalent rational expressions","Equivalent rational expressions","","1","multiple_choice","","Which expression is equivalent to 42a/k + 42ak, where k > 0?","84a/k","84ak²/k","42a(k + 1)/k","42a(k² + 1)/k","D","4","Choice D is correct. Two fractions can be added together when they have a common denominator. Since k 2 0, multiplying the second term in the given ^42akhk expression by kk yields , which is equivalent to 42kak . Therefore, the

k expression 42k a + 42ak can be written as 42k a + 42kak which is equivalent to

42a + 42ak 2 k . Since each term in the numerator of this expression has a factor of 42a + 42ak 2 42a^1h+42a^k 2h 42a^1+ k 2h 42a, the expression k can be rewritten as k , or k , 42a^k 2 + 1h which is equivalent to k .

Choice A is incorrect. This expression is equivalent to 42k a + 42k a . Choice B is incorrect and may result from conceptual or calculation errors. Choice C is incorrect. This expression is equivalent to 42k a + 42a.","","none","{}","","","","","","Equivalent rational expressions","","import,pdf,section:MATH,source:sat-practice-test-5-digital.pdf,page:49,source_q:23,test:5"
"SAT_IMPORTED","pdf_import_v1","import_batch_005","","SAT5_MATH_M2_Q19","MATH","2","hard","19","Advanced Math","Quadratic equations","","Quadratic equations","Quadratic equations","","1","multiple_choice","","Which quadratic equation has no real solutions?","x² + 14x −49 = 0","x² −14x + 49 = 0","5x² −14x −49 = 0","5x² −14x + 49 = 0","D","4","Choice D is correct. The number of solutions to a quadratic equation in the form ax 2 + bx + c = 0, where a, b, and c are constants, can be determined by the value of the discriminant, b 2 - 4ac. If the value of the discriminant is greater than zero, then the quadratic equation has two distinct real solutions. If the value of the discriminant is equal to zero, then the quadratic equation has exactly one real solution. If the value of the discriminant is less than zero, then the quadratic equation has no real solutions. For the quadratic equation in choice D, 5x 2 - 14x + 49 = 0, a = 5, b =-14, and c = 49. Substituting 5 for a, -14 for b, and 49 for c in b 2 - 4ac yields ^-14h2 - 4 ^5h^49h, or -784. Since -784 is less than zero, it follows that the quadratic equation 5x 2 - 14x + 49 = 0 has no real solutions.

Choice A is incorrect. The value of the discriminant for this quadratic equation is 392. Since 392 is greater than zero, it follows that this quadratic equation has two real solutions. Choice B is incorrect. The value of the discriminant for this quadratic equation is 0. Since zero is equal to zero, it follows that this quadratic equation has exactly one real solution. Choice C is incorrect. The value of the discriminant for this quadratic equation is 1,176. Since 1,176 is greater than zero, it follows that this quadratic equation has two real solutions.","","none","{}","","","","","","Quadratic equations","","import,pdf,section:MATH,source:sat-practice-test-5-digital.pdf,page:49,source_q:24,test:5"
"SAT_IMPORTED","pdf_import_v1","import_batch_005","","SAT5_MATH_M2_Q20","MATH","2","hard","20","Advanced Math","Exponential functions","","Exponential functions","Exponential functions","","1","multiple_choice","","P(t) = 260(1.04)^((6/4)t)
The function P models the population, in thousands, of a certain city t years after 2003. According to the model, the population is predicted to increase by 4% every n months. What is the value of n?","8","12","18","72","A","1","Choice A is correct. It’s given that the function P models the population, in thousands, of a certain city t years after 2003. The value of the base of the given exponential function, 1.04, corresponds to an increase of 4% for every increase of 1 in the exponent, b 64 l t . If the exponent is equal to 0, then b 64 l t = 0. Multiplying both sides of this equation by b 46 l yields t = 0. If the exponent is equal to 1, then b 4 l t = 1. Multiplying both sides of this equation by b 6 l yields t = 6 , or t = 3 . 6 4 4 2

Therefore, the population is predicted to increase by 4% every 23 of a year. It’s given that the population is predicted to increase by 4% every n months. Since there are 12 months in a year, 23 of a year is equivalent to b 23 l`12j, or 8, months. Therefore, the value of n is 8.

Choice B is incorrect. This is the number of months in which the population is predicted to increase by 4% according to the model P ^t h= 260 ^1.04ht , not P ^t h= 260 ^1.04hc 4 mt . Choice C is incorrect. This is the number of months in which

the population is predicted to increase by 4% according to the model P ^t h= 260 ^1.04hc 6 mt , not P ^t h= 260 ^1.04hc 4 mt . Choice D is incorrect. This is the 4 6

number of months in which the population is predicted to increase by 4% according to the model P ^t h= 260 ^1.04hc 6 mt , not P ^t h= 260 ^1.04hc 4 mt . 1 6","","none","{}","","","","","","Exponential functions","","import,pdf,section:MATH,source:sat-practice-test-5-digital.pdf,page:50,source_q:25,test:5"
"SAT_IMPORTED","pdf_import_v1","import_batch_005","","SAT5_MATH_M2_Q21","MATH","2","hard","21","Geometry and Trigonometry","Circles","","Circles","Circles","","1","multiple_choice","","A circle in the xy-plane has its center at (−1, 1). Line t is tangent to this circle at the point (5, −4). Which of the following points also lies on line t?","(0, 6/5)","(4, 7)","(10, 2)","(11, 1)","C","3","Choice C is correct. It’s given that the circle has its center at ^-1, 1h and that line t is tangent to this circle at the point ^5, - 4h. Therefore, the points ^-1, 1h and ^5, - 4h are the endpoints of the radius of the circle at the point of tangency. The slope of a line or line segment that contains the points ^a, bh and ^c, dh can be calculated as d - b . Substituting ^-1, 1h for ^a, bh and ^5, - 4h for c-a ^c, dh in the expression d - b yields -4 - 1 , or - 5 . Thus, the slope of this radius is c-a ^ h 5 - -1 6 - 56 . A line that’s tangent to a circle is perpendicular to the radius of the circle at the point of tangency. It follows that line t is perpendicular to the radius at the point ^5, - 4h, so the slope of line t is the negative reciprocal of the slope of this radius. The negative reciprocal of - 56 is 65 . Therefore, the slope of line t is 65 . Since the slope of line t is the same between any two points on line t, a point lies on line t if the slope of the line segment connecting the point and ^5, - 4h is 65 . Substituting choice C, ^10, 2h, for ^a, bh and ^5, - 4h for ^c, dh in the expression d-b c-a yields - 4-2 5 - 10 , or 65 . Therefore, the point ^10, 2h lies on line t.

Choice A is incorrect. The slope of the line segment connecting b0, 65 l and ^5, - 4h is -4 - 5 , or - 26 , not 6 . Choice B is incorrect. The slope of the line 5-0 25 5 segment connecting ^4, 7h and ^5, - 4h is -54--47 , or -11, not 65 . Choice D is incorrect. The slope of the line segment connecting ^11, 1h and ^5, - 4h is - 4-1 5 - 11 , or 6 , not 5 . 5 6","","none","{}","","","","","","Circles","","import,pdf,section:MATH,source:sat-practice-test-5-digital.pdf,page:50,source_q:26,test:5"
"SAT_IMPORTED","pdf_import_v1","import_batch_005","","SAT5_MATH_M2_Q22","MATH","2","hard","22","Problem-Solving and Data Analysis","Ratios and units","","Ratios and units","Ratios and units","","1","student_response","","For an electric field passing through a flat surface perpendicular to it, the electric flux of the electric field through the surface is the product of the electric field’s strength and the area of the surface. A certain flat surface consists of two adjacent squares, where the side length, in meters, of the larger square is 3 times the side length, in meters, of the smaller square. An electric field with strength 29.00 volts per meter passes uniformly through this surface, which is perpendicular to the electric field. If the total electric flux of the electric field through this surface is 4,640 volts · meters, what is the electric flux, in volts · meters, of the electric field through the larger square?","","","","","","","The correct answer is 4,176. It’s given that the side length of the larger square is 3 times the side length of the smaller square. This means that the area of the larger square is 3 2 , or 9, times the area of the smaller square. If the area of the smaller square is represented by x, then the area of the larger square can be represented by 9x . Therefore, the flat surface of the two adjacent squares has a total area of x + 9x , or 10x . It’s given that an electric field with strength 29.00 volts per meter passes uniformly through this surface and the total electric flux of the electric field through this surface is 4,640 volts $ meters. Since it’s given that the electric flux is the product of the electric field’s strength and the area of the surface, the equation 29.00 ^10xh= 4,640, or 290x = 4,640, can be used to represent this situation. Dividing each side of this equation by 290 yields x = 16. Substituting 16 for x in the expression for the area of the larger square, 9x , yields 9 ^16h, or 144, square meters. Since the area of the larger square is 144 square meters, the electric flux, in volts $ meters, of the electric field through the larger square can be determined by multiplying the area of the larger square by the strength of the electric field. Thus, the electric flux is `144 square metersjb 29meter .00 volts l, or 4,176 volts $ meters.","","none","{}","","","numeric","4176","0","Ratios and units","","import,pdf,section:MATH,source:sat-practice-test-5-digital.pdf,page:50,source_q:27,test:5"
