"test_id","exam_version","generation_batch_id","target_score_band","question_id","section","module","route","question_number","content_domain","skill_group","skill_code","skill_label","question_topic","difficulty","scoring_weight","question_type","passage","question","choice_a","choice_b","choice_c","choice_d","correct_answer","correct_choice_index","explanation","time_estimate_sec","visual_type","visual_json","table_markdown","equation_latex","student_response_type","correct_numeric_answer","answer_tolerance","primary_skill","secondary_skill","tags"
"SAT_PRACTICE_TEST_6","digital_nondigital_pdf","frompdf_6","","SAT6_RW_M1_Q01","RW","1","base","1","Craft and Structure","Words in Context","RW.WIC","Words in Context","Words in Context","","1","multiple_choice","Though not closely related, the hedgehog tenrecs of Madagascar share basic _______ true hedgehogs, including protective spines, pointed snouts, and small body size—traits the two groups of mammals independently developed in response to equivalent roles in their respective habitats.","Which choice completes the text with the most logical and precise word or phrase?","examples of","concerns about","indications of","similarities with","D","4","Choice D is the best answer because in context, sharing “similarities with” means having some resemblance to. The text establishes a comparison between two groups of mammals, stating that although they aren’t closely related, hedgehog tenrecs and true hedgehogs play similar roles in their habitats, a circumstance that has resulted in the independent development of some of the same physical traits. This context supports the idea that hedgehog tenrecs resemble, or share basic similarities with, true hedgehogs in some respects. Choice A is incorrect because the text doesn’t suggest that hedgehog tenrecs are “examples of,” or representative of, true hedgehogs. The text states despite some shared physical traits, the two groups of mammals aren’t closely related; therefore, hedgehog tenrecs can’t be examples of true hedgehogs. Choice B is incorrect because in this context, “concerns about” would mean worries about or interests in. The text focuses on the various physical traits that hedgehog tenrecs and true hedgehogs share. There’s nothing in the text to suggest why hedgehog tenrecs would be worried about true hedgehogs, or why they would be interested in them. Choice C is incorrect because in this context, “indications of” would mean evidence of. By listing a set of traits that hedgehog tenrecs share with true hedgehogs, the text establishes a comparison between the two groups of mammals, and saying that the traits shared within one group of mammals provide evidence of another group of mammals wouldn’t be an effective way to establish the similarities between the two groups.","","none","{}","","","","","","Words in Context","","import,pdf,section:RW,source:sat-practice-test-6-digital.pdf,page:4,source_question:1"
"SAT_PRACTICE_TEST_6","digital_nondigital_pdf","frompdf_6","","SAT6_RW_M1_Q02","RW","1","base","2","Craft and Structure","Words in Context","RW.WIC","Words in Context","Words in Context","","1","multiple_choice","In editor Lisa Yaszek’s introduction to her anthology The Future Is Female! More Classic Science Fiction Stories by Women, Yaszek identifies an increasing sense of _______ feminist mode of writing in the 1970s, in contrast to many woman-authored science fiction stories of the 1920s to 1960s whose politics were less deliberately signaled.","Which choice completes the text with the most logical and precise word or phrase?","a prudently","an overtly","a cordially","an inadvertently","B","2","Choice B is the best answer because it most logically completes the text’s discussion of Yaszek’s introduction to her science fiction anthology. In this context “overtly” means openly or without concealment. The text draws a contrast between the lack of “deliberately signaled” political themes in women- authored science fiction from the 1920s to the 1960s and what Yaszek notes about women-authored science fiction from the 1970s. This contrast implies that the work from the 1970s did clearly reflect feminist political themes. In other words, the text indicates that unlike women who wrote science fiction in the 1920s to the 1960s, the women who wrote science fiction in the 1970s expressed overtly feminist themes. Choice A is incorrect. In this context “prudently” would mean cautiously, which might plausibly describe the women who wrote science fiction from the 1920s to the 1960s, in that they tended to avoid revealing their political views; however, the text contrasts these authors with the women writing science fiction in the 1970s, thereby suggesting that the authors writing in the 1970s were not restrained in that way. Choice C is incorrect because in this context “cordially” would mean politely, and nothing in the text indicates that politeness was a significant factor for women writing science fiction either from the 1920s to the 1960s or in the 1970s. The text draws a contrast between the lack of “deliberately signaled” political themes in women-authored science fiction from the 1920s to the 1960s and what Yaszek notes about women-authored science fiction from the 1970s. It’s unclear how “less deliberately signaled” politics and an increasing sense of politeness toward feminism would constitute a meaningful contrast. Choice D is incorrect because in this context, “inadvertently” would mean unintentionally, and nothing in the text suggests that Yaszek thought the feminist elements of the women-authored science fiction from the 1970s arose without deliberate effort.","","none","{}","","","","","","Words in Context","","import,pdf,section:RW,source:sat-practice-test-6-digital.pdf,page:4,source_question:2"
"SAT_PRACTICE_TEST_6","digital_nondigital_pdf","frompdf_6","","SAT6_RW_M1_Q03","RW","1","base","3","Craft and Structure","Words in Context","RW.WIC","Words in Context","Words in Context","","1","multiple_choice","_______ the long-standing trend of overemphasizing teenagers and young adults in research on social media use, scholars have recently begun to expand their focus to include the fastest-growing cohort of social media users: senior citizens.","Which choice completes the text with the most logical and precise word or phrase?","Exacerbating","Redressing","Epitomizing","Precluding","B","2","Choice B is the best answer because it most logically completes the text’s discussion about research into social media use. In context, “redressing” means remedying or compensating for. The text indicates that there is a long-standing trend of overemphasizing teenagers and young adults in studies of social media use. It goes on to say that scholars have recently broadened the kinds of social media users they study by including senior citizens. This suggests that scholars are redressing the long-standing trend of overemphasis on younger users by studying older users as well. Choice A is incorrect because “exacerbating” means making worse or aggravating, which would not make logical sense in context. Expanding the focus of studies of social media use to include senior citizens would not make the long-standing trend of overemphasizing teenagers and young adults in studies of social media use worse; instead, it would help to remedy this trend. Choice C is incorrect because “epitomizing” means illustrating or providing an example, which would not make logical sense in context. Expanding the groups of social media users that scholars study to include senior citizens would not provide an example of the long-standing trend of overemphasizing teenagers and young people in research on social media use. Choice D is incorrect because “precluding” means making impossible in advance or preventing, which would not make logical sense in context. The text indicates that there is a long-standing trend of overemphasizing teenagers and young adults in social media research. Expanding the focus of social media research to include senior citizens, as the text indicates scholars have begun to do, could help to rectify the trend, but it could not prevent the trend or make the trend impossible in advance, since the trend started long before scholars started expanding their focus.","","none","{}","","","","","","Words in Context","","import,pdf,section:RW,source:sat-practice-test-6-digital.pdf,page:5,source_question:3"
"SAT_PRACTICE_TEST_6","digital_nondigital_pdf","frompdf_6","","SAT6_RW_M1_Q04","RW","1","base","4","Craft and Structure","Words in Context","RW.WIC","Words in Context","Words in Context","","1","multiple_choice","The following text is adapted from James Baldwin’s 1956 novel Giovanni’s Room. The narrator is riding in a taxi down a street lined with food vendors and shoppers in Paris, France.

The multitude of Paris seems to be dressed in blue every day but Sunday, when, for the most part, they put on an unbelievably festive black. Here they were now, in blue, <u>disputing</u>, every inch, our passage, with their wagons, handtrucks, their bursting baskets carried at an angle steeply self-confident on the back.","As used in the text, what does the word “disputing” most nearly mean?","Arguing about","Disapproving of","Asserting possession of","Providing resistance to","D","4","Choice D is the best answer because as used in the text, “disputing” most nearly means providing resistance to. The narrator is in a taxi as it drives down a street lined with so many food vendors and shoppers that the narrator describes them as “the multitude of Paris,” meaning an immense group of people. The street is essentially a large open-air market, and there are so many people pushing small wagons of goods and carrying shopping baskets that “every inch” of the taxi’s progress is impeded. In other words, the people are providing resistance to the taxi’s attempt to drive down the street. Choice A is incorrect. Although in some contexts, “disputing” can mean arguing, the narrator doesn’t portray the shoppers and vendors as arguing with the driver of the taxi or, indeed, arguing at all. Choice B is incorrect. Although in some contexts, “disputing” can mean expressing disapproval, the narrator doesn’t suggest that the shoppers and vendors necessarily disapprove of the taxi’s attempt to drive down the street. Instead, their combined presence along the street has the effect of impeding the taxi’s progress. Choice C is incorrect because, as the narrator explains, both the multitude of people and the taxi are using a public space (a street) at the same time. The narrator doesn’t go so far as to suggest that the people feel that they, and not the taxi, possess exclusive access to the street.","","none","{}","","","","","","Words in Context","","import,pdf,section:RW,source:sat-practice-test-6-digital.pdf,page:5,source_question:4"
"SAT_PRACTICE_TEST_6","digital_nondigital_pdf","frompdf_6","","SAT6_RW_M1_Q05","RW","1","base","5","Craft and Structure","Words in Context","RW.WIC","Words in Context","Words in Context","","1","multiple_choice","While recent scholarship has undermined claims that the works of twelfth-century Islamic philosopher Ibn Rushd were _______ other Muslim philosophers of his time, it is indisputable that his location in the Muslim-ruled area of what is now Spain meant that his works were primarily available thousands of miles west of the era’s center of Islamic thought.","Which choice completes the text with the most logical and precise word or phrase?","controversial among","antagonistic toward","imitated by","inconsequential to","D","4","Choice D is the best answer because it most logically completes the text’s discussion of the twelfth-century Islamic philosopher Ibn Rushd. As used in this context, “inconsequential to” means not significant to. According to the text, Ibn Rushd’s works were primarily available in Spain, where he lived, far from central areas of the Muslim world, a fact that could support the conclusion that his influence on Muslim contemporaries was limited. The text implies, however, that recent scholarship has shown that his works still had an impact on other Muslim philosophers of his time. This context supports the idea that his works weren’t inconsequential to Islamic thought in this period. Choice A is incorrect because the issue under consideration in the text is whether other Muslim philosophers of Ibn Rushd’s time had access to his works, not whether his works were “controversial among,” or causing dispute among, other philosophers. Choice B is incorrect. The text implies that other Muslim philosophers of Ibn Rushd’s era were aware of his works, not that they were “antagonistic toward,” or hostile toward, them. There is no suggestion that Ibn Rushd’s writings elicited hostility from his contemporaries. Choice C is incorrect because in this context, “imitated by” would mean followed as a model by. Although the text implies that Ibn Rushd’s works were at least somewhat available in regions that were at the center of Islamic thought during the period, it doesn’t specifically address in what ways his works influenced contemporary Muslim philosophers. Thus, the text doesn’t support the idea that other philosophers modeled their own works after Ibn Rushd’s works.","","none","{}","","","","","","Words in Context","","import,pdf,section:RW,source:sat-practice-test-6-digital.pdf,page:5,source_question:5"
"SAT_PRACTICE_TEST_6","digital_nondigital_pdf","frompdf_6","","SAT6_RW_M1_Q06","RW","1","base","6","Craft and Structure","Text Structure and Purpose","RW.TSP","Text Structure and Purpose","Text Structure and Purpose","","1","multiple_choice","When classical pianist Martha Argerich performs, it appears as if the music is coming to her spontaneously. She’s highly skilled technically, but because of how freely she plays and her willingness to take risks, she seems relaxed and natural. Her apparent ease, however, is due to a tremendous amount of preparation. Despite Argerich’s experience and virtuosity, she never takes for granted that she knows a piece of music. Instead, she approaches the music as if encountering it for the first time and tries to understand it anew.","Which choice best states the main purpose of the text?","To provide details about how Argerich identifies which pieces of music she will perform","To assert that Argerich’s performances look effortless because of how she prepares for them","To discuss the kinds of music Argerich feels most comfortable encountering for the first time","To describe the unique way that Argerich approaches music she hasn’t performed before","B","2","Choice B is the best answer because it most accurately describes the main purpose of the text, which is to establish that pianist Martha Argerich’s performances appear easy because of her work to prepare for them. The text begins by stating that Argerich plays in such a way that it looks like the music is coming to her naturally in the moment, without planning. It goes on to point out that despite her skill and experience, Argerich works tirelessly and treats each piece of music as if it is new each time she performs it, and that it is this preparation that causes her playing to appear relaxed and natural. These details establish that the purpose of the text is to assert that Argerich’s performances look effortless because of how she prepares for them. Choice A is incorrect because the text doesn’t address how Argerich selects the music she’ll perform; instead, it describes how she approaches a piece of music in preparation for a performance. Choice C is incorrect because the text doesn’t discuss kinds of music beyond stating that Argerich is a classical pianist, and it doesn’t mention Argerich actually encountering any music for the first time; it indicates only that she approaches a piece of music she is going to perform as if she has never played it before. Choice D is incorrect because the text doesn’t mention music that Argerich is actually performing for the first time, only that Argerich approaches the pieces she performs as if they are new each time; further, the text doesn’t characterize this approach as unique, or something only Argerich does.","","none","{}","","","","","","Text Structure and Purpose","","import,pdf,section:RW,source:sat-practice-test-6-digital.pdf,page:6,source_question:7"
"SAT_PRACTICE_TEST_6","digital_nondigital_pdf","frompdf_6","","SAT6_RW_M1_Q07","RW","1","base","7","Craft and Structure","Text Structure and Purpose","RW.TSP","Text Structure and Purpose","Text Structure and Purpose","","1","multiple_choice","The following text is adapted from Herman Melville’s 1855 novel Israel Potter. Israel is a young man wandering through New England during the late eighteenth century.

He hired himself out for three months; at the end of that time to receive for his wages two hundred acres of land lying in New Hampshire. [...] His employer proving false to the contract in the matter of the land, and there being no law in the country to force him to fulfil it, Israel—<u>who, however brave-hearted, and even much of a dare-devil upon a pinch, seems nevertheless to have evinced, throughout many parts of his career, a singular patience and mildness</u> —was obliged to look round for other means of livelihood than clearing out a farm for himself in the wilderness.","Which choice best describes the function of the underlined portion in the text as a whole?","It implies that Israel treasures a particular characteristic of his personality when that characteristic should usually be regarded as a flaw.","It suggests that if not for a certain aspect of his character, Israel might not have been as easily thwarted in his ambition to establish a farm.","It shows why Israel would not have been able to undertake the enormous amount of labor necessary to run a farm even if he had owned the necessary property.","It explains why, when the situation requires it, Israel is able to undertake courageous acts that others would generally avoid.","B","2","Choice B is the best answer because it best describes the function of the underlined portion in the text as a whole. The text describes the failed attempt of Israel Potter to establish a farm in New England during the late eighteenth century: according to his contract, he was to receive two hundred acres in exchange for three months’ work, but his employer then refused to fulfill the bargain and Israel had no recourse to law to obtain the land he was owed. Israel was therefore forced to find another means of supporting himself. To explain why Israel was particularly susceptible to his employer’s dishonesty, the underlined portion states that though Israel was “brave-hearted, and even much of a dare-devil upon a pinch,” he also possessed “a singular patience and mildness.” In other words, Israel could be courageous in certain circumstances, but he was usually meek and disinclined to argument, from which it is reasonable to infer that Israel was often taken advantage of. Thus, the underlined portion suggests that if not for a certain aspect of his character, Israel might not have been as easily thwarted in his ambition to establish a farm. Choice A is incorrect because although the underlined portion describes aspects of Israel’s personality, it does not address how he feels about his own personality. Choice C is incorrect because the underlined portion addresses Israel’s occasional courage and frequent meekness but does not address whether he would have the skills and resolve necessary to operate a farm if he owned sufficient property. Choice D is incorrect. Though the underlined portion does indicate that Israel could be courageous in certain circumstances, it does not say that he undertook acts of courage that others avoided, but rather that he was habitually meek. Even if the underlined portion did say that Israel was more courageous than most, this would not explain why he found himself under the circumstances described in the text—that is, as a consequence of his meek nature, cheated of the property to which he had a right.","","none","{}","","","","","","Text Structure and Purpose","","import,pdf,section:RW,source:sat-practice-test-6-digital.pdf,page:7,source_question:8"
"SAT_PRACTICE_TEST_6","digital_nondigital_pdf","frompdf_6","","SAT6_RW_M1_Q08","RW","1","base","8","Craft and Structure","Cross-Text Connections","RW.CTC","Cross-Text Connections","Cross-Text Connections","","1","multiple_choice","Text 1:
In 1954 George Balanchine choreographed a production of The Nutcracker, a ballet by Pyotr Ilyich Tchaikovsky. It has since become a tradition for hundreds of dance companies in North America to stage The Nutcracker each year. <u>But the show is stuck in the past, with an old-fashioned story and references, so it should no longer be produced.</u> Ballet needs to create new traditions if it wants to stay relevant to contemporary audiences.

Text 2:
The Nutcracker is outdated, but it should be kept because it’s a holiday favorite and provides substantial income for some dance companies. Although it can be behind the times, there are creative ways to update the show. For example, Debbie Allen successfully modernized the story. Her show Hot Chocolate Nutcracker combines ballet, tap, hip-hop, and other styles, and it has been gaining in popularity since it opened in 2009.","Based on the texts, how would the author of Text 2 most likely respond to the underlined claim in Text 1?","By questioning the idea that the story of The Nutcracker is stuck in the past and by rejecting the suggestion that contemporary audiences would enjoy an updated version","By agreeing that contemporary audiences have largely stopped going to see performances of The Nutcracker because it’s so old-fashioned","By pointing out that most dance companies could increase their incomes by offering modernized versions of The Nutcracker","By suggesting that dance companies should consider offering revised versions of The Nutcracker instead of completely rejecting the show","D","4","Choice D is the best answer because it reflects how the author of Text 2 would most likely respond to the underlined claim in Text 1. Text 1 begins by noting the success of The Nutcracker but then claims that the ballet is “stuck in the past” and should “no longer be produced.” Text 2 begins by conceding that The Nutcracker is indeed outdated but argues that it should continue to be performed, states that the show can be updated to include more contemporary dance styles, and provides an example of one such modernized version, Hot Chocolate Nutcracker. Hence, the author of Text 2 would most likely respond to the underlined claim in Text 1 by suggesting that dance companies should consider offering revised versions of The Nutcracker instead of completely rejecting the show. Choice A is incorrect because the author of Text 2 advocates for using creative ways to update The Nutcracker and therefore wouldn’t respond to the underlined claim by rejecting the suggestion that contemporary audiences would enjoy an updated version. Choice B is incorrect because although the authors of both texts claim that The Nutcracker is outdated, neither text suggests that contemporary audiences have largely stopped attending productions of the show. On the contrary, Text 2 states that The Nutcracker is a holiday favorite and generates substantial income for some dance companies. Choice C is incorrect because although Text 2 provides an example of a contemporized version of The Nutcracker, the text doesn’t suggest that offering modernized versions is a way to increase income for most dance companies. Rather, the author of Text 2 suggests that offering modernized versions is a way to make the ballet discussed in Text 1 feel less outdated.","","none","{}","","","","","","Cross-Text Connections","","import,pdf,section:RW,source:sat-practice-test-6-digital.pdf,page:7,source_question:9"
"SAT_PRACTICE_TEST_6","digital_nondigital_pdf","frompdf_6","","SAT6_RW_M1_Q09","RW","1","base","9","Information and Ideas","Central Ideas and Details","RW.CID","Central Ideas and Details","Central Ideas and Details","","1","multiple_choice","To understand how Paleolithic artists navigated dark caves, archaeologist Ma Ángeles Medina-Alcaide and her team tested different lighting methods in a cave in Spain using replicas of artifacts found in European caves with art. They used three different Paleolithic light sources—torches, animal-fat lamps, and fireplaces—determining that each likely had a specific purpose. For instance, the team learned that the animal-fat lamps were less useful than torches while walking because the lamps didn’t illuminate the cave floor.","Which choice best states the main idea of the text?","Medina-Alcaide and her team’s study demonstrated that fireplaces were essential to the creators of Paleolithic cave art.","Medina-Alcaide and her team discovered that Paleolithic cave artists in Spain used animal-fat lamps more often than they used torches.","Medina-Alcaide and her team were reluctant to draw many conclusions from their study because of the difficulty they had replicating light sources based on known artifacts.","Medina-Alcaide and her team tested Paleolithic light sources and learned some details about how Paleolithic artists traveled within dark caves.","D","4","Choice D is the best answer because it most accurately states the main idea of the text. The text indicates that archaeologist Mª Ángeles Medina-Alcaide and her team used replicas of Paleolithic light sources to understand how Paleolithic artists moved through dark caves. The researchers learned, for example, that torches were more helpful for moving through caves than animal-fat lamps were. Thus, the main idea of the text is that Medina-Alcaide and her team tested Paleolithic light sources and learned some details about how Paleolithic artists traveled within dark caves. Choice A is incorrect because the text doesn’t address the usefulness of fireplaces for Paleolithic cave artists; it only mentions fireplaces briefly as one of the three lighting methods the researchers tested. Choice B is incorrect because the text doesn’t discuss how often Paleolithic cave artists used each kind of light source tested. Although the text does compare animal-fat lamps with another lighting method, the point of that comparison is that animal-fat lamps were less useful than torches when walking, not that one method was used more often than another. Choice C is incorrect because the text doesn’t discuss either how difficult it was for Medina-Alcaide and her team to replicate light sources or how the team felt about drawing conclusions from their study. Instead, the text reveals that the team was able to conclude that each light source likely had a distinct purpose.","","none","{}","","","","","","Central Ideas and Details","","import,pdf,section:RW,source:sat-practice-test-6-digital.pdf,page:8,source_question:10"
"SAT_PRACTICE_TEST_6","digital_nondigital_pdf","frompdf_6","","SAT6_RW_M1_Q10","RW","1","base","10","Information and Ideas","Command of Evidence","RW.COE","Command of Evidence","Command of Evidence","","1","multiple_choice","A student is using the table as part of a social studies class presentation on the US auto industry in the early twentieth century. The student notes that, according to the table, from 1910 to 1925 _______","Which choice most effectively uses data from the table to complete the statement?","the number of cars produced increased but the number of companies producing cars decreased.","both the number of cars produced and the number of companies producing cars remained unchanged.","the number of cars produced decreased but the number of companies producing cars remained unchanged.","both the number of cars produced and the number of companies producing cars increased.","A","1","Choice A is the best answer because it most effectively uses data from the table to complete the statement about the US auto industry in the early twentieth century. The table shows the number of cars produced annually and number of companies producing cars in the United States between 1910 and 1925 in increments of five years. According to the table, the number of cars produced consistently increased from one increment to the next, going from 123,990 cars in 1910 to 3,185,881 cars in 1925. At the same time, the table shows that the number of companies producing cars consistently decreased, going from 320 companies in 1910 to only 80 companies in 1925. Thus, the table shows that the number of cars produced increased from 1910 to 1925, even as the number of companies producing cars decreased. Choice B is incorrect. The table shows that the number of cars produced in the US increased, going from 123,990 in 1910 to 3,185,881 in 1925, instead of remaining unchanged, and the table also shows that the number of companies producing cars decreased from 320 to 80 instead of remaining unchanged. Choice C is incorrect because the table indicates that the number of cars produced consistently increased from 1910 to 1925, going from 123,990 cars to 3,185,881 cars, instead of decreasing; moreover, the table shows that the number of companies producing cars from 1910 to 1925 declined from 320 to 80 instead of remaining unchanged. Choice D is incorrect because the table indicates that the number of companies producing cars consistently decreased from 1910 to 1925, going from 320 companies to only 80 companies.","","table","{}","| Year | Number of cars produced | Number of companies producing cars |
|---:|---:|---:|
| 1910 | 123,990 | 320 |
| 1915 | 548,139 | 224 |
| 1920 | 1,651,625 | 197 |
| 1925 | 3,185,881 | 80 |","","","","","Command of Evidence","","import,pdf,section:RW,source:sat-practice-test-6-digital.pdf,page:8,source_question:11"
"SAT_PRACTICE_TEST_6","digital_nondigital_pdf","frompdf_6","","SAT6_RW_M1_Q11","RW","1","base","11","Information and Ideas","Command of Evidence","RW.COE","Command of Evidence","Command of Evidence","","1","multiple_choice","External shopping cues are a type of marketing that uses obvious messaging—a display featuring a new product, for example, or a “buy one, get one free” offer—to entice consumers to make spontaneous purchases. In a study, data scientist Sam K. Hui and colleagues found that this effect can also be achieved with a less obvious cue: rearranging a store’s layout. The researchers explain that trying to find items in new locations causes shoppers to move through more of the store, exposing them to more products and increasing the likelihood that they’ll buy an item they hadn’t planned on purchasing.","Which response from a survey given to shoppers who made a purchase at a retail store best supports the researchers’ explanation?","“I needed to buy some cleaning supplies, but they weren’t in their regular place. While I was looking for them, I saw this interesting notebook and decided to buy it, too.”","“I didn’t buy everything on my shopping list today. I couldn’t find a couple of the items in the store, even though I looked all over for them.”","“The store sent me a coupon for anew brand of soup, so I came here to find out what kinds of soup that brand offers. I decided to buy a few cans because I had the coupon.”","“This store is larger than one that’s closer to where I live, and it carries more products. I came here to buy some things that the other store doesn’t always have.”","A","1","Choice A is the best answer because it best supports the researchers’ explanation of the results of rearranging a store’s layout. According to the text, Sam K. Hui and colleagues found that rearranging a store’s layout can encourage customers to make spontaneous purchases. The text states that the researchers explain that a change in layout causes shoppers to hunt for items’ new locations, which exposes the shoppers to more products and increases the likelihood that they’ll make an unplanned purchase. This quotation from a surveyed shopper indicates that the shopper spontaneously purchased a notebook while looking for cleaning supplies that weren’t in their usual place. The quotation therefore supports the researchers’ explanation that rearranging a store’s layout can lead shoppers to make unanticipated purchases. Choice B is incorrect because it doesn’t support the researchers’ explanation that rearranging a store’s layout can lead shoppers to make unanticipated purchases. Instead of attributing an unplanned purchase to a change in layout, the quotation notes that the shopper searched for but couldn’t find some items, and as a result the shopper purchased less, not more, than what was anticipated. Choice C is incorrect because the quotation attributes what was purchased to coupons that the shopper received, not to a new store layout. Thus, the quotation doesn’t support the researchers’ explanation that rearranging a store’s layout can lead shoppers to make unanticipated purchases. Choice D is incorrect because the quotation attributes what was purchased to the size and stock of the store, not to a new store layout. The shopper simply purchased products that the shopper wanted in a particular store because other stores didn’t carry those products, so the quotation doesn’t support the researchers’ explanation that rearranging a store’s layout can lead shoppers to make spontaneous purchases.","","none","{}","","","","","","Command of Evidence","","import,pdf,section:RW,source:sat-practice-test-6-digital.pdf,page:9,source_question:12"
"SAT_PRACTICE_TEST_6","digital_nondigital_pdf","frompdf_6","","SAT6_RW_M1_Q12","RW","1","base","12","Information and Ideas","Command of Evidence","RW.COE","Command of Evidence","Command of Evidence","","1","multiple_choice","The 2021 exhibition This Is the Day at Arkansas’s Crystal Bridges Museum of American Art featured works dealing with expressions of faith and spirituality in the Black community. The museum’s 2022 exhibition The Dirty South, meanwhile, focused on Black culture in the American South from 1920 to 2020, with a particular focus on the intersections between visual arts and music. Together, these exhibitions don’t merely highlight the diversity of the Black experience in the US; <u>they also showcase the diverse media through which artists have depicted and engaged with that experience.</u>","Which statement about the exhibitions, if true, would most directly support the underlined claim?","Between them, This Is the Day and The Dirty South included drawings, paintings, photographs, sculptures, textiles, videos, costumes, and music.","This Is the Day included works by fewer than two dozen artists, whereas The Dirty South included works by more than 80 artists.","This Is the Day exclusively included works in the permanent collection of the museum, whereas The Dirty South included works from multiple sources outside the museum.","Between them, This Is the Day and The Dirty South included works depicting more than 300 years of Black experience in the United States.","A","1","Choice A is the best answer because it presents a statement that, if true, would support the claim that the two exhibitions This Is the Day and The Dirty South showcase the diverse media artists have used to represent the Black experience in the US. The text describes the thematic focus of the two exhibitions: religious and spiritual expressions in the Black community and the connections between visual arts and music in Black culture in the American South between 1920 and 2020. If these exhibits included works created with many different materials and means of artistic expression (such as paint, textiles, sculptural stone, and musical forms), they would display how artists have portrayed and responded to the Black experience in the US as well as the variety of media that these artists have used to do so. Choice B is incorrect because it focuses on the number of artists whose works were included in the exhibitions, not on the means of expression that these artists have used. Therefore, the statement wouldn’t address the claim that the exhibits showcased the different media artists have used to represent the Black experience in the US. Choice C is incorrect because it focuses on how the works that were included in the exhibitions were sourced, not on the means of expression the artists whose works were featured have used. Therefore, the statement wouldn’t address the claim that the exhibits showcased the different media artists have used to represent the Black experience in the US. Choice D is incorrect. Although the statement focuses on similarities in the themes of the two exhibitions—that is, they both concern the Black experience in the US—it doesn’t mention the media that artists whose works were featured in the exhibitions have used to portray and respond to this experience.","","none","{}","","","","","","Command of Evidence","","import,pdf,section:RW,source:sat-practice-test-6-digital.pdf,page:9,source_question:13"
"SAT_PRACTICE_TEST_6","digital_nondigital_pdf","frompdf_6","","SAT6_RW_M1_Q13","RW","1","base","13","Information and Ideas","Command of Evidence","RW.COE","Command of Evidence","Command of Evidence","","1","multiple_choice","Under normal atmospheric pressure at Earth’s surface, water molecules form a tetrahedral network stabilized by hydrogen bonds between adjacent molecules. Extreme high pressure, such as can be found in deep ocean waters, destabilizes these bonds and compresses water’s structure, allowing water molecules within organisms to permeate proteins and impede crucial biological functions; yet deep-sea organisms known as piezophiles have adapted to extreme pressure. Studies have found a positive correlation between the depths that various piezophiles inhabit and concentrations of a compound called trimethylamine N-oxide (TMAO) in their muscle tissues, which has led a team of researchers to hypothesize that TMAO reduces water’s compressibility.","Which finding, if true, would most directly support the researchers’ hypothesis?","Water molecules are found to be impervious to TMAO even when the water molecules’ tetrahedral configuration has been distorted by high pressure.","Examination of TMAO’s molecular structure shows that TMAO molecules retain their shape even as pressure increases.","A positive correlation is found between concentrations of TMAO and the rate at which water’s molecular structure compresses as pressure increases.","Analysis of water’s molecular structure under high pressure reveals that hydrogen bonds are more stable when TMAO is present than when it is not.","D","4","Choice D is the best answer because it presents a finding that, if true, would support the researchers’ hypothesis that TMAO reduces water’s compressibility. The text explains that at great depths in the ocean, extreme pressure compresses the molecular structure of water by destabilizing the hydrogen bonds between adjacent molecules, thereby allowing water to penetrate proteins and harm the associated organisms. However, deep-sea organisms called piezophiles have adapted to live at these depths and previous studies show a positive correlation between the depth at which a piezophile species lives and the species’ level of the compound TMAO. Because this hypothesis links TMAO levels with reduced compressibility of water’s tetrahedral molecular structure, a finding that TMAO helps maintain the hydrogen bonds between water molecules under high pressure would strongly support that hypothesis. Choice A is incorrect. Although the researchers’ hypothesis suggests a relationship between TMAO and water molecules’ tetrahedral molecular structure, that relationship involves TMAO helping maintain water’s tetrahedral molecular structure under high pressure; as presented in the text, the hypothesis doesn’t contend that water molecules are impervious to, or incapable of being penetrated by, TMAO. Choice B is incorrect because the text discusses how the molecular structure of water, not TMAO, is compressed under extreme pressure and never addresses how TMAO might be affected by such pressure. Choice C is incorrect because the researchers’ hypothesis holds that water under extreme pressure is more resistant, not less, to being compressed when TMAO concentrations are higher. Moreover, the positive correlation mentioned in the text is between TMAO concentrations and the depths at which piezophiles live, not between concentrations of TMAO and the rate at which water’s molecular structure compresses as pressure increases.","","none","{}","","","","","","Command of Evidence","","import,pdf,section:RW,source:sat-practice-test-6-digital.pdf,page:11,source_question:16"
"SAT_PRACTICE_TEST_6","digital_nondigital_pdf","frompdf_6","","SAT6_RW_M1_Q14","RW","1","base","14","Information and Ideas","Inferences","RW.INF","Inferences","Inferences","","1","multiple_choice","The Cretaceous pterosaur Tupandactylus navigans is known for having an anomalously oversized head crest. Until an almost complete fossil skeleton was found in Brazil, paleontologists had been able to study only skull specimens from T. navigans, though it was presumed that, like other pterosaurs, the species’s primary form of locomotion was powered flight. Examining the fuller skeleton in 2016, Victor Beccari and his team determined that T. navigans had long hind legs, short wings, and an unusually long neck—characteristics that, combined with the creature’s large-crested head, would have made sustained flight difficult and walking upright relatively comfortable. Based on these findings the team suggests that T. navigans likely _______","Which choice most logically completes the text?","flew for longer distances than did other pterosaur species that had oversized head crests.","had longer wings than other pterosaur species considered to have been comfortable walking.","had a smaller head than researchers expected based on the earlier T. navigans skull specimens.","flew for shorter distances and spent more time walking than researchers previously thought.","D","4","Choice D is the best answer because it most logically completes the text’s discussion of the Cretaceous pterosaur Tupandactylus navigans. The text first describes what paleontologists initially speculated to be true of T. navigans based on observing only fossilized skulls of the pterosaur rather than complete skeletons—namely, that T. navigans had an oversized head crest and that, like other pterosaurs, its main mode of movement must have been flight. The text goes on to describe what researcher Victor Beccari and his team concluded based on studying a nearly complete fossilized skeleton of T. navigans, which provided additional information that fossilized skulls alone could not. Beccari and colleagues determined that T. navigans had long hind legs, short wings, and an unusually long neck, in addition to the oversized head crest previously observed by paleontologists. Taken together, these characteristics would have made sustained flight difficult and upright walking comfortable, which would make T. navigans different from other pterosaurs that moved mainly through flight. Thus, Beccari and colleagues suggest that previously held speculations of paleontologists are inaccurate: that instead of moving mainly through powered flight, T. navigans likely flew for shorter distances and spent more time walking than researchers previously thought. Choice A is incorrect because Beccari and his team determined, based on their examination of a nearly complete skeleton, that T. navigans would have found “sustained flight difficult,” which would differentiate it from most other pterosaurs that moved mainly through flight. Therefore, Beccari’s team would not suggest that T. navigans flew for longer distances than did other pterosaur species with large head crests. Choice B is incorrect because the fossilized skeleton studied by Beccari and colleagues was notable for its short wings, and because no indication in the text is made that other pterosaurs were thought by paleontologists to be comfortable walking. Therefore, Beccari’s team would not suggest that T. navigans had longer wings than other pterosaur species considered to have been comfortable walking. Choice C is incorrect because the text indicates that Beccari and his team agree with the paleontologists mentioned earlier in the text that T. navigans had a large-crested head. Therefore, Beccari’s team would not suggest that T. navigans had a smaller head than researchers previously expected.","","none","{}","","","","","","Inferences","","import,pdf,section:RW,source:sat-practice-test-6-digital.pdf,page:12,source_question:17"
"SAT_PRACTICE_TEST_6","digital_nondigital_pdf","frompdf_6","","SAT6_RW_M1_Q15","RW","1","base","15","Information and Ideas","Inferences","RW.INF","Inferences","Inferences","","1","multiple_choice","Consumer psychologists have theorized that the likelihood that people who identify as ethical consumers—meaning that they strive to purchase goods and services with positive or neutral social and ecological effects—will purchase a given product positively correlates with their perception of that product’s effects. In a recent study of the attitudes of self-identified ethical consumers toward purchasing a specific mobile phone coming to market, researchers found that, on average, study participants in their twenties rated the phone’s social and ecological effects much less positively than did participants in other age groups. All other things being equal, if consumer psychologists’ theory is correct, this finding suggests that _______","Which choice most logically completes the text?","the phone is less appealing to ethical consumers in their twenties than other similar phones on the market are.","ethical consumers in their twenties are less likely to purchase the phone than ethical consumers in other age groups are.","there is not a meaningful difference in the likelihood of purchasing the phone among ethical consumers in different age groups.","ethical consumers in their twenties are more likely than ethical consumers in other age groups to consider a phone’s social and ecological effects when deciding whether to purchase that phone.","B","2","Choice B is the best answer because it most logically completes the text’s discussion of a study involving ethical consumers. According to the text, ethical consumers are people who strive to purchase goods and services with positive or neutral effects on society and the environment. The text explains that consumer psychologists believe these consumers are more likely to purchase a product if its effects correspond better to their values. The text then introduces a study of ethical consumers’ attitudes toward a specific mobile phone, indicating that participants in their twenties had a less positive attitude toward the phone’s effects on society and the environment than participants in other age groups did. The text indicates that readers should assume there are no other differences between the participants in their twenties and those in other age groups. If the consumer psychologists’ theory is correct, as the text proposes, then the study’s finding suggests that ethical consumers in their twenties are less likely to purchase the phone than ethical consumers in other age groups are. Choice A is incorrect because the text mentions only the mobile phone used in the study and therefore provides no basis to compare participants’ attitudes toward that phone with their attitudes toward any other phone. Choice C is incorrect because the study’s finding suggests the contrary. The text indicates that study participants in their twenties had a less positive attitude toward the phone’s social and environmental effects than study participants in other age groups did. If the consumer psychologists’ theory is true, as the text proposes, then the study’s finding suggests that ethical consumers in their twenties are meaningfully less likely to purchase the phone than ethical consumers in other age groups are. Choice D is incorrect because there’s nothing in the text to suggest that ethical consumers in their twenties are more likely than ethical consumers in other age groups to consider a phone’s social and ecological effects when deciding whether to purchase it. Rather, the text’s discussion of people who identify as ethical consumers suggests that they all consider the social and ecological effects of products, regardless of age.","","none","{}","","","","","","Inferences","","import,pdf,section:RW,source:sat-practice-test-6-digital.pdf,page:12,source_question:18"
"SAT_PRACTICE_TEST_6","digital_nondigital_pdf","frompdf_6","","SAT6_RW_M1_Q16","RW","1","base","16","Standard English Conventions","Form, Structure, and Sense","RW.FSS","Form, Structure, and Sense","Form, Structure, and Sense","","1","multiple_choice","The Boston Saloon was one of the most popular African American–owned establishments in nineteenth-century Nevada. _______ by businessman William A.G. Brown, the saloon was known to offer elegant accommodations and an inclusive environment.","Which choice completes the text so that it conforms to the conventions of Standard English?","Created","Creates","Creating","Create","A","1","Choice A is the best answer. The convention being tested is the use of verb forms within a sentence. The nonfinite past participle “created” is correctly used to form a supplementary element that modifies the noun phrase “the saloon,” identifying who established the Boston Saloon. Choice B is incorrect because it results in an ungrammatical sentence. The finite present tense verb “creates” can’t be used in this way to form a supplementary element to modify the noun phrase “the saloon.” Choice C is incorrect because it results in an ungrammatical sentence. The nonfinite present participle “creating” can’t be used in this way to form a supplementary element to modify the noun phrase “the saloon.” Choice D is incorrect because it results in an ungrammatical sentence. The finite present tense verb “create” can’t be used in this way to form a supplementary element to modify the noun phrase “the saloon.”","","none","{}","","","","","","Form, Structure, and Sense","","import,pdf,section:RW,source:sat-practice-test-6-digital.pdf,page:13,source_question:19"
"SAT_PRACTICE_TEST_6","digital_nondigital_pdf","frompdf_6","","SAT6_RW_M1_Q17","RW","1","base","17","Standard English Conventions","Boundaries","RW.BND","Boundaries","Boundaries","","1","multiple_choice","Louise Bennett (1919–2006), also known as “Miss Lou,” was an influential Jamaican poet and folklorist. Her innovative poems _______ the use of Jamaican Creole (a spoken language) in literature.","Which choice completes the text so that it conforms to the conventions of Standard English?","popularized;","popularized,","popularized","popularized:","C","3","Choice C is the best answer. The convention being tested is punctuation use between a verb and an object. No punctuation is needed between the verb “popularized” and its object “the use of Jamaican Creole.” The object helps complete the idea of the verb—in this case, it explains what Louise Bennett popularized—and any punctuation between the two results in an ungrammatical sentence. Choice A is incorrect because no punctuation is needed between the verb and its object. Choice B is incorrect because no punctuation is needed between the verb and its object. Choice D is incorrect because no punctuation is needed between the verb and its object.","","none","{}","","","","","","Boundaries","","import,pdf,section:RW,source:sat-practice-test-6-digital.pdf,page:13,source_question:20"
"SAT_PRACTICE_TEST_6","digital_nondigital_pdf","frompdf_6","","SAT6_RW_M1_Q18","RW","1","base","18","Standard English Conventions","Form, Structure, and Sense","RW.FSS","Form, Structure, and Sense","Form, Structure, and Sense","","1","multiple_choice","“He was just the man for such a place, and it was just the place for such a man.” This line is from Frederick Douglass’s autobiography Narrative of the Life of Frederick Douglass (1845). It’s an example of antimetabole, a writing technique that _______ emphasis by repeating a statement in a reversed order.","Which choice completes the text so that it conforms to the conventions of Standard English?","create","are creating","have created","creates","D","4","Choice D is the best answer. The convention being tested is subject-verb agreement. The singular verb “creates” agrees in number with the singular subject “technique.” Choice A is incorrect because the plural verb “create” doesn’t agree in number with the singular subject “technique.” Choice B is incorrect because the plural verb “are creating” doesn’t agree in number with the singular subject “technique.” Choice C is incorrect because the plural verb “have created” doesn’t agree in number with the singular subject “technique.”","","none","{}","","","","","","Form, Structure, and Sense","","import,pdf,section:RW,source:sat-practice-test-6-digital.pdf,page:13,source_question:21"
"SAT_PRACTICE_TEST_6","digital_nondigital_pdf","frompdf_6","","SAT6_RW_M1_Q19","RW","1","base","19","Standard English Conventions","Form, Structure, and Sense","RW.FSS","Form, Structure, and Sense","Form, Structure, and Sense","","1","multiple_choice","Researchers Amit Kumar and Nicholas Epley investigated how _______ In a series of experiments conducted in 2022, they found that people performing small acts of kindness underestimated the positive effect their actions had on others.","Which choice completes the text so that it conforms to the conventions of Standard English?","do people perceive acts of kindness.","do people perceive acts of kindness?","people perceive acts of kindness?","people perceive acts of kindness.","D","4","Choice D is the best answer. The convention being tested is end-of-sentence punctuation. This choice correctly uses a period to punctuate a declarative sentence that asks an indirect question (“Researchers Amit Kumar and Nicholas Epley investigated how people perceive acts of kindness”). Choice A is incorrect. The structure of the sentence requires a declarative clause at the end of the sentence that states what Kumar and Epley did, not an interrogative clause that asks a direct question, such as “how do people perceive acts of kindness.” Choice B is incorrect. The structure of the sentence requires a declarative clause at the end of the sentence that states what Kumar and Epley did, not an interrogative clause that asks a direct question, such as “how do people perceive acts of kindness?” Choice C is incorrect. It’s unconventional to use a question mark in this way to punctuate a declarative sentence that asks an indirect question, such as “Researchers…kindness.”","","none","{}","","","","","","Form, Structure, and Sense","","import,pdf,section:RW,source:sat-practice-test-6-digital.pdf,page:13,source_question:22"
"SAT_PRACTICE_TEST_6","digital_nondigital_pdf","frompdf_6","","SAT6_RW_M1_Q20","RW","1","base","20","Standard English Conventions","Boundaries","RW.BND","Boundaries","Boundaries","","1","multiple_choice","Jamaican British artist Willard Wigan is known for his remarkable _______ so small that they are best viewed through a microscope, Wigan’s sculptures are made from tiny natural materials, such as spiderweb strands.","Which choice completes the text so that it conforms to the conventions of Standard English?","microsculptures creations","microsculptures, creations","microsculptures. Creations","microsculptures and creations","C","3","Choice C is the best answer. The convention being tested is punctuation between sentences. In this choice, the period is used to correctly mark the boundary between one sentence (“Jamaican…microsculptures”) and another (“Creations… strands”). The noun phrase beginning with “creations” modifies the subject of the next sentence, “Wigan’s sculptures.” Choice A is incorrect because it results in a run-on sentence. The sentences (“Jamaican…microsculptures” and “Creations…strands”) are fused without punctuation and/or a conjunction. Choice B is incorrect because it results in a comma splice. A comma can’t be used in this way to mark the boundary between sentences. Choice D is incorrect. Without a comma preceding it, the conjunction “and” can’t be used in this way to join sentences.","","none","{}","","","","","","Boundaries","","import,pdf,section:RW,source:sat-practice-test-6-digital.pdf,page:14,source_question:24"
"SAT_PRACTICE_TEST_6","digital_nondigital_pdf","frompdf_6","","SAT6_RW_M1_Q21","RW","1","base","21","Standard English Conventions","Boundaries","RW.BND","Boundaries","Boundaries","","1","multiple_choice","Consider the mechanics of the pinhole camera: light passes through a small hole, resulting in a focused projected image. A ray diagram reveals how this _______ the hole’s small size restricts light to a single ray, all light passing through the hole can only arrive at a single destination, eliminating diffraction and ensuring a clear image.","Which choice completes the text so that it conforms to the conventions of Standard English?","works because","works. Because","works, it’s because","works: it’s because","B","2","Choice B is the best answer. The convention being tested is punctuation use between sentences. In this choice, the period is used to correctly mark the boundary between one sentence (“A ray...works”) and another (“Because...image”). Choice A is incorrect because it results in a run-on sentence. The two sentences (“A ray…works” and “Because…image”) are fused without punctuation and/or a conjunction. Choice C is incorrect because it results in a comma splice. A comma can’t be used in this way to mark the boundary between sentences. Choice D is incorrect because it results in a comma splice. Since the contraction “it’s” creates a main clause, the comma after “single ray” can’t be used in this way to mark the boundary between two main clauses (“it’s...ray” and “all light…image”).","","none","{}","","","","","","Boundaries","","import,pdf,section:RW,source:sat-practice-test-6-digital.pdf,page:14,source_question:25"
"SAT_PRACTICE_TEST_6","digital_nondigital_pdf","frompdf_6","","SAT6_RW_M1_Q22","RW","1","base","22","Expression of Ideas","Transitions","RW.TRN","Transitions","Transitions","","1","multiple_choice","In the search for extraterrestrial life, astrobiologists Stuart Bartlett and Michael L. Wong propose that scientists avoid using the term “life.” _______ researchers should use another word: “lyfe.” This new term, they argue, could be used to draw distinctions between the known characteristics of life on Earth and the potentially differing characteristics of lyfe on other planets.","Which choice completes the text with the most logical transition?","Previously,","Regardless,","There,","Instead,","D","4","Choice D is the best answer. “Instead” logically signals that the idea in this sentence—that researchers should use the word “lyfe”—is an alternative to the idea mentioned in the previous sentence (scientists’ use of the word “life”). Choice A is incorrect because “previously” illogically signals that the idea in this sentence occurs before the action in the first sentence. Instead, the use of “lyfe” is an alternative to the previously mentioned use of “life.” Choice B is incorrect because “regardless” illogically signals that the idea in this sentence is true despite the information in the first sentence. Instead, the use of “lyfe” is an alternative to the previously mentioned use of “life.” Choice C is incorrect because “there” illogically signals that the idea in this sentence occurs in a place mentioned in the previous sentence. Instead, the use of “lyfe” is an alternative to the previously mentioned use of “life.”","","none","{}","","","","","","Transitions","","import,pdf,section:RW,source:sat-practice-test-6-digital.pdf,page:14,source_question:26"
"SAT_PRACTICE_TEST_6","digital_nondigital_pdf","frompdf_6","","SAT6_RW_M1_Q23","RW","1","base","23","Expression of Ideas","Transitions","RW.TRN","Transitions","Transitions","","1","multiple_choice","Before it unveiled a massive new gallery in 2009, the Art Institute of Chicago was only able to display about 5% of its art collection. _______ the museum is able to display close to 30% of its collection.","Which choice completes the text with the most logical transition?","Additionally,","For example,","Nevertheless,","Today,","D","4","Choice D is the best answer. “Today” logically signals that the information in the sentence—that the museum is able to display close to 30% of its collection— is true of the Art Institute of Chicago as it exists in the present day after the previously mentioned unveiling of the massive new gallery in 2009. Choice A is incorrect because “additionally” illogically signals that the information in the sentence is merely an additional fact related to the information about the museum before the new gallery opened. Instead, the sentence is about the museum in the present day after the new gallery opened. Choice B is incorrect because “for example” illogically signals that the information in the sentence exemplifies the previous information about the museum before the new gallery opened. Instead, the sentence is about the museum in the present day after the new gallery opened. Choice C is incorrect because “nevertheless” illogically signals that the information in the sentence is true despite the previous information about the museum before the new gallery opened. Instead, the sentence is about the museum in the present day after the new gallery opened.","","none","{}","","","","","","Transitions","","import,pdf,section:RW,source:sat-practice-test-6-digital.pdf,page:15,source_question:27"
"SAT_PRACTICE_TEST_6","digital_nondigital_pdf","frompdf_6","","SAT6_RW_M1_Q24","RW","1","base","24","Expression of Ideas","Transitions","RW.TRN","Transitions","Transitions","","1","multiple_choice","The Inca of South America used intricately knotted string devices called quipus to record countable information, like population data and payments. _______ they may have used quipus to record more complex information, like stories and myths, according to researchers.","Which choice completes the text with the most logical transition?","As a result,","In other words,","In addition,","For example,","C","3","Choice C is the best answer. “In addition” logically signals that the claim in this sentence—that the Inca of South America may have used quipus to record more complex information—is an additional point related to the previous statement about the Inca using quipus to record countable information. Choice A is incorrect because “as a result” illogically signals that the claim in the sentence is a consequence or result of the previous statement about the Incas using quipus to record countable information. Instead, the possibility that the Inca used quipus to record more complex information is an additional point about how the quipus were used. Choice B is incorrect because “in other words” illogically signals that the claim in the sentence is merely a paraphrase or restatement of the previous statement about the Incas using quipus to record countable information. Instead, the possibility that the Inca used quipus to record more complex information is an additional point about how the quipus were used. Choice D is incorrect because “for example” illogically signals that the claim in the sentence exemplifies the previous statement about the Incas using quipus to record countable information. Instead, the possibility that the Inca used quipus to record more complex information is an additional point about how the quipus were used.","","none","{}","","","","","","Transitions","","import,pdf,section:RW,source:sat-practice-test-6-digital.pdf,page:15,source_question:29"
"SAT_PRACTICE_TEST_6","digital_nondigital_pdf","frompdf_6","","SAT6_RW_M1_Q25","RW","1","base","25","Expression of Ideas","Rhetorical Synthesis","RW.RS","Rhetorical Synthesis","Rhetorical Synthesis","","1","multiple_choice","While researching a topic, a student has taken the following notes:

• In the 1930s, the Imperial Sugar Cane Institute in India sought to limit the country’s dependence on imported sugarcane.
• The institute enlisted botanist Janaki Ammal to breed a local variety of sugarcane.
• She crossbred the imported sugarcane species Saccharum officinarum with grasses native to India.
• She succeeded in creating sugarcane hybrids well suited to India’s climate.","The student wants to emphasize Janaki Ammal’s achievement. Which choice most effectively uses relevant information from the notes to accomplish this goal?","By crossbreeding the imported sugarcane species Saccharum officinarum with grasses native to India, Ammal succeeded in creating sugarcane hybrids well suited to India’s climate.","In the 1930s, the Imperial Sugar Cane Institute, which enlisted Ammal, sought to limit dependence on imported sugarcane.","Ammal was enlisted by the Imperial Sugar Cane Institute at a time when a local variety of sugarcane needed to be produced.","As part of efforts to breed a local variety of sugarcane, an imported sugarcane species called Saccharum officinarum was crossbred with grasses native to India.","A","1","Choice A is the best answer. The sentence emphasizes Janaki Ammal’s achievement, explaining that she successfully created sugarcane hybrids that are well suited to India’s climate by crossbreeding an imported sugarcane species with grasses native to India. Choice B is incorrect. The sentence emphasizes the goal of the Imperial Sugar Cane Institute in the 1930s; it doesn’t emphasize Janaki Ammal’s achievement. Choice C is incorrect. While the sentence mentions Ammal, it doesn’t emphasize her achievement of successfully creating sugarcane hybrids. Choice D is incorrect. While the sentence mentions the achievement of crossbreeding imported sugarcane species with grasses native to India, it doesn’t emphasize the achievement as belonging to Janaki Ammal.","","none","{}","","","","","","Rhetorical Synthesis","","import,pdf,section:RW,source:sat-practice-test-6-digital.pdf,page:16,source_question:31"
"SAT_PRACTICE_TEST_6","digital_nondigital_pdf","frompdf_6","","SAT6_RW_M1_Q26","RW","1","base","26","Expression of Ideas","Rhetorical Synthesis","RW.RS","Rhetorical Synthesis","Rhetorical Synthesis","","1","multiple_choice","While researching a topic, a student has taken the following notes:

• Elizabeth Catlett’s sculpture Recognition (1970) shows two African American figures with rounded, indistinct features.
• The figures reach out to each other in a pose that symbolizes a close, supportive relationship.
• Her sculpture Students Aspire (1978) shows two African American figures with sharply defined features.
• The figures hold an equal sign above their heads with one hand and embrace each other with the other hand.
• This pose symbolizes their support for each other in the pursuit of equality.","The student wants to emphasize a similarity between the two sculptures. Which choice most effectively uses relevant information from the notes to accomplish this goal?","Catlett’s Students Aspire depicts two figures supporting each other in the pursuit of equality.","Recognition and Students Aspire both show African American figures in poses that symbolize supportive relationships.","Catlett completed Recognition in 1970 and Students Aspire in 1978.","The figures in Recognition have features that are rounded and indistinct, while the figures in Students Aspire have sharply defined features.","B","2","Choice B is the best answer. The sentence emphasizes a similarity between the sculptures Recognition and Students Aspire, noting that both sculptures show African American figures in poses that symbolize supportive relationships. Choice A is incorrect. The sentence describes one of the sculptures; it doesn’t emphasize a similarity between the two sculptures. Choice C is incorrect. The sentence specifies the different years the sculptures were completed in; it doesn’t emphasize a similarity between the two sculptures. Choice D is incorrect. The sentence emphasizes a difference between the two sculptures, noting that the figures in the sculptures have different feature definition; it doesn’t emphasize a similarity between the two sculptures.","","none","{}","","","","","","Rhetorical Synthesis","","import,pdf,section:RW,source:sat-practice-test-6-digital.pdf,page:17,source_question:32"
"SAT_PRACTICE_TEST_6","digital_nondigital_pdf","frompdf_6","","SAT6_RW_M1_Q27","RW","1","base","27","Expression of Ideas","Rhetorical Synthesis","RW.RS","Rhetorical Synthesis","Rhetorical Synthesis","","1","multiple_choice","While researching a topic, a student has taken the following notes:

• The ancient Arab dhow was a sailing vessel distinguishable by its triangular sails and stitched hull construction.
• Dhows were used primarily for trade along the coasts of Arab, South Asian, and East African countries.
• Contemporary shipbuilders in Oman use a mix of modern and traditional materials to build replicas of ancient dhows.
• Most of the materials used are traditional.
• Replica hulls are stitched together using the same traditional coconut palm fiber rope used on the hulls of ancient dhows.","The student wants to make a generalization about the materials used in dhow replicas. Which choice most effectively uses relevant information from the notes to accomplish this goal?","A traditional material that was used to stitch together the hulls of ancient dhows, coconut palm fiber rope is still used by shipbuilders.","The ancient Arab dhow was a sailing vessel used primarily for trade and distinguishable by its triangular sails.","Although most materials used in dhow replicas are traditional, some modern materials are used.","Contemporary shipbuilders in Oman build replicas of the dhow, which was an ancient sailing vessel with a stitched hull construction.","C","3","Choice C is the best answer. The sentence makes a generalization about the materials used in dhow replicas, noting that while some modern materials are used, most of the materials are traditional. Choice A is incorrect. The sentence provides an example of a traditional material used in ancient dhows; it doesn’t indicate that the material is used in dhow replicas or make any other generalization about materials used in those replicas. Choice B is incorrect. The sentence explains what an ancient dhow was; it doesn’t make a generalization about materials used to make dhow replicas. Choice D is incorrect. The sentence introduces the construction of dhow replicas to an audience unfamiliar with the vessel; it doesn’t make a generalization about the materials used in those replicas.","","none","{}","","","","","","Rhetorical Synthesis","","import,pdf,section:RW,source:sat-practice-test-6-digital.pdf,page:17,source_question:33"
"SAT_PRACTICE_TEST_6","digital_nondigital_pdf","frompdf_6","","SAT6_RW_M2_Q01","RW","2","hard","1","Craft and Structure","Words in Context","RW.WIC","Words in Context","Words in Context","","1","multiple_choice","The works of Chicana artist Ester Hernandez are now _______ in museums both in the United States and abroad, but the murals she contributed to as a member of Las Mujeres Muralistas early in her artistic career were displayed in outdoor public spaces across San Francisco.","Which choice completes the text with the most logical and precise word or phrase?","invented","adjusted","featured","recommended","C","3","Choice C is the best answer because it most logically completes the text’s discussion of Ester Hernandez’s art. In this context, “featured” means shown prominently. The text focuses on where Hernandez’s works have been and continue to be displayed, explaining that her early works, which consisted of murals, could be viewed in outdoor spaces in San Francisco. The central contrast developed in the text is between where her early works could be viewed and where her works can be viewed now, which is in museums across the United States and around the world. The context therefore supports the idea that Hernandez’s works are now shown, or featured, in museums globally. Choice A is incorrect because in this context “invented” would mean created something for the first time, which isn’t supported since the text doesn’t discuss where Hernandez creates her works or whether they’re original or innovative. Choice B is incorrect because “adjusted” in this context would mean adapted. Although the text mentions that many of Hernandez’s early works were outdoor murals and thus it may be reasonable to infer that Hernandez altered her approach to creating art so that her works could be displayed in indoor venues instead, the text makes no mention of how Hernandez’s works might have been adapted for such venues. The text focuses on where Hernandez’s works have been and continue to be displayed, not on how she or anyone else may have adapted, or adjusted, her works. Choice D is incorrect because “recommended” in this context would mean endorsed or put forth as a suggestion for something that is worth seeing. Although it may be reasonable to say that in choosing to display certain works, museum curators believe such works are worth seeing, the text doesn’t discuss the reasons why museums display Hernandez’s works. Instead, the text mainly develops a contrast between where Hernandez’s early works could once be viewed and where her work can be viewed now.","","none","{}","","","","","","Words in Context","","import,pdf,section:RW,source:sat-practice-test-6-digital.pdf,page:18,source_question:1"
"SAT_PRACTICE_TEST_6","digital_nondigital_pdf","frompdf_6","","SAT6_RW_M2_Q02","RW","2","hard","2","Craft and Structure","Words in Context","RW.WIC","Words in Context","Words in Context","","1","multiple_choice","Whether Carmen Lomas Garza is creating small paintings and illustrations or large public artworks—such as Baile, a copper cutout of traditional Mexican dance in the San Francisco International Airport—she is _______ direct experience, drawing from memories of her childhood in Texas or details of her current surroundings in California.","Which choice completes the text with the most logical and precise word or phrase?","complimented by","uncertain about","unbothered by","inspired by","D","4","Choice D is the best answer because it most logically completes the text’s discussion of Carmen Lomas Garza’s artistic process. In this context, “inspired by” means influenced by or motivated by. The text refers to how, regardless of the scale of the work, Garza uses her memories of Texas and details from California to create her art. If Garza is basing her work on her direct experiences, then they play a part in her artistic process. This context thus suggests that Garza’s art is inspired by the experiences of her childhood in Texas and her current life in California. Choice A is incorrect because it wouldn’t make logical sense to indicate that Garza is “complimented by”—or praised by—something inanimate such as direct experience. Choice B is incorrect because describing Garza as “uncertain about”—or unsure or doubtful of—direct experience would suggest that she had misgivings about it. If Garza were unsure of her experiences, that would suggest that she couldn’t recall them, and Garza wouldn’t be able to represent direct experience in her art if she were uncertain of the memories or details. Choice C is incorrect because describing Garza as “unbothered by”—or uninterested in—her experience would imply the opposite of what the text suggests about Garza’s artistic process. The text indicates that Garza’s art comes from memories of her childhood in Texas and details of her surroundings in California.","","none","{}","","","","","","Words in Context","","import,pdf,section:RW,source:sat-practice-test-6-digital.pdf,page:18,source_question:2"
"SAT_PRACTICE_TEST_6","digital_nondigital_pdf","frompdf_6","","SAT6_RW_M2_Q03","RW","2","hard","3","Craft and Structure","Words in Context","RW.WIC","Words in Context","Words in Context","","1","multiple_choice","Animal researcher Amalia P.M. Bastos led a 2021 study about a wild kea parrot that used small stones as tools to preen its feathers. Skeptical colleagues had initially suggested to Bastos that the kea’s interactions with the stones might simply be _______, but Bastos and her team showed that the kea was using the stones deliberately.","Which choice completes the text with the most logical and precise word or phrase?","intriguing","obvious","accidental","observable","C","3","Choice C is the best answer because it most logically completes the text’s discussion of Bastos’s study of a wild kea parrot. In this context, “accidental” means unplanned or unintentional. The text first describes Bastos’s study, which concerns a kea that is observed using small stones to preen its feathers. The text then mentions colleagues who are skeptical (that is, they have doubt) about Bastos’s findings, and finally describes how Bastos and her team responded to the skepticism of those colleagues. Given that the colleagues mentioned in the text expressed skepticism regarding Bastos’s findings, the best answer choice must be one that completes the text in a manner such that the skeptics’ opinion regarding the kea’s use of stones disagrees with that held by Bastos and her team. Since Bastos and her team showed that the kea’s use of stones was deliberate (that is, intentional), the skeptics’ opinion in this context must be that the kea’s use of stones was unintentional, or accidental. Choice A is incorrect because the best answer choice is one that portrays skepticism, or doubt, of Bastos’s claim that the kea’s usage of stones was deliberate, or intentional. If the skeptics found the kea’s usage of stones “intriguing,” or fascinating, this would not be at odds with the position of Bastos and her team; in fact, it is reasonable to believe that someone who agreed that the kea’s stone usage was deliberate would also find it intriguing. Choice B is incorrect because if the skeptics believed that the kea’s usage of small stones was “obvious,” or evident, this would not be contrary to the observation of Bastos and her team that the kea’s usage of stones was deliberate: in fact, these opinions would be consistent with each other. Choice D is incorrect because if the skeptics believed that the kea’s usage of small stones was “observable,” or visible, this would not conflict with the claim of Bastos and her team that the kea’s usage of stones was deliberate: instead, these positions would agree.","","none","{}","","","","","","Words in Context","","import,pdf,section:RW,source:sat-practice-test-6-digital.pdf,page:19,source_question:3"
"SAT_PRACTICE_TEST_6","digital_nondigital_pdf","frompdf_6","","SAT6_RW_M2_Q04","RW","2","hard","4","Craft and Structure","Words in Context","RW.WIC","Words in Context","Words in Context","","1","multiple_choice","In 1891, design artist William Morris cofounded the Kelmscott Press, which printed editions of books using preindustrial methods. Historians argue that Morris’s repudiation of industrialization is _______ the Kelmscott editions’ use of handmade materials and intricate ornamentation reminiscent of medieval manuscripts: these meticulously handcrafted elements exemplify the artistry involved.","Which choice completes the text with the most logical and precise word or phrase?","insensible to","manifest in","scrutinized by","complicated by","B","2","Choice B is the best answer because it most logically completes the text’s discussion of the Kelmscott Press’s books. In this context, “manifest in” means evident or apparent from. The text states that the Kelmscott Press, which was cofounded by William Morris, produced its books using preindustrial methods. The text notes the similarity between those methods, which include the use of handmade materials and intricate ornamentation, and methods used in the creation of medieval manuscripts. This context suggests that Morris’s repudiation of industrialization is apparent from, or manifest in, the methods and materials his company employed. Choice A is incorrect because there is nothing in the text to suggest that Morris’s repudiation of industrialization is “insensible to,” or unaware of or lacking perception of, the use of handmade materials and intricate ornamentation in the production of the Kelmscott editions. Instead, the text suggests that the methods and materials used to produce the Kelmscott editions are evidence of Morris’s repudiation of industrialization. Choice C is incorrect because it would not make sense to say that Morris’s repudiation of industrialization was “scrutinized by,” or examined closely by, the Kelmscott editions’ use of handmade materials and intricate ornamentation. Although creating the Kelmscott editions may have involved examining the books closely, the text does not mention this aspect of Morris’s work, and in any case, the action of using certain materials to create those editions cannot scrutinize Morris’s attitude toward industrialization. Choice D is incorrect because the text gives no indication that Morris’s repudiation of industrialization is “complicated by,” or made more complex or difficult by, the Kelmscott Press’s use of preindustrial methods and handcrafted elements to produce books. Instead, the text presents those methods as exemplifying Morris’s repudiation of industrialization.","","none","{}","","","","","","Words in Context","","import,pdf,section:RW,source:sat-practice-test-6-digital.pdf,page:19,source_question:4"
"SAT_PRACTICE_TEST_6","digital_nondigital_pdf","frompdf_6","","SAT6_RW_M2_Q05","RW","2","hard","5","Craft and Structure","Words in Context","RW.WIC","Words in Context","Words in Context","","1","multiple_choice","Mary Engle Pennington, a chemist who helped advance home refrigeration, undoubtedly made a substantial impact on society, but her place in our historical memory is perhaps more _______ than that of Stephanie Kwolek, who invented the incredibly strong material known as Kevlar, an accomplishment for which she will long be remembered.","Which choice completes the text with the most logical and precise word or phrase?","permanent","tentative","warranted","prominent","B","2","Choice B is the best answer because it most logically completes the text’s discussion of Mary Engle Pennington and Stephanie Kwolek. In this context, “tentative” means unsettled or not definite. The text indicates a contrast between Pennington and Kwolek in terms of their memorability (“place in our historical memory”) and states that Kwolek “will long be remembered” for her invention of Kevlar material. This context suggests that although Pennington had an impact on society, she may be less likely than Kwolek to be remembered for a very long time—in other words, that her memorability may be more tentative, or less definite, than Kwolek’s. Choice A is incorrect because the text establishes a contrast between Pennington and Kwolek in terms of their “place in our historical memory” for their achievements, and the statement that Kwolek “will be long remembered” while Pennington’s memorability may be more “permanent,” or enduring, wouldn’t supply a contrast; it would instead suggest that both people will remain memorable. Choice C is incorrect because the text establishes a contrast between Pennington and Kwolek in terms of their memorability, suggesting that Pennington is less likely than Kwolek to be “long remembered,” but doesn’t address how “warranted,” or based on good reason, each person’s “place in our historical memory” is. In fact, the text suggests that both Pennington and Kwolek had significant achievements, even if one may be more memorable. Choice D is incorrect because the text establishes a contrast between Pennington and Kwolek in terms of their “place in our historical memory” for their achievements, and the statement that Kwolek “will be long remembered” while Pennington’s memorability may be more “prominent,” or widely known, wouldn’t supply a contrast; it would instead suggest that both people are very memorable.","","none","{}","","","","","","Words in Context","","import,pdf,section:RW,source:sat-practice-test-6-digital.pdf,page:19,source_question:5"
"SAT_PRACTICE_TEST_6","digital_nondigital_pdf","frompdf_6","","SAT6_RW_M2_Q06","RW","2","hard","6","Craft and Structure","Text Structure and Purpose","RW.TSP","Text Structure and Purpose","Text Structure and Purpose","","1","multiple_choice","The following text is from Betty Smith’s 1943 novel A Tree Grows in Brooklyn. Francie, a young girl, visits the library often.

Francie thought that all the books in the world were in that library and she had a plan about reading all the books in the world. She was reading a book a day in alphabetical order and not skipping the dry ones. She remembered that the first author had been Abbott. She had been reading a book a day for a long time now and she was still in the B’s. Already she had read about bees and buffaloes, Bermuda vacations and Byzantine architecture. For all her enthusiasm, she had to admit that some of the B’s had been hard going. But Francie was a reader.","Which choice best states the main purpose of the text?","To illustrate Francie’s enjoyment of an unusual topic","To explain why Francie prefers reading over other activities","To portray Francie’s determination to meet a goal","To describe a book that Francie greatly admires","C","3","Choice C is the best answer because it most accurately describes the main purpose of the text, which is to portray Francie’s determination to reach her goal of reading all the books in the world. The text indicates that to achieve this aim, Francie works systematically and persistently: she reads all the books in the library in alphabetical order and devotes much time and effort to the project, finishing one book per day over a long period of time. The text then suggests that even though she progresses slowly (“she was still in the B’s”) and that she struggled with some books (“some of the B’s had been hard going”), she doesn’t give up because she thinks of herself as “a reader.” These details show Francie’s resolve. Choice A is incorrect. Although the text mentions several topics (bees and buffaloes, Bermuda vacations, and Byzantine architecture) that Francie has read about, it doesn’t indicate that any of these topics are unusual or that she especially enjoyed reading about one of these topics in particular. If anything, the text suggests that she may have found some of these topics to be dull, saying that she even read the “dry ones”— that is, the boring books—and that some of the books were “hard going,” meaning they were difficult to get through. Choice B is incorrect because the text doesn’t discuss Francie’s involvement in other activities, only her dedication to reading. Although it’s possible that Francie dedicates herself to reading because she prefers it to other activities, the text doesn’t indicate whether this is the case. Choice D is incorrect. Although the text mentions one author (Abbott) whose book Francie has read as well as several topics (bees and buffaloes, Bermuda vacations, and Byzantine architecture) she has encountered, the text doesn’t say whether Francie admires any of the books she’s read so far. Instead, the text focuses on the time and effort she devotes to reaching her goal of reading all the books in the world—even ones she doesn’t enjoy.","","none","{}","","","","","","Text Structure and Purpose","","import,pdf,section:RW,source:sat-practice-test-6-digital.pdf,page:19,source_question:6"
"SAT_PRACTICE_TEST_6","digital_nondigital_pdf","frompdf_6","","SAT6_RW_M2_Q07","RW","2","hard","7","Craft and Structure","Text Structure and Purpose","RW.TSP","Text Structure and Purpose","Text Structure and Purpose","","1","multiple_choice","Researchers have long hypothesized that woolly mammoths were hunted to extinction in North America by humans using spears with grooved tips known as Clovis points. One anthropologist set out to test this hypothesis. Using a mechanical spear-thrower, he launched spears with Clovis points into mounds of clay—substitutes for the animals’ large bodies. The projectiles generally penetrated only a few inches into the clay, an amount insufficient to have harmed most woolly mammoths. This led the anthropologist to conclude that hunters using spears with Clovis points likely weren’t the principal drivers of the extinction.","Which choice best states the main purpose of the text?","To argue for the significance of new findings amid an ongoing debate among researchers","To discuss the advantages and disadvantages of the method used in an experiment","To summarize two competing hypotheses and a major finding associated with each one","To describe an experiment whose results cast doubt on an established hypothesis","D","4","Choice D is the best answer because it most accurately states the main purpose of the text, which is to describe an experiment whose results cast doubt on an established hypothesis. The text begins by noting that researchers have long believed that woolly mammoths were hunted to extinction in North America by humans using spears with Clovis points. The text then describes an experiment conducted by an anthropologist to test this hypothesis. According to the text, the results of the experiment led the anthropologist to conclude that hunters using spears with Clovis points likely weren’t the primary cause of the extinction. The anthropologist’s results cast doubt on the long-held hypothesis presented at the beginning of the text and suggest that woolly mammoths may have become extinct in North America due to some other cause. Choice A is incorrect because there’s nothing in the text to suggest that researchers have been involved in an ongoing debate. On the contrary, the text suggests that most researchers agree on the cause of the woolly mammoth’s extinction in North America. Choice B is incorrect because the text never mentions any advantages or disadvantages of the method used in the experiment, focusing instead on the results achieved using that method. Choice C is incorrect because the text addresses only one hypothesis, that mammoths were hunted to extinction in North America by humans using spears with Clovis points. Rather than present a competing hypothesis, the text explains how one anthropologist designed an experiment to test this long-held hypothesis.","","none","{}","","","","","","Text Structure and Purpose","","import,pdf,section:RW,source:sat-practice-test-6-digital.pdf,page:20,source_question:7"
"SAT_PRACTICE_TEST_6","digital_nondigital_pdf","frompdf_6","","SAT6_RW_M2_Q08","RW","2","hard","8","Information and Ideas","Central Ideas and Details","RW.CID","Central Ideas and Details","Central Ideas and Details","","1","multiple_choice","Elizabeth Asiedu has identified a negative correlation between the share of developing countries’ economies derived from natural-resource extraction and those countries’ receipts of foreign investment. This may appear counterintuitive—resource extraction requires initial investments (in extractive technology, for instance) at scales best met by multinational corporations—but Asiedu notes that natural-resource industries’ boom-bust cycle can destabilize local currencies and increase developing countries’ vulnerability to external shocks, creating levels of uncertainty to which foreign investors are typically averse.","Which choice best states the main idea of the text?","Although it may seem surprising that foreign investment declines in developing countries as natural-resource extraction makes up a larger share of those countries’ economies, that decline happens because resource extraction requires initial investments too large for foreign investors to supply.","Although developing countries tend to become less dependent on foreign investment as natural-resource industries make up a larger share of their economies, this change may not occur if the boom-bust cycle of those industries destabilizes local currencies or increases countries’ vulnerability to external shocks.","Although one might expect that foreign investment would increase as natural-resource extraction makes up a larger share of developing countries’ economies, the opposite happens because heavy reliance on natural resources can lead to unattractive conditions for investors.","Although foreign investors tend to avoid initial investments in natural-resource industries in developing countries, foreign investment may increase significantly as those industries stabilize and the risks associated with them decline.","C","3","Choice C is the best answer because it accurately states the main idea of the text. According to the text, contrary to what some might expect, foreign investment is typically lower in developing countries whose economies are more dependent on natural-resource extraction. The text explains that high reliance on natural- resource extraction can subject a developing country to economic shocks that can destabilize the local currency and introduce economic uncertainty that tends to keep investors away. In other words, although we may think otherwise, foreign investors are less willing to invest in projects in developing countries whose economies are heavily dependent on natural-resource extraction because those economies tend to exhibit instability that investors want to avoid. Choice A is incorrect. The text does indicate that foreign investment is typically lower in developing countries whose economies are more dependent on natural-resource extraction; the text further indicates that natural-resource extraction requires substantial initial investments (to acquire things like required technologies) for which there are fewer investors willing to participate at this stage than one might think. But the text does not implicate the cost of these initial investments as a reason why foreign investment is less widely available than some might think. Choice B is incorrect. The text indicates that greater dependence on natural-resource extraction makes a developing country less appealing to foreign investors because of associated economic instability. Rather than arguing that the goal of developing countries is to become less dependent on foreign investment, as the phrasing of choice B suggests, the text focuses only on why foreign investors become less involved with such countries, which suggests that more investment would be preferable. Choice D is incorrect. Although the text indicates that natural-resource extraction requires substantial initial investments (to acquire things like required technologies) and that there are fewer likely investors willing to participate at this stage than one might think, the text does not address what investors are likely to do over time as the industry stabilizes itself.","","none","{}","","","","","","Central Ideas and Details","","import,pdf,section:RW,source:sat-practice-test-6-digital.pdf,page:21,source_question:10"
"SAT_PRACTICE_TEST_6","digital_nondigital_pdf","frompdf_6","","SAT6_RW_M2_Q09","RW","2","hard","9","Information and Ideas","Command of Evidence","RW.COE","Command of Evidence","Command of Evidence","","1","multiple_choice","To understand how temperature change affects microorganism-mediated cycling of soil nutrients in alpine ecosystems, Eva Kaštovská et al. collected plant-soil cores in the Tatra Mountains at elevations around 2,100 meters and transplanted them to elevations of 1,700–1,800 meters, where the mean air temperature was warmer by 2°C. Microorganism- mediated nutrient cycling was accelerated in the transplanted cores; crucially, microorganism community composition was unchanged, allowing Kaštovská et al. to attribute the acceleration to temperature-induced increases in microorganism activity.","It can most reasonably be inferred from the text that the finding about the microorganism community composition was important for which reason?","It provided preliminary evidence that microorganism-mediated nutrient cycling was accelerated in the transplanted cores.","It suggested that temperature-induced changes in microorganism activity may be occurring at increasingly high elevations.","It ruled out a potential alternative explanation for the acceleration in microorganism-mediated nutrient cycling.","It clarified that microorganism activity levels in the plant-soil cores varied depending on which microorganisms comprised the community.","C","3","Choice C is the best answer because it accurately describes why the finding about the microorganism community composition was important. The text describes an experiment by Eva Kaštovská and her team in which they collected plant-soil cores at one elevation and transplanted them to sites at a lower elevation, where the mean air temperature was warmer. Kaštovská and her team observed that microorganism-mediated nutrient cycling was accelerated in the transplanted cores and that “crucially, microorganism community composition was unchanged,” which allowed the team to attribute the acceleration to changes in microorganism activity brought about by the difference in temperature. This strongly implies that the team wouldn’t have been able to make that attribution otherwise, meaning that a change in microorganism composition represented another possible explanation for the acceleration that had to be ruled out. Choice A is incorrect. Although the text says microorganism-mediated cycling of soil nutrients increased in the transplanted cores, this is unrelated to what’s important about the finding that the microorganism composition didn’t change— that it allowed the team to attribute the change in activity solely to the change in temperature. Choice B is incorrect. Although the text compares activity in one core at two different elevations, the text doesn’t address changes in activity at various elevations over time. Choice D is incorrect. Although different microorganisms likely exhibit different levels of activity, the text indicates that there was no change in microorganism composition, and there is nothing in the text about different microorganisms having different activity levels.","","none","{}","","","","","","Command of Evidence","","import,pdf,section:RW,source:sat-practice-test-6-digital.pdf,page:22,source_question:11"
"SAT_PRACTICE_TEST_6","digital_nondigital_pdf","frompdf_6","","SAT6_RW_M2_Q10","RW","2","hard","10","Information and Ideas","Command of Evidence","RW.COE","Command of Evidence","Command of Evidence","","1","multiple_choice","Some astronomers searching for extraterrestrial life have proposed that atmospheric NH3 (ammonia) can serve as a biosignature gas—an indication that a planet harbors life. Jingcheng Huang, Sara Seager, and colleagues evaluated this possibility, finding that on rocky planets, atmospheric NH3 likely couldn’t reach detectably high levels in the absence of biological activity. But the team also found that on so-called mini-Neptunes—gas planets smaller than Neptune but with atmospheres similar to Neptune’s—atmospheric pressure and temperature can be high enough to produce atmospheric NH3.","Based on the text, Huang, Seager, and colleagues would most likely agree with which statement about atmospheric NH3?","Its presence is more likely to indicate that a planet is a mini-Neptune than that the planet is a rocky planet that could support life.","Its absence from a planet that’s not a mini-Neptune indicates that the planet probably doesn’t have life.","It should be treated as a biosignature gas if detected in the atmosphere of a rocky planet but not if detected in the atmosphere of a mini-Neptune.","It doesn’t reliably reach high enough concentrations in the atmospheres of rocky planets or mini-Neptunes to be treated as a biosignature gas.","C","3","Choice C is the best answer because it states a conclusion the researchers likely agree with, given the details in the text. The text explains that a biosignature gas is a gas that can be used as an indicator that a planet harbors some form of life and some astronomers have proposed that NH₃ could serve as a biosignature gas. The researchers evaluating this claim found that the atmosphere of rocky planets would be unlikely to reach “detectably high levels” of NH₃ without biological activity, which would support the proposal of NH₃ serving as a biosignature gas. However, the text also states that mini-Neptune planets can produce NH₃ in the absence of biological activity. Thus, the text is structured to lead to the conclusion that detectable levels of NH₃ in the atmospheres of rocky planets could constitute a biosignature, but that is not the case for detectable levels of the gas in the atmospheres of mini-Neptune planets. Choice A is incorrect because the text indicates that biological activity likely accounts for detectable levels of NH₃ in the atmospheres of rocky planets but mini-Neptune planets can have detectable levels of NH₃ in their atmospheres in the absence of biological activity. Therefore, both rocky planets and mini- Neptune planets can have detectable levels of atmospheric NH₃. Choice B is incorrect because the text states that for NH₃ to reach detectable levels in the atmospheres of rocky planets likely means they harbor biological activity, meaning that rocky planets with detectable NH₃ usually harbor biological activity. However, that does not entail that every rocky planet with biological activity will have detectable levels of NH₃ in their atmospheres. Choice D is incorrect because the text claims only that some astronomers have proposed using NH₃ as a biosignature gas without mentioning a minimum concentration of atmospheric NH₃ that must be met for it to function as a biosignature gas.","","none","{}","","","","","","Command of Evidence","","import,pdf,section:RW,source:sat-practice-test-6-digital.pdf,page:22,source_question:12"
"SAT_PRACTICE_TEST_6","digital_nondigital_pdf","frompdf_6","","SAT6_RW_M2_Q11","RW","2","hard","11","Information and Ideas","Command of Evidence","RW.COE","Command of Evidence","Command of Evidence","","1","multiple_choice","“Lines Written in Early Spring” is a 1798 poem by William Wordsworth. In the poem, the speaker describes having contradictory feelings while experiencing the sights and sounds of a spring day: _______","Which quotation from “Lines Written in Early Spring” most effectively illustrates the claim?","“Through primrose-tufts, in that sweet bower, / The periwinkle trail’d its wreathes; / And ’tis my faith that every flower / Enjoys the air it breathes.”","“The budding twigs spread out their fan, / To catch the breezy air; / And I must think, do all I can, / That there was pleasure there.”","“The birds around me hopp’d and play’d: / Their thoughts I cannot measure, / But the least motion which they made, / It seem’d a thrill of pleasure.”","“I heard a thousand blended notes, / While in a grove I [sat] reclined, / In that sweet mood when pleasant thoughts / Bring sad thoughts to the mind.”","D","4","Choice D is the best answer because it most effectively illustrates the claim that the speaker has contradictory feelings while experiencing the sights and sounds of spring. This quotation indicates that the speaker is reclined in a grove listening to a thousand sounds. Even though the speaker is in a “sweet mood” and thinking “pleasant thoughts,” those pleasant thoughts also bring to mind “sad thoughts.” In other words, these lines illustrate the claim that the speaker is having contradictory thoughts while immersed in the sights and sounds of spring. Choice A is incorrect. Although this quotation refers to several flowers (primroses and periwinkles) and indicates that the speaker is in a “bower,” or shady spot among the trees—details which suggest that the speaker is experiencing the sights of spring—it doesn’t suggest that the speaker is having contradictory feelings, only that the speaker believes that the flowers are experiencing enjoyment. Choice B is incorrect. Although this quotation focuses on the sights of spring—namely, new leaves on nearby trees appear to be opening up (“The budding twigs spread out their fan”) to feel the breeze—the quotation doesn’t suggest that the speaker feels conflicted about this: the statement “And I must think, do all I can” suggests the speaker’s determination to attribute feelings of pleasure to the trees, not that the speaker is experiencing contradictory feelings. Choice C is incorrect. Although this quotation indicates that the speaker isn’t certain what the birds are thinking (“Their thoughts I cannot measure”), there’s nothing to suggest that the speaker is experiencing contradictory feelings. Rather, the quotation suggests that although the speaker is uncertain about the birds’ feelings, the speaker believes that the birds’ movements likely suggest their pleasure.","","none","{}","","","","","","Command of Evidence","","import,pdf,section:RW,source:sat-practice-test-6-digital.pdf,page:23,source_question:14"
"SAT_PRACTICE_TEST_6","digital_nondigital_pdf","frompdf_6","","SAT6_RW_M2_Q12","RW","2","hard","12","Information and Ideas","Command of Evidence","RW.COE","Command of Evidence","Command of Evidence","","1","multiple_choice","As media consumption has become increasingly multiplatform and socially mediated, active news acquisition has diminished in favor of an attitude known as “news finds me” (NFM), in which people passively rely on their social networks and ambient media environments for information about current events. Homero Gil de Zúñiga and Trevor Diehl examined data on a representative group of adults in the United States to determine participants’ strength of NFM attitude, political knowledge, and political interest. Although no major election took place sufficiently near the study for Gil de Zúñiga and Diehl to identify causality between NFM and voting behavior, they did posit that NFM may reduce voting probability through an indirect effect.","Which finding, if true, would most directly support the idea advanced by Gil de Zúñiga and Diehl?","NFM attitude tends to increase in strength as major elections approach, and people are significantly more likely to vote in major elections than in minor elections.","NFM attitude has a strong negative effect on political knowledge and interest, and there is known to be a strong positive correlation between political knowledge and interest and the likelihood of voting.","Political interest is known to have a strong positive effect on likelihood of voting but shows only a weak positive effect on political knowledge, and NFM attitude shows little correlation with either political knowledge or political interest.","The likelihood of voting increases as political knowledge increases, and the relationship between NFM attitude and political knowledge tends to strengthen as the size of people’s social networks increases.","B","2","Choice B is the best answer because it presents a finding that, if true, would most directly support the idea advanced by Homero Gil de Zúñiga and Trevor Diehl that NFM (“news finds me”) attitude may reduce voting probability through an indirect effect. The text describes NFM as an attitude that has lowered people’s interest in actively acquiring news and introduces Gil de Zúñiga and Diehl’s study on the effects of NFM on people in the United States’ political knowledge and interest. The text goes on to say that despite the fact that the study didn’t occur near a major election, Gil de Zúñiga and Diehl still conclude that NFA may reduce voting probability. If the likelihood, or probability, that a person will vote is linked to that person’s level of political knowledge and interest, that would suggest that negatively affecting a person’s level of political knowledge and interest would also negatively affect how likely that person is to vote. Thus, if NFM attitude has a negative effect on political knowledge and interest, then it would also likely reduce voting probability. Choice A is incorrect because the finding that NFM attitude increases as major elections approach wouldn’t address the effect of NFM on the likelihood of voting, which is the idea advanced by Gil de Zúñiga and Diehl. Moreover, although the text mentions that there were no major elections that occurred near the time of the study, it doesn’t discern between major and minor elections when discussing voting probability. Choice C is incorrect because finding that NFM attitude shows little correlation with either political knowledge or political interest would undermine, not support, Gil de Zúñiga and Diehl’s idea that NFM may reduce voting probability because it suggests that NFM has no effect on political knowledge or political interest. Choice D is incorrect. Although Gil de Zúñiga and Diehl’s idea would be supported by the finding that the likelihood of voting increases as political knowledge increases, nothing in the text suggests that the researchers’ idea hinges on the size of people’s social networks.","","none","{}","","","","","","Command of Evidence","","import,pdf,section:RW,source:sat-practice-test-6-digital.pdf,page:25,source_question:16"
"SAT_PRACTICE_TEST_6","digital_nondigital_pdf","frompdf_6","","SAT6_RW_M2_Q13","RW","2","hard","13","Information and Ideas","Inferences","RW.INF","Inferences","Inferences","","1","multiple_choice","The practice of logging (cutting down trees for commercial and other uses) is often thought to be at odds with forest conservation (the work of preserving forests). However, a massive study in forest management and preservation spanning 700,000 hectares in Oregon’s Malheur National Forest calls that view into question. So far, results of the study suggest that forest plots that have undergone limited logging (the careful removal of a controlled number of trees) may be more robust than plots that haven’t been logged at all. These results, in turn, suggest that _______","Which choice most logically completes the text?","logging may be useful for maintaining healthy forests, provided it is limited.","other forest management strategies are more effective than limited logging.","as time passes, it will be difficult to know whether limited logging has any benefits.","the best way to support forest health may be to leave large forests entirely untouched.","A","1","Choice A is the best answer because it most logically completes the text’s discussion of the potential effects of logging on forest conservation. The text begins by stating that logging practices are often thought of as being contrary to forest conservation efforts. Then, the text presents the results of a research study examining the effect of limited logging practices on specific forest plots, finding that the plots with limited logging may be “more robust” (healthier) than the plots that hadn’t been logged at all. Given these results, it follows that logging may be a useful practice for maintaining healthy forests if it is practiced in a limited way. Choice B is incorrect because the study referenced in the text only provides information on limited logging as a potential forest management strategy. There is no information in the text about how other forest management strategies support forest conservation efforts. Therefore, the text does not support the assertion that other forest management strategies are more successful than limited logging. Choice C is incorrect because the text presents a research study with findings that specific plots of forest with limited logging may be more robust than the forest plots that were not logged. Rather than suggesting that it is hard to know whether limited logging might be beneficial, the text suggests that the practice could be useful in forest conservation efforts. Choice D is incorrect. The text discusses the results of a research study that compares the health of forest plots with limited logging to forest plots that were not logged. It does not take a position on the best way to support forest health but rather presents a research study with findings that question conventionally held thoughts regarding the practice of logging.","","none","{}","","","","","","Inferences","","import,pdf,section:RW,source:sat-practice-test-6-digital.pdf,page:25,source_question:17"
"SAT_PRACTICE_TEST_6","digital_nondigital_pdf","frompdf_6","","SAT6_RW_M2_Q14","RW","2","hard","14","Information and Ideas","Inferences","RW.INF","Inferences","Inferences","","1","multiple_choice","Even with the widespread adoption of personal computers, many authors still choose to write and revise their novels by hand and only then transcribe the final version on a computer. It may be tempting to speculate about how anovel written this way would be affected if it had been exclusively typed instead, but each novel is a unique entity resulting from a specific set of circumstances. Therefore, _______","Which choice most logically completes the text?","in order to increase their efficiency, authors who currently write their novels largely by hand should instead work only on a computer.","authors who do most of their drafting and revising by hand likely have more success than those who work entirely on a computer.","novels written by hand take less time to produce, on average, than novels written on a computer do.","there is no way to reasonably evaluate how a work would be different if it had been written by other means.","D","4","Choice D is the best answer because it presents the conclusion that most logically follows from the text’s discussion of the means authors use to write and revise their novels. After stating that many authors still choose to draft novels by hand even though computers are now widely used, the text acknowledges the speculation that the opposite choice—using only a computer—would have had an effect on such novels. However, the text then points out that every novel is the singular result of a combination of the particular conditions surrounding its creation. This suggests that it isn’t possible to determine the effect of any single condition (such as the means of writing) on its own; thus, there would be no way to reasonably evaluate how a novel would have turned out differently if it had been written by other means. Choice A is incorrect because the text doesn’t suggest that it’s more efficient to write a novel on a computer than to write it by hand; it doesn’t address efficiency at all. Therefore, it isn’t logical to conclude that authors who currently choose to write novels largely by hand should instead work only on a computer to increase their efficiency. Choice B is incorrect because the text doesn’t suggest anything about how successful authors are, regardless of the means by which they choose to write; therefore, it isn’t logical to conclude that authors who write largely by hand are likely to be more successful than those who work only on a computer. Choice C is incorrect because the text makes no mention of the time it takes to produce a novel, regardless of the means by which it’s written; therefore, it isn’t logical to conclude that novels written by hand take less time on average to produce than those written on a computer do.","","none","{}","","","","","","Inferences","","import,pdf,section:RW,source:sat-practice-test-6-digital.pdf,page:26,source_question:18"
"SAT_PRACTICE_TEST_6","digital_nondigital_pdf","frompdf_6","","SAT6_RW_M2_Q15","RW","2","hard","15","Standard English Conventions","Boundaries","RW.BND","Boundaries","Boundaries","","1","multiple_choice","In forecasting weather events, meteorologists sometimes discuss the role of atmospheric rivers. What are atmospheric rivers, and how _______ Part of the water cycle, atmospheric rivers are narrow channels of moisture moving through the atmosphere. In certain conditions, these “rivers” can release some of their moisture as precipitation.","Which choice completes the text so that it conforms to the conventions of Standard English?","do they affect our weather.","they do affect our weather.","do they affect our weather?","they do affect our weather?","C","3","Choice C is the best answer. The convention being tested is end-of-sentence punctuation. This choice correctly uses a question mark to punctuate the coordinated interrogative clauses “What are atmospheric rivers” and “how do they affect our weather,” both of which ask direct questions. Choice A is incorrect because a period can’t be used in this way to punctuate an interrogative clause, such as “how do they affect our weather,” at the end of a sentence. Choice B is incorrect because the structure requires an interrogative clause and a question mark at the end of the sentence. Choice D is incorrect because the structure requires an interrogative clause at the end of the sentence.","","none","{}","","","","","","Boundaries","","import,pdf,section:RW,source:sat-practice-test-6-digital.pdf,page:26,source_question:19"
"SAT_PRACTICE_TEST_6","digital_nondigital_pdf","frompdf_6","","SAT6_RW_M2_Q16","RW","2","hard","16","Standard English Conventions","Form, Structure, and Sense","RW.FSS","Form, Structure, and Sense","Form, Structure, and Sense","","1","multiple_choice","One of the few African American global explorers during the turn of the 20th century, _______","Which choice completes the text so that it conforms to the conventions of Standard English?","Matthew Henson made several treks across Greenland between 1891 and 1909.","1891 and 1909 were the years between which Matthew Henson made several treks across Greenland.","Greenland was where Matthew Henson made several treks between 1891 and 1909.","several treks across Greenland were made by Matthew Henson between 1891 and 1909.","A","1","Choice A is the best answer. The convention being tested is subject-modifier placement. This choice makes the proper noun “Matthew Henson” the subject of the sentence and places it immediately after the modifying phrase “one… century.” In doing so, this choice clearly establishes that Matthew Henson—and not another noun in the sentence—is being described as one of the few African American global explorers during the turn of the 20th century. Choice B is incorrect because it results in a dangling modifier. The placement of the noun phrase “1891 and 1909” immediately after the modifying phrase illogically suggests that those years were one of the few African American global explorers during the turn of the 20th century. Choice C is incorrect because it results in a dangling modifier. The placement of the proper noun “Greenland” immediately after the modifying phrase illogically suggests that Greenland was one of the few African American global explorers during the turn of the 20th century. Choice D is incorrect because it results in a dangling modifier. The placement of the noun phrase “several treks across Greenland” immediately after the modifying phrase illogically suggests that the treks were one of the few African American global explorers during the turn of the 20th century.","","none","{}","","","","","","Form, Structure, and Sense","","import,pdf,section:RW,source:sat-practice-test-6-digital.pdf,page:26,source_question:20"
"SAT_PRACTICE_TEST_6","digital_nondigital_pdf","frompdf_6","","SAT6_RW_M2_Q17","RW","2","hard","17","Standard English Conventions","Form, Structure, and Sense","RW.FSS","Form, Structure, and Sense","Form, Structure, and Sense","","1","multiple_choice","Woven from recycled yarn and hand tufted using a carpet weaving technique passed down by the artist’s Turkish grandmother, _______ so lush and tactilely inviting that you are tempted to reach out and touch them.","Which choice completes the text so that it conforms to the conventions of Standard English?","the topological tapestries of Argentine textile artist Alexandra Kehayoglou are","the Argentine textile artist Alexandra Kehayoglou creates topological tapestries that are","when she creates her topological tapestries, Argentine textile artist Alexandra Kehayoglou makes them","Alexandra Kehayoglou is an Argentine textile artist whose topological tapestries are","A","1","Choice A is the best answer. The convention being tested is subject-modifier placement. This choice makes the noun phrase “topological tapestries” the subject of the sentence and places it immediately after the modifying phrase “woven…grandmother.” In doing so, this choice clearly establishes that the topological tapestries—and not another noun in the sentence—are being described as woven from recycled yarn and hand tufted. Choice B is incorrect because it results in a dangling modifier. The placement of the noun phrase “Argentine textile artist Alexandra Kehayoglou” immediately after the modifying phrase illogically suggests that Kehayoglou is woven from recycled yarn and hand tufted. Choice C is incorrect because it results in a dangling modifier. The placement of the pronoun “she” and the noun phrase “Argentine textile artist Alexandra Kehayoglou” after the modifying phrase illogically suggests that Kehayoglou is woven from recycled yarn and hand tufted. Choice D is incorrect because it results in a dangling modifier. The placement of the noun “Alexandra Kehayoglou” immediately after the modifying phrase illogically suggests that Kehayoglou is woven from recycled yarn and hand tufted.","","none","{}","","","","","","Form, Structure, and Sense","","import,pdf,section:RW,source:sat-practice-test-6-digital.pdf,page:26,source_question:21"
"SAT_PRACTICE_TEST_6","digital_nondigital_pdf","frompdf_6","","SAT6_RW_M2_Q18","RW","2","hard","18","Standard English Conventions","Boundaries","RW.BND","Boundaries","Boundaries","","1","multiple_choice","Physical materials can be classified by how much light passes through them. Clear glass, which is classified as transparent, allows all (or almost all) light to pass _______ wax paper, which is classified as translucent, allows only some light to pass through.","Which choice completes the text so that it conforms to the conventions of Standard English?","through,","through","through;","through and","C","3","Choice C is the best answer. The convention being tested is the coordination of main clauses within a sentence. This choice uses a semicolon in a conventional way to join the first main clause (“Clear… through”) and the second main clause (“wax…through”). Choice A is incorrect because it results in a comma splice. Without a conjunction following it, a comma can’t be used in this way to join two main clauses. Choice B is incorrect because it results in a run-on sentence. The two main clauses (“Clear…through” and “wax…through”) are fused without punctuation and/or a conjunction. Furthermore, it results in a confusing and illogical sentence that suggests clear glass allows light to pass through wax paper, which doesn’t make sense in this context. Choice D is incorrect because when coordinating two longer main clauses such as these, it’s conventional to use a comma before the coordinating conjunction.","","none","{}","","","","","","Boundaries","","import,pdf,section:RW,source:sat-practice-test-6-digital.pdf,page:27,source_question:22"
"SAT_PRACTICE_TEST_6","digital_nondigital_pdf","frompdf_6","","SAT6_RW_M2_Q19","RW","2","hard","19","Standard English Conventions","Boundaries","RW.BND","Boundaries","Boundaries","","1","multiple_choice","Using natural debris, such as dried _______ such as plastic bags; and more traditional art supplies, such as tree glue, Ghanaian artist Ed Franklin Gavua creates his striking Yiiiiikakaii African masks, which he hopes can help viewers rethink how waste is used in their communities.","Which choice completes the text so that it conforms to the conventions of Standard English?","leaves, man-made trash:","leaves; man-made trash,","leaves, man-made trash,","leaves; man-made trash;","B","2","Choice B is the best answer. The convention being tested is the punctuation of elements in a complex series. It’s conventional to use a semicolon to separate items in a complex series with internal punctuation, and in this choice, the semicolon after “leaves” is conventionally used to separate the first item (“natural debris, such as dried leaves”) and the second item (“man-made trash, such as plastic bags”) in the series of materials used by Gavua. Further, the comma after “trash” correctly separates the noun phrase “man-made trash” from the supplementary phrase (“such as plastic bags”) that describes it. Choice A is incorrect because a comma after “leaves” doesn’t match the semicolon used later to separate the second and third items in the series (“man- made...bags” and “and...glue”). Additionally, it’s not conventional to use a colon in this way to separate a supplementary phrase (“such as plastic bags”) from the noun phrase it modifies (“man-made trash”). Choice C is incorrect because a comma after “leaves” doesn’t match the semicolon used later to separate the second and third items in the series (“man-made...bags” and “and...glue”). Choice D is incorrect because it’s not conventional to use a semicolon in this way to separate a supplementary phrase (“such as plastic bags”) from the noun phrase it modifies (“man-made trash”).","","none","{}","","","","","","Boundaries","","import,pdf,section:RW,source:sat-practice-test-6-digital.pdf,page:27,source_question:23"
"SAT_PRACTICE_TEST_6","digital_nondigital_pdf","frompdf_6","","SAT6_RW_M2_Q20","RW","2","hard","20","Standard English Conventions","Boundaries","RW.BND","Boundaries","Boundaries","","1","multiple_choice","Latin America is known to have dozens, if not hundreds, of popular dance forms. Only five of these dances are included in international ballroom dance _______ rumba, samba, cha-cha-cha, paso doble, and jive—the last of which is grouped with the other Latin dances despite not having Latin roots.","Which choice completes the text so that it conforms to the conventions of Standard English?","competitions, however:","competitions, however,","competitions, however;","competitions; however,","A","1","Choice A is the best answer. The convention being tested is the punctuation of supplementary elements within a sentence. This choice correctly uses a comma to separate the supplementary adverb “however” from the preceding main clause (“only...competitions”), and it uses a colon to introduce the list of dances that follows (“rumba…jive”). Further, placing the colon after “however” rather than before indicates that the information in the preceding main clause (only... competitions) is contrary to what might be assumed from the information in the previous sentence (Latin America has many more dance forms). Choice B is incorrect. The comma after “however” can’t be used in this way to introduce a series (“rumba...jive”). Choice C is incorrect because it isn’t conventional to use a semicolon in this way to introduce a series of items, such as the list of dances. Choice D is incorrect because placing the semicolon after “competitions” illogically indicates that the following list of five Latin American dances (“rumba...jive”) is contrary to the information in the previous clause (only five Latin American dances are included in international ballroom dance competitions).","","none","{}","","","","","","Boundaries","","import,pdf,section:RW,source:sat-practice-test-6-digital.pdf,page:27,source_question:24"
"SAT_PRACTICE_TEST_6","digital_nondigital_pdf","frompdf_6","","SAT6_RW_M2_Q21","RW","2","hard","21","Standard English Conventions","Boundaries","RW.BND","Boundaries","Boundaries","","1","multiple_choice","For thousands of years, humans have used domesticated goats (Capra hircus) to clear land of unwanted vegetation. When it comes to their diets, goats are notoriously _______ they will devour all kinds of shrubs and weeds, leaving virtually no part of any plant unconsumed.","Which choice completes the text so that it conforms to the conventions of Standard English?","indiscriminate and","indiscriminate,","indiscriminate","indiscriminate:","D","4","Choice D is the best answer. The convention being tested is punctuation use between two main clauses. In this choice, a colon is correctly used to mark the boundary between one main clause (“goats are notoriously indiscriminate”) and another main clause (“they will devour all kinds of shrubs and weeds”) and to introduce the following explanation of goats’ nondiscriminatory behavior when it comes to what they eat. Choice A is incorrect because when coordinating two longer main clauses such as these, it’s conventional to use a comma before the coordinating conjunction. Furthermore, the conjunction “and” fails to indicate that what follows is an explanation of goats’ nondiscriminatory behavior when it comes to their diets. Choice B is incorrect because it results in a comma splice. A comma can’t be used in this way to join two main clauses (“goats…indiscriminate” and “they… weeds”). Choice C is incorrect because it results in a run-on sentence. The two main clauses (“goats…indiscriminate” and “they…weeds”) are fused without punctuation and/or a conjunction.","","none","{}","","","","","","Boundaries","","import,pdf,section:RW,source:sat-practice-test-6-digital.pdf,page:27,source_question:25"
"SAT_PRACTICE_TEST_6","digital_nondigital_pdf","frompdf_6","","SAT6_RW_M2_Q22","RW","2","hard","22","Expression of Ideas","Transitions","RW.TRN","Transitions","Transitions","","1","multiple_choice","After appropriate permissions are granted, a typical archaeological dig begins with a surveyor making a detailed grid of the excavation site. Then, the site is carefully dug, and any artifacts found are recorded and mapped onto the site grid. _______ the artifacts are removed, cataloged, and analyzed in a laboratory.","Which choice completes the text with the most logical transition?","For instance,","On the contrary,","Earlier,","Finally,","D","4","Choice D is the best answer. “Finally” logically signals that the actions in this sentence—the removal, cataloging, and analysis of artifacts—are the next and final steps in a process, following the previous actions of surveying, digging, recording, and mapping. Choice A is incorrect because “for instance” illogically signals that the actions in this sentence are an example of the actions in the previous sentence. Instead, the removal, cataloging, and analysis of artifacts are the next and final steps in a process. Choice B is incorrect because “on the contrary” illogically signals that the actions in this sentence are directly opposed to the actions in the previous sentence. Instead, the removal, cataloging, and analysis of artifacts are the next and final steps in a process. Choice C is incorrect because “earlier” illogically signals that the actions in this sentence occur before the actions in the previous sentence. Instead, the removal, cataloging, and analysis of artifacts are the next and final steps in a process.","","none","{}","","","","","","Transitions","","import,pdf,section:RW,source:sat-practice-test-6-digital.pdf,page:28,source_question:27"
"SAT_PRACTICE_TEST_6","digital_nondigital_pdf","frompdf_6","","SAT6_RW_M2_Q23","RW","2","hard","23","Expression of Ideas","Transitions","RW.TRN","Transitions","Transitions","","1","multiple_choice","The liquid metals in Earth’s core circulate constantly, and this circulation generates electrical currents that flow between Earth’s North and South magnetic poles. These electrical currents, _______ create a barrier around Earth that protects us from radiation and charged particles coming from space.","Which choice completes the text with the most logical transition?","in turn,","likewise,","nevertheless,","in reality,","A","1","Choice A is the best answer. “In turn” logically signals that the information in the sentence—that the electrical currents create a protective barrier around Earth— is a result or consequence of the previous information about the circulation of liquid metals generating electrical currents that flow between Earth’s magnetic poles. Choice B is incorrect because “likewise” illogically signals that the information in the sentence is similar to the previous information about the circulation of liquid metals generating electrical currents that flow between Earth’s magnetic poles. Instead, the new information about the electrical currents is a direct result or consequence of the previous information. Choice C is incorrect because “nevertheless” illogically signals that the information in the sentence is true despite the previous information about the circulation of liquid metals generating electrical currents that flow between Earth’s magnetic poles. Instead, the new information about the electrical currents is a direct result or consequence of the previous information. Choice D is incorrect because “in reality” illogically signals that the information in the sentence contradicts the previous information about the circulation of liquid metals generating electrical currents that flow between Earth’s magnetic poles. Instead, the new information about the electrical currents is a direct result or consequence of the previous information.","","none","{}","","","","","","Transitions","","import,pdf,section:RW,source:sat-practice-test-6-digital.pdf,page:28,source_question:28"
"SAT_PRACTICE_TEST_6","digital_nondigital_pdf","frompdf_6","","SAT6_RW_M2_Q24","RW","2","hard","24","Expression of Ideas","Transitions","RW.TRN","Transitions","Transitions","","1","multiple_choice","While researching a topic, a student has taken the following notes:

• In World War I, US soldiers who were members of the Choctaw Nation in Oklahoma participated in the Choctaw Code Talkers program.
• The Choctaw Code Talkers were trained to relay coded military information in their native language.
• In World War II, the US Army recruited Navajo (Diné) soldiers to transmit coded messages in their native language.
• These soldiers were known as the Navajo Code Talkers.","The student wants to emphasize a similarity between the Choctaw Code Talkers and the Navajo Code Talkers. Which choice most effectively uses relevant information from the notes to accomplish this goal?","US soldiers who were members of the Choctaw Nation in Oklahoma used their native language to relay coded information.","In World War II, one group of Navajo (Diné) soldiers was known as the Navajo Code Talkers.","Both the Choctaw Code Talkers and the Navajo Code Talkers transmitted coded military messages in the soldiers’ native languages.","The Choctaw Code Talkers, not the Navajo Code Talkers, served in World War I.","C","3","Choice C is the best answer. The sentence emphasizes a similarity between the Choctaw Code Talkers and the Navajo Code Talkers by explaining that both groups used their native languages to transmit coded messages for the military. Choice A is incorrect. The sentence describes the Choctaw Code Talkers; it doesn’t emphasize a similarity between the Choctaw Code Talkers and the Navajo Code Talkers. Choice B is incorrect. The sentence introduces the Navajo Code Talkers; it doesn’t emphasize a similarity between the Choctaw Code Talkers and the Navajo Code Talkers. Choice D is incorrect. The sentence emphasizes a difference between the Choctaw Code Talkers and the Navajo Code Talkers; it doesn’t emphasize a similarity.","","none","{}","","","","","","Transitions","","import,pdf,section:RW,source:sat-practice-test-6-digital.pdf,page:29,source_question:30"
"SAT_PRACTICE_TEST_6","digital_nondigital_pdf","frompdf_6","","SAT6_RW_M2_Q25","RW","2","hard","25","Expression of Ideas","Rhetorical Synthesis","RW.RS","Rhetorical Synthesis","Rhetorical Synthesis","","1","multiple_choice","While researching a topic, a student has taken the following notes:

• Meteorites found on Earth are divided into two categories.
• A meteorite that was observed falling to Earth before being recovered is known as a meteorite fall.
• All other meteorites found on Earth are known as meteorite finds.
• There have been about 1,200 recorded meteorite falls.
• There have been over 60,000 recorded meteorite finds.","The student wants to contrast the number of meteorite falls with the number of meteorite finds. Which choice most effectively uses relevant information from the notes to accomplish this goal?","A meteorite that was observed falling to Earth before being recovered is known as a meteorite fall; all others are known as meteorite finds.","Meteorites found on Earth are divided into two categories: meteorite falls and meteorite finds.","There have been about 1,200 recorded meteorite falls, or meteorites observed falling to Earth.","While there have been only about 1,200 recorded meteorite falls, there have been over 60,000 meteorite finds.","D","4","Choice D is the best answer. The sentence contrasts the number of meteorite falls with the number of meteorite finds, noting that there have been over 60,000 meteorite finds but only about 1,200 recorded meteorite falls. Choice A is incorrect. While the sentence explains the difference between meteorite falls and meteorite finds, it doesn’t contrast the number of meteorite falls and meteorite finds. Choice B is incorrect. The sentence indicates the two categories of meteorites found on Earth; it doesn’t contrast the number of meteorite falls and meteorite finds. Choice C is incorrect. While the sentence notes the number of recorded meteorite falls, it doesn’t contrast this with the number of meteorite finds.","","none","{}","","","","","","Rhetorical Synthesis","","import,pdf,section:RW,source:sat-practice-test-6-digital.pdf,page:29,source_question:31"
"SAT_PRACTICE_TEST_6","digital_nondigital_pdf","frompdf_6","","SAT6_RW_M2_Q26","RW","2","hard","26","Expression of Ideas","Rhetorical Synthesis","RW.RS","Rhetorical Synthesis","Rhetorical Synthesis","","1","multiple_choice","While researching a topic, a student has taken the following notes:

• Doña María do Carmo Bandeira was a Brazilian botanist.
• Between 1924 and 1941, she collected approximately 800 botanical samples.
• She collected a sample of Polytrichum juniperinum from Serra de Itatiaia in Mauá in February of 1925.
• She collected a sample of Sphagnum gracilescen from Ponte do Inferno in Corcovado in March of 1925.
• Polytrichum juniperinum and Sphagnum gracilescen are both species of moss.","The student wants to emphasize the sample collected from Serra de Itatiaia. Which choice most effectively uses relevant information from the notes to accomplish this goal?","Doña María do Carmo Bandeira was a botanist notable for collecting approximately 800 botanical samples between 1924 and 1941.","Among the many botanical samples Doña María do Carmo Bandeira collected was Polytrichum juniperinum, a species of moss she collected from Serra de Itatiaia in 1925.","Between 1924 and 1941, Doña María do Carmo Bandeira collected many botanical samples, such as Polytrichum juniperinum from Serra de Itatiaia and Sphagnum gracilescen from Ponte do Inferno.","Between 1924 and 1941, Doña María do Carmo Bandeira collected samples of Polytrichum juniperinum and Sphagnum gracilescen, both species of moss.","B","2","Choice B is the best answer. The sentence emphasizes the sample collected from Serra de Itatiaia, noting that Bandeira collected a Polytrichum juniperinum sample there in 1925. Choice A is incorrect. The sentence introduces Bandeira to an audience unfamiliar with her work; it doesn’t emphasize the sample she collected from Serra de Itatiaia. Choice C is incorrect. While the sentence mentions the sample Bandeira collected from Serra de Itatiaia, it doesn’t emphasize this sample over the sample from Ponte do Inferno. Choice D is incorrect. The sentence provides examples of the botanical samples Bandeira collected; it doesn’t emphasize the sample collected from Serra de Itatiaia.","","none","{}","","","","","","Rhetorical Synthesis","","import,pdf,section:RW,source:sat-practice-test-6-digital.pdf,page:30,source_question:32"
"SAT_PRACTICE_TEST_6","digital_nondigital_pdf","frompdf_6","","SAT6_RW_M2_Q27","RW","2","hard","27","Expression of Ideas","Rhetorical Synthesis","RW.RS","Rhetorical Synthesis","Rhetorical Synthesis","","1","multiple_choice","While researching a topic, a student has taken the following notes:

• The US government classifies sensitive information according to the degree to which disclosure could affect the nation’s security.
• Information that could cause “damage” to national security is classified as Confidential.
• Information that could cause “serious damage” to national security is classified as Secret.
• Most routine diplomatic correspondence, if disclosed, could cause damage but not serious damage to national security.
• Diplomatic correspondence includes communication with both allies and adversaries.","The student wants to indicate which category most routine diplomatic correspondence belongs in, based on how sensitive information is classified. Which choice most effectively uses relevant information from the notes to accomplish this goal?","According to the US government, which classifies such sensitive information as routine diplomatic correspondence, Confidential information could damage national security if disclosed.","Most routine diplomatic correspondence is classified according to the degree to which disclosure could affect the nation’s security.","Having the potential to damage national security if disclosed, most routine diplomatic correspondence is classified as Confidential.","If disclosed, communication with both allies and adversaries could affect the nation’s security.","C","3","Choice C is the best answer. The sentence indicates which classification category most routine diplomatic correspondence belongs in, explaining that it is classified as Confidential because it has the potential to damage national security if disclosed. Choice A is incorrect. While the sentence makes a claim about information classified as Confidential, it doesn’t indicate which category routine diplomatic correspondence belongs in. Choice B is incorrect. The sentence makes a generalization about how routine diplomatic correspondence is classified; it doesn’t indicate which classification category the correspondence belongs in. Choice D is incorrect. This sentence explains that routine diplomatic correspondence could affect national security if disclosed; it doesn’t indicate which category of sensitive information this correspondence belongs in.","","none","{}","","","","","","Rhetorical Synthesis","","import,pdf,section:RW,source:sat-practice-test-6-digital.pdf,page:30,source_question:33"
"SAT_PRACTICE_TEST_6","digital_nondigital_pdf","frompdf_6","","SAT6_MATH_M1_Q01","MATH","1","base","1","Algebra","Algebra","MATH.ALGEBRA","Linear equations in one variable","Linear equations in one variable","","1","multiple_choice","","(p + 3) + 8 = 10

What value of p is the solution to the given equation?","−1","5","15","21","A","1","Choice A is correct. Subtracting 8 from both sides of the given equation yields p + = . Subtracting 3 from both sides of this equation yields p =- . Choice B is incorrect and may result from conceptual or calculation errors. Choice C is incorrect and may result from conceptual or calculation errors. Choice D is incorrect and may result from conceptual or calculation errors.","","none","{}","","","","","","Linear equations in one variable","","import,pdf,section:MATH,source:sat-practice-test-6-digital.pdf,page:34,source_question:1"
"SAT_PRACTICE_TEST_6","digital_nondigital_pdf","frompdf_6","","SAT6_MATH_M1_Q02","MATH","1","base","2","Advanced Math","Advanced Math","MATH.ADVANCED","Quadratic equations","Quadratic equations","","1","multiple_choice","","k² − 53 = 91

What is the positive solution to the given equation?","144","72","38","12","D","4","Choice D is correct. Adding 53 to each side of the given equation yields k 2= . Taking the square root of each side of this equation yields k ! = . Therefore, the positive solution to the given equation is 12. Choice A is incorrect. This is the positive solution to the equation , k 20 683 2- = , not k 2- = . Choice B is incorrect. This is the positive solution to the equation , k 5 131 2- = , not k 2- = . Choice C is incorrect. This is the positive solution to the equation , k 1 391 2- = , not k 2- = .","","none","{}","","","","","","Quadratic equations","","import,pdf,section:MATH,source:sat-practice-test-6-digital.pdf,page:36,source_question:3"
"SAT_PRACTICE_TEST_6","digital_nondigital_pdf","frompdf_6","","SAT6_MATH_M1_Q03","MATH","1","base","3","Advanced Math","Advanced Math","MATH.ADVANCED","Nonlinear functions","Nonlinear functions","","1","multiple_choice","","An object was launched upward from a platform. The graph shown models the height above ground, y, in meters, of the object x seconds after it was launched. For which of the following intervals of time was the height of the object increasing for the entire interval?","From x = 0 to x = 2","From x = 0 to x = 4","From x = 2 to x = 3","From x = 3 to x = 4","A","1","Choice A is correct. It’s given that the variable y represents the height, in meters, of the object above the ground. The graph shows that the height of the object was increasing from x = to x = , and decreasing from x = to x = . Therefore, the height of the object was increasing for the entire interval of time from x = to x = . Choice B is incorrect. The height of the object wasn’t increasing for this entire interval of time, as it was decreasing from x = to x = . Choice C is incorrect. The height of the object was decreasing, not increasing, for this entire interval of time. Choice D is incorrect. The height of the object was decreasing, not increasing, for this entire interval of time.","","function_graph","{""diagram_type"":""quadratic_height_model"",""render_mode"":""near_to_scale"",""x_min"":0,""x_max"":10,""y_min"":0,""y_max"":60,""x_label"":""Time (seconds)"",""y_label"":""Height above ground (meters)"",""grid"":true,""points"":[[0,8],[1,23],[2,28],[3,23],[4,8],[4.6,0]],""connect_points"":true,""curve_type"":""downward_parabola"",""target"":""interval where height is increasing""}","","","","","","Nonlinear functions","","import,pdf,section:MATH,source:sat-practice-test-6-digital.pdf,page:36,source_question:5"
"SAT_PRACTICE_TEST_6","digital_nondigital_pdf","frompdf_6","","SAT6_MATH_M1_Q04","MATH","1","base","4","Problem-Solving and Data Analysis","Problem-Solving and Data Analysis","MATH.PROBLEMS","Unit conversion","Unit conversion","","1","student_response","","How many yards are equivalent to 1,116 inches?

(1 yard = 36 inches)","","","","","","","The correct answer is 31. It’s given that 1 yard is equal to 36 inches. Therefore, , 1 116 inches is equivalent to , 1 116 inches inches yard ` cj m, or 31 yards.","","none","{}","","","numeric","31","0","Unit conversion","","import,pdf,section:MATH,source:sat-practice-test-6-digital.pdf,page:36,source_question:6"
"SAT_PRACTICE_TEST_6","digital_nondigital_pdf","frompdf_6","","SAT6_MATH_M1_Q05","MATH","1","base","5","Algebra","Algebra","MATH.ALGEBRA","Linear functions","Linear functions","","1","student_response","","f(x) = 14 + 4x

The function f represents the total cost, in dollars, of attending an arcade when x games are played. How many games can be played for a total cost of $58?","","","","","","","The correct answer is 11. It’s given that the function f x x = + ^ h represents the total cost, in dollars, of attending an arcade when x games are played. Substituting 58 for f x ^ h in the given equation yields x = + . Subtracting 14 from each side of this equation yields x = . Dividing each side of this equation by 4 yields x 11= . Therefore, 11 games can be played for a total cost of $58.","","none","{}","","","numeric","11","0","Linear functions","","import,pdf,section:MATH,source:sat-practice-test-6-digital.pdf,page:37,source_question:7"
"SAT_PRACTICE_TEST_6","digital_nondigital_pdf","frompdf_6","","SAT6_MATH_M1_Q06","MATH","1","base","6","Algebra","Algebra","MATH.ALGEBRA","Linear functions","Linear functions","","1","multiple_choice","","f(x) = x + b

For the linear function f, b is a constant. When x = 0, f(x) = 30. What is the value of b?","−30","−1/30","1/30","30","D","4","Choice D is correct. It’s given that when x = , f x = ^ h . Substituting 0 for x and 30 for f x ^ h in the given function yields b = + , or b 30= . Therefore, the value of b is 30. Choice A is incorrect and may result from conceptual or calculation errors. Choice B is incorrect and may result from conceptual or calculation errors. Choice C is incorrect and may result from conceptual or calculation errors.","","none","{}","","","","","","Linear functions","","import,pdf,section:MATH,source:sat-practice-test-6-digital.pdf,page:37,source_question:8"
"SAT_PRACTICE_TEST_6","digital_nondigital_pdf","frompdf_6","","SAT6_MATH_M1_Q07","MATH","1","base","7","Advanced Math","Advanced Math","MATH.ADVANCED","Exponential functions","Exponential functions","","1","multiple_choice","","P(t) = 1,800(1.02)ᵗ

The function P gives the estimated number of marine mammals in a certain area, where t is the number of years since a study began. What is the best interpretation of P(0) = 1,800 in this context?","The estimated number of marine mammals in the area was 102 when the study began.","The estimated number of marine mammals in the area was 1,800 when the study began.","The estimated number of marine mammals in the area increased by 102 each year during the study.","The estimated number of marine mammals in the area increased by 1,800 each year during the study.","B","2","Choice B is correct. The function P gives the estimated number of marine mammals in a certain area, where t is the number of years since a study began. Since the value of P 0 ^ h is the value of P t^ h when t = , it follows that , P 0 1 800 = ^ h means that the value of P t^ h is , 1 800 when t = . Since t is the number of years since the study began, it follows that t = is 0 years since the study began, or when the study began. Therefore, the best interpretation of , P 0 1 800 = ^ h in this context is the estimated number of marine mammals in the area was , 1 800 when the study began. Choice A is incorrect and may result from conceptual or calculation errors. Choice C is incorrect and may result from conceptual or calculation errors. Choice D is incorrect and may result from conceptual or calculation errors.","","none","{}","","","","","","Exponential functions","","import,pdf,section:MATH,source:sat-practice-test-6-digital.pdf,page:37,source_question:9"
"SAT_PRACTICE_TEST_6","digital_nondigital_pdf","frompdf_6","","SAT6_MATH_M1_Q08","MATH","1","base","8","Algebra","Algebra","MATH.ALGEBRA","Linear equations in context","Linear equations in context","","1","multiple_choice","","A manager is responsible for ordering supplies for a shaved ice shop. The shop’s inventory starts with 4,500 paper cups, and the manager estimates that 70 of these paper cups are used each day. Based on this estimate, in how many days will the supply of paper cups reach 1,700?","20","40","60","80","B","2","Choice B is correct. It’s given that the shop’s inventory starts with , 4 500 paper cups and that the manager estimates that 70 of these paper cups are used each day. Let x represent the number of days in which the estimated supply of paper cups will reach , 1 700. The equation , , x 4 500 1 700 - = represents this situation. Subtracting , 4 500 from both sides of this equation yields , x 2 800 - =- . Dividing both sides of this equation by - yields x = . Therefore, based on this estimate, the supply of paper cups will reach , 1 700 in 40 days. Choice A is incorrect. After 20 days, the estimated supply of paper cups would be , 4 500 70 20 - ^ h, or , 3 100 cups, not , 1 700 cups. Choice C is incorrect. After 60 days, the estimated supply of paper cups would be , 4 500 70 60 - ^ h, or 300 cups, not , 1 700 cups. Choice D is incorrect. After 80 days, the estimated supply of paper cups would be , 4 500 70 80 - ^ h, or , 1 100 - cups, which isn’t possible.","","none","{}","","","","","","Linear equations in context","","import,pdf,section:MATH,source:sat-practice-test-6-digital.pdf,page:37,source_question:10"
"SAT_PRACTICE_TEST_6","digital_nondigital_pdf","frompdf_6","","SAT6_MATH_M1_Q09","MATH","1","base","9","Advanced Math","Advanced Math","MATH.ADVANCED","Equivalent expressions","Equivalent expressions","","1","multiple_choice","","Which expression is equivalent to (x² + 11)² + (x − 5)(x + 5)?","x⁴ + 23x² − 14","x⁴ + 23x² + 96","x⁴ + 12x² + 121","x⁴ + x² + 146","B","2","Choice B is correct. The expression x + ^ h can be written as x x + + ^ ^h h, which is equivalent to x x x + + + ^ ^ h h. Distributing x2 and 11 to x 2+ ^ h yields x x x + + + , or x x + + . The expression x x - + ^ ^h h is equivalent to x x x - + - ^ ^ h h . Distributing x and 5 to x - ^ h yields x x x 2- + - , or x 2- . Therefore, the expression x x x + + - + ^ ^ ^ h h h is equivalent to x x x + + + - ^ ^ h h, or x x x + + + - . Combining like terms in this expression yields x x + + . Choice A is incorrect. Equivalent expressions must be equivalent for any value of x. Substituting 0 for x in this expression yields - , whereas substituting 0 for x in the given expression yields 96. Choice C is incorrect. Equivalent expressions must be equivalent for any value of x. Substituting 0 for x in this expression yields 121, whereas substituting 0 for x in the given expression yields 96. Choice D is incorrect. Equivalent expressions must be equivalent for any value of x. Substituting 0 for x in this expression yields 146, whereas substituting 0 for x in the given expression yields 96.","","none","{}","","","","","","Equivalent expressions","","import,pdf,section:MATH,source:sat-practice-test-6-digital.pdf,page:38,source_question:12"
"SAT_PRACTICE_TEST_6","digital_nondigital_pdf","frompdf_6","","SAT6_MATH_M1_Q10","MATH","1","base","10","Advanced Math","Advanced Math","MATH.ADVANCED","Function evaluation","Function evaluation","","1","student_response","","The function h is defined by h(x) = 8/(5x + 6). What is the value of h(2)?","","","","","","","The correct answer is 2 1. The value of h 2 ^ h is the value of h x ^ h when x = . Substituting 2 for x in the given equation yields h 2 5 2 = + ^ ^ h h , which is equivalent to h 2 = ^ h , or h 2 = ^ h . Therefore, the value of h 2 ^ h is 2 1. Note that 1/2 and .5 are examples of ways to enter a correct answer.","","none","{}","","","numeric","1/2","0","Function evaluation","","import,pdf,section:MATH,source:sat-practice-test-6-digital.pdf,page:38,source_question:13"
"SAT_PRACTICE_TEST_6","digital_nondigital_pdf","frompdf_6","","SAT6_MATH_M1_Q11","MATH","1","base","11","Geometry and Trigonometry","Geometry and Trigonometry","MATH.GEOMETRY","Area of triangles","Area of triangles","","1","student_response","","The figure shows the lengths, in inches, of two sides of a right triangle. What is the area of the triangle, in square inches?","","","","","","","The correct answer is 2 15. The area, A, of a triangle is given by the formula A bh = , where b is the length of the base of the triangle and h is the height of the triangle. In the right triangle shown, the length of the base of the triangle is 5 inches, and the height is 3 inches. It follows that b = and h = . Substituting 5 for b and 3 for h in the formula A bh = yields A 5 3 = ^ ^h h, which is equivalent to A = ^ h, or A = . Therefore, the area of the triangle, in square inches, is 2 15. Note that 15/2 and 7.5 are examples of ways to enter a correct answer.","","right_triangle","{""diagram_type"":""right_triangle"",""render_mode"":""schematic_not_to_scale"",""not_to_scale"":true,""vertices"":[""A"",""B"",""C""],""right_angle_at"":""C"",""side_labels"":{""AC"":""3"",""CB"":""5""},""target"":""area""}","","","numeric","15/2","0","Area of triangles","","import,pdf,section:MATH,source:sat-practice-test-6-digital.pdf,page:38,source_question:14"
"SAT_PRACTICE_TEST_6","digital_nondigital_pdf","frompdf_6","","SAT6_MATH_M1_Q12","MATH","1","base","12","Algebra","Algebra","MATH.ALGEBRA","Rearranging equations","Rearranging equations","","1","multiple_choice","","P = N(19 − C)

The given equation relates the positive numbers P, N, and C. Which equation correctly expresses C in terms of P and N?","C = (19 + P)/N","C = (19 − P)/N","C = 19 + P/N","C = 19 − P/N","D","4","Choice D is correct. It’s given that the values of P, N, and C are positive. Therefore, dividing each side of the given equation by N yields C N P= - . Subtracting 19 from each side of this equation yields C N P- =- . Dividing each side of this equation by - yields C N P - = , or C N P = - . Choice A is incorrect. This equation is equivalent to P NC = - , not P N C = - ^ h. Choice B is incorrect. This equation is equivalent to P NC = - , not P N C = - ^ h. Choice C is incorrect. This equation is equivalent to P N C = - ^ h, not P N C = - ^ h.","","none","{}","","","","","","Rearranging equations","","import,pdf,section:MATH,source:sat-practice-test-6-digital.pdf,page:39,source_question:17"
"SAT_PRACTICE_TEST_6","digital_nondigital_pdf","frompdf_6","","SAT6_MATH_M1_Q13","MATH","1","base","13","Advanced Math","Advanced Math","MATH.ADVANCED","Quadratic equations","Quadratic equations","","1","multiple_choice","","w² + 12w − 40 = 0

Which of the following is a solution to the given equation?","6 − 2√19","2√19","√19","−6 + 2√19","D","4","Choice D is correct. Adding 40 to both sides of the given equation yields w w 2+ = . To complete the square, adding b l , or 62, to both sides of this equation yields w w + + = + , or w + = ^ h . Taking the square root of both sides of this equation yields w ! + = , or w 2 19 ! + = . Subtracting 6 from both sides of this equation yields w 2 19 ! =- . Therefore, the solutions to the given equation are 2 19 - + and 2 19 - - . Of these two solutions, only 2 19 - + is given as a choice. Choice A is incorrect and may result from conceptual or calculation errors. Choice B is incorrect and may result from conceptual or calculation errors. Choice C is incorrect and may result from conceptual or calculation errors.","","none","{}","","","","","","Quadratic equations","","import,pdf,section:MATH,source:sat-practice-test-6-digital.pdf,page:39,source_question:18"
"SAT_PRACTICE_TEST_6","digital_nondigital_pdf","frompdf_6","","SAT6_MATH_M1_Q14","MATH","1","base","14","Problem-Solving and Data Analysis","Problem-Solving and Data Analysis","MATH.PROBLEMS","Statistics","Statistics","","1","multiple_choice","","The table shown summarizes the number of employees at each of the 17 restaurants in a town. Which of the following could be the median number of employees for the restaurants in this town?","2","9","15","21","D","4","Choice D is correct. If a data set contains an odd number of data values, the median is represented by the middle data value in the list when the data values are listed in ascending or descending order. Since the numbers of employees are given as ranges of values rather than specific values, it’s only possible to determine the range in which the median falls, rather than the exact median. Since there are 17 restaurants included in the data set and the numbers of employees are listed in ascending order, it follows that the median number of employees will be represented by the ninth restaurant in the list. Since the first 2 restaurants each have 2 to 7 employees, numbers of employees in the 2 to 7 range would be represented by the first and second restaurants in the list. The next 4 restaurants each have 8 to 13 employees. Therefore, numbers of employees in the 8 to 13 range will be represented by the third through sixth restaurants in the list. The next 2 restaurants each have 14 to 19 employees. Therefore, numbers of employees in the 14 to 19 range will be represented by the seventh and eighth restaurants in the list. Since the next 7 restaurants each have 20 to 25 employees, numbers of employees in the 20 to 25 range will be represented by the ninth through fifteenth restaurants in the list. This means that the ninth restaurant in the list, which has the median number of employees for the restaurants in this town, has a number of employees in the 20 to 25 range. Of the given choices, the only number of employees in the 20 to 25 range is 21. Choice A is incorrect and may result from conceptual or calculation errors. Choice B is incorrect. This is the position of the median in the list, not the value of the median. Choice C is incorrect and may result from conceptual or calculation errors.","","table","{}","| Number of employees | Number of restaurants |
|---:|---:|
| 2 to 7 | 2 |
| 8 to 13 | 4 |
| 14 to 19 | 2 |
| 20 to 25 | 7 |
| 26 to 31 | 2 |","","","","","Statistics","","import,pdf,section:MATH,source:sat-practice-test-6-digital.pdf,page:40,source_question:19"
"SAT_PRACTICE_TEST_6","digital_nondigital_pdf","frompdf_6","","SAT6_MATH_M1_Q15","MATH","1","base","15","Algebra","Algebra","MATH.ALGEBRA","Linear equations in two variables","Linear equations in two variables","","1","student_response","","What is the y-coordinate of the y-intercept of the graph of 3x/7 = −5y/9 + 21 in the xy-plane?","","","","","","","The correct answer is 189. A y-intercept of a graph in the xy-plane is a point where the graph intersects the y-axis, which is a point with an x-coordinate of 0. Substituting 0 for x in the given equation yields y 3 0 =- + ^ h , or 0 y =- + . Subtracting 21 from both sides of this equation yields y - =- . Multiplying both sides of this equation by - yields y = . Dividing both sides of this equation by 5 yields y 189= . Therefore, the y-coordinate of the y-intercept of the graph of the given equation in the xy-plane is 189. Note that 189/5 and 37.8 are examples of ways to enter a correct answer.","","none","{}","","","numeric","189/5","0","Linear equations in two variables","","import,pdf,section:MATH,source:sat-practice-test-6-digital.pdf,page:40,source_question:20"
"SAT_PRACTICE_TEST_6","digital_nondigital_pdf","frompdf_6","","SAT6_MATH_M1_Q16","MATH","1","base","16","Advanced Math","Advanced Math","MATH.ADVANCED","Quadratic functions","Quadratic functions","","1","student_response","","The graph of y = 2x² + bx + c is shown, where b and c are constants. What is the value of bc?","","","","","","","The correct answer is - . Since the graph passes through the point , - ^ h, it follows that when the value of x is 0, the value of y is - . Substituting 0 for x and - for y in the given equation yields b c 2 0 - = + + ^ ^ h h , or c - = . Therefore, the value of c is - . Substituting - for c in the given equation yields y x bx = + - . Since the graph passes through the point , - - ^ h, it follows that when the value of x is - , the value of y is - . Substituting - for x and - for y in the equation y x bx = + - yields b - = - + - - ^ ^ h h , or b - = - - , which is equivalent to b - =- - . Adding 4 to each side of this equation yields b - =- . Dividing each side of this equation by - yields b 4= . Since the value of b is 4 and the value of c is - , it follows that the value of bc is - ^ ^h h, or - . Alternate approach: The given equation represents a parabola in the xy-plane with a vertex at , - - ^ h. Therefore, the given equation, y x bx c = + + , which is written in standard form, can be written in vertex form, y a x h k = - + ^ h , where ,h k ^ h is the vertex of the parabola and a is the value of the coefficient on the x2 term when the equation is written in standard form. It follows that a = . Substituting 2 for a, - for h, and - for k in this equation yields y x = - - + - ^ ^ ^ hh h, or y x = + - ^ h . Squaring the binomial on the right-hand side of this equation yields y x x = + + - ^ h . Multiplying each term inside the parentheses on the right-hand side of this equation by 2 yields y x x = + + - , which is equivalent to y x x = + - . From the given equation y x bx c = + + , it follows that the value of b is 4 and the value of c is - . Therefore, the value of bc is 4 - ^ ^h h, or - .","","function_graph","{""diagram_type"":""quadratic_function"",""render_mode"":""exact_to_scale"",""x_min"":-6,""x_max"":5,""y_min"":-10,""y_max"":5,""x_label"":""x"",""y_label"":""y"",""grid"":true,""points"":[[-2,-6],[-1,-8],[0,-6]],""equation"":""y=2x^2+4x-6"",""connect_points"":true,""curve_type"":""parabola"",""target"":""bc""}","","","numeric","-24","0","Quadratic functions","","import,pdf,section:MATH,source:sat-practice-test-6-digital.pdf,page:40,source_question:21"
"SAT_PRACTICE_TEST_6","digital_nondigital_pdf","frompdf_6","","SAT6_MATH_M1_Q17","MATH","1","base","17","Problem-Solving and Data Analysis","Problem-Solving and Data Analysis","MATH.PROBLEMS","Percent change","Percent change","","1","multiple_choice","","In 2008, Zinah earned 14% more than in 2007, and in 2009 Zinah earned 4% more than in 2008. If Zinah earned y times as much in 2009 as in 2007, what is the value of y?","0.5600","1.0056","1.1800","1.1856","D","4","Choice D is correct. It’s given that in 2008 Zinah earned % more than in 2007. Let h represent the amount Zinah earned in 2007 and let j represent the amount that Zinah earned in 2008. This situation can be represented by the equation j h = + b l , or . j h 1 14 = . It’s also given that in 2009 Zinah earned % more than in 2008. Let k represent the amount Zinah earned in 2009. This situation can be represented by the equation k j = + b l , or . k j 1 04 = . Substituting . h 1 14 for j in the equation . k j 1 04 = yields . . k h 1 04 1 14 =^ ^h h, or . k h 1 1856 = . If Zinah earned y times as much in 2009 as in 2007, then the value of y is . 1 1856. Choice A is incorrect and may result from conceptual or calculation errors. Choice B is incorrect and may result from conceptual or calculation errors. Choice C is incorrect and may result from conceptual or calculation errors.","","none","{}","","","","","","Percent change","","import,pdf,section:MATH,source:sat-practice-test-6-digital.pdf,page:40,source_question:22"
"SAT_PRACTICE_TEST_6","digital_nondigital_pdf","frompdf_6","","SAT6_MATH_M1_Q18","MATH","1","base","18","Geometry and Trigonometry","Geometry and Trigonometry","MATH.GEOMETRY","Circles","Circles","","1","multiple_choice","","Circle A (shown) is defined by the equation (x + 2)² + y² = 9. Circle B (not shown) is the result of shifting circle A down 6 units and increasing the radius so that the radius of circle B is 2 times the radius of circle A. Which equation defines circle B?","(x + 2)² + (y + 6)² = (4)(9)","2(x + 2)² + 2(y + 6)² = 9","(x + 2)² + (y − 6)² = (4)(9)","2(x + 2)² + 2(y − 6)² = 9","A","1","Choice A is correct. According to the graph, the center of circle A has coordinates , 2 0 - ^ h, and the radius of circle A is 3. It’s given that circle B is the result of shifting circle A down 6 units and increasing the radius so that the radius of circle B is 2 times the radius of circle A. It follows that the center of circle B is 6 units below the center of circle A. The point that’s 6 units below , 2 0 - ^ h has the same x-coordinate as , 2 0 - ^ h and has a y-coordinate that is 6 less than the y-coordinate of , 2 0 - ^ h. Therefore, the coordinates of the center of circle B are , 2 0 - - ^ h, or , - - ^ h. Since the radius of circle B is 2 times the radius of circle A, the radius of circle B is 2 3 ^ ^h h. A circle in the xy-plane can be defined by an equation of the form x h y k r - + - = ^ ^ h h , where the coordinates of the center of the circle are ,h k ^ h and the radius of the circle is r. Substituting - for h, - for k, and 2 3 ^ ^h h for r in this equation yields x y 2 3 - - + - - = ^ ^ ^ ^ ^^ ^ hh hh h hh , which is equivalent to x y + + + = ^ ^ ^ ^ h h h h , or x y 4 9 + + + = ^ ^ ^ ^ h h h h. Therefore, the equation x y 4 9 + + + = ^ ^ ^ ^ h h h h defines circle B. Choice B is incorrect and may result from conceptual or calculation errors. Choice C is incorrect. This equation defines a circle that’s the result of shifting circle A up, not down, by 6 units and increasing the radius. Choice D is incorrect and may result from conceptual or calculation errors.","","coordinate_plane","{""diagram_type"":""circle_on_coordinate_plane"",""render_mode"":""exact_to_scale"",""x_min"":-7,""x_max"":3,""y_min"":-6,""y_max"":6,""x_label"":""x"",""y_label"":""y"",""grid"":true,""circle"":{""center"":[-2,0],""radius"":3},""target"":""transformed circle equation""}","","","","","","Circles","","import,pdf,section:MATH,source:sat-practice-test-6-digital.pdf,page:41,source_question:23"
"SAT_PRACTICE_TEST_6","digital_nondigital_pdf","frompdf_6","","SAT6_MATH_M1_Q19","MATH","1","base","19","Geometry and Trigonometry","Geometry and Trigonometry","MATH.GEOMETRY","Right-triangle trigonometry","Right-triangle trigonometry","","1","multiple_choice","","Right triangle ABC is shown. What is the value of tan A?","√3/54","1/√3","√3","27√3","C","3","Choice C is correct. In the triangle shown, the measure of angle B is ° 30 and angle C is a right angle, which means that it has a measure of ° 90 . Since the sum of the angles in a triangle is equal to ° 180 , the measure of angle A is equal to ° ° - + ^ h , or ° 60 . In a right triangle whose acute angles have measures ° 30 and ° 60 , the lengths of the legs can be represented by the expressions x, x 3, and x 2 , where x is the length of the leg opposite the angle with measure ° 30 , x 3 is the length of the leg opposite the angle with measure ° 60 , and x 2 is the length of the hypotenuse. In the triangle shown, the hypotenuse has a length of 54. It follows that x = , or x = . Therefore, the length of the leg opposite angle B is 27 and the length of the leg opposite angle A is 27 3. The tangent of an acute angle in a right triangle is defined as the ratio of the length of the leg opposite the angle to the length of the leg adjacent to the angle. The length of the leg opposite angle A is 27 3 and the length of the leg adjacent to angle A is 27. Therefore, the value of tanA is 27 3, or 3. Choice A is incorrect and may result from conceptual or calculation errors. Choice B is incorrect. This is the value of tanA 1 , not the value of tanA. Choice D is incorrect. This is the length of the leg opposite angle A, not the value of tanA.","","right_triangle","{""diagram_type"":""right_triangle"",""render_mode"":""schematic_not_to_scale"",""not_to_scale"":true,""vertices"":[""A"",""B"",""C""],""right_angle_at"":""C"",""side_labels"":{""AB"":""54""},""angle_labels"":{""B"":""30°""},""target"":""tan A""}","","","","","","Right-triangle trigonometry","","import,pdf,section:MATH,source:sat-practice-test-6-digital.pdf,page:41,source_question:24"
"SAT_PRACTICE_TEST_6","digital_nondigital_pdf","frompdf_6","","SAT6_MATH_M1_Q20","MATH","1","base","20","Advanced Math","Advanced Math","MATH.ADVANCED","Exponential models","Exponential models","","1","multiple_choice","","At the time that an article was first featured on the home page of a news website, there were 40 comments on the article. An exponential model estimates that at the end of each hour after the article was first featured on the home page, the number of comments on the article had increased by 190% of the number of comments on the article at the end of the previous hour. Which of the following equations best represents this model, where C is the estimated number of comments on the article t hours after the article was first featured on the home page and t ≤ 4?","C = 40(1.19)ᵗ","C = 40(1.9)ᵗ","C = 40(19)ᵗ","C = 40(2.9)ᵗ","D","4","Choice D is correct. It’s given that an exponential model estimates that the number of comments on an article increased by a fixed percentage at the end of each hour. Therefore, the model can be represented by an exponential equation of the form C Kat = , where C is the estimated number of comments on the article t hours after the article was first featured on the home page and K and a are constants. It’s also given that when the article was first featured on the home page of the news website, there were 40 comments on the article. This means that when t = , C = . Substituting 0 for t and 40 for C in the equation C Kat = yields Ka = , or K 40= . It’s also given that the number of comments on the article at the end of an hour had increased by % of the number of comments on the article at the end of the previous hour. Multiplying the percent increase by the number of comments on the article at the end of the previous hour yields the number of estimated additional comments the article has on its home page: ` bj l, or 76 comments. Thus, the estimated number of comments for the following hour is the sum of the comments from the end of the previous hour and the number of additional comments, which is 40 + , or 116. This means that when t = , C = . Substituting 1 for t, 116 for C, and 40 for K in the equation C Kat = yields a = , or a = . Dividing both sides of this equation by 40 yields . a 2 9= . Substituting 40 for K and . 2 9 for a in the equation C Kat = yields . C 40 2 9 t = ^ h . Thus, the equation that best represents this model is . C 40 2 9 t = ^ h . Choice A is incorrect. This model represents a situation where the number of comments at the end of each hour increased by % of the number of comments at the end of the previous hour, rather than % . Choice B is incorrect. This model represents a situation where the number of comments at the end of each hour increased by % of the number of comments at the end of the previous hour, rather than % . Choice C is incorrect. This model represents a situation where the number of comments at the end of each hour was 19 times the number of comments at the end of the previous hour, rather than increasing by % of the number of comments at the end of the previous hour.","","none","{}","","","","","","Exponential models","","import,pdf,section:MATH,source:sat-practice-test-6-digital.pdf,page:42,source_question:25"
"SAT_PRACTICE_TEST_6","digital_nondigital_pdf","frompdf_6","","SAT6_MATH_M1_Q21","MATH","1","base","21","Algebra","Algebra","MATH.ALGEBRA","Functions","Functions","","1","multiple_choice","","The table shows three values of x and their corresponding values of g(x), where g(x) = f(x)/(x + 3) and f is a linear function. What is the y-intercept of the graph of y = f(x) in the xy-plane?","(0, 36)","(0, 12)","(0, 4)","(0, −9)","A","1","Choice A is correct. It’s given that the table shows values of x and their corresponding values of g x ^ h, where g x x f x = + ^ ^ h h . It’s also given that f is a linear function. It follows that an equation that defines f can be written in the form f x mx b = + ^ h , where m represents the slope and b represents the y-coordinate of the y-intercept , b ^ h of the graph of y f x = ^ h in the xy-plane. The slope of the graph of y f x = ^ h can be found using two points, , x y ^ h and , x y ^ h, that are on the graph of y f x = ^ h, and the formula m x x y y = - - . Since the table shows values of x and their corresponding values of g x ^ h, substituting values of x and g x ^ h in the equation g x x f x = + ^ ^ h h can be used to define function f. Using the first pair of values from the table, x =- and g x = ^ h , yields 3 f =- + - ^ h , or 3 f = - - ^ h. Multiplying each side of this equation by - yields f - = - ^ h, so the point , - - ^ h is on the graph of y f x = ^ h. Using the second pair of values from the table, x =- and g x = ^ h , yields 0 f =- + - ^ h , or 0 f = - - ^ h. Multiplying each side of this equation by - yields f = - ^ h, so the point , 9 0 - ^ h is on the graph of y f x = ^ h. Substituting , - - ^ h and , 9 0 - ^ h for , x y ^ h and , x y ^ h, respectively, in the formula m x x y y = - - yields m =- - - - - ^ ^ h h, or m = . Substituting 4 for m in the equation f x mx b = + ^ h yields f x x b = + ^ h . Since f = - ^ h, substituting - for x and 0 for f x ^ h in the equation f x x b = + ^ h yields b = - + ^ h , or b =- + . Adding 36 to both sides of this equation yields b 36= . It follows that 36 is the y-coordinate of the y-intercept , b ^ h of the graph of y f x = ^ h. Therefore, the y-intercept of the graph of y f x = ^ h is , 0 36 ^ h. Choice B is incorrect. 12 is the y-coordinate of the y-intercept of the graph of y g x = ^ h. Choice C is incorrect. 4 is the slope of the graph of y f x = ^ h. Choice D is incorrect. - is the x-coordinate of the x-intercept of the graph of y f x = ^ h.","","table","{}","| x | g(x) |
|---:|---:|
| −27 | 3 |
| −9 | 0 |
| 21 | 5 |","","","","","Functions","","import,pdf,section:MATH,source:sat-practice-test-6-digital.pdf,page:42,source_question:26"
"SAT_PRACTICE_TEST_6","digital_nondigital_pdf","frompdf_6","","SAT6_MATH_M1_Q22","MATH","1","base","22","Geometry and Trigonometry","Geometry and Trigonometry","MATH.GEOMETRY","Similar triangles","Similar triangles","","1","student_response","","In right triangle ABC, angle C is the right angle and BC = 162. Point D on side AB is connected by a line segment with point E on side AC such that line segment DE is parallel to side BC and CE = 2AE. What is the length of line segment DE?","","","","","","","The correct answer is 54. It’s given that in triangle ABC, point D on side AB is connected by a line segment with point E on side AC such that line segment DE is parallel to side BC. It follows that parallel segments DE and BC are intersected by sides AB and AC. If two parallel segments are intersected by a third segment, corresponding angles are congruent. Thus, corresponding angles C and AED are congruent and corresponding angles B and ADE are congruent. Since triangle ADE has two angles that are each congruent to an angle in triangle ABC, triangle ADE is similar to triangle ABC by the angle-angle similarity postulate, where side DE corresponds to side BC, and side AE corresponds to side AC. Since the lengths of corresponding sides in similar triangles are proportional, it follows that BC DE AC AE = . Since point E lies on side AC, AE CE AC + = . It’s given that CE AE = . Substituting AE for CE in the equation AE CE AC + = yields AE AE AC + = , or AE AC = . It’s given that BC = . Substituting 162 for BC and AE for AC in the equation BC DE AC AE = yields DE AE AE = , or DE = . Multiplying both sides of this equation by 162 yields DE = . Thus, the length of line segment DE is 54.","","none","{}","","","numeric","54","0","Similar triangles","","import,pdf,section:MATH,source:sat-practice-test-6-digital.pdf,page:42,source_question:27"
"SAT_PRACTICE_TEST_6","digital_nondigital_pdf","frompdf_6","","SAT6_MATH_M2_Q01","MATH","2","hard","1","Algebra","Algebra","MATH.ALGEBRA","Linear functions","Linear functions","","1","multiple_choice","","The function f is defined by f(x) = 8x. For what value of x does f(x) = 72?","8","9","64","80","B","2","Choice B is correct. Substituting 72 for f x ^ h in the given function yields x = . Dividing each side of this equation by 8 yields x 9= . Therefore, f x = ^ h when the value of x is 9. Choice A is incorrect. This is the value of x for which f x = ^ h , not f x = ^ h . Choice C is incorrect. This is the value of x for which f x = ^ h , not f x = ^ h . Choice D is incorrect. This is the value of x for which f x = ^ h , not f x = ^ h .","","none","{}","","","","","","Linear functions","","import,pdf,section:MATH,source:sat-practice-test-6-digital.pdf,page:46,source_question:1"
"SAT_PRACTICE_TEST_6","digital_nondigital_pdf","frompdf_6","","SAT6_MATH_M2_Q02","MATH","2","hard","2","Geometry and Trigonometry","Geometry and Trigonometry","MATH.GEOMETRY","Vertical angles","Vertical angles","","1","multiple_choice","","In the figure, two lines intersect at a point. Angle 1 and angle 2 are vertical angles. The measure of angle 1 is 72°. What is the measure of angle 2?","72°","108°","144°","288°","A","1","Choice A is correct. It’s given that angle 1 and angle 2 are vertical angles, and the measure of angle 1 is ° 72 . Vertical angles have equal measures. Therefore, the measure of angle 2 is ° 72 . Choice B is incorrect. This is the measure of an angle that is supplementary, not congruent, to angle 1. Choice C is incorrect. This is the sum of the measures of angle 1 and angle 2. Choice D is incorrect and may result from conceptual or calculation errors.","","none","{}","","","","","","Vertical angles","","import,pdf,section:MATH,source:sat-practice-test-6-digital.pdf,page:46,source_question:2"
"SAT_PRACTICE_TEST_6","digital_nondigital_pdf","frompdf_6","","SAT6_MATH_M2_Q03","MATH","2","hard","3","Algebra","Algebra","MATH.ALGEBRA","Systems of linear equations","Systems of linear equations","","1","student_response","","x = 8
x + 3y = 26

The solution to the given system of equations is (x, y). What is the value of y?","","","","","","","The correct answer is 6. The first equation in the given system is x = . Substituting 8 for x in the second equation in the given system yields y + = . Subtracting 8 from both sides of this equation yields y = . Dividing both sides of this equation by 3 yields y = . Therefore, the value of y is 6.","","none","{}","","","numeric","6","0","Systems of linear equations","","import,pdf,section:MATH,source:sat-practice-test-6-digital.pdf,page:47,source_question:6"
"SAT_PRACTICE_TEST_6","digital_nondigital_pdf","frompdf_6","","SAT6_MATH_M2_Q04","MATH","2","hard","4","Problem-Solving and Data Analysis","Problem-Solving and Data Analysis","MATH.PROBLEMS","Percent applications","Percent applications","","1","student_response","","The amount of Hanna’s bill for a food order was $50. Hanna gave a tip of 20% of the amount of the bill. What is the amount, in dollars, of the tip Hanna gave?","","","","","","","The correct answer is 10. It’s given that the amount of Hanna’s food order was $50 and that Hanna gave a tip of % of the amount of the bill. % of 50 can be calculated as b `l j, which yields 100 1000, or 10. Therefore, the amount, in dollars, of the tip Hanna gave is 10.","","none","{}","","","numeric","10","0","Percent applications","","import,pdf,section:MATH,source:sat-practice-test-6-digital.pdf,page:47,source_question:7"
"SAT_PRACTICE_TEST_6","digital_nondigital_pdf","frompdf_6","","SAT6_MATH_M2_Q05","MATH","2","hard","5","Advanced Math","Advanced Math","MATH.ADVANCED","Equivalent expressions","Equivalent expressions","","1","multiple_choice","","Which expression is equivalent to 5x⁵ − 6x⁴ + 8x³?","x⁴(5x − 6)","x³(5x² − 6x + 8)","8x³(5x² − 6x + 1)","6x⁵(−6x⁴ + 8x³ + 1)","B","2","Choice B is correct. Since x3 is a common factor of each term in the given expression, the expression can be rewritten as x x x 2- + ^ h. Choice A is incorrect. This expression is equivalent to x x - . Choice C is incorrect. This expression is equivalent to x x x - + . Choice D is incorrect. This expression is equivalent to x x x - + + .","","none","{}","","","","","","Equivalent expressions","","import,pdf,section:MATH,source:sat-practice-test-6-digital.pdf,page:47,source_question:8"
"SAT_PRACTICE_TEST_6","digital_nondigital_pdf","frompdf_6","","SAT6_MATH_M2_Q06","MATH","2","hard","6","Problem-Solving and Data Analysis","Problem-Solving and Data Analysis","MATH.PROBLEMS","Ratios","Ratios","","1","multiple_choice","","The ratio of the length of line segment XY to the length of line segment ZV is 6 to 1. If the length of line segment XY is 102 inches, what is the length, in inches, of line segment ZV?","17","96","102","612","A","1","Choice A is correct. It’s given that the ratio of the length of line segment XY to the length of line segment ZV is 6 to 1, which means ZV XY = . It’s given that the length of line segment XY is 102 inches. If the length, in inches, of line segment ZV is represented by ,, the value of , can be calculated by solving the equation 102 = , , or 102= , . Multiplying each side of this equation by , yields 6, = . Dividing each side of this equation by 6 yields 17 , = . Therefore, the length of line segment ZV is 17 inches. Choice B is incorrect. This is the length, in inches, of line segment ZV if the length of line segment XY is 576, not 102, inches. Choice C is incorrect. This is the length, in inches, of line segment XY, not line segment ZV. Choice D is incorrect. This is the length, in inches, of line segment ZV if the ratio of the length of line segment XY to the length of line segment ZV is 1 to 6, not 6 to 1.","","none","{}","","","","","","Ratios","","import,pdf,section:MATH,source:sat-practice-test-6-digital.pdf,page:47,source_question:9"
"SAT_PRACTICE_TEST_6","digital_nondigital_pdf","frompdf_6","","SAT6_MATH_M2_Q07","MATH","2","hard","7","Algebra","Algebra","MATH.ALGEBRA","Linear equations in one variable","Linear equations in one variable","","1","multiple_choice","","7(2x − 3) = 63

Which equation has the same solution as the given equation?","2x − 3 = 9","2x − 3 = 56","2x − 21 = 63","2x − 21 = 78","A","1","Choice A is correct. Dividing each side of the given equation by 7 yields x 7 2 = - ^ h , or x - = . Therefore, the equation x - = is equivalent to the given equation and has the same solution. Choice B is incorrect. This equation is equivalent to x 7 2 - = ^ h , not x 7 2 - = ^ h . Choice C is incorrect. Distributing 7 on the left-hand side of the given equation yields x - = , not x - = . Choice D is incorrect. Distributing 7 on the left-hand side of the given equation yields x - = , not x - = .","","none","{}","","","","","","Linear equations in one variable","","import,pdf,section:MATH,source:sat-practice-test-6-digital.pdf,page:48,source_question:10"
"SAT_PRACTICE_TEST_6","digital_nondigital_pdf","frompdf_6","","SAT6_MATH_M2_Q08","MATH","2","hard","8","Algebra","Algebra","MATH.ALGEBRA","Linear functions in context","Linear functions in context","","1","multiple_choice","","The function f defined by f(t) = 14t + 9 gives the estimated length, in inches, of a vine plant t months after Tavon purchased it. Which of the following is the best interpretation of 9 in this context?","Tavon will keep the vine plant for 9 months.","The vine plant is expected to grow 9 inches each month.","The vine plant is expected to grow to a maximum length of 9 inches.","The estimated length of the vine plant was 9 inches when Tavon purchased it.","D","4","Choice D is correct. It’s given that the function f defined by f t t = + ^ h gives the estimated length, in inches, of a vine plant t months after Tavon purchased it. For a function defined by an equation of the form f t mt b = + ^ h , where m and b are constants, b represents the value of f 0 ^ h, or the value of f t^ h when the value of t is 0. Therefore, for the function defined by f t t = + ^ h , 9 represents the value of f t^ h when the value of t is 0. This means that 0 months after the vine plant was purchased, the estimated length of the vine plant was 9 inches. Therefore, the best interpretation of 9 in this context is the estimated length of the vine plant was 9 inches when Tavon purchased it. Choice A is incorrect and may result from conceptual or calculation errors. Choice B is incorrect. The vine plant is expected to grow 14 inches, not 9 inches, each month. Choice C is incorrect and may result from conceptual or calculation errors.","","none","{}","","","","","","Linear functions in context","","import,pdf,section:MATH,source:sat-practice-test-6-digital.pdf,page:48,source_question:11"
"SAT_PRACTICE_TEST_6","digital_nondigital_pdf","frompdf_6","","SAT6_MATH_M2_Q09","MATH","2","hard","9","Advanced Math","Advanced Math","MATH.ADVANCED","Polynomial equations","Polynomial equations","","1","multiple_choice","","(x + 2)(x − 5)(x + 9) = 0

What is a positive solution to the given equation?","3","4","5","18","C","3","Choice C is correct. Applying the zero product property to the given equation yields three equations: x + = , x - = , and x + = . Subtracting 2 from both sides of the equation x + = yields x =- . Adding 5 to both sides of the equation x - = yields x = . Subtracting 9 from both sides of the equation x + = yields x =- . Therefore, the solutions to the given equation are - , 5, and - . It follows that a positive solution to the given equation is 5. Choice A is incorrect and may result from conceptual or calculation errors. Choice B is incorrect and may result from conceptual or calculation errors. Choice D is incorrect and may result from conceptual or calculation errors.","","none","{}","","","","","","Polynomial equations","","import,pdf,section:MATH,source:sat-practice-test-6-digital.pdf,page:48,source_question:12"
"SAT_PRACTICE_TEST_6","digital_nondigital_pdf","frompdf_6","","SAT6_MATH_M2_Q10","MATH","2","hard","10","Problem-Solving and Data Analysis","Problem-Solving and Data Analysis","MATH.PROBLEMS","Rates and proportions","Rates and proportions","","1","student_response","","Brian saves 2/5 of the $215 he earns each week from his job. If Brian continues to save at this rate, how much money, in dollars, will Brian save in 9 weeks?","","","","","","","The correct answer is 774. It’s given that Brian saves 5 2 of the $215 he earns each week from his job. Therefore, Brian saves $215 b `l j, or $86, per week. If Brian continues to save at this rate of $86 per week for 9 weeks, then he will save a total of 9 86 ^ ^h h, or 774, dollars.","","none","{}","","","numeric","774","0","Rates and proportions","","import,pdf,section:MATH,source:sat-practice-test-6-digital.pdf,page:48,source_question:13"
"SAT_PRACTICE_TEST_6","digital_nondigital_pdf","frompdf_6","","SAT6_MATH_M2_Q11","MATH","2","hard","11","Advanced Math","Advanced Math","MATH.ADVANCED","Quadratic equations in context","Quadratic equations in context","","1","student_response","","A rectangle has an area of 155 square inches. The length of the rectangle is 4 inches less than 7 times the width of the rectangle. What is the width of the rectangle, in inches?","","","","","","","The correct answer is 5. Let x represent the width, in inches, of the rectangle. It’s given that the length of the rectangle is 4 inches less than 7 times its width, or x - inches. The area of a rectangle is equal to its width multiplied by its length. Multiplying the width, x inches, by the length, x - inches, yields x x - ^ h square inches. It’s given that the rectangle has an area of 155 square inches, so it follows that x x - = ^ h , or x x 2- = . Subtracting 155 from both sides of this equation yields x x 2- - = . Factoring the left-hand side of this equation yields x x + - = ^ ^h h . Applying the zero product property to this equation yields two solutions: x =- and x = . Since x is the rectangle’s width, in inches, which must be positive, the value of x is 5. Therefore, the width of the rectangle, in inches, is 5.","","none","{}","","","numeric","5","0","Quadratic equations in context","","import,pdf,section:MATH,source:sat-practice-test-6-digital.pdf,page:48,source_question:14"
"SAT_PRACTICE_TEST_6","digital_nondigital_pdf","frompdf_6","","SAT6_MATH_M2_Q12","MATH","2","hard","12","Problem-Solving and Data Analysis","Problem-Solving and Data Analysis","MATH.PROBLEMS","Statistics","Statistics","","1","multiple_choice","","4, 10, 18, 4, 4, 5, 6, 5

What is the median of the data set shown?","4","5","7","14","B","2","Choice B is correct. If a data set contains an even number of data values, when the data values are listed in ascending or descending order, the median is between the two middle values. The given data set contains 8 values. When listed in ascending order, the data set is 4, 4, 4, 5, 5, 6, 10, 18 and the two middle values are 5 and 5. Since the two middle values are the same, the median must be 5. Choice A is incorrect. This value is between the two middle values in the list shown, not the two middle values when the data values are listed in ascending or descending order. Choice C is incorrect. This is the mean, not the median, of the data set. Choice D is incorrect. This is the range, not the median, of the data set.","","none","{}","","","","","","Statistics","","import,pdf,section:MATH,source:sat-practice-test-6-digital.pdf,page:49,source_question:15"
"SAT_PRACTICE_TEST_6","digital_nondigital_pdf","frompdf_6","","SAT6_MATH_M2_Q13","MATH","2","hard","13","Geometry and Trigonometry","Geometry and Trigonometry","MATH.GEOMETRY","Volume","Volume","","1","multiple_choice","","A right circular cylinder has a volume of 432 cubic centimeters. The area of the base of the cylinder is 24 square centimeters. What is the height, in centimeters, of the cylinder?","18","24","216","10,368","A","1","Choice A is correct. The volume, V, of a right circular cylinder is given by the formula V r h r = , where r2 r is the area of the base of the cylinder and h is the height. It’s given that a right circular cylinder has a volume of 432 cubic centimeters and the area of the base is 24 square centimeters. Substituting 432 for V and 24 for r2 r in the formula V r h r = yields h = . Dividing both sides of this equation by 24 yields h 18= . Therefore, the height of the cylinder, in centimeters, is 18. Choice B is incorrect. This is the area of the base, in square centimeters, not the height, in centimeters, of the cylinder. Choice C is incorrect. This is the height, in centimeters, of a cylinder if its volume is 432 cubic centimeters and the area of its base is 2, not 24, cubic centimeters. Choice D is incorrect. This is the height, in centimeters, of a cylinder if its volume is 432 cubic centimeters and the area of its base is 24 1 , not 24, cubic centimeters.","","none","{}","","","","","","Volume","","import,pdf,section:MATH,source:sat-practice-test-6-digital.pdf,page:49,source_question:16"
"SAT_PRACTICE_TEST_6","digital_nondigital_pdf","frompdf_6","","SAT6_MATH_M2_Q14","MATH","2","hard","14","Advanced Math","Advanced Math","MATH.ADVANCED","Quadratic equations","Quadratic equations","","1","multiple_choice","","x² = −841

How many distinct real solutions does the given equation have?","Exactly one","Exactly two","Infinitely many","Zero","D","4","Choice D is correct. Since the square of a real number is never negative, the given equation isn’t true for any real value of x. Therefore, the given equation has zero distinct real solutions. Choice A is incorrect and may result from conceptual or calculation errors. Choice B is incorrect and may result from conceptual or calculation errors. Choice C is incorrect and may result from conceptual or calculation errors.","","none","{}","","","","","","Quadratic equations","","import,pdf,section:MATH,source:sat-practice-test-6-digital.pdf,page:49,source_question:17"
"SAT_PRACTICE_TEST_6","digital_nondigital_pdf","frompdf_6","","SAT6_MATH_M2_Q15","MATH","2","hard","15","Algebra","Algebra","MATH.ALGEBRA","Perpendicular lines","Perpendicular lines","","1","multiple_choice","","Line k is defined by y = 7x + 1/8. Line j is perpendicular to line k in the xy-plane. What is the slope of line j?","−8","−1/7","1/8","7","B","2","Choice B is correct. It’s given that line k is defined by y x = + . For an equation in slope-intercept form y mx b = + , m represents the slope of the line defined by this equation in the xy-plane and b represents the y-coordinate of the y-intercept of this line. Therefore, the slope of line k is 7. It’s also given that line j is perpendicular to line k in the xy-plane. Therefore, the slope of line j is the opposite reciprocal of the slope of line k. The opposite reciprocal of 7 is - . Therefore, the slope of line j is - . Choice A is incorrect. This is the opposite reciprocal of the y-coordinate of the y-intercept, not the slope, of line k. Choice C is incorrect. This is the y-coordinate of the y-intercept of line k, not the slope of line j. Choice D is incorrect. This is the slope of a line that is parallel, not perpendicular, to line k.","","none","{}","","","","","","Perpendicular lines","","import,pdf,section:MATH,source:sat-practice-test-6-digital.pdf,page:49,source_question:18"
"SAT_PRACTICE_TEST_6","digital_nondigital_pdf","frompdf_6","","SAT6_MATH_M2_Q16","MATH","2","hard","16","Algebra","Algebra","MATH.ALGEBRA","Linear equations in two variables","Linear equations in two variables","","1","multiple_choice","","The table shows the linear relationship between the number of cars, c, on a commuter train and the maximum number of passengers and crew, p, that the train can carry. Which equation represents the linear relationship between c and p?","55c − p = −9","55c − p = 9","55p − c = −9","55p − c = 9","A","1","Choice A is correct. It’s given that there is a linear relationship between the number of cars, c, on a commuter train and the maximum number of passengers and crew, p, that the train can carry. It follows that this relationship can be represented by an equation of the form p mc b = + , where m is the rate of change of p in this relationship and b is a constant. The rate of change of p in this relationship can be calculated by dividing the difference in any two values of p by the difference in the corresponding values of c. Using two pairs of values given in the table, the rate of change of p in this relationship is - - , or 55. Substituting 55 for m in the equation p mc b = + yields p c b = + . The value of b can be found by substituting any value of c and its corresponding value of p for c and p, respectively, in this equation. Substituting 10 for c and 559 for p yields b 55 10 = + ^ h , or b = + . Subtracting 550 from both sides of this equation yields b 9= . Substituting 9 for b in the equation p c b = + yields p c = + . Subtracting 9 from both sides of this equation yields p c - = . Subtracting p from both sides of this equation yields c p - = - , or c p - =- . Choice B is incorrect and may result from conceptual or calculation errors. Choice C is incorrect and may result from conceptual or calculation errors. Choice D is incorrect and may result from conceptual or calculation errors.","","table","{}","| Number of cars | Maximum number of passengers and crew |
|---:|---:|
| 3 | 174 |
| 5 | 284 |
| 10 | 559 |","","","","","Linear equations in two variables","","import,pdf,section:MATH,source:sat-practice-test-6-digital.pdf,page:50,source_question:19"
"SAT_PRACTICE_TEST_6","digital_nondigital_pdf","frompdf_6","","SAT6_MATH_M2_Q17","MATH","2","hard","17","Advanced Math","Advanced Math","MATH.ADVANCED","Exponents and radicals","Exponents and radicals","","1","student_response","","If 4⁸ᶜ = ∛(4⁷), what is the value of c?","","","","","","","The correct answer is 24 7 . An expression of the form am n , where m and n are integers greater than 1 and a $ , is equivalent to a n m. Therefore, the expression on the right-hand side of the given equation, , is equivalent to 43 7. Thus, 4 c = . It follows that c = . Dividing both sides of this equation by 8 yields c = . Note that 7/24, .2916, .2917, 0.219, and 0.292 are examples of ways to enter a correct answer.","","none","{}","","","numeric","7/24","0","Exponents and radicals","","import,pdf,section:MATH,source:sat-practice-test-6-digital.pdf,page:50,source_question:20"
"SAT_PRACTICE_TEST_6","digital_nondigital_pdf","frompdf_6","","SAT6_MATH_M2_Q18","MATH","2","hard","18","Algebra","Algebra","MATH.ALGEBRA","Systems of linear equations","Systems of linear equations","","1","student_response","","(x − 2) − 4(y + 7) = 117
(x − 2) + 4(y + 7) = 442

The solution to the given system of equations is (x, y). What is the value of 6(x − 2)?","","","","","","","The correct answer is , 1 677. Adding the first equation to the second equation in the given system yields x x y y - + - + - + + + = + ^ ^ ^ ^ ^ h h h h h , or x - = ^ h . Multiplying both sides of this equation by 3 yields , x 1 677 - = ^ h . Therefore, the value of x - ^ h is , 1 677.","","none","{}","","","numeric","1677","0","Systems of linear equations","","import,pdf,section:MATH,source:sat-practice-test-6-digital.pdf,page:50,source_question:21"
"SAT_PRACTICE_TEST_6","digital_nondigital_pdf","frompdf_6","","SAT6_MATH_M2_Q19","MATH","2","hard","19","Geometry and Trigonometry","Geometry and Trigonometry","MATH.GEOMETRY","Pythagorean theorem","Pythagorean theorem","","1","multiple_choice","","In triangle ABC, angle B is a right angle. The length of side AB is 10√37 and the length of side BC is 24√37. What is the length of side AC?","14√37","26√37","34√37","√(34 · 37)","B","2","Choice B is correct. The Pythagorean theorem states that for a right triangle, c a b = + , where c represents the length of the hypotenuse and a and b represent the lengths of the legs. It’s given that in triangle ABC, angle B is a right angle. Therefore, triangle ABC is a right triangle, where the hypotenuse is side AC and the legs are sides AB and BC. It’s given that the lengths of sides AB and BC are 10 37 and 24 37, respectively. Substituting these values for a and b in the formula c a b = + yields c 10 37 24 37 = + ^ ^ h h , which is equivalent to c 100 37 576 37 2= + ^ ^ h h, or c 676 37 2= ^ h. Taking the square root of both sides of this equation yields c 26 37 ! = . Since c represents the length of the hypotenuse, side AC, c must be positive. Therefore, the length of side AC is 26 37. Choice A is incorrect. This is the result of solving the equation c 24 37 10 37 = - , not c 10 37 24 37 = + ^ ^ h h . Choice C is incorrect. This is the result of solving the equation c 10 37 24 37 = + , not c 10 37 24 37 = + ^ ^ h h . Choice D is incorrect and may result from conceptual or calculation errors.","","none","{}","","","","","","Pythagorean theorem","","import,pdf,section:MATH,source:sat-practice-test-6-digital.pdf,page:51,source_question:22"
"SAT_PRACTICE_TEST_6","digital_nondigital_pdf","frompdf_6","","SAT6_MATH_M2_Q20","MATH","2","hard","20","Advanced Math","Advanced Math","MATH.ADVANCED","Exponential functions","Exponential functions","","1","multiple_choice","","f(x) = (1.84)ˣ⁄⁴

The function f is defined by the given equation. The equation can be rewritten as f(x) = (1 + p/100)ˣ, where p is a constant. Which of the following is closest to the value of p?","16","21","46","96","A","1","Choice A is correct. The equation . f x 1 84 x = ^ ^ h h can be rewritten as . f x 1 84 x = ^ ^ c ^ h h m h, which is equivalent to . f x 1 84 x = _ ` i j , or approximately . f x 1 16467 x = ^ ^ h h . Since it’s given that . f x 1 84 x = ^ ^ h h can be rewritten as f x x p = + ` b j l , where p is a constant, it follows that 1 p + is approximately equal to . 1 16467. Therefore, p 100 is approximately equal to . 0 16467. It follows that the value of p is approximately equal to . 16 467. Of the given choices, 16 is closest to the value of p. Choice B is incorrect and may result from conceptual or calculation errors. Choice C is incorrect and may result from conceptual or calculation errors. Choice D is incorrect and may result from conceptual or calculation errors.","","none","{}","","","","","","Exponential functions","","import,pdf,section:MATH,source:sat-practice-test-6-digital.pdf,page:51,source_question:23"
"SAT_PRACTICE_TEST_6","digital_nondigital_pdf","frompdf_6","","SAT6_MATH_M2_Q21","MATH","2","hard","21","Advanced Math","Advanced Math","MATH.ADVANCED","Radical functions","Radical functions","","1","multiple_choice","","The function f is defined by f(x) = a√(x + b), where a and b are constants. In the xy-plane, the graph of y = f(x) passes through the point (−24, 0), and f(24) < 0. Which of the following must be true?","f(0) = 24","f(0) = −24","a > b","a < b","D","4","Choice D is correct. It’s given that f 24 ^ h . Substituting 24 for f x ^ h in the equation f x a x b = + ^ h yields f a b = + ^ h . Therefore, a b + . Since b 24+ can’t be negative, it follows that a 1 . It’s also given that the graph of y f x = ^ h passes through the point , 24 0 - ^ h. It follows that when x =- , f x = ^ h . Substituting - for x and 0 for f x ^ h in the equation f x a x b = + ^ h yields a b = - + . By the zero product property, either a = or b - + = . Since a 1 , it follows that b + = . Squaring both sides of this equation yields b - + = . Adding 24 to both sides of this equation yields b = . Since a and b is 24, it follows that a b must be true. Choice A is incorrect. The value of f 0 ^ h is a b, which must be negative. Choice B is incorrect. The value of f 0 ^ h is a b, which could be - , but doesn’t have to be. Choice C is incorrect and may result from conceptual or calculation errors.","","none","{}","","","","","","Radical functions","","import,pdf,section:MATH,source:sat-practice-test-6-digital.pdf,page:51,source_question:24"
"SAT_PRACTICE_TEST_6","digital_nondigital_pdf","frompdf_6","","SAT6_MATH_M2_Q22","MATH","2","hard","22","Algebra","Algebra","MATH.ALGEBRA","Systems of linear equations","Systems of linear equations","","1","student_response","","48x − 64y = 48y + 24
ry = 1/8 − 12x

In the given system of equations, r is a constant. If the system has no solution, what is the value of r?","","","","","","","The correct answer is - . A system of two linear equations in two variables, x and y, has no solution if the lines represented by the equations in the xy-plane are distinct and parallel. The graphs of two lines in the xy-plane represented by equations in the form Ax By C + = , where A, B, and C are constants, are parallel if the coefficients for x and y in one equation are proportional to the corresponding coefficients for x and y in the other equation. The first equation in the given system, x y y - = + , can be written in the form Ax By C + = by subtracting y from both sides of the equation to yield x y - = . The second equation in the given system, ry x = - , can be written in the form Ax By C + = by adding x 12 to both sides of the equation to yield x ry + = . The coefficient of x in the second equation is 4 1 times the coefficient of x in the first equation. That is, 48 1 = b l . For the lines to be parallel, the coefficient of y in the second equation must also be 4 1 times the coefficient of y in the first equation. Therefore, r 112 4 - = b l , or r - = . Thus, if the given system has no solution, the value of r is - .","","none","{}","","","numeric","-28","0","Systems of linear equations","","import,pdf,section:MATH,source:sat-practice-test-6-digital.pdf,page:52,source_question:27"
