"test_id","exam_version","generation_batch_id","target_score_band","question_id","section","module","route","question_number","content_domain","skill_group","skill_code","skill_label","question_topic","difficulty","scoring_weight","question_type","passage","question","choice_a","choice_b","choice_c","choice_d","correct_answer","correct_choice_index","explanation","time_estimate_sec","visual_type","visual_json","table_markdown","equation_latex","student_response_type","correct_numeric_answer","answer_tolerance","primary_skill","secondary_skill","tags"
"SAT_IMPORTED","pdf_import_v1","import_batch_001","","SAT9_RW_M1_Q01","RW","1","base","1","Craft and Structure","Words in Context","WIC","Words in Context","Words in Context","","1","multiple_choice","The following text is adapted from Ida B. Wells’s 1970 autobiography A Crusade for Justice. Mr. Watts is a reference to George Frederic Watts, an English painter.

[Manchester’s] art galleries are so <u>arranged</u> that the name of every picture is plainly seen and one has no need of a catalogue to pick out the name and the artist. This is a convenience to the general public, which other art galleries, which shall be nameless, might copy to advantage. To her treasure of art Manchester has added Mr. Watts’ latest picture, the Good Samaritan.","As used in the text, what does the word “arranged” most nearly mean?","Organized","Ranked","Scheduled","Discussed","A","1","Choice A is the best answer because as used in the text, “arranged” most nearly means “organized.” The text states that a welcome feature of Manchester’s art galleries (as opposed to others) is that the titles of the paintings are easy to see and that a catalogue is therefore unneeded while visitors browse the art galleries. This suggests that the paintings are displayed in a systematic, or organized, way.
Choice B is incorrect. “Ranked” might mean either classified or placed in orderly rows. Neither of these meanings would necessarily imply that the names of the paintings are easy to see (even if the paintings are placed in rows, their labels might be obscured). Choice C is incorrect because it would not make sense in context to describe the paintings as “scheduled,” or planned to take place at a certain time. Choice D is incorrect because if the paintings were “discussed,” or talked about, this would have no bearing on whether the names of the paintings could be easily seen.","","none","{}","","","","","","Words in Context","","import;pdf;section:RW;source:sat-practice-test-9-digital.pdf;page:4;source_q:1"
"SAT_IMPORTED","pdf_import_v1","import_batch_001","","SAT9_RW_M1_Q02","RW","1","base","2","Craft and Structure","Words in Context","WIC","Words in Context","Words in Context","","1","multiple_choice","One challenge of generating electricity from ocean waves is that wave power isn’t _____ it varies in unpredictable ways that pose technological and planning problems for electricity generation.","Which choice completes the text with the most logical and precise word or phrase?","accidental","confident","expensive","consistent","D","4","Choice D is the best answer because it most logically completes the text’s discussion of the challenge of generating electricity from ocean waves. In this context, “consistent” means steady or unchanging over time. The text introduces a challenge and then explains that wave power varies, or changes, unpredictably in ways that cause problems for electricity generation. This context conveys that the challenge being described is a lack of consistency.
Choice A is incorrect because the text introduces a challenge and then elaborates on it by emphasizing that the unpredictable nature of variations in ocean waves causes problems, which doesn’t indicate that wave power isn’t “accidental,” or isn’t happening unintentionally. It wouldn’t make sense to describe waves—a natural occurrence—as happening intentionally. Choice B is incorrect because “confident” means having a feeling of self-assurance, and it wouldn’t make sense to describe wave power itself in terms of either having or lacking a sense of
confidence. Choice C is incorrect because the text introduces a challenge and then elaborates on it by emphasizing that the unpredictable nature of variations in ocean waves causes problems, which doesn’t indicate that wave power isn’t “expensive,” or isn’t costly. If anything, technological and planning problems might actually increase the expense of generating electricity from waves.","","none","{}","","","","","","Words in Context","","import;pdf;section:RW;source:sat-practice-test-9-digital.pdf;page:4;source_q:2"
"SAT_IMPORTED","pdf_import_v1","import_batch_001","","SAT9_RW_M1_Q03","RW","1","base","3","Craft and Structure","Words in Context","WIC","Words in Context","Words in Context","","1","multiple_choice","Due to their often strange images, highly experimental syntax, and opaque subject matter, many of John Ashbery’s poems can be quite difficult to _____ and thus are the object of heated debate among scholars.","Which choice completes the text with the most logical and precise word or phrase?","delegate","compose","interpret","renounce","C","3","Choice C is the best answer because it most logically completes the text’s discussion of John Ashbery’s poems. As used in this context, “interpret” would mean decipher the meaning of. The text indicates that Ashbery’s poems have many unusual features, that it’s difficult to tell what exactly the poems’ subject matter is, and that scholars strongly disagree about the poems. This context conveys the idea that it’s difficult to interpret Ashbery’s poems.
Choice A is incorrect because “delegate” means to assign someone as a representative of another person or to entrust something to someone else, neither of which would make sense in context. The text is focused only on the difficulty that readers have interpreting Ashbery’s poems due to their many unusual features; it doesn’t suggest anything about the poems being difficult to delegate. Choice B is incorrect because describing Ashbery’s poems as difficult to “compose,” or put together or produce, would make sense only if the text were about Ashbery’s experience of writing the poems. It could be true that it was difficult for Ashbery to compose his poems, but the text doesn’t address this; it instead discusses how readers interpret and engage with the poems. Choice D is incorrect because describing Ashbery’s poems as being difficult to “renounce,” or give up or refuse, wouldn’t make sense in context. The text focuses on the idea that features of Ashbery’s poems are odd or unclear and have caused heated scholarly debate. This context suggests that the poems are difficult to interpret, not that the poems are difficult to renounce.","","none","{}","","","","","","Words in Context","","import;pdf;section:RW;source:sat-practice-test-9-digital.pdf;page:4;source_q:3"
"SAT_IMPORTED","pdf_import_v1","import_batch_001","","SAT9_RW_M1_Q04","RW","1","base","4","Craft and Structure","Words in Context","WIC","Words in Context","Words in Context","","1","multiple_choice","Diego Velázquez was the leading artist in the court of King Philip IV of Spain during the seventeenth century, but his influence was hardly _____ Spain: realist and impressionist painters around the world employed his techniques and echoed elements of his style.","Which choice completes the text with the most logical and precise word or phrase?","derived from","recognized in","confined to","repressed by","C","3","Choice C is the best answer because it most logically completes the discussion of the artist Diego Velázquez’s influence outside Spain. As used in this context, “confined to” means restricted to. The text says that Velázquez was the leading artist in the Spanish court during the seventeenth century, but it also notes that other painters around the world were influenced by his techniques and style. Thus, Velázquez’s influence was hardly (or almost not) confined to, or restricted to, Spain.
Choice A is incorrect because if Velázquez was a leading artist in Spain, it doesn’t make logical sense to claim that his influence was hardly (or almost not) derived from, or obtained from, Spain. Moreover, the other painters around the world who employed Velázquez’s techniques would by definition be influenced by Spanish style. Choice B is incorrect because if Velázquez was a leading artist in the court of King Philip IV of Spain, then his influence must have been widely recognized, or acknowledged, rather than being hardly (or almost not) recognized. Choice D is incorrect because the text gives no indication that deliberately limiting Velázquez’s influence outside Spain was ever considered by anyone. Thus, even if it is true that his influence was not repressed, or restrained, it doesn’t make logical sense to say so in this context.","","none","{}","","","","","","Words in Context","","import;pdf;section:RW;source:sat-practice-test-9-digital.pdf;page:5;source_q:4"
"SAT_IMPORTED","pdf_import_v1","import_batch_001","","SAT9_RW_M1_Q05","RW","1","base","5","Craft and Structure","Words in Context","WIC","Words in Context","Words in Context","","1","multiple_choice","Although science fiction was dominated mostly by white male authors when Octavia Butler, a Black woman, began writing, she did not view the genre as _____ Butler broke into the field with the publication of several short stories and her 1976 novel Patternmaster, and she later became the first science fiction writer to win a prestigious MacArthur Fellowship.","Which choice completes the text with the most logical and precise word or phrase?","legitimate","impenetrable","compelling","indecipherable","B","2","Choice B is the best answer because it most logically completes the discussion of Octavia Butler’s career. In this context, “impenetrable” means impossible to enter. The text indicates that the field of science fiction was dominated by white males when Butler, a Black woman, started writing, but she published several science fiction short stories and a novel and later won a prestigious award; that is, Butler pursued science fiction writing and had success. This context suggests that Butler didn’t view the genre as impossible to enter.
Choice A is incorrect. In this context, “legitimate” would mean genuinely good or valid. Nothing in the text suggests that Butler didn’t think the science fiction genre was good or valid; in fact, it indicates that she pursued and made a successful career of publishing work in that field. Choice C is incorrect. In this context, “compelling” would mean attracting or demanding attention. The text indicates that Butler chose to write science fiction, so it wouldn’t make sense to say that she didn’t see the field as drawing her attention. Choice D is incorrect. To say that Butler didn’t consider science fiction “indecipherable,” or impossible to understand, would suggest that Butler did understand it. However, the text doesn’t address Butler’s ability to interpret works in the genre; rather, it focuses on Butler’s successful pursuit of writing science fiction.","","none","{}","","","","","","Words in Context","","import;pdf;section:RW;source:sat-practice-test-9-digital.pdf;page:5;source_q:5"
"SAT_IMPORTED","pdf_import_v1","import_batch_001","","SAT9_RW_M1_Q06","RW","1","base","6","Craft and Structure","Text Structure and Purpose","TSP","Text Structure and Purpose","Text Structure and Purpose","","1","multiple_choice","The following text is adapted from Cynthia Kadohata’s 2004 novel Kira-Kira.

<u>[Uncle Katsuhisa] was as loud as my father was quiet.</u> Even when he wasn’t talking, he made a lot of noise, clearing his throat and sniffing and tapping his fingers.","Which choice best describes the function of the underlined sentence?","It lists the kinds of topics Uncle Katsuhisa enjoys discussing.","It suggests that Uncle Katsuhisa dislikes meeting new people.","It contrasts Uncle Katsuhisa with the narrator’s father.","It describes a conversation between the narrator and the narrator’s father.","C","3","Choice C is the best answer because it most accurately describes how the underlined sentence functions in the text as a whole. The underlined sentence establishes a difference between Uncle Katsuhisa and the narrator’s father by describing Uncle Katsuhisa as “loud” and the narrator’s father as “quiet.” The text then elaborates on that contrast, describing some ways Uncle Katsuhisa is very noisy even when he isn’t speaking.
Choice A is incorrect because the text doesn’t indicate what kinds of topics Uncle Katsuhisa enjoys discussing, only that he is loud even when he isn’t speaking. Choice B is incorrect because the text never indicates how Uncle Katsuhisa feels about meeting new people, only how loud he is. Choice D is incorrect because the text never describes a conversation occurring between any people; it refers to talking only when stating that Uncle Katsuhisa is loud even when he isn’t speaking.","","none","{}","","","","","","Text Structure and Purpose","","import;pdf;section:RW;source:sat-practice-test-9-digital.pdf;page:5;source_q:6;fixed:question_boundary;fixed:content_bleed;fixed:paragraph_structure"
"SAT_IMPORTED","pdf_import_v1","import_batch_001","","SAT9_RW_M1_Q07","RW","1","base","7","Craft and Structure","Text Structure and Purpose","TSP","Text Structure and Purpose","Text Structure and Purpose","","1","multiple_choice","In response to concerns that some recent financial crises were exacerbated by consumers misunderstanding risks associated with credit cards, loans, and other financial products, policymakers in many countries have instituted risk-disclosure requirements on sellers of those products. Enrique Seira et al. investigated a variety of risk-disclosure messages sent to thousands of credit card customers and found that the messages had only small and short-lived effects on behavior. Seira et al. asserted that such effects may nevertheless be worth pursuing, <u>given the negligible cost of messaging.</u>","Which choice best describes the function of the underlined portion in the text as a whole?","It notes a factor that led Seira et al. to not dismiss risk-disclosure messaging altogether despite their evidence of its limited utility.","It acknowledges a type of risk-disclosure messaging that Seira et al. may not have fully accounted for in their study.","It describes a consideration that explains why Seira et al. recommended risk-disclosure messaging even though its effects may be small relative to its costs.","It points out a circumstance that Seira et al. conceded may make risk-disclosure messaging more effective than their study suggests.","A","1","Choice A is the best answer because it most accurately describes the function of the underlined portion in the text as a whole. The text establishes that many countries have adopted risk-disclosure requirements for financial products due to concerns that consumers don’t understand the risks associated with the products. According to the text, Seira et al. found that the effects of such messaging on consumer behavior were small and temporary. The text then adds that the researchers assert that because the cost of the messaging is negligible, the approach may be worth doing even if the effects are limited. Thus, the underlined portion notes a factor—very low cost—that led the researchers to not completely dismiss risk-disclosure messaging despite their evidence of its limited utility.
Choice B is incorrect because the underlined portion doesn’t refer to a particular type of risk-disclosure messaging, whether Seira et al. considered it or not; the underlined portion simply indicates that the cost of the messaging (broadly) is very low, which makes the approach worth pursuing even if its effects are limited. Choice C is incorrect. Although the underlined portion does describe a consideration that led the researchers to recommend risk-disclosure messaging despite the messaging’s small effects on consumer behavior, it directly states that the cost of such messaging is negligible, or very low—meaning that both the effects and the costs are small, not that the effects are small only relative to the costs. Choice D is incorrect because there’s no indication that Seira et al. suggest that risk-disclosure messaging could be more effective if it had lower costs; rather, the underlined portion indicates that Seira et al. believe the already negligible cost of messaging makes the approach worth pursuing even if its effects are limited.","","none","{}","","","","","","Text Structure and Purpose","","import;pdf;section:RW;source:sat-practice-test-9-digital.pdf;page:6;source_q:8"
"SAT_IMPORTED","pdf_import_v1","import_batch_001","","SAT9_RW_M1_Q08","RW","1","base","8","Craft and Structure","Cross-Text Connections","CTC","Cross-Text Connections","Cross-Text Connections","","1","multiple_choice","Text 1:
When companies in the same industry propose merging with one another, they often claim that the merger will benefit consumers by increasing efficiency and therefore lowering prices. Economist Ying Fan investigated this notion in the context of the United States newspaper market. She modeled a hypothetical merger of Minneapolis-area newspapers and found that subscription prices would rise following a merger.

Text 2:
Economists Dario Focarelli and Fabio Panetta have argued that research on the effect of mergers on prices has focused excessively on short-term effects, which tend to be adverse for consumers. Using the case of consumer banking in Italy, they show that over the long term (several years, in their study), the efficiency gains realized by merged companies do result in economic benefits for consumers.","Based on the texts, how would Focarelli and Panetta (Text 2) most likely respond to Fan’s findings (Text 1)?","They would recommend that Fan compare the near-term effect of a merger on subscription prices in the Minneapolis area with the effect of a merger in another newspaper market.","They would argue that over the long term the expenses incurred by the merged newspaper company will also increase.","They would encourage Fan to investigate whether the projected effect on subscription prices persists over an extended period.","They would claim that mergers have a different effect on consumer prices in the newspaper industry than in most other industries.","C","3","Choice C is the best answer because, based on the information presented in the texts, it represents how Focarelli and Panetta would most likely respond to Fan’s findings. Text 1 indicates that Fan found that a newspaper merger would result in a rise in subscription prices. This rise wouldn’t benefit customers, who would have to pay more for news after a merger. Text 2 presents Focarelli and Panetta’s argument that merger research tends to focus too much on what happens immediately after the merger. Text 2 goes on to describe their finding that mergers can be economically beneficial for consumers over the long term. This suggests that Focarelli and Panetta would encourage Fan to investigate the long-term effect of the hypothetical newspaper merger on subscription prices.
Choice A is incorrect because Text 2 doesn’t indicate that Focarelli and Panetta connect the effects of mergers to specific locations. Instead, Focarelli and Panetta focus on the length of time over which the effects of mergers should be evaluated. Choice B is incorrect because Text 2 indicates that Focarelli and Panetta found that merged companies experience “efficiency gains” over the long term, meaning that their expenses go down relative to their output, not that their expenses increase. Choice D is incorrect because there’s no indication in Text 2 that Focarelli and Panetta believe that the newspaper industry is different from any other industry when it comes to the effects of mergers. Although their own research was about consumer banking, Text 2 suggests that they view their conclusions as applicable to mergers in general.","","none","{}","","","","","","Cross-Text Connections","","import;pdf;section:RW;source:sat-practice-test-9-digital.pdf;page:6;source_q:9;fixed:paragraph_structure"
"SAT_IMPORTED","pdf_import_v1","import_batch_001","","SAT9_RW_M1_Q09","RW","1","base","9","Information and Ideas","Central Ideas and Details","CID","Central Ideas and Details","Central Ideas and Details","","1","multiple_choice","Utah is home to Pando, a colony of about 47,000 quaking aspen trees that all share a single root system. Pando is one of the largest single organisms by mass on Earth, but ecologists are worried that its growth is declining in part because of grazing by animals. The ecologists say that strong fences could prevent deer from eating young trees and help Pando start thriving again.","According to the text, why are ecologists worried about Pando?","It isn’t growing at the same rate it used to.","It isn’t producing young trees anymore.","It can’t grow into new areas because it is blocked by fences.","Its root system can’t support many more new trees.","A","1","Choice A is the best answer because it presents an explanation that is directly stated in the text for why ecologists are worried about Pando. The text states that Pando is a colony of about 47,000 quaking aspen trees that represents one of the largest organisms on Earth. According to the text, ecologists are worried that Pando’s growth is declining, partly because animals are feeding on the trees. In other words, the ecologists are worried that Pando isn’t growing at the same rate it used to.
Choice B is incorrect. Rather than indicating that Pando isn’t producing young trees anymore, the text reveals that Pando is indeed producing young trees, stating that those trees can be protected from grazing deer by strong fences. Choice C is incorrect because the text states that fences can be used to prevent deer from eating Pando’s young trees, not that Pando itself can’t grow in new areas because it’s blocked by fences. Choice D is incorrect because the text offers no evidence that Pando’s root system is incapable of supporting new trees or is otherwise a cause of worry for ecologists.","","none","{}","","","","","","Central Ideas and Details","","import;pdf;section:RW;source:sat-practice-test-9-digital.pdf;page:7;source_q:10"
"SAT_IMPORTED","pdf_import_v1","import_batch_001","","SAT9_RW_M1_Q10","RW","1","base","10","Information and Ideas","Command of Evidence","COE","Command of Evidence","Command of Evidence","","1","multiple_choice","ALSOL is a microcredit program in Mexico that makes small loans to female entrepreneurs who lack the collateral and credit history to secure financing from conventional banks. Borrowers use their business proceeds to repay loans in equal weekly installments and incur no penalty for missed payments other than lack of access to larger loans. Economists Gustavo Barboza and Sandra Trejos analyzed ALSOL data and found that rural borrowers, who mostly make and sell handicrafts, miss payments more often than urban borrowers do, partly because they sell their goods less frequently than they could. Barboza and Trejos claim that this behavior reflects strategic decisions that enable rural women to increase their profits per unit sold.","Which finding, if true, would most directly support Barboza and Trejos’s claim?","Many marketplaces require entrepreneurs to pay marketplace operators a fixed percentage of each day’s proceeds in exchange for permission to sell goods there.","Rural entrepreneurs can typically sell their goods for higher prices in cities than in their home areas, but the number of people selling competing goods tends to be higher in cities.","Due to the lower costs they incur, rural entrepreneurs tend to require smaller initial loans than urban entrepreneurs do.","The cost to rural entrepreneurs to bring their goods to towns with marketplaces is high but largely independent of the number of goods they bring.","D","4","Choice D is the best answer because it presents a finding that, if true, would most directly support Barboza and Trejos’s claim that rural female entrepreneurs who have received small loans from ALSOL are strategic in selling their goods less frequently than they could, even if it means missing payments. The text explains that borrowers in the ALSOL program use proceeds from their businesses to repay loans in equal weekly payments, with almost no penalty for missed payments. According to the text, Barboza and Trejos found that rural borrowers miss weekly payments in part because they don’t sell their goods as often as they could, a move the researchers claim allows the entrepreneurs to help increase profits for the goods they sell. Finding that the cost of bringing goods to towns with marketplaces is high for rural entrepreneurs but is largely independent of how many goods are brought would support the researchers’ claim: traveling to marketplaces less frequently would mean that a rural entrepreneur spends less on travel overall, and taking a large load of goods to a marketplace for essentially the same cost as taking a small load would allow the entrepreneur to more substantially offset the cost of travel with greater overall sales at the marketplace, resulting in more profit per good sold—even if those profits are earned less frequently and don’t support weekly loan payments.
Choice A is incorrect because the finding that many marketplaces require entrepreneurs to pay the operators of the marketplace a fixed percentage of proceeds to be able to sell goods there wouldn’t explain why rural entrepreneurs strategically choose to sell their goods less frequently than they could in order to increase their profits per unit sold. With a fixed percentage of proceeds due to operators, the amount entrepreneurs have to pay operators would also be fixed
regardless of frequency of selling. Choice B is incorrect because the finding that rural entrepreneurs can usually sell their goods for higher prices in cities than in their local areas but also face higher competition to sell goods in cities wouldn’t explain why rural entrepreneurs strategically choose to sell their goods less frequently than they could in order to increase their profits per unit sold. This is because both the higher prices and higher competition in cities would be stable factors—meaning there would be no clear reason for the rural entrepreneurs not to take every available chance to sell their goods in cities and to instead sell their goods in cities only sometimes. Choice C is incorrect because the finding that rural entrepreneurs have lower costs and thus tend to require smaller initial loans than urban entrepreneurs do has no bearing on rural borrowers strategically choosing to sell their goods less frequently than they could specifically to increase their profits per unit sold. The cost of producing goods doesn’t depend on the frequency with which an entrepreneur sells those goods, so lower frequency alone wouldn’t affect profits, and the initial loan amount is set and has nothing to do with how much profit is earned from each sale.","","none","{}","","","","","","Command of Evidence","","import;pdf;section:RW;source:sat-practice-test-9-digital.pdf;page:11;source_q:16"
"SAT_IMPORTED","pdf_import_v1","import_batch_001","","SAT9_RW_M1_Q11","RW","1","base","11","Information and Ideas","Inferences","INF","Inferences","Inferences","","1","multiple_choice","In documents called judicial opinions, judges explain the reasoning behind their legal rulings, and in those explanations they sometimes cite and discuss historical and contemporary philosophers. Legal scholar and philosopher Anita L. Allen argues that while judges are naturally inclined to mention philosophers whose views align with their own positions, the strongest judicial opinions consider and rebut potential objections; discussing philosophers whose views conflict with judges’ views could therefore _____","Which choice most logically completes the text?","allow judges to craft judicial opinions without needing to consult philosophical works.","help judges improve the arguments they put forward in their judicial opinions.","make judicial opinions more comprehensible to readers without legal or philosophical training.","bring judicial opinions in line with views that are broadly held among philosophers.","B","2","Choice B is the best answer because it most logically completes the text’s discussion of Anita Allen’s argument about judges citing philosophers in their judicial opinions. The text indicates that judges sometimes cite philosophers when writing their judicial opinions and that, according to Allen, judges tend to cite philosophers whose views are in agreement with those of the judges themselves. Allen claims, however, that the best judicial opinions consider potential objections and rebut them, which suggests that judges may be able to strengthen their opinions by including discussions of philosophers with views contrary to their own.
Choice A is incorrect because Allen’s claim is that judges could improve their judicial opinions by citing philosophers who disagree with the views expressed in the opinions, which would necessarily require judges to consult philosophical works. Choice C is incorrect because there’s no discussion in the text about making judicial opinions more easily understood by any particular group of readers. The focus of the text is on Allen’s claim that judicial opinions could be strengthened by the inclusion of discussions of philosophers whose views disagree with those of the judges authoring the opinions. Choice D is incorrect because the text presents Allen’s argument that discussing philosophers whose views judges disagree with could strengthen judicial opinions, not that doing so could bring those opinions into line with views that are popular among philosophers.","","none","{}","","","","","","Inferences","","import;pdf;section:RW;source:sat-practice-test-9-digital.pdf;page:11;source_q:17"
"SAT_IMPORTED","pdf_import_v1","import_batch_001","","SAT9_RW_M1_Q12","RW","1","base","12","Information and Ideas","Inferences","INF","Inferences","Inferences","","1","multiple_choice","Although military veterans make up a small proportion of the total population of the United States, they occupy a significantly higher proportion of the jobs in the civilian government. One possible explanation for this disproportionate representation is that military service familiarizes people with certain organizational structures that are also reflected in the civilian government bureaucracy, and this familiarity thus _____","Which choice most logically completes the text?","makes civilian government jobs especially appealing to military veterans.","alters the typical relationship between military service and subsequent career preferences.","encourages nonveterans applying for civilian government jobs to consider military service instead.","increases the number of civilian government jobs that require some amount of military experience to perform.","A","1","Choice A is the best answer because it presents the conclusion that most logically follows from the text’s discussion of military veterans working in civilian government jobs in the United States. The text indicates that the proportion of military veterans working in civilian government jobs is considerably higher than the proportion of military veterans in the population as a whole. The text also notes that the unusually high representation of military veterans in these jobs may
be a result of the organizational structures shared by civilian government entities and the military. Hence, it’s reasonable to infer that it’s the familiarity of the structures of civilian government that makes jobs there particularly attractive to military veterans.
Choice B is incorrect because the text doesn’t address what a typical relationship between military service and later career preferences would be, and there’s no indication that it’s atypical for veterans to work in civilian government jobs after they’ve left the military. On the contrary, the text suggests that many military veterans are drawn to such jobs. Choice C is incorrect because the text is focused on the high representation of military veterans in civilian government jobs and doesn’t address nonveterans or their possible interest in military service. Choice D is incorrect because the text conveys that military veterans may be particularly interested in civilian government jobs due to the familiarity of organizational structures that are already in place, but there’s no reason to think that this interest would mean that more civilian government jobs will start to require military experience.","","none","{}","","","","","","Inferences","","import;pdf;section:RW;source:sat-practice-test-9-digital.pdf;page:12;source_q:18"
"SAT_IMPORTED","pdf_import_v1","import_batch_001","","SAT9_RW_M1_Q13","RW","1","base","13","Standard English Conventions","Form, Structure, and Sense","FSS","Form, Structure, and Sense","Form, Structure, and Sense","","1","multiple_choice","A member of the Cherokee Nation, Mary Golda Ross is renowned for her contributions to NASA’s Planetary Flight Handbook, which _____ detailed mathematical guidance for missions to Mars and Venus.","Which choice completes the text so that it conforms to the conventions of Standard English?","provided","having provided","to provide","providing","A","1","Choice A is the best answer. The convention being tested is the use of finite verbs in a relative clause. Relative clauses, such as the one beginning with “which,” require a finite verb, a verb that can function as the main verb of a clause. This choice correctly supplies the clause with the finite past tense verb “provided.”
Choice B is incorrect because the non-finite participle “having provided” doesn’t supply the clause with a finite verb. Choice C is incorrect because the non-finite to-infinitive “to provide” doesn’t supply the clause with a finite verb. Choice D is incorrect because the non-finite participle “providing” doesn’t supply the clause with a finite verb.","","none","{}","","","","","","Form, Structure, and Sense","","import;pdf;section:RW;source:sat-practice-test-9-digital.pdf;page:12;source_q:19"
"SAT_IMPORTED","pdf_import_v1","import_batch_001","","SAT9_RW_M1_Q14","RW","1","base","14","Standard English Conventions","Form, Structure, and Sense","FSS","Form, Structure, and Sense","Form, Structure, and Sense","","1","multiple_choice","The classic children’s board game Chutes and Ladders is a version of an ancient Nepalese game, Paramapada Sopanapata. In both games, players encounter “good” or “bad” spaces while traveling along a path; landing on one of the good spaces _____ a player to skip ahead and arrive closer to the end goal.","Which choice completes the text so that it conforms to the conventions of Standard English?","allows","are allowing","have allowed","allow","A","1","Choice A is the best answer. The convention being tested is subject–verb agreement. The singular verb “allows” agrees in number with the singular subject “landing.”
Choice B is incorrect because the plural verb “are allowing” doesn’t agree in number with the singular subject “landing.” Choice C is incorrect because the plural verb “have allowed” doesn’t agree in number with the singular subject “landing.” Choice D is incorrect because the plural verb “allow” doesn’t agree in number with the singular subject “landing.”","","none","{}","","","","","","Form, Structure, and Sense","","import;pdf;section:RW;source:sat-practice-test-9-digital.pdf;page:12;source_q:20"
"SAT_IMPORTED","pdf_import_v1","import_batch_001","","SAT9_RW_M1_Q15","RW","1","base","15","Standard English Conventions","Form, Structure, and Sense","FSS","Form, Structure, and Sense","Form, Structure, and Sense","","1","multiple_choice","In 1930, Japanese American artist Chiura Obata depicted the natural beauty of Yosemite National Park in two memorable woodcuts: Evening at Carl Inn and Lake Basin in the High Sierra. In 2019, _____ exhibited alongside 150 of Obata’s other works in a single-artist show at the Smithsonian American Art Museum.","Which choice completes the text so that it conforms to the conventions of Standard English?","it was","they were","this was","some were","B","2","Choice B is the best answer. The convention being tested is pronoun–antecedent agreement. The plural pronoun “they” agrees in number with the plural antecedent “woodcuts” and clearly identifies what was exhibited at the Smithsonian American Art Museum.
Choice A is incorrect because the singular pronoun “it” doesn’t agree in number with the plural antecedent “woodcuts.” Choice C is incorrect because the singular pronoun “this” doesn’t agree in number with the plural antecedent “woodcuts.” Choice D is incorrect because the plural pronoun “some” is illogical in this context (referring to “some” of two woodcuts).","","none","{}","","","","","","Form, Structure, and Sense","","import;pdf;section:RW;source:sat-practice-test-9-digital.pdf;page:12;source_q:21"
"SAT_IMPORTED","pdf_import_v1","import_batch_001","","SAT9_RW_M1_Q16","RW","1","base","16","Standard English Conventions","Boundaries","BND","Boundaries","Boundaries","","1","multiple_choice","Journalists have dubbed Gil Scott-Heron the “godfather of rap,” a title that has appeared in hundreds of articles about him since the 1990s. Scott- Heron himself resisted the godfather _____ feeling that it didn’t encapsulate his devotion to the broader African American blues music tradition as well as “bluesologist,” the moniker he preferred.","Which choice completes the text so that it conforms to the conventions of Standard English?","nickname, however","nickname, however;","nickname, however,","nickname; however,","C","3","Choice C is the best answer. The convention being tested is punctuation use between a main clause and two supplementary elements. In this choice, the commas after “nickname” and “however” are correctly used to separate the supplementary adverb “however” from the main clause (“Scott-Heron… nickname”) on one side and the supplementary participial phrase (“feeling… bluesologist”) on the other.
Choice A is incorrect because it fails to mark the boundary between the supplementary adverb “however” and the supplementary phrase (“feeling… bluesologist”). Choice B is incorrect because a semicolon can’t be used in this way to join the supplementary adverb “however” and the supplementary phrase (“feeling…bluesologist”). Choice D is incorrect because a semicolon can’t be used in this way to join the main clause (“Scott-Heron…nickname”) and the supplementary word and phrase (“however” and “feeling…bluesologist”). Moreover, placing the semicolon after “nickname” illogically signals that the following information (Scott-Heron’s feeling that the nickname didn’t encapsulate his devotion to the blues tradition) is contrary to the information in the previous clause (Scott-Heron’s resistance to the nickname).","","none","{}","","","","","","Boundaries","","import;pdf;section:RW;source:sat-practice-test-9-digital.pdf;page:13;source_q:22"
"SAT_IMPORTED","pdf_import_v1","import_batch_001","","SAT9_RW_M1_Q17","RW","1","base","17","Standard English Conventions","Boundaries","BND","Boundaries","Boundaries","","1","multiple_choice","Stomata, tiny pore structures in a leaf that absorb gases needed for plant growth, open when guard cells surrounding each pore swell with water. In a pivotal 2007 article, plant cell _____ showed that lipid molecules called phosphatidylinositol phosphates are responsible for signaling guard cells to open stomata.","Which choice completes the text so that it conforms to the conventions of Standard English?","biologist, Yuree Lee","biologist Yuree Lee,","biologist Yuree Lee","biologist, Yuree Lee,","C","3","Choice C is the best answer. The convention being tested is the use of punctuation between titles and proper nouns. No punctuation is needed to offset the proper noun “Yuree Lee” from the title “plant cell biologist” that describes Lee.
Choice A is incorrect because no punctuation is needed. Choice B is incorrect because no punctuation is needed. Choice D is incorrect because no punctuation is needed around the proper noun “Yuree Lee.” Setting the phrase off with punctuation suggests that it could be removed without affecting the coherence of the sentence, which isn’t the case.","","none","{}","","","","","","Boundaries","","import;pdf;section:RW;source:sat-practice-test-9-digital.pdf;page:13;source_q:23"
"SAT_IMPORTED","pdf_import_v1","import_batch_001","","SAT9_RW_M1_Q18","RW","1","base","18","Standard English Conventions","Boundaries","BND","Boundaries","Boundaries","","1","multiple_choice","As cheesemaking practices spread throughout Europe and Asia during and after the Neolithic, divergent strategies for preserving milk _____ whereas rennet-coagulated cheesemaking became key to milk preservation in Europe and Southwest Asia, acid-heat coagulation methods became common among nomadic herding populations of the northeastern Eurasian steppe.","Which choice completes the text so that it conforms to the conventions of Standard English?","emerged","emerged and","emerged:","emerged,","C","3","Choice C is the best answer. The convention being tested is punctuation use within a sentence. A colon can be used between two main clauses to signal that what follows is an elaboration of what came before. In this choice, the colon correctly introduces the following explanation of the divergent milk preservation strategies that emerged.
Choice A is incorrect because it results in a run-on sentence. The main clause (“As…emerged”) and the subordinate clause followed by another main clause (“whereas…steppe”) are fused without punctuation and/or a conjunction. Choice B is incorrect. Without a comma preceding it, the conjunction “and” can’t be used in
this way to join a main clause (“As…emerged”) and a subordinate clause followed by another main clause (“whereas…steppe”). Choice D is incorrect because it results in a comma splice. A comma can’t be used in this way to join a main clause (“As…emerged”) and a subordinate clause followed by another main clause (“whereas…steppe”).","","none","{}","","","","","","Boundaries","","import;pdf;section:RW;source:sat-practice-test-9-digital.pdf;page:13;source_q:24"
"SAT_IMPORTED","pdf_import_v1","import_batch_001","","SAT9_RW_M1_Q19","RW","1","base","19","Standard English Conventions","Form, Structure, and Sense","FSS","Form, Structure, and Sense","Form, Structure, and Sense","","1","multiple_choice","Recent pollen analyses of the Aran Islands have led some researchers to propose that the now treeless islands were once wooded. This hypothesis _____ that certain trees, such as P. sylvestris, survived without interruption or human intervention throughout the Holocene cannot stand, researchers Michael O’Connell and Karen Molloy counter, unless other explanations can first be ruled out.","Which choice completes the text so that it conforms to the conventions of Standard English?","suggesting","suggested","suggests","has suggested","A","1","Choice A is the best answer. The convention being tested is the use of verb forms within a sentence. The nonfinite present participle “suggesting” is correctly used to form a restrictive participial phrase (“suggesting...Holocene”) within the main clause (“This hypothesis...cannot stand...”). This participial phrase functions as part of the sentence’s subject (“This...Holocene”), providing essential identifying information about what the hypothesis states—namely, that certain trees survived without interruption or human intervention throughout the Holocene.
Choice B is incorrect because it results in an ungrammatical sentence. The finite verb “suggested” can’t be used in this way within the subject of the sentence. Choice C is incorrect because it results in an ungrammatical sentence. The finite verb “suggests” can’t be used in this way within the subject of the sentence. Choice D is incorrect because it results in an ungrammatical sentence. The finite verb “has suggested” can’t be used in this way within the subject of the sentence.","","none","{}","","","","","","Form, Structure, and Sense","","import;pdf;section:RW;source:sat-practice-test-9-digital.pdf;page:13;source_q:25"
"SAT_IMPORTED","pdf_import_v1","import_batch_001","","SAT9_RW_M1_Q20","RW","1","base","20","Standard English Conventions","Form, Structure, and Sense","FSS","Form, Structure, and Sense","Form, Structure, and Sense","","1","multiple_choice","Researchers studying the “terra-cotta army,” the thousands of life-size statues of warriors found interred near the tomb of Emperor Qin Shi Huang of China, were shocked to realize that the shape of each statue’s ears, like the shape of each person’s ears, _____ unique.","Which choice completes the text so that it conforms to the conventions of Standard English?","are","is","were","have been","B","2","Choice B is the best answer. The convention being tested is subject-verb agreement. The singular verb “is” agrees in number with the singular subject “the shape.”
Choice A is incorrect because the plural verb “are” doesn’t agree in number with the singular subject “the shape.” Choice C is incorrect because the plural verb “were” doesn’t agree in number with the singular subject “the shape.” Choice D is incorrect because the plural verb “have been” doesn’t agree in number with the singular subject “the shape.”","","none","{}","","","","","","Form, Structure, and Sense","","import;pdf;section:RW;source:sat-practice-test-9-digital.pdf;page:14;source_q:26"
"SAT_IMPORTED","pdf_import_v1","import_batch_001","","SAT9_RW_M1_Q21","RW","1","base","21","Expression of Ideas","Transitions","TRN","Transitions","Transitions","","1","multiple_choice","Chimamanda Ngozi Adichie’s 2013 novel Americanah chronicles the divergent experiences of Ifemelu and Obinze, a young Nigerian couple, after high school. Ifemelu moves to the United States to attend a prestigious university. _____ Obinze travels to London, hoping to start a career there. However, frustrated with the lack of opportunities, he soon returns to Nigeria.","Which choice completes the text with the most logical transition?","Meanwhile,","Nevertheless,","Secondly,","In fact,","A","1","Choice A is the best answer. “Meanwhile” logically signals that the action described in this sentence (Obinze’s move to London to pursue a career) is simultaneous with the action described in the previous sentence (Ifemelu’s move to the United States). The first sentence establishes that the actions take place around the same time, referring to the characters’ “divergent experiences” following high school.
Choice B is incorrect because “nevertheless” illogically signals that the information in this sentence about Obinze’s move to London is true despite the previous information about Ifemelu’s move to the United States. Instead, as the first sentence establishes, Obinze’s move and Ifemelu’s move are related, parallel experiences that occur around the same time. Choice C is incorrect because “secondly” illogically signals that the information in this sentence is a second point or reason separate from the previous information about Ifemelu’s move to
the United States. Instead, as the first sentence establishes, Obinze’s move and Ifemelu’s move are related, parallel experiences that occur around the same time. Choice D is incorrect because “in fact” illogically signals that the information in this sentence emphasizes, modifies, or contradicts the previous information about Ifemelu’s move to the United States. Instead, as the first sentence establishes, Obinze’s move and Ifemelu’s move are related, parallel experiences that occur around the same time.","","none","{}","","","","","","Transitions","","import;pdf;section:RW;source:sat-practice-test-9-digital.pdf;page:14;source_q:27"
"SAT_IMPORTED","pdf_import_v1","import_batch_001","","SAT9_RW_M1_Q22","RW","1","base","22","Expression of Ideas","Transitions","TRN","Transitions","Transitions","","1","multiple_choice","Some members of the US Supreme Court have resisted calls to televise the court’s oral arguments, concerned that the participants would be tempted to perform for the cameras (and thus lower the quality of the discourse). _____ the justices worry that most viewers would not even watch the full deliberations, only short clips that could be misinterpreted and mischaracterized.","Which choice completes the text with the most logical transition?","However,","Additionally,","In comparison,","For example,","B","2","Choice B is the best answer. “Additionally” logically signals that the claim in this sentence—that some Supreme Court justices worry that viewers (of televised court arguments) would watch only short, misleading clips—adds to the information in the previous sentence. Specifically, the previous sentence indicates one concern raised by those opposed to televising the court’s oral arguments, and the claim that follows indicates a second, additional concern.
Choice A is incorrect because “however” illogically signals that the claim in this sentence contrasts with the information in the previous sentence. Instead, the claim adds to the information, indicating a second, additional concern that some Supreme Court justices have about televising the court’s arguments. Choice C is incorrect because “in comparison” illogically signals that the claim in this sentence is being compared to the information in the previous sentence. Instead, the claim adds to the information, indicating a second, additional concern that some Supreme Court justices have about televising the court’s arguments. Choice D is incorrect because “for example” illogically signals that the claim in this sentence exemplifies the information in the previous sentence. Instead, the claim adds to the information, indicating a second, additional concern that some Supreme Court justices have about televising the court’s arguments.","","none","{}","","","","","","Transitions","","import;pdf;section:RW;source:sat-practice-test-9-digital.pdf;page:14;source_q:28"
"SAT_IMPORTED","pdf_import_v1","import_batch_001","","SAT9_RW_M1_Q23","RW","1","base","23","Expression of Ideas","Transitions","TRN","Transitions","Transitions","","1","multiple_choice","The more diverse and wide ranging an animal’s behaviors, the larger and more energy demanding the animal’s brain tends to be. _____ from an evolutionary perspective, animals that perform only basic actions should allocate fewer resources to growing and maintaining brain tissue. The specialized subtypes of ants within colonies provide an opportunity to explore this hypothesis.","Which choice completes the text with the most logical transition?","Subsequently,","Besides,","Nevertheless,","Thus,","D","4","Choice D is the best answer. “Thus” logically signals that the claim in this sentence—that animals performing only basic actions should allocate relatively few resources to their brain tissue—is a consequence of the previous sentence’s claim about the energy demands of animal brains (namely, that the more diverse an animal’s behaviors, the more energy its brain needs).
Choice A is incorrect because “subsequently” illogically signals that the claim in this sentence occurs later in a chronological sequence of events than the previous sentence’s claim about the energy demands of animal brains. Instead, the second claim is a consequence of the first. Choice B is incorrect because “besides” illogically signals that the claim in this sentence provides a separate point in addition to, or apart from, the previous sentence’s claim about the energy demands of animal brains. Instead, the second claim is a consequence of the first. Choice C is incorrect because “nevertheless” illogically signals that the claim in this sentence is true in spite of the previous sentence’s claim about the energy demands of animal brains. Instead, the second claim is a consequence of the first.","","none","{}","","","","","","Transitions","","import;pdf;section:RW;source:sat-practice-test-9-digital.pdf;page:14;source_q:29"
"SAT_IMPORTED","pdf_import_v1","import_batch_001","","SAT9_RW_M1_Q24","RW","1","base","24","Expression of Ideas","Transitions","TRN","Transitions","Transitions","","1","multiple_choice","A firefly uses specialized muscles to draw oxygen into its lower abdomen through narrow tubes, triggering a chemical reaction whereby the oxygen combines with chemicals in the firefly’s abdomen to produce a glow. _____ when the firefly stops drawing in oxygen, the reaction—and the glow—cease.","Which choice completes the text with the most logical transition?","For instance,","By contrast,","Specifically,","In conclusion,","B","2","Choice B is the best answer. “By contrast” logically signals that the information in this sentence—that a firefly’s glow ceases when it stops drawing in oxygen— contrasts with the previous sentence’s discussion of the processes that cause a firefly to begin to glow.
Choice A is incorrect because “for instance” illogically signals that the information in the sentence exemplifies the previous sentence’s discussion of how a firefly begins to glow. Instead, it contrasts with the previous sentence’s discussion. Choice C is incorrect because “specifically” illogically signals that the information in the sentence provides specific details elaborating on the previous sentence’s discussion of how a firefly begins to glow. Instead, it contrasts with the previous sentence’s discussion. Choice D is incorrect because “in conclusion” illogically signals that the information in the sentence sums up the previous sentence’s discussion of how a firefly begins to glow. Instead, it contrasts with the previous sentence’s discussion.","","none","{}","","","","","","Transitions","","import;pdf;section:RW;source:sat-practice-test-9-digital.pdf;page:15;source_q:30"
"SAT_IMPORTED","pdf_import_v1","import_batch_001","","SAT9_RW_M1_Q25","RW","1","base","25","Expression of Ideas","Rhetorical Synthesis","RHS","Rhetorical Synthesis","Rhetorical Synthesis","","1","multiple_choice","While researching a topic, a student has taken the following notes:

- NASA uses rovers, large remote vehicles with wheels, to explore the surface of Mars.

- NASA’s rovers can’t explore regions inaccessible to wheeled vehicles.

- Rovers are also heavy, making them difficult to land on the planet’s surface.

- Microprobes, robotic probes that weigh as little as 50 milligrams, could be deployed virtually anywhere on the surface of Mars.

- Microprobes have been proposed as an alternative to rovers.","The student wants to explain an advantage of microprobes. Which choice most effectively uses relevant information from the notes to accomplish this goal?","Despite being heavy, NASA’s rovers can land successfully on the surface of Mars.","Microprobes, which weigh as little as 50 milligrams, could explore areas of Mars that are inaccessible to NASA’s heavy, wheeled rovers.","NASA currently uses its rovers on Mars, but microprobes have been proposed as an alternative.","Though they are different sizes, both microprobes and rovers can be used to explore the surface of Mars.","B","2","Choice B is the best answer. The sentence explains an advantage of microprobes, noting that because microprobes weigh as little as 50 milligrams, they can explore areas inaccessible to rovers.
Choice A is incorrect. The sentence indicates that rovers can land successfully on Mars despite their weight; it doesn’t explain an advantage of microprobes. Choice C is incorrect. While the sentence mentions that microprobes have been proposed as an alternative to rovers, it doesn’t explain an advantage of microprobes. Choice D is incorrect. The sentence emphasizes a similarity between microprobes and rovers; it doesn’t explain an advantage of microprobes.","","none","{}","","","","","","Rhetorical Synthesis","","import;pdf;section:RW;source:sat-practice-test-9-digital.pdf;page:15;source_q:31;fixed:paragraph_structure"
"SAT_IMPORTED","pdf_import_v1","import_batch_001","","SAT9_RW_M1_Q26","RW","1","base","26","Expression of Ideas","Rhetorical Synthesis","RHS","Rhetorical Synthesis","Rhetorical Synthesis","","1","multiple_choice","While researching a topic, a student has taken the following notes:

- Severo Ochoa discovered the enzyme PNPase in 1955.

- PNPase is involved in both the creation and degradation of mRNA.

- Ochoa incorrectly hypothesized that PNPase provides the genetic blueprints for mRNA.

- The discovery of PNPase proved critical to deciphering the human genetic code.

- Deciphering the genetic code has led to a better understanding of how genetic variations affect human health.","The student wants to emphasize the significance of Ochoa’s discovery. Which choice most effectively uses relevant information from the notes to accomplish this goal?","Ochoa’s 1955 discovery of PNPase proved critical to deciphering the human genetic code, leading to a better understanding of how genetic variations affect human health.","Ochoa first discovered PNPase, an enzyme that he hypothesized contained the genetic blueprints for mRNA, in 1955.","In 1955, Ochoa discovered the PNPase enzyme, which is involved in both the creation and degradation of mRNA.","Though his discovery of PNPase was critical to deciphering the human genetic code, Ochoa incorrectly hypothesized that the enzyme was the source of mRNA’s genetic blueprints.","A","1","Choice A is the best answer. The sentence emphasizes the significance of Ochoa’s discovery, noting that it proved critical to deciphering the human genetic code, which resulted in a better understanding of how genetic variations affect human health.
Choice B is incorrect. While the sentence explains what Ochoa discovered, it doesn’t emphasize the significance of the discovery. Choice C is incorrect. While the sentence explains what Ochoa discovered, it doesn’t emphasize the significance of the discovery. Choice D is incorrect. While the sentence mentions that Ochoa’s discovery was crucial, it emphasizes Ochoa’s incorrect hypothesis, not the significance of the discovery.","","none","{}","","","","","","Rhetorical Synthesis","","import;pdf;section:RW;source:sat-practice-test-9-digital.pdf;page:16;source_q:32;fixed:paragraph_structure"
"SAT_IMPORTED","pdf_import_v1","import_batch_001","","SAT9_RW_M1_Q27","RW","1","base","27","Expression of Ideas","Rhetorical Synthesis","RHS","Rhetorical Synthesis","Rhetorical Synthesis","","1","multiple_choice","While researching a topic, a student has taken the following notes:

- Cecilia Vicuña is a multidisciplinary artist.

- In 1971, her first solo art exhibition, Pinturas, poemas y explicaciones, was shown at the Museo Nacional de Bellas Artes in Santiago, Chile.

- Her poetry collection Precario/Precarious was published in 1983 by Tanam Press.

- Her poetry collection Instan was published in 2002 by Kelsey St. Press.

- She lives part time in Chile, where she was born, and part time in New York.","The student wants to introduce the artist’s 1983 poetry collection. Which choice most effectively uses relevant information from the notes to accomplish this goal?","Before she published the books Precario/Precarious (1983) and Instan (2002), Cecilia Vicuña exhibited visual art at the Museo Nacional de Bellas Artes in Santiago, Chile.","Cecilia Vicuña is a true multidisciplinary artist whose works include numerous poetry collections and visual art exhibitions.","Published in 1983 by Tanam Press, Precario/Precarious is a collection of poetry by the multidisciplinary artist Cecilia Vicuña.","In 1971, Cecilia Vicuña exhibited her first solo art exhibition, Pinturas, poemas y explicaciones, in Chile, her country of birth.","C","3","Choice C is the best answer. The sentence effectively introduces the poetry collection Precario/Precarious, noting that it is a collection by Vicuña that was published in 1983 by Tanam Press.
Choice A is incorrect. While the sentence mentions the 1983 poetry collection Precario/Precarious, it focuses mainly on Vicuña’s visual art. Choice B is incorrect. The sentence doesn’t introduce the 1983 poetry collection Precario/Precarious; instead, it introduces Vicuña. Choice D is incorrect. The sentence emphasizes the location of Vicuña’s 1971 exhibition Pinturas, poemas y explicaciones; it doesn’t introduce the 1983 poetry collection Precario/Precarious.","","none","{}","","","","","","Rhetorical Synthesis","","import;pdf;section:RW;source:sat-practice-test-9-digital.pdf;page:16;source_q:33;fixed:paragraph_structure"
"SAT_IMPORTED","pdf_import_v1","import_batch_001","","SAT9_RW_M2_Q01","RW","2","hard","1","Craft and Structure","Words in Context","WIC","Words in Context","Words in Context","","1","multiple_choice",". 1,

The following text is from Anita Desai’s 2011 novella Translator Translated. While working on her translation of a novel written in Odia (a language of India) into English, the narrator looks out her window at night to clear her mind.

I tried to distract myself with these sights of the ordinary world, but in my mind it was the lines I had been translating and the lines that I had been writing that remained in the forefront. I longed for sleep to obliterate them but it eluded me. Perhaps everything would be normal again once I had sent off the manuscript, I thought, and looked forward to <u>completing</u> the work.","As used in the text, what does the word “completing” most nearly mean?","Destroying","Finishing","Advertising","Rejecting","B","2","Choice B is the best answer because as used in the text, “completing” most nearly means finishing. In the text, the narrator conveys that the task of translating a novel has been an all-consuming one and that she hopes things will “be normal again” once she has “sent off the manuscript.” In other words, the narrator is looking forward to finishing her work on the manuscript and returning to other things.
Choice A is incorrect because in this context, “completing” doesn’t mean destroying, or ruining. The narrator addresses her desire to send off the manuscript she’s focused on and her hope that things will be “normal again” once she does, conveying that she is looking forward to finishing the work, not to ruining it. Choice C is incorrect because in this context, “completing” doesn’t mean advertising, or publicly promoting. The narrator addresses her complete focus on the translation and her hope that things will be “normal again” once she has “sent off the manuscript,” conveying that she is looking forward to finishing the task, not to promoting the resulting manuscript. Choice D is incorrect because in this context, “completing” doesn’t mean rejecting, or refusing or repelling. The narrator makes it clear that she is absorbed in working on the translation and plans to send off the manuscript, suggesting that instead of refusing to do the work, she is continuing to do it (even if she looks forward to things being “normal again” when she’s done).","","none","{}","","","","","","Words in Context","","import;pdf;section:RW;source:sat-practice-test-9-digital.pdf;page:18;source_q:1"
"SAT_IMPORTED","pdf_import_v1","import_batch_001","","SAT9_RW_M2_Q02","RW","2","hard","2","Craft and Structure","Words in Context","WIC","Words in Context","Words in Context","","1","multiple_choice","Predatory animals differ widely in how they _____ food for their young. Some leave dead prey nearby for their young to consume, some bring live prey to their young, and some feed their young directly from their own mouths.","Which choice completes the text with the most logical and precise word or phrase?","avoid","guess","provide","describe","C","3","Choice C is the best answer because it most logically completes the text’s discussion of how predators feed their young. As used in this context, “provide” means supply or make something that’s needed available. The text indicates that some predators supply prey for their young by either leaving dead prey nearby or by bringing live prey to them. Other predators, the text states, feed their young directly from their own mouths. This context supports the idea that predatory animals have various ways to provide food for their young.
Choice A is incorrect because in this context, “avoid” would mean keep away from or refrain from, neither of which would make sense in context. Nothing in the text suggests that predators refrain from food for their young. Choice B is incorrect because in this context, “guess” would mean speculate or suppose, and it’s unclear what it would mean for predators to speculate food for their young. Choice D is incorrect because in this context, “describe” would mean explain, and it’s unclear what it would mean for predators to explain food for their young.","","none","{}","","","","","","Words in Context","","import;pdf;section:RW;source:sat-practice-test-9-digital.pdf;page:18;source_q:2"
"SAT_IMPORTED","pdf_import_v1","import_batch_001","","SAT9_RW_M2_Q03","RW","2","hard","3","Craft and Structure","Words in Context","WIC","Words in Context","Words in Context","","1","multiple_choice","Nigerian American author Teju Cole’s _____ his two passions—photography and the written word—culminates in his 2017 book, Blind Spot, which evocatively combines his original photographs from his travels with his poetic prose.","Which choice completes the text with the most logical and precise word or phrase?","indifference to","enthusiasm for","concern about","surprise at","B","2","Choice B is the best answer because it most logically completes the text’s discussion of Cole’s book Blind Spot. In this context, “enthusiasm for” means excitement about. The text explains that Blind Spot consists of original photographs as well as poetic prose—two elements that correspond to Cole’s passions, identified in the text, for photography and the written word. This context suggests that Cole’s excitement about photography and writing led him to create a book that successfully combines the two mediums.
Choice A is incorrect because describing Cole as feeling “indifference to” his two passions wouldn’t make sense in context. If Cole is indifferent to his passions, that would mean he doesn’t care about photography or writing—in which case they wouldn’t be his passions at all. Choice C is incorrect because there’s nothing in the text to suggest that Cole feels “concern about,” or uneasiness about, his passions. The text’s use of the word “culminates” indicates that Blind Spot represents a triumphant climax of Cole’s passions, not a work that results from his sense of discomfort with photography and writing. Choice D is incorrect because there’s nothing in the text to suggest that Cole feels “surprise at,” or astonished by, his passions. The text indicates that Cole’s feeling about his passions “culminates” in a book that “evocatively” combines photographs and writing, suggesting that Cole has a long-standing and skillful relationship to his passions, not that he is startled by them.","","none","{}","","","","","","Words in Context","","import;pdf;section:RW;source:sat-practice-test-9-digital.pdf;page:18;source_q:3"
"SAT_IMPORTED","pdf_import_v1","import_batch_001","","SAT9_RW_M2_Q04","RW","2","hard","4","Craft and Structure","Words in Context","WIC","Words in Context","Words in Context","","1","multiple_choice","Artist Marilyn Dingle’s intricate, coiled baskets are _____ sweetgrass and palmetto palm. Following a Gullah technique that originated in West Africa, Dingle skillfully winds a thin palm frond around a bunch of sweetgrass with the help of a “sewing bone” to create the basket’s signature look that no factory can reproduce.","Which choice completes the text with the most logical and precise word or phrase?","indicated by","handmade from","represented by","collected with","B","2","Choice B is the best answer because it most logically completes the text’s discussion of Marilyn Dingle’s baskets. In this context, to say that Dingle’s baskets are “handmade from” particular plants means that Dingle creates baskets herself using those plants but without using machines. The text says that Dingle “skillfully winds” parts of palmetto palm plants around sweetgrass plants to make baskets with an appearance that “no factory can reproduce.” This context suggests that Dingle’s baskets are handmade from sweetgrass and palmetto palm.
Choice A is incorrect because the text describes how Dingle uses sweetgrass and palmetto palm to create her baskets, not how her baskets are “indicated by,” or signified by, sweetgrass and palmetto palm. Choice C is incorrect. Although Dingle’s baskets are described as being made using sweetgrass and palm, there’s nothing in the text to suggest that the baskets are “represented by,” or exemplified or portrayed by, sweetgrass and palmetto palm. Instead, the focus of the text is on Dingle’s use of sweetgrass and palmetto palm and the impossibility of replicating the appearance of her baskets using machines. Choice D is
incorrect because there’s nothing in the text to suggest that Dingle’s baskets are “collected with,” or brought together in a group with, sweetgrass and palmetto palm. Instead, the text describes how Dingle uses those plants to make her baskets.","","none","{}","","","","","","Words in Context","","import;pdf;section:RW;source:sat-practice-test-9-digital.pdf;page:19;source_q:4"
"SAT_IMPORTED","pdf_import_v1","import_batch_001","","SAT9_RW_M2_Q05","RW","2","hard","5","Craft and Structure","Words in Context","WIC","Words in Context","Words in Context","","1","multiple_choice","Beginning in the 1950s, Navajo Nation legislator Annie Dodge Wauneka continuously worked to promote public health; this _____ effort involved traveling throughout the vast Navajo homeland and writing a medical dictionary for speakers of Diné bizaad, the Navajo language.","Which choice completes the text with the most logical and precise word or phrase?","impartial","offhand","persistent","mandatory","C","3","Choice C is the best answer because it most logically completes the text’s discussion of Annie Dodge Wauneka’s work as a Navajo Nation legislator. As used in this context, “persistent” means existing continuously. The text states that Wauneka “continuously worked to promote public health,” traveling extensively and authoring a medical dictionary; this indicates that Wauneka’s effort was persistent.
Choice A is incorrect because describing Wauneka’s effort related to public health as “impartial,” or not partial or biased and treating all things equally, wouldn’t make sense in context. The text suggests that Wauneka’s continuous work was partial in one way, as she focused specifically on promoting public health throughout the Navajo homeland and to speakers of the Navajo language. Choice B is incorrect because the text emphasizes that Wauneka’s effort to promote public health as a Navajo Nation legislator was continuous and extensive, involving wide travels and the authoring of a medical dictionary. Because this work clearly involved care and dedication, it wouldn’t make sense to describe it as “offhand,” or casual and informal. Choice D is incorrect because nothing in the text suggests that Wauneka’s effort to promote public health was “mandatory,” or required by law or rule, even though Wauneka was a Navajo Nation legislator. Rather than suggesting that Wauneka’s effort was required for any reason, the text emphasizes the continuous and extensive nature of her work.","","none","{}","","","","","","Words in Context","","import;pdf;section:RW;source:sat-practice-test-9-digital.pdf;page:19;source_q:5"
"SAT_IMPORTED","pdf_import_v1","import_batch_001","","SAT9_RW_M2_Q06","RW","2","hard","6","Craft and Structure","Text Structure and Purpose","TSP","Text Structure and Purpose","Text Structure and Purpose","","1","multiple_choice","The following text is from Georgia Douglas Johnson’s 1922 poem “Benediction.”

Go forth, my son, Winged by my heart’s desire! Great reaches, yet unknown, Await For your possession. I may not, if I would, Retrace the way with you, My pilgrimage is through, But life is calling you!","Which choice best states the main purpose of the text?","To express hope that a child will have the same accomplishments as his parent did","To suggest that raising a child involves many struggles","To warn a child that he will face many challenges throughout his life","To encourage a child to embrace the experiences life will offer","D","4","Choice D is the best answer because it accurately states the text’s main purpose. The poem begins with the speaker urging a child to “go forth” with her encouragement (“my heart’s desire”). The speaker goes on to suggest that new experiences (“Great reaches, yet unknown”) lie ahead for the son that “life is calling” him to seek out. Thus, the main purpose is to encourage a child to embrace the experiences available to him in his life.
Choice A is incorrect because the speaker encourages the child to pursue new experiences (“Great reaches”) without knowing exactly what those experiences will be (“yet unknown”) or suggesting that they should match the speaker’s own accomplishments. Choice B is incorrect because the speaker focuses on positive possibilities for her son (“Great reaches, yet unknown”) and her enthusiastic encouragement to embrace those possibilities (“life is calling you!”), while there is no mention of raising a child or associated struggles. Choice C is incorrect because the speaker frames the possibilities for her son in a positive light when she says that “great reaches, yet unknown” are waiting for him, and this positive outlook for the son is consistent throughout the text.","","none","{}","","","","","","Text Structure and Purpose","","import;pdf;section:RW;source:sat-practice-test-9-digital.pdf;page:20;source_q:7"
"SAT_IMPORTED","pdf_import_v1","import_batch_001","","SAT9_RW_M2_Q07","RW","2","hard","7","Information and Ideas","Central Ideas and Details","CID","Central Ideas and Details","Central Ideas and Details","","1","multiple_choice","In the 1960s, Gloria Richardson led a movement to promote racial equality. Her involvement in this effort was inspired by her daughter, Donna Richardson. In 1961, Donna joined protests organized by the Student Nonviolent Coordinating Committee in Cambridge, Maryland. Following her daughter, Gloria joined these protests too. Gloria soon became the cochair of the Cambridge Nonviolent Action Committee. She was also the leader of what became known as the Cambridge movement.","According to the text, what did Gloria Richardson lead?","The Cambridge movement","Her daughter Donna’s high school","Protests to support environmental protections","A new business in Cambridge, Maryland","A","1","Choice A is the best answer because it presents information about Gloria Richardson that is supported by the text. The text provides a number of details about Gloria’s involvement in efforts to promote racial equality, including that she was the leader of what became known as the Cambridge movement.
Choice B is incorrect because the text never indicates that Gloria Richardson led her daughter Donna’s high school. The text says only that Gloria was inspired by her daughter to become involved in efforts to promote racial equality. Choice C is incorrect because the text doesn’t mention protests related to environmental protections. Rather, the text discusses Gloria Richardson’s involvement in efforts to promote racial equality. Choice D is incorrect because the text doesn’t indicate that Gloria Richardson led a new business in Cambridge, Maryland. Rather, the text states that she led what became known as the Cambridge movement.","","none","{}","","","","","","Central Ideas and Details","","import;pdf;section:RW;source:sat-practice-test-9-digital.pdf;page:21;source_q:10"
"SAT_IMPORTED","pdf_import_v1","import_batch_001","","SAT9_RW_M2_Q08","RW","2","hard","8","Information and Ideas","Command of Evidence","COE","Command of Evidence","Command of Evidence","","1","multiple_choice","The following text is from Jane Austen’s 1811 novel Sense and Sensibility. Elinor lives with her younger sisters and her mother, Mrs. Dashwood.

Elinor, this eldest daughter, whose advice was so effectual, possessed a strength of understanding, and coolness of judgment, which qualified her, though only nineteen, to be the counsellor of her mother, and enabled her frequently to counteract, to the advantage of them all, that eagerness of mind in Mrs. Dashwood which must generally have led to imprudence. She had an excellent heart;—her disposition was affectionate, and her feelings were strong; but she knew how to govern them: it was a knowledge which her mother had yet to learn; and which one of her sisters had resolved never to be taught.","According to the text, what is true about Elinor?","Elinor often argues with her mother but fails to change her mind.","Elinor can be overly sensitive with regard to family matters.","Elinor thinks her mother is a bad role model.","Elinor is remarkably mature for her age.","D","4","Choice D is the best answer because it provides a detail about Elinor that is established in the text. The text indicates that although Elinor is “only nineteen,” she gives good advice and exhibits such a high level of understanding and judgment that she serves as “the counsellor of her mother.” Thus, Elinor is mature beyond her years.
Choice A is incorrect because it isn’t supported by the text: although the text says that Elinor advises her mother and often counteracts her mother’s impulses, there’s no mention of Elinor arguing with her mother or failing to change her
mother’s mind. Choice B is incorrect because it isn’t supported by the text: although the text mentions that Elinor has strong feelings, it doesn’t indicate that she’s excessively sensitive when it comes to family issues. Choice C is incorrect because it isn’t supported by the text: there’s no mention of what Elinor thinks about her mother and no suggestion that she thinks her mother is a bad role model. Because she’s described as having “an excellent heart,” Elinor likely doesn’t think ill of her mother.","","none","{}","","","","","","Command of Evidence","","import;pdf;section:RW;source:sat-practice-test-9-digital.pdf;page:22;source_q:11"
"SAT_IMPORTED","pdf_import_v1","import_batch_001","","SAT9_RW_M2_Q09","RW","2","hard","9","Information and Ideas","Command of Evidence","COE","Command of Evidence","Command of Evidence","","1","multiple_choice","Culinary anthropologist Vertamae Smart-Grosvenor may be known for her decades of work in national public television and radio, but her book Vibration Cooking: or, the Travel Notes of a Geechee Girl is likely her most influential project. The 1970 book, whose title refers to Smart-Grosvenor’s roots in the Low Country of South Carolina, was unusual for its time. It combined memoir, recipes, travel writing, and social commentary and challenged notions about conventions of food and cooking. Long admired by many, the book and its author have shaped contemporary approaches to writing about cuisine.","Which choice best describes the main idea of the text?","Smart-Grosvenor’s unconventional book Vibration Cooking: or, the Travel Notes of a Geechee Girl is an important contribution to food writing.","Smart-Grosvenor held many different positions over her life, including reporter and food writer.","Smart-Grosvenor’s groundbreaking book Vibration Cooking: or, the Travel Notes of a Geechee Girl didn’t receive the praise it deserved when it was first published in 1970.","Smart-Grosvenor was a talented chef whose work inspired many people to start cooking for themselves.","A","1","Choice A is the best answer because it most accurately states the main idea of the text. The text describes the book Vibration Cooking: or, the Travel Notes of a Geechee Girl as Smart-Grosvenor’s “most influential project” and as “unusual for its time.” The text also notes that the book and author have influenced contemporary approaches to writing about food and cooking. Therefore, the text mainly conveys that Vibration Cooking: or, the Travel Notes of a Geechee Girl is an unconventional and important contribution to food writing.
Choice B is incorrect. Although the text mentions that Smart-Grosvenor worked in national public television and radio and was a food writer, these details aren’t the main focus. Rather than focusing on Smart-Grosvenor’s various jobs, the text focuses specifically on one specific book she wrote. Choice C is incorrect. Although the text suggests that Vibration Cooking: or, the Travel Notes of a Geechee Girl was groundbreaking, it doesn’t suggest that the book didn’t receive praise when it was published. In fact, the text states that the book is “long admired.” Choice D is incorrect because the text states that Smart-Grosvenor was a culinary anthropologist and that her book influenced later approaches to food writing but doesn’t indicate that Smart-Grosvenor or her book influenced people to begin cooking for themselves.","","none","{}","","","","","","Command of Evidence","","import;pdf;section:RW;source:sat-practice-test-9-digital.pdf;page:22;source_q:12"
"SAT_IMPORTED","pdf_import_v1","import_batch_001","","SAT9_RW_M2_Q10","RW","2","hard","10","Information and Ideas","Command of Evidence","COE","Command of Evidence","Command of Evidence","","1","multiple_choice","The following text is adapted from Charles W. Chesnutt’s 1901 novel The Marrow of Tradition.

Mrs. Ochiltree was a woman of strong individuality, whose comments upon her acquaintance[s], present or absent, were marked by a frankness at times no less than startling. This characteristic caused her to be more or less avoided. Mrs. Ochiltree was aware of this sentiment on the part of her acquaintance[s], and rather exulted in it.","Based on the text, what is true about Mrs. Ochiltree’s acquaintances?","They try to refrain from discussing topics that would upset Mrs. Ochiltree.","They are unable to spend as much time with Mrs. Ochiltree as she would like.","They are too preoccupied with their own concerns to speak with Mrs. Ochiltree.","They are likely offended by what Mrs. Ochiltree has said about them.","D","4","Choice D is the best answer because it presents a statement about Mrs. Ochiltree’s acquaintances that is supported by the text. The text indicates that Mrs. Ochiltree makes comments about her acquaintances that are frank, or direct and blunt, and sometimes startling. It also states that because of this behavior, the acquaintances tend to avoid Mrs. Ochiltree. Together, these details suggest that the acquaintances choose not to be around Mrs. Ochiltree because they are offended by the things she has said about them.
Choice A is incorrect because the text doesn’t suggest that Mrs. Ochiltree’s acquaintances avoid discussing topics that would upset Mrs. Ochiltree; instead, it states that they avoid being around Mrs. Ochiltree at all. Choice B is incorrect because the text makes it clear that Mrs. Ochiltree knows her acquaintances often avoid her and is pleased about it (she “rather exulted in it”), not that she wants to spend more time with them. Choice C is incorrect because the text doesn’t suggest that Mrs. Ochiltree’s acquaintances don’t speak with Mrs. Ochiltree because they are too focused on their own concerns, but rather because they don’t like the frank comments she makes.","","none","{}","","","","","","Command of Evidence","","import;pdf;section:RW;source:sat-practice-test-9-digital.pdf;page:23;source_q:13"
"SAT_IMPORTED","pdf_import_v1","import_batch_001","","SAT9_RW_M2_Q11","RW","2","hard","11","Information and Ideas","Command of Evidence","COE","Command of Evidence","Command of Evidence","","1","multiple_choice","“Mrs. Spring Fragrance” is a 1912 short story by Sui Sin Far. In the story, Mrs. Spring Fragrance, a Chinese immigrant living in Seattle, is traveling in California. In letters to her husband and friend, she demonstrates her concern for what’s happening at her home in Seattle while she is away: _____","Which quotation from Mrs. Spring Fragrance’s letters most effectively illustrates the claim?","“My honorable cousin is preparing for the Fifth Moon Festival, and wishes me to compound for the occasion some American ‘fudge,’ for which delectable sweet, made by my clumsy hands, you have sometimes shown a slight prejudice.”","“Next week I accompany Ah Oi to the beauteous town of San José. There will we be met by the son of the Illustrious Teacher.”","“Forget not to care for the cat, the birds, and the flowers. Do not eat too quickly nor fan too vigorously now that the weather is warming.”","“I am enjoying a most agreeable visit, and American friends, as also our own, strive benevolently for the accomplishment of my pleasure.”","C","3","Choice C is the best answer because it presents a quotation that illustrates the claim that Mrs. Spring Fragrance demonstrates concern for what’s happening at home while she’s in California. By giving reminders to “care for the cat, the birds, and the flowers,” “not eat too quickly,” and avoid engaging in strenuous activity in the heat, Mrs. Spring Fragrance shows that she’s thinking about what’s happening at home and wants to ensure everything is taken care of.
Choice A is incorrect because the quotation, while it does suggest that Mrs. Spring Fragrance has made fudge at home before, is focused on preparations for an upcoming festival, not on concerns for anything happening at home while Mrs. Spring Fragrance is away. Choice B is incorrect because the quotation has to do with an upcoming event during Mrs. Spring Fragrance’s trip—visiting San José and meeting someone new—rather than her concern for what’s happening at home. Choice D is incorrect because the quotation is focused on how Mrs. Spring Fragrance feels about her trip and the friends she’s seeing, not on her concern for what’s happening at home.","","none","{}","","","","","","Command of Evidence","","import;pdf;section:RW;source:sat-practice-test-9-digital.pdf;page:23;source_q:14"
"SAT_IMPORTED","pdf_import_v1","import_batch_001","","SAT9_RW_M2_Q12","RW","2","hard","12","Information and Ideas","Command of Evidence","COE","Command of Evidence","Command of Evidence","","1","multiple_choice","When digging for clams, their primary food, sea otters damage the roots of eelgrass plants growing on the seafloor. Near Vancouver Island in Canada, the otter population is large and well established, yet the eelgrass meadows are healthier than those found elsewhere off Canada’s coast. To explain this, conservation scientist Erin Foster and colleagues compared the Vancouver Island meadows to meadows where otters are absent or were reintroduced only recently. Finding that the Vancouver Island meadows have a more diverse gene pool than the others do, Foster hypothesized that damage to eelgrass roots increases the plant’s rate of sexual reproduction; this, in turn, boosts genetic diversity, which benefits the meadows’ health overall.","Which finding, if true, would most directly undermine Foster’s hypothesis?","At some sites in the study, eelgrass meadows are found near otter populations that are small and have only recently been reintroduced.","At several sites not included in the study, there are large, well-established sea otter populations but no eelgrass meadows.","At several sites not included in the study, eelgrass meadows’ health correlates negatively with the length of residence and size of otter populations.","At some sites in the study, the health of plants unrelated to eelgrass correlates negatively with the length of residence and size of otter populations.","C","3","Choice C is the best answer because it presents a finding that, if true, would weaken Foster’s hypothesis that damage to eelgrass roots improves the health of eelgrass meadows by boosting genetic diversity. The text indicates that sea otters damage eelgrass roots but that eelgrass meadows near Vancouver Island, where there’s a large otter population, are comparatively healthy. When Foster and her colleagues compared the Vancouver Island eelgrass meadows to those that don’t have established otter populations, the researchers found that the Vancouver Island meadows are more genetically diverse than the other meadows are. This finding led Foster to hypothesize that damage to the eelgrass roots encourages eelgrass reproduction, thereby improving genetic diversity and the health of the meadows. If, however, other meadows not included in the study are less healthy the larger the local otter population is and the longer the otters have been in residence, that would suggest that damage to the eelgrass roots, which would be expected to increase with the size and residential duration of the otter population, isn’t leading meadows to be healthier. Such a finding would therefore weaken Foster’s hypothesis.
Choice A is incorrect because finding that small, recently introduced otter populations are near other eelgrass meadows in the study wouldn’t weaken Foster’s hypothesis. If otter populations were small and only recently established, they wouldn’t be expected to have caused much damage to eelgrass roots, so even if those eelgrass meadows were less healthy than the Vancouver Island meadows, that wouldn’t undermine Foster’s hypothesis. In fact, it would be consistent with Foster’s hypothesis since it would suggest that the greater damage caused by larger, more established otter populations is associated with healthier meadows. Choice B is incorrect because the existence of areas with otters but without eelgrass meadows wouldn’t reveal anything about whether the damage that otters cause to eelgrass roots ultimately benefits eelgrass meadows. Choice D is incorrect because the health of plants other than eelgrass would have no bearing on Foster’s hypothesis that damage to eelgrass roots
leads to greater genetic diversity and meadow health. It would be possible for otters to have a negative effect on other plants while nevertheless improving the health of eelgrass meadows by damaging eelgrass roots.","","none","{}","","","","","","Command of Evidence","","import;pdf;section:RW;source:sat-practice-test-9-digital.pdf;page:24;source_q:15"
"SAT_IMPORTED","pdf_import_v1","import_batch_001","","SAT9_RW_M2_Q13","RW","2","hard","13","Information and Ideas","Command of Evidence","COE","Command of Evidence","Command of Evidence","","1","multiple_choice","In the twentieth century, ethnographers made a concerted effort to collect Mexican American folklore, but they did not always agree about that folklore’s origins. Scholars such as Aurelio Espinosa claimed that Mexican American folklore derived largely from the folklore of Spain, which ruled Mexico and what is now the southwestern United States from the sixteenth to early nineteenth centuries. Scholars such as Américo Paredes, by contrast, argued that while some Spanish influence is undeniable, Mexican American folklore is mainly the product of the ongoing interactions of various cultures in Mexico and the United States.","Which finding, if true, would most directly support Paredes’s argument?","The folklore that the ethnographers collected included several songs written in the form of a décima, a type of poem originating in late sixteenth-century Spain.","Much of the folklore that the ethnographers collected had similar elements from region to region.","Most of the folklore that the ethnographers collected was previously unknown to scholars.","Most of the folklore that the ethnographers collected consisted of corridos—ballads about history and social life—of a clearly recent origin.","D","4","Choice D is the best answer because it presents a finding that, if true, would support Paredes’s argument about the origin of Mexican American folklore. The text describes a disagreement among scholars about whether Mexican American folklore mostly derived from the folklore of Spain (the view held by Espinosa and others) or originated in Mexico and the United States through ongoing cultural interactions there (the view held by Paredes and others). If Mexican American folklore collected in the twentieth century mostly consists of ballads about history and social life that originated recently, then that would support Paredes’s argument by suggesting that the folklore mostly arose after Spanish rule ended in the early nineteenth century and that the folklore reflects cultural interactions in Mexico and the United States rather than traditions from Spain.
Choice A is incorrect because the inclusion of songs influenced by sixteenth- century Spanish poetry among Mexican American folklore collected in the twentieth century would not support Paredes’s view that the folklore was the result of cultural interactions in Mexico and the United States rather than an offshoot of Spanish folklore. If anything, the presence of such songs among the folklore collected in the twentieth century would weaken Paredes’s argument, since it would reflect the influence of Spanish culture on the folklore. Choice B is incorrect because the mere presence of similarities in Mexican American folklore across regions would not be sufficient to draw a conclusion about where the folklore originated, let alone to support Paredes’s argument that the folklore reflects various cultural interactions in Mexico and the United States. In fact, Paredes would likely expect there to be regional variations in folklore as different cultures have interacted in different places. Choice C is incorrect because scholars’ previous ignorance of the folklore would have no bearing on Paredes’s argument that Mexican American folklore mostly reflects cultural interactions in Mexico and the United States; the folklore’s actual origins exist regardless of the scholars’ awareness.","","none","{}","","","","","","Command of Evidence","","import;pdf;section:RW;source:sat-practice-test-9-digital.pdf;page:24;source_q:16"
"SAT_IMPORTED","pdf_import_v1","import_batch_001","","SAT9_RW_M2_Q14","RW","2","hard","14","Information and Ideas","Inferences","INF","Inferences","Inferences","","1","multiple_choice","Among social animals that care for their young, such as chickens, macaque monkeys, and humans, newborns appear to show an innate attraction to faces and face-like stimuli. Elisabetta Versace and her colleagues used an image of three black dots arranged in the shape of eyes and a nose or mouth to test whether this trait also occurs in Testudo tortoises, which live alone and do not engage in parental care. They found that tortoise hatchlings showed a significant preference for the image, suggesting that _____","Which choice most logically completes the text?","face-like stimuli are likely perceived as harmless by newborns of social species that practice parental care but as threatening by newborns of solitary species without parental care.","researchers should not assume that an innate attraction to face-like stimuli is necessarily an adaptation related to social interaction or parental care.","researchers can assume that the attraction to face-like stimuli that is seen in social species that practice parental care is learned rather than innate.","newly hatched Testudo tortoises show a stronger preference for face-like stimuli than adult Testudo tortoises do.","B","2","Choice B is the best answer because it presents the conclusion that most logically follows from the text’s discussion of the study by Versace and colleagues. The text indicates that newborn animals of some species are attracted to faces and to stimuli that resemble faces. These species, the text says, share two characteristics: they’re social and they practice parental care, meaning that parents care for their young. The text goes on to describe Versace and colleagues’ experiment, which showed that Testudo tortoises, which aren’t social and don’t practice parental care, were attracted to a stimulus that resembles a face. Since Versace and colleagues have shown that a species that isn’t social and doesn’t practice parental care nevertheless has the innate characteristic of being attracted to face-like stimuli, it follows that this characteristic shouldn’t be assumed to be an adaptation related to social interaction or parental care.
Choice A is incorrect because the text indicates that the tortoise hatchlings, which are solitary and don’t practice parental care, were attracted to the face-like stimuli, not that they perceived the stimuli as threatening. Choice C is incorrect because the phenomenon discussed in the text is an attraction to faces and face-like stimuli on the part of newborn animals, which can’t show any learned characteristics since they were just born. Additionally, the text tells us that the tortoises Versace and colleagues studied aren’t social and don’t practice parental care, so any findings about those tortoises wouldn’t be relevant to the question of whether an attraction to faces in social species that practice parental care is innate or learned. Choice D is incorrect because the text gives no indication that adult tortoises were tested on face-like stimuli and, if adults were in fact tested, no information about how they responded is provided. Since no information about adult tortoises’ responses is provided, no conclusion comparing those responses to the responses of newly hatched tortoises can be supported.","","none","{}","","","","","","Inferences","","import;pdf;section:RW;source:sat-practice-test-9-digital.pdf;page:25;source_q:17"
"SAT_IMPORTED","pdf_import_v1","import_batch_001","","SAT9_RW_M2_Q15","RW","2","hard","15","Information and Ideas","Inferences","INF","Inferences","Inferences","","1","multiple_choice","Aptamers—synthetic DNA or RNA molecules that bind to target molecules—can be used to test for foodborne bacterial pathogens, though their specificity (the probability of returning a negative result in the absence of the focal pathogen) in real-world foods has been unclear. Sandeep Somvanshi et al. fabricated test paper incorporating aptamers targeting strain O157:H7 of the bacteria Escherichia coli; the paper shifts from pink to purple as the aptamers bind to target molecules. Somvanshi et al. tested the paper in store-bought pear juice they treated with E. coli O157:H7, other strains of E. coli, or other bacteria species. Following exposure, the paper from the O157:H7 test was purple while papers from the other tests were pink, suggesting that _____","Which choice most logically completes the text?","aptamer-based tests in real-world foods are more likely to show a high degree of specificity if the focal pathogen is E. coli O157:H7 than if the focal pathogen is another strain of E. coli or another species.","uncertainty about the specificity of aptamer-based tests for pathogens in real-world foods may be due to the similarity between E. coli O157:H7 and other E. coli strains.","the specificity of the tests in a real-world food was unaffected by the aptamers’ tendency to bind to different strains of E. coli.","the aptamers successfully bound to E. coli O157:H7 and the tests displayed a high degree of specificity in a real-world food.","D","4","Choice D is the best answer because it most logically completes the text’s discussion of aptamers’ capacity to test for pathogens in food. The text explains that although synthetic aptamer molecules can be used to test for foodborne bacterial pathogens because they bind to target molecules, it hasn’t been clear how likely it is that they will indicate a negative result when a target pathogen is absent in real-world foods. The text then indicates that Somvanshi et al. created test paper that changes from pink to purple when aptamers in it bind to a particular strain of E. coli bacteria, O157:H7, and tested it with store-bought pear juice (that is, a real-world food); the paper changed to purple when exposed to juice to which the target pathogen E. coli O157:H7 had been added, but it remained pink when exposed to juice treated with other E. coli strains or other bacteria species. Based on this result, it seems the aptamers in the paper successfully bound to the target (O157:H7) and the tests had a high degree of specificity (providing negative results for samples where the target was absent even though other bacteria were present) when applied to a real-world food.
Choice A is incorrect because nothing in the text suggests that E. coli O157:H7 differs from other pathogens in a way that makes it more suitable for aptamer- based testing of any kind and that specificity is likely to be lower when aptamer- based tests target other bacteria; the text simply indicates that Somvanshi et al. used O157:H7 as the target for aptamer-based test paper in their study and suggests that the paper had a high degree of specificity. Choice B is incorrect because the text indicates that the specificity of aptamer-based tests in real- world foods is uncertain for pathogens broadly, not just for E. coli, and similarity between strains (of E. coli or of other pathogens) isn’t mentioned. Moreover, the results presented in the text suggest that aptamers are actually capable of distinguishing between strains of E. coli, since Somvanshi et al.’s paper turned purple when exposed to E. coli O157:H7 and remained pink when exposed to other strains. Choice C is incorrect because the text suggests that the aptamers in the test papers didn’t bind to different strains of E. coli. The text explains that the test papers turn purple when the aptamers bind to the targeted pathogen and that in the pear juice tests, the test papers turned purple when exposed to
samples with the targeted strain of E. coli (O157:H7) but remained pink when exposed to samples with other strains of E. coli. In other words, the aptamers bound only to the targeted strain, not to the other strains. Further, specificity would be affected if the aptamers had bound to multiple strains and not just the targeted one; that result would cause the specificity to be low.","","none","{}","","","","","","Inferences","","import;pdf;section:RW;source:sat-practice-test-9-digital.pdf;page:25;source_q:18"
"SAT_IMPORTED","pdf_import_v1","import_batch_001","","SAT9_RW_M2_Q16","RW","2","hard","16","Standard English Conventions","Form, Structure, and Sense","FSS","Form, Structure, and Sense","Form, Structure, and Sense","","1","multiple_choice","British scientists James Watson and Francis Crick won the Nobel Prize in part for their 1953 paper announcing the double helix structure of DNA, but it is misleading to say that Watson and Crick discovered the double helix. _____ findings were based on a famous X-ray image of DNA fibers, “Photo 51,” developed by X-ray crystallographer Rosalind Franklin and her graduate student Raymond Gosling.","Which choice completes the text so that it conforms to the conventions of Standard English?","They’re","It’s","Their","Its","C","3","Choice C is the best answer. The convention being tested is the use of possessive determiners. The plural possessive determiner “their” agrees in number with the plural conjoined noun phrase “Watson and Crick” and thus indicates that the findings were those of Watson and Crick.
Choice A is incorrect because “they’re” is the contraction for “they are,” not a possessive determiner. Choice B is incorrect because “it’s” is the contraction for “it is” or “it has,” not a possessive determiner. Choice D is incorrect because the singular possessive determiner “its” doesn’t agree in number with the plural conjoined noun phrase “Watson and Crick.”","","none","{}","","","","","","Form, Structure, and Sense","","import;pdf;section:RW;source:sat-practice-test-9-digital.pdf;page:26;source_q:19"
"SAT_IMPORTED","pdf_import_v1","import_batch_001","","SAT9_RW_M2_Q17","RW","2","hard","17","Standard English Conventions","Form, Structure, and Sense","FSS","Form, Structure, and Sense","Form, Structure, and Sense","","1","multiple_choice","In the historical novel The Surrender Tree, Cuban American author Margarita Engle uses poetry rather than prose _____ the true story of Cuban folk hero Rosa La Bayamesa.","Which choice completes the text so that it conforms to the conventions of Standard English?","tells","told","is telling","to tell","D","4","Choice D is the best answer. The convention being tested is the use of finite and nonfinite verb forms within a sentence. The nonfinite to-infinitive “to tell” is correctly used to form a nonfinite (infinitive) clause that explains the reason Engle uses poetry in her novel.
Choice A is incorrect because the finite present tense verb “tells” can’t be used in this way to explain the reason that Engle uses poetry in her novel. Choice B is incorrect because the finite past tense verb “told” can’t be used in this way to explain the reason that Engle uses poetry in her novel. Choice C is incorrect because the finite present progressive tense verb “is telling” can’t be used in this way to explain the reason that Engle uses poetry in her novel.","","none","{}","","","","","","Form, Structure, and Sense","","import;pdf;section:RW;source:sat-practice-test-9-digital.pdf;page:26;source_q:20"
"SAT_IMPORTED","pdf_import_v1","import_batch_001","","SAT9_RW_M2_Q18","RW","2","hard","18","Standard English Conventions","Form, Structure, and Sense","FSS","Form, Structure, and Sense","Form, Structure, and Sense","","1","multiple_choice","Interest in mechanotransduction, the mechanism by which cells sense and convert mechanical stimuli into biochemical signals, is expanding because of innovative work by biomedical scientists—many of whom, like neuroscience and biophysics expert Elba Serrano, _____ this mechanism to better understand how the body’s neurological and biomechanical systems interact.","Which choice completes the text so that it conforms to the conventions of Standard English?","is studying","has studied","study","studies","C","3","Choice C is the best answer. The convention being tested is the use of verb forms within a sentence. The plural verb “study” agrees in number with the plural subject “many.”
Choice A is incorrect because the singular verb “is studying” doesn’t agree in number with the plural subject “many.” Choice B is incorrect because the singular verb “has studied” doesn’t agree in number with the plural subject “many.” Choice D is incorrect because the singular verb “studies” doesn’t agree in number with the plural subject “many.”","","none","{}","","","","","","Form, Structure, and Sense","","import;pdf;section:RW;source:sat-practice-test-9-digital.pdf;page:26;source_q:21"
"SAT_IMPORTED","pdf_import_v1","import_batch_001","","SAT9_RW_M2_Q19","RW","2","hard","19","Standard English Conventions","Boundaries","BND","Boundaries","Boundaries","","1","multiple_choice","In crafting her fantasy fiction, Nigerian-born British author Helen Oyeyemi has drawn inspiration from the classic nineteenth-century fairy tales of the Brothers Grimm. Her 2014 novel Boy, Snow, Bird, for instance, is a complex retelling of the story of Snow White, while her 2019 novel _____ offers a delicious twist on the classic tale of Hansel and Gretel.","Which choice completes the text so that it conforms to the conventions of Standard English?","Gingerbread—","Gingerbread,","Gingerbread","Gingerbread:","C","3","Choice C is the best answer. The convention being tested is punctuation between a subject and a verb. When, as in this case, a subject (“her 2019 novel Gingerbread”) is immediately followed by a verb (“offers”), no punctuation is needed.
Choice A is incorrect because no punctuation is needed between the subject and the verb. Choice B is incorrect because no punctuation is needed between the subject and the verb. Choice D is incorrect because no punctuation is needed between the subject and the verb.","","none","{}","","","","","","Boundaries","","import;pdf;section:RW;source:sat-practice-test-9-digital.pdf;page:26;source_q:22"
"SAT_IMPORTED","pdf_import_v1","import_batch_001","","SAT9_RW_M2_Q20","RW","2","hard","20","Standard English Conventions","Boundaries","BND","Boundaries","Boundaries","","1","multiple_choice","When external forces are applied to common glass made from silicates, energy builds up around minuscule defects in the material, resulting in fractures. Recently, engineer Erkka Frankberg of Tampere University in Finland used the chemical _____ to make a glassy solid that can withstand higher strain than silicate glass can before fracturing.","Which choice completes the text so that it conforms to the conventions of Standard English?","compound, aluminum oxide","compound aluminum oxide,","compound, aluminum oxide,","compound aluminum oxide","D","4","Choice D is the best answer. The convention being tested is the use of punctuation around noun phrases. No punctuation is needed because the noun phrase “aluminum oxide” is a restrictive appositive, meaning that it provides essential identifying information about the noun phrase before it, “the chemical compound,” and thus doesn’t require punctuation around it.
Choice A is incorrect because no punctuation is needed. Choice B is incorrect because no punctuation is needed. Choice C is incorrect because the noun phrase “aluminum oxide” is a restrictive appositive. Setting the phrase off with punctuation suggests that it could be removed without affecting the coherence of the sentence, which isn’t the case.","","none","{}","","","","","","Boundaries","","import;pdf;section:RW;source:sat-practice-test-9-digital.pdf;page:27;source_q:24"
"SAT_IMPORTED","pdf_import_v1","import_batch_001","","SAT9_RW_M2_Q21","RW","2","hard","21","Standard English Conventions","Form, Structure, and Sense","FSS","Form, Structure, and Sense","Form, Structure, and Sense","","1","multiple_choice","In the late nineteenth and early twentieth centuries, automobiles were commonly referred to as horseless carriages after the older technology they still resembled. Known as the Brass Era, this period in automotive design is remembered for its grandeur and artistry, its vehicles _____ by collectors for their ornate detailing and gleaming brass fittings.","Which choice completes the text so that it conforms to the conventions of Standard English?","are highly prized","had been highly prized","highly prized","were highly prized","C","3","Choice C is the best answer. The convention being tested is the use of verb forms in a sentence. The nonfinite past participle phrase “highly prized” is correctly used to form a supplementary element that modifies the main clause “this…artistry,” describing memorable features of Brass Era automotive design.
Choice A is incorrect because it results in a comma splice. Using the finite present tense verb phrase “are highly prized” creates a second main clause in the sentence, and two main clauses can’t be joined in this way with only a comma after “artistry.” Choice B is incorrect because it results in a comma splice. Using the finite past perfect tense verb phrase “had been highly prized” creates a second main clause in the sentence, and two main clauses can’t be joined in this way with only a comma after “artistry.” Choice D is incorrect because it results in a
comma splice. Using the finite past tense verb phrase “were highly prized” creates a second main clause in the sentence, and two main clauses can’t be joined in this way with only a comma after “artistry.”","","none","{}","","","","","","Form, Structure, and Sense","","import;pdf;section:RW;source:sat-practice-test-9-digital.pdf;page:27;source_q:25"
"SAT_IMPORTED","pdf_import_v1","import_batch_001","","SAT9_RW_M2_Q22","RW","2","hard","22","Standard English Conventions","Form, Structure, and Sense","FSS","Form, Structure, and Sense","Form, Structure, and Sense","","1","multiple_choice","With the development of new technologies that use natural resources more efficiently, the overall consumption of those resources might be expected to decrease. Economists have observed that improvements in efficiency often correlate negatively with resource _____ efficiency gains, lowering the cost of use, may increase demand to the extent that resource consumption ultimately rises.","Which choice completes the text so that it conforms to the conventions of Standard English?","conservation, though,","conservation; though","conservation, though;","conservation, though","C","3","Choice C is the best answer. The convention being tested is the use of punctuation within a sentence. This choice correctly uses a comma to separate the supplementary adverb “though” from the preceding main clause (“Economists…conservation”) and uses a semicolon to join the next main clause (“efficiency gains…rises”) to the rest of the sentence. Further, placing the semicolon after “though” indicates that the information in the preceding main clause (“improvements in efficiency often correlate negatively with resource conservation”) is contrary to what might be assumed from the information in the previous sentence (resource consumption would be expected to decrease with the development of new, more efficient technologies).
Choice A is incorrect because it results in a comma splice. Commas can’t be used in this way to punctuate a supplementary word or phrase between two main clauses. Choice B is incorrect because it fails to mark the boundary between the two main clauses (“Economists...though” and “efficiency gains…rises”) with appropriate punctuation. Moreover, placing the semicolon after “conservation” illogically indicates that the information in the next clause (gains in efficiency may lead to an increase in resource consumption) is contrary to the information in the previous clause (“improvements in efficiency often correlate negatively with resource conservation”). Choice D is incorrect because placing a comma after “conservation” illogically indicates that the information in the next clause (gains in efficiency may lead to an increase in resource consumption) is contrary to the information in the previous clause (“improvements in efficiency often correlate negatively with resource conservation”).","","none","{}","","","","","","Form, Structure, and Sense","","import;pdf;section:RW;source:sat-practice-test-9-digital.pdf;page:27;source_q:26"
"SAT_IMPORTED","pdf_import_v1","import_batch_001","","SAT9_RW_M2_Q23","RW","2","hard","23","Expression of Ideas","Transitions","TRN","Transitions","Transitions","","1","multiple_choice","Before California’s 1911 election to approve a proposition granting women the right to vote, activists across the state sold tea to promote the cause of suffrage. In San Francisco, the Woman’s Suffrage Party sold Equality Tea at local fairs. _____ in Los Angeles, activist Nancy Tuttle Craig, who ran one of California’s largest grocery store firms, distributed Votes for Women Tea.","Which choice completes the text with the most logical transition?","For example,","To conclude,","Similarly,","In other words,","C","3","Choice C is the best answer. “Similarly” logically signals that the activity described in this sentence (Nancy Tuttle Craig distributing Votes for Women Tea in her Los Angeles grocery stores) is like the activity described in the previous sentence (the Woman’s Suffrage Party selling Equality Tea at fairs in San Francisco). Together, the two examples support the preceding claim that “activists across the state sold tea to promote the cause of suffrage.”
Choice A is incorrect because “for example” illogically signals that the activity described in this sentence exemplifies the activity described in the previous sentence. Instead, the two activities are similar, and both support the preceding claim about selling tea to promote women’s right to vote. Choice B is incorrect because “to conclude” illogically signals that the activity described in this sentence concludes or summarizes the information in the previous sentences. Instead, the activity is similar to the one described in the previous sentence, and both support the preceding claim about selling tea to promote women’s right to vote. Choice D is incorrect because “in other words” illogically signals that the activity described in this sentence paraphrases the activity described in the previous sentence. Instead, the two activities are similar, and both support the preceding claim about selling tea to promote women’s right to vote.","","none","{}","","","","","","Transitions","","import;pdf;section:RW;source:sat-practice-test-9-digital.pdf;page:28;source_q:27"
"SAT_IMPORTED","pdf_import_v1","import_batch_001","","SAT9_RW_M2_Q24","RW","2","hard","24","Expression of Ideas","Transitions","TRN","Transitions","Transitions","","1","multiple_choice","Earth’s auroras—colorful displays of light seen above the northern and southern poles—result, broadly speaking, from the Sun’s activity. _____ the Sun releases charged particles that are captured by Earth’s magnetic field and channeled toward the poles. These particles then collide with atoms in the atmosphere, causing the atoms to emit auroral light.","Which choice completes the text with the most logical transition?","Specifically,","Similarly,","Nevertheless,","Hence,","A","1","Choice A is the best answer. “Specifically” logically signals that the information in this sentence—that the Sun releases charged particles that later collide with atoms, resulting in auroral light—provides specific, precise details about how auroras result from the Sun’s activity.
Choice B is incorrect because “similarly” illogically signals that the information in this sentence is similar to the general information about auroras in the previous sentence. Instead, this sentence provides specific, precise details about how auroras form. Choice C is incorrect because “nevertheless” illogically signals that the information in this sentence is despite the general information about auroras in the previous sentence. Instead, this sentence provides specific, precise details about how auroras form. Choice D is incorrect because “hence” illogically signals that the information in this sentence is a result of the general information about auroras in the previous sentence. Instead, this sentence provides specific, precise details about how auroras form.","","none","{}","","","","","","Transitions","","import;pdf;section:RW;source:sat-practice-test-9-digital.pdf;page:28;source_q:28"
"SAT_IMPORTED","pdf_import_v1","import_batch_001","","SAT9_RW_M2_Q25","RW","2","hard","25","Expression of Ideas","Rhetorical Synthesis","RHS","Rhetorical Synthesis","Rhetorical Synthesis","","1","multiple_choice","While researching a topic, a student has taken the following notes:

- Pinnipeds, which include seals, sea lions, and walruses, live in and around water.

- Pinnipeds are descended not from sea animals but from four-legged, land-dwelling carnivores.

- Canadian paleobiologist Natalia Rybczynski recently found a fossil with four legs, webbed toes, and the skull and teeth of a seal.

- Rybczynski refers to her rare find as a “transitional fossil.”

- The fossil illustrates an early stage in the evolution of pinnipeds from their land-dwelling ancestors.","The student wants to emphasize the fossil’s significance. Which choice most effectively uses relevant information from the notes to accomplish this goal?","Canadian paleobiologist Natalia Rybczynski’s fossil has the skull and teeth of a seal, which, like sea lions and walruses, is a pinniped.","Pinnipeds are descended from four-legged, land-dwelling carnivores; a fossil that resembles both was recently found.","Having four legs but the skull and teeth of a seal, the rare fossil illustrates an early stage in the evolution of pinnipeds from their land-dwelling ancestors.","A “transitional fossil” was recently found by paleobiologist Natalia Rybczynski.","C","3","Choice C is the best answer. The sentence effectively emphasizes the fossil’s significance, explaining that the fossil is rare and illustrates an early stage in the evolution of pinnipeds from their land-dwelling ancestors.
Choice A is incorrect. The sentence describes the fossil Rybczynski found; it doesn’t emphasize the fossil’s significance. Choice B is incorrect. The sentence mentions that a fossil resembling both pinnipeds and their ancestors was found; it doesn’t emphasize the fossil’s significance. Choice D is incorrect. The sentence notes a term used to describe the fossil Rybczynski found; it doesn’t emphasize the fossil’s significance.","","none","{}","","","","","","Rhetorical Synthesis","","import;pdf;section:RW;source:sat-practice-test-9-digital.pdf;page:29;source_q:30;fixed:paragraph_structure"
"SAT_IMPORTED","pdf_import_v1","import_batch_001","","SAT9_RW_M2_Q26","RW","2","hard","26","Expression of Ideas","Rhetorical Synthesis","RHS","Rhetorical Synthesis","Rhetorical Synthesis","","1","multiple_choice","While researching a topic, a student has taken the following notes:

- In 2020, theater students at Radford and Virginia Tech chose an interactive, online format to present a play about woman suffrage activists.

- Their “Women and the Vote” website featured an interactive digital drawing of a Victorian-style house.

- Audiences were asked to focus on a room of their choice and select from that room an artifact related to the suffrage movement.

- One click took them to video clips, songs, artwork, and texts associated with the artifact.

- The play was popular with audiences because the format allowed them to control the experience.","The student wants to explain an advantage of the “Women and the Vote” format. Which choice most effectively uses relevant information from the notes to accomplish this goal?","“Women and the Vote” featured a drawing of a Victorian-style house with several rooms, each containing suffrage artifacts.","To access video clips, songs, artwork, and texts, audiences had to first click on an artifact.","The “Women and the Vote” format appealed to audiences because it allowed them to control the experience.","Using an interactive format, theater students at Radford and Virginia Tech created “Women and the Vote,” a play about woman suffrage activists.","C","3","Choice C is the best answer. The sentence explains an advantage of the “Women and the Vote” format, noting that the format appealed to audiences because it allowed them to control the experience.
Choice A is incorrect. The sentence describes a digital drawing on the “Women and the Vote” website; it doesn’t explain an advantage of the play’s format. Choice B is incorrect. The sentence explains how audiences interacted with the “Women and the Vote” website; it doesn’t explain an advantage of the play’s format. Choice D is incorrect. While the sentence mentions that “Women and the Vote” had an interactive format, it doesn’t explain what advantage this format might have.","","none","{}","","","","","","Rhetorical Synthesis","","import;pdf;section:RW;source:sat-practice-test-9-digital.pdf;page:30;source_q:32;fixed:paragraph_structure"
"SAT_IMPORTED","pdf_import_v1","import_batch_001","","SAT9_RW_M2_Q27","RW","2","hard","27","Expression of Ideas","Rhetorical Synthesis","RHS","Rhetorical Synthesis","Rhetorical Synthesis","","1","multiple_choice","While researching a topic, a student has taken the following notes:

- Ducklings expend up to 62.8% less energy when swimming in a line behind their mother than when swimming alone.

- The physics behind this energy savings hasn’t always been well understood.

- Naval architect Zhiming Yuan used computer simulations to study the effect of the mother duck’s wake.

- The study revealed that ducklings are pushed in a forward direction by the wake’s waves.

- Yuan determined this push reduces the effect of wave drag on the ducklings by 158%.","The student wants to present the study and its methodology. Which choice most effectively uses relevant information from the notes to accomplish this goal?","A study revealed that ducklings, which expend up to 62.8% less energy when swimming in a line behind their mother, also experience 158% less drag.","Seeking to understand how ducklings swimming in a line behind their mother save energy, Zhiming Yuan used computer simulations to study the effect of the mother duck’s wake.","Zhiming Yuan studied the physics behind the fact that by being pushed in a forward direction by waves, ducklings save energy.","Naval architect Zhiming Yuan discovered that ducklings are pushed in a forward direction by the waves of their mother’s wake, reducing the effect of drag by 158%.","B","2","Choice B is the best answer. The sentence presents both the study and its methodology (that is, the researcher’s approach to the problem), explaining that Yuan used computer simulations to study the effect of the mother duck’s wake on the ducklings’ energy expenditure.
Choice A is incorrect. The sentence describes the findings of Yuan’s study; it doesn’t present the study and its methodology. Choice C is incorrect. While the sentence provides general information about Yuan’s study, it doesn’t present the study’s methodology. Choice D is incorrect. The sentence describes the findings of Yuan’s study; it doesn’t present the study and its methodology.","","none","{}","","","","","","Rhetorical Synthesis","","import;pdf;section:RW;source:sat-practice-test-9-digital.pdf;page:30;source_q:33;fixed:paragraph_structure"
"SAT_IMPORTED","pdf_import_v1","import_batch_001","","SAT9_MATH_M1_Q01","MATH","1","base","1","Geometry and Trigonometry","Perimeter of triangles","GEO-PERIM","Perimeter of triangles","Perimeter of triangles","","1","multiple_choice","","The lengths of two sides of a triangle are 4 centimeters and 6 centimeters. If the perimeter of the triangle is 18 centimeters, what is the length, in centimeters, of the third side of this triangle?","2","8","10","24","B","2","Choice B is correct. The perimeter of a triangle is the sum of the lengths of all three of its sides. It’s given that the lengths of two sides of a triangle are
4 centimeters and 6 centimeters. Let x represent the length, in centimeters, of the third side of this triangle. The sum of the lengths, in centimeters, of all three sides of the triangle can be represented by the expression x 4 6 + + . Since it’s given that the perimeter of the triangle is 18 centimeters, it follows that
x 4 6 18 + + = , or x 10 18 + = . Subtracting 10 from both sides of this equation yields x 8 = . Therefore, the length, in centimeters, of the third side of this triangle is 8.
Choice A is incorrect. If the length of the third side of this triangle were
2 centimeters, the perimeter, in centimeters, of the triangle would be 4 6 2 + + , or 12, not 18. Choice C is incorrect. If the length of the third side of this triangle were 10 centimeters, the perimeter, in centimeters, of the triangle would be 4 6 10 + + , or 20, not 18. Choice D is incorrect. If the length of the third side of this triangle were 24 centimeters, the perimeter, in centimeters, of the triangle would be
4 6 24 + + , or 34, not 18.","","none","{}","","","","","","Perimeter of triangles","","import;pdf;section:MATH;source:sat-practice-test-9-digital.pdf;page:34;source_q:1"
"SAT_IMPORTED","pdf_import_v1","import_batch_001","","SAT9_MATH_M1_Q02","MATH","1","base","2","Algebra","Linear equations and inequalities in context","ALG-CONTEXT","Linear equations and inequalities in context","Linear equations and inequalities in context","","1","multiple_choice","","Ty set a goal to walk at least 24 kilometers every day to prepare for a multiday hike. On a certain day, Ty plans to walk at an average speed of 4 kilometers per hour. What is the minimum number of hours Ty must walk on that day to fulfill the daily goal?","4","6","20","24","B","2","Choice B is correct. It’s given that Ty plans to walk at an average speed of
4 kilometers per hour. The number of kilometers Ty will walk is determined by the expression s 4 , where s is the number of hours Ty walks. The given goal of at least 24 kilometers means that the inequality s 4 24 $ represents the situation. Dividing both sides of this inequality by 4 gives s 6 $ , which corresponds to a minimum of 6 hours Ty must walk.
Choice A is incorrect and may result from conceptual or calculation errors. Choice C is incorrect and may result from conceptual or calculation errors. Choice D is incorrect and may result from conceptual or calculation errors.","","none","{}","","","","","","Linear equations and inequalities in context","","import;pdf;section:MATH;source:sat-practice-test-9-digital.pdf;page:34;source_q:3"
"SAT_IMPORTED","pdf_import_v1","import_batch_001","","SAT9_MATH_M1_Q03","MATH","1","base","3","Advanced Math","Quadratic functions","ADV-QUAD","Quadratic functions","Quadratic functions","","1","multiple_choice","","The function g is defined by g(x) = x^2 + 9. For which value of x is g(x) = 25?","4","5","9","13","A","1","Choice A is correct. It’s given that g x x 9 2 = + ^ h . Substituting 25 for g x ^ h in this equation yields x 25 9 2 = + . Subtracting 9 from both sides of this equation yields x 16 2 = . Taking the square root of each side of this equation yields x 4 ! = . It follows that g x 25 = ^ h when the value of x is 4 or 4 - . Only 4 is listed among the choices.
Choice B is incorrect and may result from conceptual or calculation errors. Choice C is incorrect and may result from conceptual or calculation errors. Choice D is incorrect and may result from conceptual or calculation errors.","","none","{}","","","","","","Quadratic functions","","import;pdf;section:MATH;source:sat-practice-test-9-digital.pdf;page:34;source_q:4"
"SAT_IMPORTED","pdf_import_v1","import_batch_001","","SAT9_MATH_M1_Q04","MATH","1","base","4","Advanced Math","Equivalent expressions","ADV-EXPR","Equivalent expressions","Equivalent expressions","","1","multiple_choice","","Which expression is equivalent to 9x^2 + 5x?","x(9x + 5)","5x(9x + 1)","9x(x + 5)","x^2(9x + 5)","A","1","Choice A is correct. Since x is a factor of each term in the given expression, the expression is equivalent to x x x 9 5 + ^ ^ h h, or x x 9 5 + ^ h.
Choice B is incorrect. This expression is equivalent to x x 45 5 2+ , not x x 9 5 2+ . Choice C is incorrect. This expression is equivalent to x x 9 45 2+ , not x x 9 5 2+ . Choice D is incorrect. This expression is equivalent to x x 9 5 3 2 + , not x x 9 5 2+ .","","none","{}","","","","","","Equivalent expressions","","import;pdf;section:MATH;source:sat-practice-test-9-digital.pdf;page:34;source_q:5"
"SAT_IMPORTED","pdf_import_v1","import_batch_001","","SAT9_MATH_M1_Q05","MATH","1","base","5","Problem-Solving and Data Analysis","Mean","PSDA-MEAN","Mean","Mean","","1","student_response","","Each value in the data set shown represents the height, in centimeters, of a plant.

6, 10, 13, 2, 15, 22, 10, 4, 4, 4

What is the mean height, in centimeters, of these plants?","","","","","","","The correct answer is 9. The mean of a data set is the sum of the values in the data set divided by the number of values in the data set. It follows that the mean height, in centimeters, of these plants is the sum of the heights, in centimeters, of each plant, 6 10 13 2 15 22 10 4 4 4 + + + + + + + + + , or 90, divided by the number of plants in the data set, 10. Therefore, the mean height, in centimeters, of these plants is 10 90, or 9.","","none","{}","","","numeric","9","0","Mean","","import;pdf;section:MATH;source:sat-practice-test-9-digital.pdf;page:34;source_q:6"
"SAT_IMPORTED","pdf_import_v1","import_batch_001","","SAT9_MATH_M1_Q06","MATH","1","base","6","Algebra","Two-variable linear equations","ALG-2VAR","Two-variable linear equations","Two-variable linear equations","","1","multiple_choice","","Jay walks at a speed of 3 miles per hour and runs at a speed of 5 miles per hour. He walks for w hours and runs for r hours for a combined total of 14 miles. Which equation represents this situation?","3w + 5r = 14","(1/3)w + (1/5)r = 14","(1/3)w + (1/5)r = 112","3w + 5r = 112","A","1","Choice A is correct. Since Jay walks at a speed of 3 miles per hour for w hours, Jay walks a total of w 3 miles. Since Jay runs at a speed of 5 miles per hour for r hours, Jay runs a total of r 5 miles. Therefore, the total number of miles Jay travels can be represented by w r 3 5 + . Since the combined total number of miles is 14, the equation w r 3 5 14 + = represents this situation.
Choice B is incorrect and may result from conceptual errors. Choice C is incorrect and may result from conceptual errors. Choice D is incorrect and may result from conceptual errors.","","none","{}","","","","","","Two-variable linear equations","","import;pdf;section:MATH;source:sat-practice-test-9-digital.pdf;page:35;source_q:8"
"SAT_IMPORTED","pdf_import_v1","import_batch_001","","SAT9_MATH_M1_Q07","MATH","1","base","7","Algebra","Rearranging formulas","ALG-FORM","Rearranging formulas","Rearranging formulas","","1","multiple_choice","","y - 57 = px

The given equation relates the positive numbers p, x, and y. Which equation correctly expresses y in terms of p and x?","y = 57x + p","y = px + 57","y = 57px","y = px/57","B","2","Choice B is correct. Adding 57 to each side of the given equation yields
y px 57 = + . Therefore, the equation y px 57 = + correctly expresses y in terms of p and x.
Choice A is incorrect and may result from conceptual errors. Choice C is incorrect and may result from conceptual errors. Choice D is incorrect and may result from conceptual errors.","","none","{}","","","","","","Rearranging formulas","","import;pdf;section:MATH;source:sat-practice-test-9-digital.pdf;page:35;source_q:10"
"SAT_IMPORTED","pdf_import_v1","import_batch_001","","SAT9_MATH_M1_Q08","MATH","1","base","8","Advanced Math","Exponential functions","ADV-EXP","Exponential functions","Exponential functions","","1","multiple_choice","","A company opens an account with an initial balance of $36,100.00. The account earns interest, and no additional deposits or withdrawals are made. The account balance is given by an exponential function A, where A(t) is the account balance, in dollars, t years after the account is opened. The account balance after 13 years is $68,071.93. Which equation could define A?","A(t) = 36,100.00(1.05)^t","A(t) = 31,971.93(1.05)^t","A(t) = 31,971.93(0.05)^t","A(t) = 36,100.00(0.05)^t","A","1","Choice A is correct. Since it’s given that the account balance, A t^ h, in dollars, after t years can be modeled by an exponential function, it follows that function A can be written in the form A t Nrt = ^ h , where N is the initial value of the function and r is a constant related to the growth of the function. It’s given that the initial balance of the account is , . $36 100 00, so it follows that the initial value of the function, or N, must be , . 36 100 00. Substituting , . 36 100 00 for N in the equation A t Nrt = ^ h yields , . A t r 36 100 00 t = ^ h . It’s given that the account balance after 13 years, or when t 13 = , is , . $68 071 93. It follows that , . A 13 68 071 93 = ^ h , or , . , . r 36 100 00 68 071 93 13= . Dividing each side of the equation
, . , . 36 100 00 68 071 93 = . Taking the
, . , . r 36 100 00 68 071 93 13= by , . 36 100 00 yields r13
, . , . 36 100 00 68 071 93 = , or r is
13th root of both sides of this equation yields r 13
approximately equal to . 1 05. Substituting . 1 05 for r in the equation , . A t r 36 100 00 t = ^ h yields , . . A t 36 100 00 1 05 t = ^ ^ h h , so the equation , . . A t 36 100 00 1 05 t = ^ ^ h h could define A.
Choice B is incorrect. Substituting 0 for t in this function indicates an initial balance of , . $31 971 93, rather than , . $36 100 00. Choice C is incorrect. Substituting 0 for t in this function indicates an initial balance of , . $31 971 93, rather than , . $36 100 00. Additionally, this function indicates the account balance is decreasing, rather than increasing, over time. Choice D is incorrect. This function indicates the account balance is decreasing, rather than increasing, over time.","","none","{}","","","","","","Exponential functions","","import;pdf;section:MATH;source:sat-practice-test-9-digital.pdf;page:36;source_q:11"
"SAT_IMPORTED","pdf_import_v1","import_batch_001","","SAT9_MATH_M1_Q09","MATH","1","base","9","Algebra","Systems of linear equations","ALG-SYS","Systems of linear equations","Systems of linear equations","","1","student_response","","y = -2x
3x + y = 40

The solution to the given system of equations is (x, y). What is the value of x?","","","","","","","The correct answer is 40. It’s given in the first equation of the system that
y x 2 =- . Substituting x 2 - for y in the second equation of the system yields x x 3 2 40 + - = ^ h . Combining like terms on the left-hand side of this equation yields x 40 = . Therefore, the value of x is 40.","","none","{}","","","numeric","40","0","Systems of linear equations","","import;pdf;section:MATH;source:sat-practice-test-9-digital.pdf;page:36;source_q:13"
"SAT_IMPORTED","pdf_import_v1","import_batch_001","","SAT9_MATH_M1_Q10","MATH","1","base","10","Problem-Solving and Data Analysis","Frequency tables","PSDA-FREQ","Frequency tables","Frequency tables","","1","student_response","","The frequency table summarizes the 57 data values in a data set. What is the maximum data value in the data set?","","","","","","","The correct answer is 14. The maximum value is the largest value in the data set. The frequency refers to the number of times a data value occurs. The given frequency table shows that for this data set, the data value 6 occurs three times, the data value 7 occurs three times, the data value 8 occurs eight times, the data value 9 occurs eight times, the data value 10 occurs nine times, the data value 11 occurs eleven times, the data value 12 occurs nine times, the data value 13 occurs zero times, and the data value 14 occurs six times. Therefore, the maximum data value in the data set is 14.","","table","{}","| Data value | Frequency |\n|---:|---:|\n| 6 | 3 |\n| 7 | 3 |\n| 8 | 8 |\n| 9 | 8 |\n| 10 | 9 |\n| 11 | 11 |\n| 12 | 9 |\n| 13 | 0 |\n| 14 | 6 |","","numeric","14","0","Frequency tables","","import;pdf;section:MATH;source:sat-practice-test-9-digital.pdf;page:36;source_q:14;fixed:table_extraction"
"SAT_IMPORTED","pdf_import_v1","import_batch_001","","SAT9_MATH_M1_Q11","MATH","1","base","11","Geometry and Trigonometry","Right triangles and the Pythagorean theorem","GEO-PYTH","Right triangles and the Pythagorean theorem","Right triangles and the Pythagorean theorem","","1","multiple_choice","","One leg of a right triangle has a length of 43.2 millimeters. The hypotenuse of the triangle has a length of 196.8 millimeters. What is the length of the other leg of the triangle, in millimeters?","43.2","120","192","201.5","C","3","Choice C is correct. The Pythagorean theorem states that for a right triangle, the sum of the squares of the lengths of the two legs is equal to the square of the length of the hypotenuse. It’s given that one leg of a right triangle has a length of
. 43 2 millimeters. It’s also given that the hypotenuse of the triangle has a length of
. 196 8 millimeters. Let b represent the length of the other leg of the triangle, in millimeters. Therefore, by the Pythagorean theorem, . . b 43 2 196 8 2 2 2 + = , or , . , . b 1 866 24 38 730 24 2 + = . Subtracting , . 1 866 24 from both sides of this equation yields , b 36 864 2= . Taking the positive square root of both sides of this equation yields b 192 = . Therefore, the length of the other leg of the triangle, in millimeters, is 192.
Choice A is incorrect and may result from conceptual or calculation errors. Choice B is incorrect and may result from conceptual or calculation errors. Choice D is incorrect and may result from conceptual or calculation errors.","","none","{}","","","","","","Right triangles and the Pythagorean theorem","","import;pdf;section:MATH;source:sat-practice-test-9-digital.pdf;page:36;source_q:15"
"SAT_IMPORTED","pdf_import_v1","import_batch_001","","SAT9_MATH_M1_Q12","MATH","1","base","12","Algebra","Linear equations in context","ALG-CONTEXT","Linear equations in context","Linear equations in context","","1","multiple_choice","","A wire with a length of 106 inches is cut into two parts. One part has a length of x inches, and the other part has a length of y inches. The value of x is 6 more than 4 times the value of y. What is the value of x?","25","28","56","86","D","4","Choice D is correct. It’s given that a wire with a length of 106 inches is cut into two parts. It’s also given that one part has a length of x inches and the other part has a length of y inches. This can be represented by the equation x y 106 + = . It’s also given that the value of x is 6 more than 4 times the value of y. This can be represented by the equation x y 4 6 = + . Substituting y 4 6 + for x in the equation x y 106 + = yields y y 4 6 106 + + = , or y 5 6 106 + = . Subtracting 6 from each side of this equation yields y 5 100 = . Dividing each side of this equation by 5 yields y 20 = . Substituting 20 for y in the equation x y 4 6 = + yields x 4 20 6 = + ^ h , or x 86 = .
Choice A is incorrect. This value represents less than half of the total length of
106 inches; however, x represents the length of the longer part of the wire, since it’s given that the value of x is 6 more than 4 times the value of y. Choice B is incorrect. This value represents less than half of the total length of 106 inches; however, x represents the length of the longer part of the wire, since it’s given that the value of x is 6 more than 4 times the value of y. Choice C is incorrect. This represents a part that is 6 more than the length of the other part, rather than
6 more than 4 times the length of the other part.","","none","{}","","","","","","Linear equations in context","","import;pdf;section:MATH;source:sat-practice-test-9-digital.pdf;page:37;source_q:16"
"SAT_IMPORTED","pdf_import_v1","import_batch_001","","SAT9_MATH_M1_Q13","MATH","1","base","13","Advanced Math","Polynomial functions","ADV-POLY","Polynomial functions","Polynomial functions","","1","multiple_choice","","f(x) = (x + 6)(x + 5)(x - 4)

The function f is given. Which table of values represents y = f(x) - 3?","Table A","Table B","Table C","Table D","B","2","Choice B is correct. It’s given that f x x x x 6 5 4 = + + - ^ ^ ^ ^ h h h h and y f x 3 = - ^ h . Substituting x x x 6 5 4 + + - ^ ^ ^ h h h for f x ^ h in the equation y f x 3 = - ^ h yields y x x x 6 5 4 3 = + + - - ^ ^ ^ h h h . Substituting 6 - for x in this equation yields y 6 6 6 5 6 4 3 = - + - + - - - ^ ^ ^ h h h , or y 3 =- . Substituting 5 - for x in the equation y x x x 6 5 4 3 = + + - - ^ ^ ^ h h h yields y 5 6 5 5 5 4 3 = - + - + - - - ^ ^ ^ h h h , or y 3 =- . Substituting 4 for x in the equation y x x x 6 5 4 3 = + + - - ^ ^ ^ h h h yields y 4 6 4 5 4 4 3 = + + - - ^ ^ ^ h h h , or y 3 =- . Therefore, when x 6 =- then y 3 =- , when x 5 =- then y 3 =- , and when x 4 = then y 3 =- . Thus, the table of values in choice B represents y f x 3 = - ^ h .
Choice A is incorrect. This table represents y x 3 = - rather than y f x 3 = - ^ h . Choice C is incorrect. This table represents y x 3 = + rather than y f x 3 = - ^ h . Choice D is incorrect. This table represents y f x 3 = + ^ h rather than y f x 3 = - ^ h .","","table","{}","| Choice | x | y |\n|---|---:|---:|\n| A | -6 | -9 |\n| A | -5 | -8 |\n| A | 4 | 1 |\n| B | -6 | -3 |\n| B | -5 | -3 |\n| B | 4 | -3 |\n| C | -6 | -3 |\n| C | -5 | -2 |\n| C | 4 | 7 |\n| D | -6 | 3 |\n| D | -5 | 3 |\n| D | 4 | 3 |","","","","","Polynomial functions","","import;pdf;section:MATH;source:sat-practice-test-9-digital.pdf;page:37;source_q:17;fixed:table_extraction"
"SAT_IMPORTED","pdf_import_v1","import_batch_001","","SAT9_MATH_M1_Q14","MATH","1","base","14","Problem-Solving and Data Analysis","Rates and proportional relationships","PSDA-RATE","Rates and proportional relationships","Rates and proportional relationships","","1","multiple_choice","","A landscaper uses a hose that puts 88x ounces of water in a bucket in 5y minutes. Which expression represents the number of ounces of water the hose puts in the bucket in 9y minutes at this rate?","9x/440","440x/9","5x/792","792x/5","D","4","Choice D is correct. It’s given that a hose puts x 88 ounces of water in a bucket in y 5 minutes. Therefore, the rate at which the hose puts water in the bucket, in ounces per minute, can be represented by the expression y x 5 88 . Let w represent
the number of ounces of water the hose puts in the bucket in y 9 minutes at this rate. It follows that the rate at which the hose puts water in the bucket, in ounces
per minute, can be represented by the expression y w 9 . The expressions y x 5 88 and y w 9
represent the same rate, so it follows that y x y w 5 88
9 = . Multiplying both sides of this
equation by y 9 yields w y xy 5 792 = , or w x 5 792 = . Therefore, the number of ounces of
water the hose puts in the bucket in y 9 minutes can be represented by the
expression x 5 792 .
Choice A is incorrect and may result from conceptual or calculation errors. Choice B is incorrect and may result from conceptual or calculation errors. Choice C is incorrect and may result from conceptual or calculation errors.","","none","{}","","","","","","Rates and proportional relationships","","import;pdf;section:MATH;source:sat-practice-test-9-digital.pdf;page:37;source_q:18"
"SAT_IMPORTED","pdf_import_v1","import_batch_001","","SAT9_MATH_M1_Q15","MATH","1","base","15","Algebra","Systems of linear equations","ALG-SYS","Systems of linear equations","Systems of linear equations","","1","multiple_choice","","4x - 9y = 9y + 5
hy = 2 + 4x

In the given system of equations, h is a constant. If the system has no solution, what is the value of h?","-9","0","9","18","D","4","Choice D is correct. A system of two linear equations in two variables, x and y, has no solution if the lines represented by the equations in the xy-plane are distinct and parallel. The graphs of two lines in the xy-plane represented by equations in the form Ax By C + = , where A, B, and C are constants, are parallel if the coefficients for x and y in one equation are proportional to the corresponding coefficients in the other equation. The first equation in the given system can be written in the form Ax By C + = by subtracting y 9 from both sides of the equation to yield x y 4 18 5 - = . The second equation in the given system can be written in the form Ax By C + = by subtracting x 4 from both sides of the equation to yield x hy 4 2 - + = . The coefficient of x in this second equation, 4 - , is 1 - times the coefficient of x in the first equation, 4. For the lines to be parallel, the coefficient of y in the second equation, h, must also be 1 - times the coefficient of y in the first equation, 18 - . Thus, h 1 18 =- - ^ h, or h 18 = . Therefore, if the given system has no solution, the value of h is 18.
Choice A is incorrect. If the value of h is 9 - , then the given system would have one solution, rather than no solution. Choice B is incorrect. If the value of h is 0, then the given system would have one solution, rather than no solution. Choice C is incorrect. If the value of h is 9, then the given system would have one solution, rather than no solution.","","none","{}","","","","","","Systems of linear equations","","import;pdf;section:MATH;source:sat-practice-test-9-digital.pdf;page:37;source_q:19"
"SAT_IMPORTED","pdf_import_v1","import_batch_001","","SAT9_MATH_M1_Q16","MATH","1","base","16","Problem-Solving and Data Analysis","Percentages","PSDA-PCT","Percentages","Percentages","","1","student_response","","13 is p% of 25. What is the value of p?","","","","","","","The correct answer is 52. It’s given that 13 is % p of 25. It follows that p 25 13 100 = .
Multiplying both sides of this equation by 100 gives p 52= . Therefore, the value of p is 52.","","none","{}","","","numeric","52","0","Percentages","","import;pdf;section:MATH;source:sat-practice-test-9-digital.pdf;page:37;source_q:20"
"SAT_IMPORTED","pdf_import_v1","import_batch_001","","SAT9_MATH_M1_Q17","MATH","1","base","17","Advanced Math","Radical and quadratic equations","ADV-EQ","Radical and quadratic equations","Radical and quadratic equations","","1","student_response","","sqrt((x - 2)^2) = sqrt(3x + 34)

What is the smallest solution to the given equation?","","","","","","","The correct answer is -3. Squaring both sides of the given equation yields x x 2 3 34 2 - = + ^ h , which can be rewritten as x x x 4 4 3 34 2- + = + . Subtracting x 3 and 34 from both sides of this equation yields x x 7 30 0 2- - = . This quadratic equation can be rewritten as x x 10 3 0 - + = ^ ^h h . According to the zero product property, x x 10 3 - + ^ ^h h equals zero when either x 10 0 - = or x 3 0 + = . Solving each of these equations for x yields x 10 = or x 3 =- . Therefore, the given equation has two solutions, 10 and 3 - . Of these two solutions, 3 - is the smallest solution to the given equation.","","none","{}","","","numeric","-3","0","Radical and quadratic equations","","import;pdf;section:MATH;source:sat-practice-test-9-digital.pdf;page:38;source_q:21"
"SAT_IMPORTED","pdf_import_v1","import_batch_001","","SAT9_MATH_M1_Q18","MATH","1","base","18","Advanced Math","Polynomial functions","ADV-POLY","Polynomial functions","Polynomial functions","","1","multiple_choice","","Function f is defined by f(x) = (x + 6)(x + 5)(x + 1). Function g is defined by g(x) = f(x - 1). The graph of y = g(x) in the xy-plane has x-intercepts at (a, 0), (b, 0), and (c, 0), where a, b, and c are distinct constants. What is the value of a + b + c?","-15","-9","11","15","B","2","Choice B is correct. It’s given that g x f x 1 = - ^ ^ h h. Since f x x x x 6 5 1 = + + + ^ ^ ^ ^ h h h h, it follows that f x x x x 1 1 6 1 5 1 1 - = - + - + - + ^ ^ ^ ^ h h h h. Combining like terms yields f x x x x 1 5 4 - = + + ^ ^ ^ ^ h h h h. Therefore, g x x x x 5 4 = + + ^ ^ ^ h h h. The x-intercepts of a graph in the xy-plane are the points where y 0 = . The x-coordinates of the x-intercepts of the graph of y g x = ^ h in the xy-plane can be found by solving the equation x x x 0 5 4 = + + ^ ^h h. Applying the zero product property to this equation yields three equations: x 0 = , x 5 0 + = , and x 4 0 + = . Solving each of these equations for x yields x 0 = , x 5 =- , and x 4 =- , respectively. Therefore, the x-intercepts of the graph of y g x = ^ h are , 0 0 ^ h, , 5 0 - ^ h, and , 4 0 - ^ h. It follows that the values of a, b, and c are 0, 5 - , and 4 - . Thus, the value of a b c + + is 0 5 4 + - + - ^ ^ h h, which is equal to 9 - .
Choice A is incorrect. This is the value of a b c + + if g x f x 1 = + ^ ^ h h. Choice C is incorrect. This is the value of a b c 1 + + - if g x x x x 6 5 1 = - - - ^ ^ ^ ^ h h h h. Choice D is incorrect. This is the value of a b c + + if f x x x x 6 5 1 = - - - ^ ^ ^ ^ h h h h.","","none","{}","","","","","","Polynomial functions","","import;pdf;section:MATH;source:sat-practice-test-9-digital.pdf;page:38;source_q:22"
"SAT_IMPORTED","pdf_import_v1","import_batch_001","","SAT9_MATH_M1_Q19","MATH","1","base","19","Algebra","Linear functions","ALG-LIN-FUN","Linear functions","Linear functions","","1","multiple_choice","","For x > 0, the function f is defined as follows:

f(x) equals 201% of x

Which of the following could describe this function?","Decreasing exponential","Decreasing linear","Increasing exponential","Increasing linear","D","4","Choice D is correct. It’s given that for x 0 > , f x ^ h is equal to % 201 of x. This is equivalent to f x x 100 201 = ^ h , or . f x x 2 01 = ^ h , for x 0 > . This function indicates that as
x increases, f x ^ h also increases, which means f is an increasing function. Furthermore, f x ^ h increases at a constant rate of . 2 01 for each increase of x by 1. A function with a constant rate of change is linear. Thus, the function f can be described as an increasing linear function.
Choice A is incorrect and may result from conceptual errors. Choice B is incorrect and may result from conceptual errors. Choice C is incorrect. This could describe the function . f x 2 01 x = ^ ^ h h , where f x ^ h is equal to % 201 of f x 1 - ^ h, not x, for x 0 > .","","none","{}","","","","","","Linear functions","","import;pdf;section:MATH;source:sat-practice-test-9-digital.pdf;page:38;source_q:23"
"SAT_IMPORTED","pdf_import_v1","import_batch_001","","SAT9_MATH_M1_Q20","MATH","1","base","20","Advanced Math","Quadratic functions","ADV-QUAD","Quadratic functions","Quadratic functions","","1","multiple_choice","","f(x) = 4x^2 + 64x + 262

The function g is defined by g(x) = f(x + 5). For what value of x does g(x) reach its minimum?","-13","-8","-5","-3","A","1","Choice A is correct. It’s given that g x f x 5 = + ^ ^ h h. Since f x x x 4 64 262 2 = + + ^ h , it follows that f x x x 5 4 5 64 5 262 2 + = + + + + ^ ^ ^ h h h . Expanding the quantity x 5 2 + ^ h in this equation yields f x x x x 5 4 10 25 64 5 262 2 + = + + + + + ^ ^ ^ h h h . Distributing the 4 and the 64 yields f x x x x 5 4 40 100 64 320 262 2 + = + + + + + ^ h . Combining like terms yields f x x x 5 4 104 682 2 + = + + ^ h . Therefore, g x x x 4 104 682 2 = + + ^ h . For a quadratic function defined by an equation of the form g x a x h k 2 = - + ^ ^ h h , where a, h, and k are constants and a is positive, g x ^ h reaches its minimum, k,
when the value of x is h. The equation g x x x 4 104 682 2 = + + ^ h can be rewritten in this form by completing the square. This equation is equivalent to
g x x x 4 26 682 2 = + + ^ ^ h h , or g x x x 4 26 169 169 682 2 = + + - + ^ ^ h h . This equation can be rewritten as g x x 4 13 169 682 2 = + - + ^ ^^ h h h , or g x x 4 13 4 169 682 2 = + - + ^ ^ ^ h h h , which is equivalent to g x x 4 13 6 2 = + + ^ ^ h h . This equation is in the form g x a x h k 2 = - + ^ ^ h h , where a 4 = , h 13 =- , and k 6 = . Therefore, g x ^ h reaches its minimum when the value of x is 13 - .
Choice B is incorrect. This is the value of x for which f x ^ h, rather than g x ^ h, reaches its minimum. Choice C is incorrect and may result from conceptual or calculation errors. Choice D is incorrect. This is the value of x for which f x 5 - ^ h, rather than f x 5 + ^ h, reaches its minimum.","","none","{}","","","","","","Quadratic functions","","import;pdf;section:MATH;source:sat-practice-test-9-digital.pdf;page:38;source_q:24"
"SAT_IMPORTED","pdf_import_v1","import_batch_001","","SAT9_MATH_M1_Q21","MATH","1","base","21","Algebra","Linear equations in context","ALG-CONTEXT","Linear equations in context","Linear equations in context","","1","multiple_choice","","One gallon of stain will cover 170 square feet of a surface. A yard has a total fence area of w square feet. Which equation represents the total amount of stain S, in gallons, needed to stain the fence in this yard twice?","S = w/170","S = 170w","S = 340w","S = w/85","D","4","Choice D is correct. It’s given that w represents the total fence area, in square feet. Since the fence will be stained twice, the amount of stain, in gallons, will need to cover w 2 square feet. It’s also given that one gallon of stain will cover 170 square feet. Dividing the total area, in square feet, of the surface to be stained by the number of square feet covered by one gallon of stain gives the number of gallons of stain that will be needed. Dividing w 2 by 170 yields w 170
2 , or w
85.
Therefore, the equation that represents the total amount of stain S, in gallons, needed to stain the fence of the yard twice is S w 85 = .
Choice A is incorrect. This equation represents the total amount of stain, in gallons, needed to stain the fence once, not twice. Choice B is incorrect and may result from conceptual or calculation errors. Choice C is incorrect and may result from conceptual or calculation errors.","","none","{}","","","","","","Linear equations in context","","import;pdf;section:MATH;source:sat-practice-test-9-digital.pdf;page:38;source_q:25"
"SAT_IMPORTED","pdf_import_v1","import_batch_001","","SAT9_MATH_M1_Q22","MATH","1","base","22","Geometry and Trigonometry","Similarity and volume","GEO-SIM","Similarity and volume","Similarity and volume","","1","student_response","","Right rectangular prism X is similar to right rectangular prism Y. The surface area of right rectangular prism X is 58 square centimeters (cm^2), and the surface area of right rectangular prism Y is 1,450 cm^2. The volume of right rectangular prism Y is 1,250 cubic centimeters (cm^3). What is the sum of the volumes, in cm^3, of right rectangular prism X and right rectangular prism Y?","","","","","","","The correct answer is 1,260. Since it’s given that prisms X and Y are similar, all the linear measurements of prism Y are k times the respective linear measurements of prism X, where k is a positive constant. Therefore, the surface area of prism Y is k2 times the surface area of prism X and the volume of prism Y is k3 times the volume of prism X. It’s given that the surface area of prism Y is , 1 450 cm2, and the surface area of prism X is 58 cm2, which implies that , k 1 450 58 2 = . Dividing both
sides of this equation by 58 yields k2 , 58 1 450= , or k 25 2= . Since k is a positive
constant, k 5 = . It’s given that the volume of prism Y is , 1 250 cm3. Therefore, the
k cm 3 3 , 1 250 , which is equivalent to
5 cm 3 3 , 1 250 , or
volume of prism X is equal to
10 cm3. Thus, the sum of the volumes, in cm3, of the two prisms is , 1 250 10 + ,
or , 1 260.","","none","{}","","","numeric","1260","0","Similarity and volume","","import;pdf;section:MATH;source:sat-practice-test-9-digital.pdf;page:39;source_q:27"
"SAT_IMPORTED","pdf_import_v1","import_batch_001","","SAT9_MATH_M2_Q01","MATH","2","hard","1","Algebra","Linear equations in one variable","ALG-LIN-EQ","Linear equations in one variable","Linear equations in one variable","","1","multiple_choice","","w + 7 = 357

What value of w is the solution to the given equation?","51","350","364","3,577","B","2","Choice B is correct. Subtracting 7 from each side of the given equation yields
w 350 = . Therefore, the value of w that is the solution to the given equation is 350.
Choice A is incorrect. This is the value of w that is the solution to the equation
w 7 357 = , not w 7 357 + = . Choice C is incorrect. This is the value of w that is the solution to the equation w 7 357 - = , not w 7 357 + = . Choice D is incorrect and may result from conceptual or calculation errors.","","none","{}","","","","","","Linear equations in one variable","","import;pdf;section:MATH;source:sat-practice-test-9-digital.pdf;page:42;source_q:1"
"SAT_IMPORTED","pdf_import_v1","import_batch_001","","SAT9_MATH_M2_Q02","MATH","2","hard","2","Algebra","Equivalent expressions","ALG-EXPR","Equivalent expressions","Equivalent expressions","","1","multiple_choice","","Which expression is equivalent to 16(x + 15)?","16x + 31","16x + 240","16x + 1","16x + 15","B","2","Choice B is correct. The expression x 16 15 + ^ h can be rewritten as x 16 16 15 + ^ ^ h h, which is equivalent to x 16 240 + .
Choice A is incorrect and may result from conceptual or calculation errors. Choice C is incorrect and may result from conceptual or calculation errors. Choice D is incorrect and may result from conceptual or calculation errors.","","none","{}","","","","","","Equivalent expressions","","import;pdf;section:MATH;source:sat-practice-test-9-digital.pdf;page:42;source_q:2"
"SAT_IMPORTED","pdf_import_v1","import_batch_001","","SAT9_MATH_M2_Q03","MATH","2","hard","3","Problem-Solving and Data Analysis","Probability from two-way tables","PSDA-PROB","Probability from two-way tables","Probability from two-way tables","","1","multiple_choice","","The table summarizes members of a local organization by age and whether they live east or west of the river. If a member of the organization is selected at random, what is the probability that the selected member is at least 40 years old?","28/135","35/135","100/135","107/135","D","4","Choice D is correct. If a member of the organization is selected at random, the probability that the selected member is at least 40 years old is equal to the number of members who are at least 40 years old divided by the total number of members. According to the table, there are a total of 135 members of the organization, and 107 of these members are at least 40 years old. Therefore, the probability that the selected member is at least 40 years old is 135
107.
Choice A is incorrect. This is the probability that the selected member is less than
40 years old. Choice B is incorrect. This is the probability that the selected member lives east of the river. Choice C is incorrect. This is the probability that the selected member lives west of the river.","","table","{}","| Age group | Live east of the river | Live west of the river | Total |\n|---|---:|---:|---:|\n| Less than 40 years old | 17 | 11 | 28 |\n| At least 40 years old | 18 | 89 | 107 |\n| Total | 35 | 100 | 135 |","","","","","Probability from two-way tables","","import;pdf;section:MATH;source:sat-practice-test-9-digital.pdf;page:42;source_q:3;fixed:table_extraction"
"SAT_IMPORTED","pdf_import_v1","import_batch_001","","SAT9_MATH_M2_Q04","MATH","2","hard","4","Algebra","Systems of linear equations","ALG-SYS","Systems of linear equations","Systems of linear equations","","1","multiple_choice","","3x = 12
-3x + y = -6

The solution to the given system of equations is (x, y). What is the value of y?","-3","6","18","30","B","2","Choice B is correct. Adding the second equation in the given system to the first equation in the given system yields x x y 3 3 12 6 + - + = + - ^ ^ h h, which is equivalent to y 6 = .
Choice A is incorrect and may result from conceptual or calculation errors. Choice C is incorrect and may result from conceptual or calculation errors. Choice D is incorrect and may result from conceptual or calculation errors.","","none","{}","","","","","","Systems of linear equations","","import;pdf;section:MATH;source:sat-practice-test-9-digital.pdf;page:42;source_q:4"
"SAT_IMPORTED","pdf_import_v1","import_batch_001","","SAT9_MATH_M2_Q05","MATH","2","hard","5","Algebra","Slope and linear equations","ALG-SLOPE","Slope and linear equations","Slope and linear equations","","1","multiple_choice","","A line in the xy-plane has a slope of 1/9 and passes through the point (0, 14). Which equation represents this line?","y = -(1/9)x - 14","y = -(1/9)x + 14","y = (1/9)x - 14","y = (1/9)x + 14","D","4","Choice D is correct. The equation of a line in the xy-plane can be written as
y mx b = + , where m represents the slope of the line and , b 0 ^ h represents the y-intercept of the line. It’s given that the slope of the line is 9 1. It follows that m 9 1 = .
It’s also given that the line passes through the point , 0 14 ^ h. It follows that b 14 = .
Substituting 9 1 for m and 14 for b in y mx b = + yields y x 14 9 1 = + . Thus, the
equation y x 14 9 1 = + represents this line.
Choice A is incorrect. This equation represents a line with a slope of 9 1 - and a
y-intercept of , 0 14 - ^ h. Choice B is incorrect. This equation represents a line with
a slope of 9 1 - and a y-intercept of , 0 14 ^ h. Choice C is incorrect. This equation
represents a line with a slope of 9 1 and a y-intercept of , 0 14 - ^ h.","","none","{}","","","","","","Slope and linear equations","","import;pdf;section:MATH;source:sat-practice-test-9-digital.pdf;page:43;source_q:5"
"SAT_IMPORTED","pdf_import_v1","import_batch_001","","SAT9_MATH_M2_Q06","MATH","2","hard","6","Algebra","Evaluating linear functions","ALG-LIN-FUN","Evaluating linear functions","Evaluating linear functions","","1","student_response","","f(x) = x + 8/11

The function f is defined by the given equation. What is the value of f(x) when x = 3/11?","","","","","","","The correct answer is 1. It’s given that the function f is defined by f x x 11 8 = + ^ h .
Substituting 11 3 for x in the given function yields f 11 3 11 3 11 8 = + b l , which gives
f 11 3 11 11 = b l , or f 1 11 3 = b l . Therefore, when x 11 3 = , the value of f x ^ h is 1.","","none","{}","","","numeric","1","0","Evaluating linear functions","","import;pdf;section:MATH;source:sat-practice-test-9-digital.pdf;page:43;source_q:7"
"SAT_IMPORTED","pdf_import_v1","import_batch_001","","SAT9_MATH_M2_Q07","MATH","2","hard","7","Advanced Math","Systems with nonlinear equations","ADV-SYS","Systems with nonlinear equations","Systems with nonlinear equations","","1","multiple_choice","","x + 7 = 10
(x + 7)^2 = y

Which ordered pair (x, y) is a solution to the given system of equations?","(3, 100)","(3, 3)","(3, 10)","(3, 70)","A","1","Choice A is correct. The solution to a system of equations is the ordered pair
,x y ^ h that satisfies all equations in the system. It’s given by the first equation in the system that x 7 10 + = . Substituting 10 for x 7 + into the second equation yields y 102= , or y 100 = . The x-coordinate of the solution to the system of equations can be found by subtracting 7 from both sides of the equation
x 7 10 + = , which yields x 3 = . Therefore, the ordered pair , 3 100 ^ h is a solution to the given system of equations.
Choice B is incorrect and may result from conceptual or calculation errors. Choice C is incorrect and may result from conceptual or calculation errors. Choice D is incorrect and may result from conceptual or calculation errors.","","none","{}","","","","","","Systems with nonlinear equations","","import;pdf;section:MATH;source:sat-practice-test-9-digital.pdf;page:44;source_q:9"
"SAT_IMPORTED","pdf_import_v1","import_batch_001","","SAT9_MATH_M2_Q08","MATH","2","hard","8","Algebra","Linear functions and intercepts","ALG-LIN-FUN","Linear functions and intercepts","Linear functions and intercepts","","1","multiple_choice","","The function f is defined by f(x) = 7x - 84. What is the x-intercept of the graph of y = f(x) in the xy-plane?","(-12, 0)","(-7, 0)","(7, 0)","(12, 0)","D","4","Choice D is correct. The given function f is a linear function. Therefore, the graph of y f x = ^ h in the xy-plane has one x-intercept at the point ,k 0 ^ h, where k is a constant. Substituting 0 for f x ^ h and k for x in the given function yields k 0 7 84 = - . Adding 84 to both sides of this equation yields k 84 7 = . Dividing both sides of this equation by 7 yields k 12= . Therefore, the x-intercept of the graph of y f x = ^ h in the xy-plane is , 12 0 ^ h.
Choice A is incorrect and may result from conceptual or calculation errors. Choice B is incorrect and may result from conceptual or calculation errors. Choice C is incorrect and may result from conceptual or calculation errors.","","none","{}","","","","","","Linear functions and intercepts","","import;pdf;section:MATH;source:sat-practice-test-9-digital.pdf;page:44;source_q:10"
"SAT_IMPORTED","pdf_import_v1","import_batch_001","","SAT9_MATH_M2_Q09","MATH","2","hard","9","Advanced Math","Exponential functions","ADV-EXP","Exponential functions","Exponential functions","","1","multiple_choice","","Rosa opened a savings account at a bank. The table shows the exponential relationship between the time t, in years, since Rosa opened the account and the total amount n, in dollars, in the account. If Rosa made no additional deposits or withdrawals, which of the following equations best represents the relationship between t and n?","n = (1 + 604)^t","n = (1 + 0.004)^t","n = 604(1 + 0.004)^t","n = 0.004(1 + 604)^t","C","3","Choice C is correct. It’s given that the relationship between t and n is exponential. The table shows that the value of n increases as the value of t increases. Therefore, the relationship between t and n can be represented by an increasing exponential equation of the form n a b 1 t = + ^ h , where a and b are positive constants. The table shows that when t 0 = , n 604 = . Substituting 0 for t and 604 for n in the equation n a b 1 t = + ^ h yields a b 604 1 0 = + ^ h , which is equivalent to a 604 1 = ^ h, or a 604= . Substituting 604 for a in the equation n a b 1 t = + ^ h yields n b 604 1 t = + ^ h . The table also shows that when t 1 = , . n 606 42 = . Substituting 1 for t and . 606 42 for n in the equation n b 604 1 t = + ^ h yields . b 606 42 604 1 1 = + ^ h , or . b 606 42 604 1 = + ^ h. Dividing both sides of this equation by 604 yields approximately . b 1 004 1 = + . Subtracting 1 from both sides of this equation yields that the value of b is approximately . 0 004. Substituting . 0 004 for b in the equation n b 604 1 t = + ^ h yields . n 604 1 0 004 t = + ^ h . Therefore, of the choices, choice C best represents the relationship between t and n.
Choice A is incorrect and may result from conceptual or calculation errors. Choice B is incorrect and may result from conceptual or calculation errors. Choice D is incorrect and may result from conceptual or calculation errors.","","table","{}","| Time (years) | Total amount (dollars) |\n|---:|---:|\n| 0 | 604.00 |\n| 1 | 606.42 |\n| 2 | 608.84 |","","","","","Exponential functions","","import;pdf;section:MATH;source:sat-practice-test-9-digital.pdf;page:44;source_q:11;fixed:table_extraction"
"SAT_IMPORTED","pdf_import_v1","import_batch_001","","SAT9_MATH_M2_Q10","MATH","2","hard","10","Algebra","Linear functions in context","ALG-LIN-FUN","Linear functions in context","Linear functions in context","","1","multiple_choice","","w(t) = 300 - 4t

The function w models the volume of liquid, in milliliters, in a container t seconds after it begins draining from a hole at the bottom. According to the model, what is the predicted volume, in milliliters, draining from the container each second?","300","296","75","4","D","4","Choice D is correct. It’s given that the function w models the volume of liquid, in milliliters, in a container t seconds after it begins draining from a hole at the bottom. The given function w t t 300 4 = - ^ h can be rewritten as w t t 4 300 =- + ^ h . Thus, for each increase of t by 1, the value of w t^ h decreases by 4 1 ^ h, or 4. Therefore, the predicted volume, in milliliters, draining from the container each second is 4 milliliters.
Choice A is incorrect. This is the amount of liquid, in milliliters, in the container before the liquid begins draining. Choice B is incorrect and may result from conceptual errors. Choice C is incorrect and may result from conceptual errors.","","none","{}","","","","","","Linear functions in context","","import;pdf;section:MATH;source:sat-practice-test-9-digital.pdf;page:44;source_q:12"
"SAT_IMPORTED","pdf_import_v1","import_batch_001","","SAT9_MATH_M2_Q11","MATH","2","hard","11","Algebra","Linear functions","ALG-LIN-FUN","Linear functions","Linear functions","","1","student_response","","h(x) = x + b

For the linear function h, b is a constant and h(0) = 45. What is the value of b?","","","","","","","The correct answer is 45. It’s given that h 0 45 = ^ h . Therefore, for the given function h, when x 0 = , h x 45 = ^ h . Substituting 0 for x and 45 for h x ^ h in the given function, h x x b = + ^ h , yields b 45 0 = + , or b 45= . Therefore, the value of b is 45.","","none","{}","","","numeric","45","0","Linear functions","","import;pdf;section:MATH;source:sat-practice-test-9-digital.pdf;page:45;source_q:13"
"SAT_IMPORTED","pdf_import_v1","import_batch_001","","SAT9_MATH_M2_Q12","MATH","2","hard","12","Advanced Math","Quadratic equations","ADV-QUAD","Quadratic equations","Quadratic equations","","1","student_response","","z^2 + 10z - 24 = 0

What is one of the solutions to the given equation?","","","","","","","The correct answer is either 2 or -12. The left-hand side of the given equation can be rewritten by factoring. The two values that multiply to 24 - and add to 10 are 12 and 2 - . It follows that the given equation can be rewritten as z z 12 2 0 + - = ^ ^h h . Setting each factor equal to 0 yields two equations: z 12 0 + = and z 2 0 - = . Subtracting 12 from both sides of the equation z 12 0 + = results in z 12 =- . Adding 2 to both sides of the equation z 2 0 - = results in z 2 = . Note that 2 and -12 are examples of ways to enter a correct answer.","","none","{}","","","numeric","2","0","Quadratic equations","","import;pdf;section:MATH;source:sat-practice-test-9-digital.pdf;page:45;source_q:14"
"SAT_IMPORTED","pdf_import_v1","import_batch_001","","SAT9_MATH_M2_Q13","MATH","2","hard","13","Geometry and Trigonometry","Similar triangles and trigonometry","GEO-SIM","Similar triangles and trigonometry","Similar triangles and trigonometry","","1","multiple_choice","","Triangle FGH is similar to triangle JKL, where angle F corresponds to angle J and angles G and K are right angles. If sin(F) = 308/317, what is the value of sin(J)?","75/317","308/317","317/308","317/75","B","2","Choice B is correct. If two triangles are similar, then their corresponding angles are congruent. It’s given that right triangle FGH is similar to right triangle JKL and angle F corresponds to angle J. It follows that angle F is congruent to angle J and, therefore, the measure of angle F is equal to the measure of angle J. The sine ratios of angles of equal measure are equal. Since the measure of angle F is
equal to the measure of angle J, sin sin F J = ^ ^ h h. It’s given that sin F 317 308 = ^ h .
Therefore, sin J ^ h is 317 308.
Choice A is incorrect. This is the value of cos J ^ h, not the value of sin J ^ h. Choice C is incorrect. This is the reciprocal of the value of sin J ^ h, not the value of sin J ^ h. Choice D is incorrect. This is the reciprocal of the value of cos J ^ h, not the value of sin J ^ h.","","none","{}","","","","","","Similar triangles and trigonometry","","import;pdf;section:MATH;source:sat-practice-test-9-digital.pdf;page:45;source_q:15"
"SAT_IMPORTED","pdf_import_v1","import_batch_001","","SAT9_MATH_M2_Q14","MATH","2","hard","14","Problem-Solving and Data Analysis","Percentages","PSDA-PCT","Percentages","Percentages","","1","multiple_choice","","The population of Greenville increased by 7% from 2015 to 2016. If the 2016 population is k times the 2015 population, what is the value of k?","0.07","0.7","1.07","1.7","C","3","Choice C is correct. Let x be the 2015 population of Greenville. It’s given that the population increased by % 7 from 2015 to 2016. The increase in population can be written as . x 0 07 ^ h . The 2016 population of Greenville is given as the sum of the 2015 population of Greenville and the increase in population from 2015 to 2016. This can be rewritten as . x x 0 07 + ^ h , or . x 1 07 . Therefore, the value of k is . 1 07.
Choice A is incorrect. This is the percent, represented as a decimal, that the population increased from 2015 to 2016, not the value of k. Choice B is incorrect and may result from conceptual or calculation errors. Choice D is incorrect. This is the value of k if the population increased by % 70 , not % 7 , from 2015 to 2016.","","none","{}","","","","","","Percentages","","import;pdf;section:MATH;source:sat-practice-test-9-digital.pdf;page:45;source_q:16"
"SAT_IMPORTED","pdf_import_v1","import_batch_001","","SAT9_MATH_M2_Q15","MATH","2","hard","15","Advanced Math","Quadratic models","ADV-QUAD","Quadratic models","Quadratic models","","1","multiple_choice","","m(t) = -0.0274(t/7)^2 + 7.3873(t/7) + 75.032

The function m gives the predicted body mass m(t), in kilograms (kg), of a certain animal t days after it was born in a wildlife reserve, where t <= 390. Which of the following is the best interpretation of the statement ""m(330) is approximately equal to 362"" in this context?","The predicted body mass of the animal was approximately 330 kg 362 days after it was born.","The predicted body mass of the animal was approximately 362 kg 330 days after it was born.","The predicted body mass of the animal was approximately 362 kg 330/7 days after it was born.","The predicted body mass of the animal was approximately 330/7 kg 362 days after it was born.","B","2","Choice B is correct. In the statement “m 330 ^ h is approximately equal to 362,” the input of the function, 330, is the value of t, the elapsed time, in days, since the animal was born. The approximate value of the function, 362, is the predicted body mass, in kilograms, of the animal after that time has elapsed. Therefore, the predicted body mass of the animal was approximately 362 kg 330 days after it was born.
Choice A is incorrect. This would be the best interpretation of the statement
“m 362 ^ h is approximately equal to 330.” Choice C is incorrect. The number 7 330 is
the number of weeks, not the number of days, after the animal was born. Choice D is incorrect. This would be the best interpretation of the statement “m 362 ^ h is
approximately equal to 7 330.”","","none","{}","","","","","","Quadratic models","","import;pdf;section:MATH;source:sat-practice-test-9-digital.pdf;page:46;source_q:18"
"SAT_IMPORTED","pdf_import_v1","import_batch_001","","SAT9_MATH_M2_Q16","MATH","2","hard","16","Geometry and Trigonometry","Similar triangles","GEO-SIM","Similar triangles","Similar triangles","","1","multiple_choice","","Triangle XYZ is similar to triangle RST such that X, Y, and Z correspond to R, S, and T, respectively. The measure of angle Z is 20 degrees and 2XY = RS. What is the measure of angle T?","2 degrees","10 degrees","20 degrees","40 degrees","C","3","Choice C is correct. It’s given that triangle XYZ is similar to triangle RST, such that X, Y, and Z correspond to R, S, and T, respectively. Since corresponding angles of similar triangles are congruent, it follows that the measure of Z + is congruent to the measure of T + . It’s given that the measure of Z + is ° 20 . Therefore, the measure of T + is ° 20 .
Choice A is incorrect and may result from a conceptual error. Choice B is incorrect. This is half the measure of Z + . Choice D is incorrect. This is twice the measure of Z + .","","none","{}","","","","","","Similar triangles","","import;pdf;section:MATH;source:sat-practice-test-9-digital.pdf;page:46;source_q:19"
"SAT_IMPORTED","pdf_import_v1","import_batch_001","","SAT9_MATH_M2_Q17","MATH","2","hard","17","Advanced Math","Exponential functions","ADV-EXP","Exponential functions","Exponential functions","","1","student_response","","The function f(t) = 60,000(2)^(t/410) gives the number of bacteria in a population t minutes after an initial observation. How much time, in minutes, does it take for the number of bacteria in the population to double?","","","","","","","The correct answer is 410. It’s given that t minutes after an initial observation, the
t 410 ^ h . This expression consists of the
number of bacteria in a population is , 60 000 2
t 410. The time it
initial number of bacteria, , 60 000, multiplied by the expression 2
takes for the number of bacteria to double is the increase in the value of t that
t 410 to double. Since the base of the expression 2
t 410 is 2,
causes the expression 2
t 410 will double when the exponent increases by 1. Since the
the expression 2
t 410 is t 410, the exponent will increase by 1 when t
exponent of the expression 2
increases by 410. Therefore the time, in minutes, it takes for the number of
bacteria in the population to double is 410.","","none","{}","","","numeric","410","0","Exponential functions","","import;pdf;section:MATH;source:sat-practice-test-9-digital.pdf;page:46;source_q:20"
"SAT_IMPORTED","pdf_import_v1","import_batch_001","","SAT9_MATH_M2_Q18","MATH","2","hard","18","Advanced Math","Exponential functions","ADV-EXP","Exponential functions","Exponential functions","","1","student_response","","The function f is defined by f(x) = a^x + b, where a and b are constants and a > 0. In the xy-plane, the graph of y = f(x) has a y-intercept at (0, -25) and passes through the point (2, 23). What is the value of a + b?","","","","","","","The correct answer is -19. It’s given that function f is defined by f x a b x = + ^ h , where a and b are constants and a 0 > . It’s also given that the graph of y f x = ^ h in the xy-plane has a y-intercept at , 0 25 - ^ h and passes through the point , 2 23 ^ h. Since the graph has a y-intercept at , 0 25 - ^ h, f 0 25 =- ^ h . Substituting 0 for x in the given equation yields f a b 0 0 = + ^ h , or f b 0 1 = + ^ h , and substituting 25 - for f 0 ^ h in this equation yields b 25 1 - = + . Subtracting 1 from each side of this equation yields b 26 - = . Substituting 26 - for b in the equation f x a b x = + ^ h yields f x a 26 x = - ^ h . Since the graph also passes through the point , 2 23 ^ h, f 2 23 = ^ h . Substituting 2 for x in the equation f x a 26 x = - ^ h yields f a 2 26 2 = - ^ h , and substituting 23 for f 2 ^ h yields a 23 26 2 = - . Adding 26 to each side of this equation yields a 49 2 = . Taking the square root of both sides of this equation yields a 7 ! = . Since it’s given that a 0 > , the value of a is 7. It follows that the value of a b + is 7 26 - , or 19 - .","","none","{}","","","numeric","-19","0","Exponential functions","","import;pdf;section:MATH;source:sat-practice-test-9-digital.pdf;page:46;source_q:21"
"SAT_IMPORTED","pdf_import_v1","import_batch_001","","SAT9_MATH_M2_Q19","MATH","2","hard","19","Problem-Solving and Data Analysis","Unit conversions","PSDA-UNIT","Unit conversions","Unit conversions","","1","multiple_choice","","A certain town has an area of 4.36 square miles. What is the area, in square yards, of this town? (1 mile = 1,760 yards)","404","7,674","710,459","13,505,536","D","4","Choice D is correct. Since the number of yards in 1 mile is , 1 760, the number of square yards in 1 square mile is , , , , 1 760 1 760 3 097 600 = ^ ^h h . Therefore, if the area of the town is . 4 36 square miles, it is . , , , , 4 36 3 097 600 13 505 536 = ^ h , in square yards.
Choice A is incorrect and may result from dividing the number of yards in a mile by the square mileage of the town. Choice B is incorrect and may result from multiplying the number of yards in a mile by the square mileage of the town. Choice C is incorrect and may result from dividing the number of square yards in a square mile by the square mileage of the town.","","none","{}","","","","","","Unit conversions","","import;pdf;section:MATH;source:sat-practice-test-9-digital.pdf;page:47;source_q:23"
"SAT_IMPORTED","pdf_import_v1","import_batch_001","","SAT9_MATH_M2_Q20","MATH","2","hard","20","Geometry and Trigonometry","Circles and inscribed squares","GEO-CIRC","Circles and inscribed squares","Circles and inscribed squares","","1","multiple_choice","","A square is inscribed in a circle. The radius of the circle is (20sqrt(2))/2 inches. What is the side length, in inches, of the square?","20","(20sqrt(2))/2","20sqrt(2)","40","A","1","Choice A is correct. When a square is inscribed in a circle, a diagonal of the square is a diameter of the circle. It’s given that a square is inscribed in a circle
and the length of a radius of the circle is 2 20 2 inches. Therefore, the length of a
diameter of the circle is 2 2 20 2 c m inches, or 20 2 inches. It follows that the length
of a diagonal of the square is 20 2 inches. A diagonal of a square separates the square into two right triangles in which the legs are the sides of the square and the hypotenuse is a diagonal. Since a square has 4 congruent sides, each of these two right triangles has congruent legs and a hypotenuse of length 20 2 inches. Since each of these two right triangles has congruent legs, they are both 45-45-90 triangles. In a 45-45-90 triangle, the length of the hypotenuse is 2 times the length of a leg. Let s represent the length of a leg of one of these 45-45-90 triangles. It follows that s 20 2 2 = ^ h. Dividing both sides of this equation by 2 yields s 20= . Therefore, the length of a leg of one of these 45-45-90 triangles is 20 inches. Since the legs of these two 45-45-90 triangles are the sides of the square, it follows that the side length of the square is
20 inches.
Choice B is incorrect. This is the length of a radius, in inches, of the circle. Choice C is incorrect. This is the length of a diameter, in inches, of the circle. Choice D is incorrect and may result from conceptual or calculation errors.","","none","{}","","","","","","Circles and inscribed squares","","import;pdf;section:MATH;source:sat-practice-test-9-digital.pdf;page:47;source_q:24"
"SAT_IMPORTED","pdf_import_v1","import_batch_001","","SAT9_MATH_M2_Q21","MATH","2","hard","21","Advanced Math","Equivalent exponential forms","ADV-EXP","Equivalent exponential forms","Equivalent exponential forms","","1","multiple_choice","","The function f is defined by f(x) = a(2.2^x + 2.2^b), where a and b are integer constants and 0 < a < b. The functions g and h are equivalent to function f, where k and m are constants. Which of the following equations displays the y-coordinate of the y-intercept of the graph of y = f(x) in the xy-plane as a constant or coefficient?

I. g(x) = a(2.2^x + k)
II. h(x) = a(2.2)^x + m","I only","II only","I and II","Neither I nor II","D","4","Choice D is correct. A y-intercept of a graph in the xy-plane is a point where the graph intersects the y-axis, or a point where x 0 = . Substituting 0 for x in the equation defining function f yields . . f a 0 2 2 2 2b 0 = + ^ ^ h h, or . f a 0 1 2 2b = + ^ ^ h h. So, the y-coordinate of the y-intercept of the graph is . a 1 2 2b + ^ h, or equivalently, . a a 2 2 b + ^ h . It’s given that function g is equivalent to function f, where a b 0< < . It follows that . k 2 2b = . Since . a 2 2 b ^ h can’t be equal to 0, the coefficient a can’t be equal to . a a 2 2 b + ^ h . Since a 0< , the constant k, which is equal to . 2 2b, can’t be equal to . a a 2 2 b + ^ h . Therefore, function g doesn’t display the y-coordinate of the y-intercept of the graph of y f x = ^ h in the xy-plane as a constant or coefficient. It’s also given that function h is equivalent to function f, where a b 0< < . The equation defining f can be rewritten as . . f x a a 2 2 2 2 x b = + ^ ^ ^ h h h . It follows that . m a 2 2 b = ^ h . Since . a 2 2 b ^ h can’t be equal to 0, the coefficient a can’t be equal to . a a 2 2 b + ^ h . Since a 0< , the constant m, which is equal to . a 2 2 b ^ h , can’t be equal to . a a 2 2 b + ^ h . Therefore, function h doesn’t display the y-coordinate of the y-intercept of the graph of y f x = ^ h in the xy-plane as a constant or coefficient. Thus, neither function g nor function h displays the y-coordinate of the y-intercept of the graph of y f x = ^ h in the xy-plane as a constant or coefficient.
Choice A is incorrect and may result from conceptual or calculation errors. Choice B is incorrect and may result from conceptual or calculation errors. Choice C is incorrect and may result from conceptual or calculation errors.","","none","{}","","","","","","Equivalent exponential forms","","import;pdf;section:MATH;source:sat-practice-test-9-digital.pdf;page:48;source_q:26"
"SAT_IMPORTED","pdf_import_v1","import_batch_001","","SAT9_MATH_M2_Q22","MATH","2","hard","22","Advanced Math","Quadratic equations and discriminants","ADV-QUAD","Quadratic equations and discriminants","Quadratic equations and discriminants","","1","student_response","","x(kx - 56) = -16

In the given equation, k is an integer constant. If the equation has no real solution, what is the least possible value of k?","","","","","","","The correct answer is 50. An equation of the form ax bx c 0 2+ + = , where a, b, and c are constants, has no real solutions if and only if its discriminant, b ac 4 2- , is negative. Applying the distributive property to the left-hand side of the equation
x kx 56 16 - =- ^ h yields kx x 56 16 2- =- . Adding 16 to each side of this equation yields kx x 56 16 0 2- + = . Substituting k for a, 56 - for b, and 16 for c in b ac 4 2- yields a discriminant of k 56 4 16 2 - - ^ ^ ^ h h h, or , k 3 136 64 - . If the given equation has no real solution, it follows that the value of , k 3 136 64 - must be negative. Therefore, , k 3 136 64 0 < - . Adding k 64 to both sides of this inequality yields , k 3 136 64 < . Dividing both sides of this inequality by 64 yields k 49< , or k 49 > . Since it’s given that k is an integer, the least possible value of k is 50.","","none","{}","","","numeric","50","0","Quadratic equations and discriminants","","import;pdf;section:MATH;source:sat-practice-test-9-digital.pdf;page:48;source_q:27"
