"test_id","exam_version","generation_batch_id","target_score_band","question_id","section","module","route","question_number","content_domain","skill_group","skill_code","skill_label","question_topic","difficulty","scoring_weight","question_type","passage","question","choice_a","choice_b","choice_c","choice_d","correct_answer","correct_choice_index","explanation","time_estimate_sec","visual_type","visual_json","table_markdown","equation_latex","student_response_type","correct_numeric_answer","answer_tolerance","primary_skill","secondary_skill","tags"
"SAT_IMPORTED","pdf_import_v1","import_batch_003","","SAT3_RW_M1_Q01","RW","1","base","1","Craft and Structure","Words in Context","WIC","Words in Context","Words in Context","","1","multiple_choice","In the Indigenous intercropping system known as the Three Sisters, maize, squash, and beans form an _______ web of relations: maize provides the structure on which the bean vines grow; the squash vines cover the soil, discouraging competition from weeds; and the beans aid their two “sisters” by enriching the soil with essential nitrogen.","Which choice completes the text with the most logical and precise word or phrase?","indecipherable","ornamental","obscure","intricate","D","4","Choice D is the best answer because it most logically completes the text’s discussion of the Three Sisters intercropping system. As used in this context, “intricate” would mean made up of complexly related elements. The text indicates that in the Three Sisters system, maize, squash, and beans form a “web of relations” in which the crops interact in various ways. The text’s description of these interactions—the bean vines growing on the maize stalks, the squash vines keeping weeds away, and the beans adding nutrients that the maize and squash use—provides context suggesting that this “web of relations” is intricate. Choice A is incorrect because describing the relationship among the crops in the Three Sisters system as “indecipherable,” or impossible to comprehend, would not make sense in context. Although the text presents the relationship as complex, the text’s description of the role that each crop plays makes it clear that the relationship is well understood, not indecipherable. Choice B is incorrect because the text discusses the practical benefits that each plant in the Three Sisters system provides to other members of the system, showing that the relationship among the crops that make up the system is not “ornamental,” or mainly serving a decorative purpose. Choice C is incorrect because describing the relationship among the crops in the Three Sisters system as “obscure,” or unknown or poorly understood, would not make sense in context. Although the text presents the relationship as complex, the text’s description of the role that each crop plays makes it clear that the relationship is well understood, not obscure.","","none","{}","","","","","","Words in Context","","import;pdf;section:RW;module:1;source:Copy of Copy of sat-practice-test-3-digital.pdf;page:5;source_question:4;selected:overflow"
"SAT_IMPORTED","pdf_import_v1","import_batch_003","","SAT3_RW_M1_Q02","RW","1","base","2","Craft and Structure","Words in Context","WIC","Words in Context","Words in Context","","1","multiple_choice","The artisans of the Igun Eronmwon guild in Benin City, Nigeria, typically _______ the bronze-and brass-casting techniques that have been passed down through their families since the thirteenth century, but they don’t strictly observe every tradition; for example, guild members now use air-conditioning motors instead of handheld bellows to help heat their forges.","Which choice completes the text with the most logical and precise word or phrase?","experiment with","adhere to","improve on","grapple with","B","2","Choice B is the best answer because it most logically completes the text’s discussion of bronze- and brass-casting techniques used by the Igun Eronmwon guild. In this context “adhere to” would mean to act in accordance with. The text states that although members of the Igun Eronmwon guild typically do something with techniques that have been passed down since the thirteenth century, they “don’t strictly observe every tradition.” By establishing a contrast with not always following traditions, the context suggests that guild members do typically adhere to traditional techniques. Choice A is incorrect because in this context “experiment with” would mean to do something new with. Although using motors rather than manual bellows is presented as a new approach, the text establishes a contrast between what the guild members typically do with techniques that have been passed down over centuries and the idea that the members “don’t strictly observe every tradition.” The phrase “experiment with” wouldn’t support the contrast because regularly trying new things with the techniques would be an example of not strictly following all traditions. Choice C is incorrect because in this context “improve on” would mean to make better. Although using motors rather than manual bellows might be an improved approach, the text establishes a contrast between what the guild members typically do with techniques that have been passed down over centuries and the idea that the members “don’t strictly observe every tradition.” The phrase “improve on” wouldn’t support the contrast because regularly making changes to the techniques would be an example of not strictly following all traditions. Choice D is incorrect because in this context “grapple with” would mean to try hard to solve a difficult problem. Although bronze- and brass-casting are likely challenging tasks, nothing in the text suggests that the guild members have any particular difficulties with the techniques passed down since the thirteenth century.","","none","{}","","","","","","Words in Context","","import;pdf;section:RW;module:1;source:Copy of Copy of sat-practice-test-3-digital.pdf;page:5;source_question:5;selected:overflow"
"SAT_IMPORTED","pdf_import_v1","import_batch_003","","SAT3_RW_M1_Q03","RW","1","base","3","Craft and Structure","Words in Context","WIC","Words in Context","Words in Context","","1","multiple_choice","Some economic historians _______ that late nineteenth-and early twentieth-century households in the United States experienced an economy of scale when it came to food purchases—they assumed that large households spent less on food per person than did small households. Economist Trevon Logan showed, however, that a close look at the available data disproves this supposition.","Which choice completes the text with the most logical and precise word or phrase?","surmised","contrived","questioned","regretted","A","1","Choice A is the best answer because it most logically completes the text’s discussion of late nineteenth- and early twentieth-century household food purchases. In this context, “surmised” means formed an idea or assumption with little evidence. The text explains that certain economic historians “assumed” that large and small households spent different amounts on food per person, but that another economist found this supposition to be false based on evidence from available data. This context suggests that the economic historians made an incorrect assumption without enough consideration of evidence. Choice B is incorrect. In this context, “contrived” would mean brought about or created through trickery. Nothing in the text suggests that the economic historians were deliberately trying to trick people with a claim about food purchasing behaviors in late nineteenth- and early twentieth-century households; the text simply suggests that they made an assumption about those behaviors that another historian believes isn’t supported by the available data. Choice C is incorrect because the text indicates that it’s Logan and not the economic historians who “questioned,” or doubted, the assumption that large and small households in the late nineteenth and early twentieth centuries spent different amounts on food per person; the economic historians are the ones who made that assumption to begin with. Choice D is incorrect because nothing in the text suggests that some economic historians “regretted,” or felt sad or remorseful about, the food purchasing behaviors of late nineteenth- and early twentieth-century households. The text focuses on the idea that the economic historians made an assumption about those behaviors that may not be supported by available data, not on the historians’ emotional response to what households did in the past.","","none","{}","","","","","","Words in Context","","import;pdf;section:RW;module:1;source:Copy of Copy of sat-practice-test-3-digital.pdf;page:5;source_question:6;selected:overflow"
"SAT_IMPORTED","pdf_import_v1","import_batch_003","","SAT3_RW_M1_Q04","RW","1","base","4","Craft and Structure","Words in Context","WIC","Words in Context","Words in Context","","1","multiple_choice","The work of Kiowa painter T.C. Cannon derives its power in part from the tension among his _______ influences: classic European portraiture, with its realistic treatment of faces; the American pop art movement, with its vivid colors; and flatstyle, the intertribal painting style that rejects the effect of depth typically achieved through shading and perspective.","Which choice completes the text with the most logical and precise word or phrase?","complementary","unknown","disparate","interchangeable","C","3","Choice C is the best answer because it most logically completes the text’s discussion of the artistic styles that have influenced Cannon’s work. As used in this context, “disparate” means distinct or dissimilar. The text indicates that a tension exists among the styles that have influenced Cannon’s work and goes on to describe how those styles differ: classic European portraiture favors realism, American pop art uses vivid colors, and intertribal flatstyle rejects the use of shading and perspective to achieve depth. This context suggests that the styles that have influenced Cannon’s work are disparate. Choice A is incorrect because the text indicates that there is a tension among the influences on Cannon’s artwork, so it wouldn’t make sense to say that the influences are “complementary,” or that they complete one another or make up for one another’s deficiencies. Choice B is incorrect because it wouldn’t make sense to characterize Cannon’s influences as “unknown,” or not familiar; it’s clear that the influences are known because the text goes on to list them. Choice D is incorrect because the text indicates that there is a tension among the influences on Cannon’s work, not that they are “interchangeable,” or capable of being used in one another’s place.","","none","{}","","","","","","Words in Context","","import;pdf;section:RW;module:1;source:Copy of Copy of sat-practice-test-3-digital.pdf;page:6;source_question:7;selected:overflow"
"SAT_IMPORTED","pdf_import_v1","import_batch_003","","SAT3_RW_M1_Q05","RW","1","base","5","Craft and Structure","Words in Context","WIC","Words in Context","Words in Context","","1","multiple_choice","New and interesting research conducted by Suleiman A. Al-Sweedan and Moath Alhaj is inspired by their observation that though there have been many studies of the effect of high altitude on blood chemistry, there is a _______ studies of the effect on blood chemistry of living in locations below sea level, such as the California towns of Salton City and Seeley.","Which choice completes the text with the most logical and precise word or phrase?","quarrel about","paucity of","profusion of","verisimilitude in","B","2","Choice B is the best answer because it most logically and precisely completes the text’s discussion of studies of altitude’s effect on blood chemistry. In this context, “paucity of” means lack of. In describing the inspiration behind Al- Sweedan and Alhaj’s research, the text uses the word “though” to suggest a contrasting relationship between two types of studies: those examining the effect on blood chemistry of living at a high altitude and those examining the effect on blood chemistry of living in locations below sea level. This contrasting relationship and the text’s use of the word “many” provide context suggesting that there are few, if any, examples of the second type of study, whereas there are numerous examples of the first type. Choice A is incorrect because it wouldn’t make sense in context for there to be a “quarrel about,” or open disagreement about, studies of the effect on blood chemistry of living in locations below sea level. The text’s use of the words “though” and “many” suggests a contrasting relationship in terms of amount between two types of studies: those examining the effect on blood chemistry of living at a high altitude and those examining the effect on blood chemistry of living in locations below sea level. There’s nothing in the text to suggest that the contrast between the two types of studies involves the extent to which researchers broadly agree or disagree about the contents of either type. Choice C is incorrect because it wouldn’t make sense in context for there to be a “profusion of,” or great abundance of, studies of the effect on blood chemistry of living in locations below sea level. The text’s use of the words “though” and “many” suggests a contrasting relationship in terms of amount between two types of studies: those examining the effect on blood chemistry of living at a high altitude and those examining the effect on blood chemistry of living in locations below sea level. Rather than logically completing this contrast, “profusion of” would indicate that the two types of studies are similar in terms of amount, with many examples existing of both types. Choice D is incorrect because it wouldn’t make sense in context for there to be a “verisimilitude in,” or appearance of truth in, studies of the effect on blood chemistry of living in locations below sea level. The text’s use of the words “though” and “many” suggests a contrasting relationship in terms of amount between two types of studies: those examining the effect on blood chemistry of living at a high altitude and those examining the effect on blood chemistry of living in locations below sea level. There’s nothing in the text to suggest that the contrast between the two types of studies involves the extent to which either type of study presents an appearance of truth.","","none","{}","","","","","","Words in Context","","import;pdf;section:RW;module:1;source:Copy of Copy of sat-practice-test-3-digital.pdf;page:6;source_question:8;selected:overflow"
"SAT_IMPORTED","pdf_import_v1","import_batch_003","","SAT3_RW_M1_Q06","RW","1","base","6","Craft and Structure","Text Structure and Purpose","TSP","Text Structure and Purpose","Text Structure and Purpose","","1","multiple_choice","The following text is from Sarah Orne Jewett’s 1899 short story “Martha’s Lady.” Martha is employed by Miss Pyne as a maid.

Miss Pyne sat by the window watching, in her best dress, looking stately and calm; she seldom went out now, and it was almost time for the carriage. Martha was just coming in from the garden with the strawberries, and with more flowers in her apron. It was a bright cool evening in June, the golden robins sang in the elms, and the sun was going down behind the apple-trees at the foot of the garden. The beautiful old house stood wide open to the long-expected guest.","Which choice best states the main purpose of the text?","To convey the worries brought about by a new guest","To describe how the characters have changed over time","To contrast the activity indoors with the stillness outside","To depict the setting as the characters await a visitor’s arrival","D","4","Choice D is the best answer because it most accurately reflects the main purpose of the text. The text portrays Miss Pyne as awaiting the arrival of a carriage while Martha brings strawberries and flowers from the garden into the house. The text also describes the surroundings of the scene, stating that Miss Pyne looks “stately and calm,” the evening is bright and cool, and birds are singing in the garden as the sun sets. Then the last sentence states that the house was “wide open to the long-expected guest,” which strongly suggests that Miss Pyne’s anticipation and Martha’s activities were in preparation for the guest who is expected to arrive in the carriage. Thus, the text depicts the setting and conveys what these characters are doing as they await the arrival of their visitor. Choice A is incorrect because there is nothing in the text to indicate that the characters feel any worry about the guest’s arrival. The text indicates that the guest was “long-expected,“ but characterizing Miss Pyne as “stately and calm” conflicts with the idea that the characters are worried about the guest. Choice B is incorrect because the text describes a moment in time when two characters are awaiting the arrival of a visitor rather than an extended period over which characters could be seen changing. Choice C is incorrect. Although the text describes the activity indoors (Miss Pyne sitting calmly), it describes a higher level of activity, not stillness, outside (Martha bringing fruit and flowers and birds singing).","","none","{}","","","","","","Text Structure and Purpose","","import;pdf;section:RW;module:1;source:Copy of Copy of sat-practice-test-3-digital.pdf;page:6;source_question:9;selected:overflow"
"SAT_IMPORTED","pdf_import_v1","import_batch_003","","SAT3_RW_M1_Q07","RW","1","base","7","Craft and Structure","Text Structure and Purpose","TSP","Text Structure and Purpose","Text Structure and Purpose","","1","multiple_choice","Astronomers are confident that the star Betelgeuse will eventually consume all the helium in its core and explode in a supernova. They are much less confident, however, about when this will happen, since that depends on internal characteristics of Betelgeuse that are largely unknown. Astrophysicist Sarafina El-Badry Nance and colleagues recently investigated whether acoustic waves in the star could be used to determine internal stellar states but concluded that this method could not sufficiently reveal Betelgeuse’s internal characteristics to allow its evolutionary state to be firmly fixed.","Which choice best describes the function of the second sentence in the overall structure of the text?","It explains how the work of Nance and colleagues was received by others in the field.","It presents the central finding reported by Nance and colleagues.","It identifies the problem that Nance and colleagues attempted to solve but did not.","It describes a serious limitation of the method used by Nance and colleagues.","C","3","Choice C is the best answer because it best describes how the second sentence functions in the text as a whole. The first sentence establishes something astronomers believe with some certainty: that Betelgeuse will “explode in a supernova.” The second sentence then introduces a problem: astronomers aren’t certain when Betelgeuse will explode because they don’t have enough information about the star’s internal characteristics. Finally, the third sentence indicates that researcher Sarafina El-Badry Nance and colleagues investigated a possible method of obtaining the necessary information about Betelgeuse’s internal characteristics, though they found that the method wouldn’t be sufficient. Thus, the function of the second sentence is to identify the problem that Nance and colleagues attempted to solve but didn’t. Choice A is incorrect because the second sentence doesn’t indicate how other astronomers or astrophysicists responded to the work done by Nance and colleagues; the text doesn’t address this information at all. Choice B is incorrect because the second sentence introduces the general problem Nance and colleagues hoped to solve, not the central finding they ultimately reported. It’s the third sentence that presents Nance and colleagues’ conclusion that a potential method for determining internal stellar states would be insufficient. Choice D is incorrect because the second sentence introduces the general problem Nance and colleagues hoped to solve, not a serious limitation of how they tried to solve it. It’s the third sentence that introduces Nance and colleagues, but no serious limitation of their approach to studying a method of determining internal stellar states is described.","","none","{}","","","","","","Text Structure and Purpose","","import;pdf;section:RW;module:1;source:Copy of Copy of sat-practice-test-3-digital.pdf;page:7;source_question:10;selected:overflow"
"SAT_IMPORTED","pdf_import_v1","import_batch_003","","SAT3_RW_M1_Q08","RW","1","base","8","Information and Ideas","Central Ideas and Details","CID","Central Ideas and Details","Central Ideas and Details","","1","multiple_choice","The following text is from Jane Austen’s 1811 novel Sense and Sensibility. Elinor lives with her younger sisters and her mother, Mrs. Dashwood.

Elinor, this eldest daughter, whose advice was so effectual, possessed a strength of understanding, and coolness of judgment, which qualified her, though only nineteen, to be the counsellor of her mother, and enabled her frequently to counteract, to the advantage of them all, that eagerness of mind in Mrs. Dashwood which must generally have led to imprudence. She had an excellent heart;—her disposition was affectionate, and her feelings were strong; but she knew how to govern them: it was a knowledge which her mother had yet to learn; and which one of her sisters had resolved never to be taught.","According to the text, what is true about Elinor?","Elinor often argues with her mother but fails to change her mind.","Elinor can be overly sensitive with regard to family matters.","Elinor thinks her mother is a bad role model.","Elinor is remarkably mature for her age.","D","4","Choice D is the best answer because it provides a detail about Elinor that is established in the text. The text indicates that although Elinor is “only nineteen,” she gives good advice and exhibits such a high level of understanding and judgment that she serves as “the counsellor of her mother.” Thus, Elinor is mature beyond her years. Choice A is incorrect because it isn’t supported by the text: although the text says that Elinor advises her mother and often counteracts her mother’s impulses, there’s no mention of Elinor arguing with her mother or failing to change her mother’s mind. Choice B is incorrect because it isn’t supported by the text: although the text mentions that Elinor has strong feelings, it doesn’t indicate that she’s excessively sensitive when it comes to family issues. Choice C is incorrect because it isn’t supported by the text: there’s no mention of what Elinor thinks about her mother and no suggestion that she thinks her mother is a bad role model. Because she’s described as having “an excellent heart,” Elinor likely doesn’t think ill of her mother.","","none","{}","","","","","","Central Ideas and Details","","import;pdf;section:RW;module:1;source:Copy of Copy of sat-practice-test-3-digital.pdf;page:7;source_question:11;selected:overflow"
"SAT_IMPORTED","pdf_import_v1","import_batch_003","","SAT3_RW_M1_Q09","RW","1","base","9","Information and Ideas","Central Ideas and Details","CID","Central Ideas and Details","Central Ideas and Details","","1","multiple_choice","Believing that living in an impractical space can heighten awareness and even improve health, conceptual artists Madeline Gins and Shusaku Arakawa designed an apartment building in Japan to be more fanciful than functional. A kitchen counter is chest-high on one side and knee-high on the other; a ceiling has a door to nowhere. The effect is disorienting but invigorating: after four years there, filmmaker Nobu Yamaoka reported significant health benefits.","Which choice best states the main idea of the text?","Although inhabiting a home surrounded by fanciful features such as those designed by Gins and Arakawa can be rejuvenating, it is unsustainable.","Designing disorienting spaces like those in the Gins and Arakawa building is the most effective way to create a physically stimulating environment.","As a filmmaker, Yamaoka has long supported the designs of conceptual artists such as Gins and Arakawa.","Although impractical, the design of the apartment building by Gins and Arakawa may improve the well-being of the building’s residents.","D","4","Choice D is the best answer because it most accurately states the main idea of the text. According to the text, conceptual artists Gins and Arakawa have designed an apartment building that is disorienting because of several unconventional elements, such as uneven kitchen counters and “a door to nowhere.” The text goes on to suggest that there may be benefits to this kind of design because filmmaker Yamaoka lived in the apartment building for four years and reported health benefits. Thus, although the design is impractical, it may improve the well-being of the apartment building’s residents. Choice A is incorrect. Although the text mentions that Yamaoka lived in the apartment for four years, it doesn’t address how long someone can beneficially live in a home surrounded by fanciful features or whether doing so can be sustained. Choice B is incorrect. Although the text mentions the potential benefits of living in a home with disorienting design features, it doesn’t suggest that this is the most effective method to create a physically stimulating environment. Choice C is incorrect because the text refers to Yamaoka to support the claim that Gins and Arakawa’s apartment building design may be beneficial, but the text doesn’t indicate that Yamaoka supports the designs of other conceptual artists.","","none","{}","","","","","","Central Ideas and Details","","import;pdf;section:RW;module:1;source:Copy of Copy of sat-practice-test-3-digital.pdf;page:8;source_question:12;selected:overflow"
"SAT_IMPORTED","pdf_import_v1","import_batch_003","","SAT3_RW_M1_Q10","RW","1","base","10","Information and Ideas","Command of Evidence","COE","Command of Evidence","Command of Evidence","","1","multiple_choice","In a research paper, a student criticizes some historians of modern African politics, claiming that they have evaluated Patrice Lumumba, the first prime minister of what is now the Democratic Republic of the Congo, primarily as a symbol rather than in terms of his actions.","Which quotation from a work by a historian would best illustrate the student’s claim?","“Lumumba is a difficult figure to evaluate due to the starkly conflicting opinions he inspired during his life and continues to inspire today.”","“The available information makes it clear that Lumumba’s political beliefs and values were largely consistent throughout his career.”","“Lumumba’s practical accomplishments can be passed over quickly; it is mainly as the personification of Congolese independence that he warrants scholarly attention.”","“Many questions remain about Lumumba’s ultimate vision for an independent Congo; without new evidence coming to light, these questions are likely to remain unanswered.”","C","3","Choice C is the best answer because it illustrates the student’s claim about some historians viewing Lumumba primarily as a symbol. This quotation argues that Lumumba “warrants” (or deserves) “scholarly attention” as a symbol and not for his “practical accomplishments”—that is, his actions as prime minister— which “can be passed over quickly,” or dismissed as being of comparatively little importance. Thus, the quotation expresses the view that the student criticizes some historians for holding. Choice A is incorrect. Although this quotation touches on the difficulty of evaluating Lumumba’s legacy, it doesn’t address how historians of modern African politics view him as a symbol. Choice B is incorrect. While this quotation mentions Lumumba’s political beliefs, it doesn’t discuss historians viewing him as a symbol. Choice D is incorrect. This quotation touches on Lumumba’s vision for his country, but it doesn’t discuss historians viewing him as a symbol.","","none","{}","","","","","","Command of Evidence","","import;pdf;section:RW;module:1;source:Copy of Copy of sat-practice-test-3-digital.pdf;page:8;source_question:13;selected:overflow"
"SAT_IMPORTED","pdf_import_v1","import_batch_003","","SAT3_RW_M1_Q11","RW","1","base","11","Information and Ideas","Command of Evidence","COE","Command of Evidence","Command of Evidence","","1","multiple_choice","Given that stars and planets initially form from the same gas and dust in space, some astronomers have posited that host stars (such as the Sun) and their planets (such as those in our solar system) are composed of the same materials, with the planets containing equal or smaller quantities of the materials that make up the host star. This idea is also supported by evidence that rocky planets in our solar system are composed of some of the same materials as the Sun.","Which finding, if true, would most directly weaken the astronomers’ claim?","Most stars are made of hydrogen and helium, but when cooled they are revealed to contain small amounts of iron and silicate.","A nearby host star is observed to contain the same proportion of hydrogen and helium as that of the Sun.","Evidence emerges that the amount of iron in some rocky planets is considerably higher than the amount in their host star.","The method for determining the composition of rocky planets is discovered to be less effective when used to analyze other kinds of planets.","C","3","Choice C is the best answer because it presents a finding that, if true, would weaken the astronomers’ claim about the makeup of host stars and their planets. The text explains that because stars and planets begin forming from the same gas and dust, astronomers believe planets should be composed of the same materials as their host stars, but in equal or smaller quantities. The finding that the amount of iron in some rocky planets is much higher than the amount in their host star would weaken the astronomers’ claim because it would show that some planets contain the same material as their host star, but in higher quantities. Choice A is incorrect because a finding only about the makeup of stars, whether they’ve cooled or not, would provide no information about the makeup of planets. Thus, it wouldn’t have any bearing on the claim that planets and their host stars are composed of the same materials in differing quantities. Choice B is incorrect because a finding about two host stars having similar proportions of certain materials wouldn’t provide any information about the makeup of planets. Thus, it wouldn’t be relevant to the claim that planets and their host stars are composed of the same materials in differing quantities. Choice D is incorrect because the text indicates that the astronomers’ claim is based on a fact—that stars and planets begin forming from the same gas and dust in space—which would remain true regardless of the effectiveness of a method for analysis of compositions. The text does cite analysis of rocky planets in our solar system and the Sun, but only as a single piece of evidence that is consistent with the claim and not as the source of the claim; the finding that the method used for that analysis is less effective in other scenarios wouldn’t weaken a claim that’s based on knowledge of how stars and planets initially form.","","none","{}","","","","","","Command of Evidence","","import;pdf;section:RW;module:1;source:Copy of Copy of sat-practice-test-3-digital.pdf;page:10;source_question:15;selected:overflow"
"SAT_IMPORTED","pdf_import_v1","import_batch_003","","SAT3_RW_M1_Q12","RW","1","base","12","Information and Ideas","Command of Evidence","COE","Command of Evidence","Command of Evidence","","1","multiple_choice","In the twentieth century, ethnographers made a concerted effort to collect Mexican American folklore, but they did not always agree about that folklore’s origins. Scholars such as Aurelio Espinosa claimed that Mexican American folklore derived largely from the folklore of Spain, which ruled Mexico and what is now the southwestern United States from the sixteenth to early nineteenth centuries. Scholars such as Américo Paredes, by contrast, argued that while some Spanish influence is undeniable, Mexican American folklore is mainly the product of the ongoing interactions of various cultures in Mexico and the United States.","Which finding, if true, would most directly support Paredes’s argument?","The folklore that the ethnographers collected included several songs written in the form of a décima, a type of poem originating in late sixteenth-century Spain.","Much of the folklore that the ethnographers collected had similar elements from region to region.","Most of the folklore that the ethnographers collected was previously unknown to scholars.","Most of the folklore that the ethnographers collected consisted of corridos—ballads about history and social life—of a clearly recent origin.","D","4","Choice D is the best answer because it presents a finding that, if true, would support Paredes’s argument about the origin of Mexican American folklore. The text describes a disagreement among scholars about whether Mexican American folklore mostly derived from the folklore of Spain (the view held by Espinosa and others) or originated in Mexico and the United States through ongoing cultural interactions there (the view held by Paredes and others). If Mexican American folklore collected in the twentieth century mostly consists of ballads about history and social life that originated recently, then that would support Paredes’s argument by suggesting that the folklore mostly arose after Spanish rule ended in the early nineteenth century and that the folklore reflects cultural interactions in Mexico and the United States rather than traditions from Spain. Choice A is incorrect because the inclusion of songs influenced by sixteenth-century Spanish poetry among Mexican American folklore collected in the twentieth century would not support Paredes’s view that the folklore was the result of cultural interactions in Mexico and the United States rather than an offshoot of Spanish folklore. If anything, the presence of such songs among the folklore collected in the twentieth century would weaken Paredes’s argument, since it would reflect the influence of Spanish culture on the folklore. Choice B is incorrect because the mere presence of similarities in Mexican American folklore across regions would not be sufficient to draw a conclusion about where the folklore originated, let alone to support Paredes’s argument that the folklore reflects various cultural interactions in Mexico and the United States. In fact, Paredes would likely expect there to be regional variations in folklore as different cultures have interacted in different places. Choice C is incorrect because scholars’ previous ignorance of the folklore would have no bearing on Paredes’s argument that Mexican American folklore mostly reflects cultural interactions in Mexico and the United States; the folklore’s actual origins exist regardless of the scholars’ awareness.","","none","{}","","","","","","Command of Evidence","","import;pdf;section:RW;module:1;source:Copy of Copy of sat-practice-test-3-digital.pdf;page:10;source_question:16;selected:overflow"
"SAT_IMPORTED","pdf_import_v1","import_batch_003","","SAT3_RW_M1_Q13","RW","1","base","13","Information and Ideas","Inferences","INF","Inferences","Inferences","","1","multiple_choice","In the early nineteenth century, some Euro-American farmers in the northeastern United States used agricultural techniques developed by the Haudenosaunee (Iroquois) people centuries earlier, but it seems that few of those farmers had actually seen Haudenosaunee farms firsthand. Barring the possibility of several farmers of the same era independently developing techniques that the Haudenosaunee people had already invented, these facts most strongly suggest that _______","Which choice most logically completes the text?","those farmers learned the techniques from other people who were more directly influenced by Haudenosaunee practices.","the crops typically cultivated by Euro-American farmers in the northeastern United States were not well suited to Haudenosaunee farming techniques.","Haudenosaunee farming techniques were widely used in regions outside the northeastern United States.","Euro-American farmers only began to recognize the benefits of Haudenosaunee farming techniques late in the nineteenth century.","A","1","Choice A is the best answer because it most logically completes the text’s discussion of Euro-American farmers’ use of Haudenosaunee agricultural techniques. According to the text, some Euro-American farmers were using these techniques in the early nineteenth century despite few of the farmers having seen Haudenosaunee farms. One explanation for these facts might be that the farmers developed techniques on their own that already had been invented centuries earlier by the Haudenosaunee people, but the text explicitly bars, or rules out, this explanation. If Euro-American farmers didn’t learn these techniques from direct observation of Haudenosaunee practices and didn’t invent the techniques independently, then the most logical explanation is that they learned the techniques from other people who were more directly influenced by Haudenosaunee practices than the farmers themselves were. Once they learned about Haudenosaunee agricultural practices, Euro-American farmers could then apply those practices to their own farming. Choice B is incorrect because the fact that some Euro-American farmers in the northeastern United States were using Haudenosaunee techniques suggests that the techniques were likely useful for the crops the farmers raised, not that the crops typically cultivated by the farmers were not well suited to Haudenosaunee farming techniques. If the farmers’ crops were ill suited to the techniques, it’s unlikely that the farmers would have used those techniques. Choice C is incorrect because the text indicates only that Haudenosaunee agricultural techniques were used by Euro-American farmers in the northeastern United States, not that these techniques were widely used outside this region. Choice D is incorrect because the text states that some Euro-American farmers were using Haudenosaunee farming techniques early in the nineteenth century. This suggests that some Euro- American farmers were beginning to recognize the benefits of these techniques near the start of the century, not that such farmers only began to recognize the benefits of the techniques much later.","","none","{}","","","","","","Inferences","","import;pdf;section:RW;module:1;source:Copy of Copy of sat-practice-test-3-digital.pdf;page:11;source_question:17;selected:overflow"
"SAT_IMPORTED","pdf_import_v1","import_batch_003","","SAT3_RW_M1_Q14","RW","1","base","14","Standard English Conventions","Form, Structure, and Sense","FSS","Form, Structure, and Sense","Form, Structure, and Sense","","1","multiple_choice","A member of the Cherokee Nation, Mary Golda Ross is renowned for her contributions to NASA’s Planetary Flight Handbook, which _______ detailed mathematical guidance for missions to Mars and Venus.","Which choice completes the text so that it conforms to the conventions of Standard English?","provided","having provided","to provide","providing","A","1","Choice A is the best answer. The convention being tested is the use of finite and nonfinite verb forms within a sentence. Relative clauses, such as the one beginning with “which,” require a finite verb, a verb that can function as the main verb of a clause. This choice correctly supplies the clause with the finite past tense verb “provided.” Choice B is incorrect because the nonfinite participle “having provided” doesn’t supply the clause with a finite verb. Choice C is incorrect because the nonfinite to-infinitive “to provide” doesn’t supply the clause with a finite verb. Choice D is incorrect because the nonfinite participle “providing” doesn’t supply the clause with a finite verb.","","none","{}","","","","","","Form, Structure, and Sense","","import;pdf;section:RW;module:1;source:Copy of Copy of sat-practice-test-3-digital.pdf;page:12;source_question:20;selected:overflow"
"SAT_IMPORTED","pdf_import_v1","import_batch_003","","SAT3_RW_M1_Q15","RW","1","base","15","Standard English Conventions","Boundaries","BND","Boundaries","Boundaries","","1","multiple_choice","Typically, underlines, scribbles, and notes left in the margins by a former owner lower a book’s _______ when the former owner is a famous poet like Walt Whitman, such markings, known as marginalia, can be a gold mine to literary scholars.","Which choice completes the text so that it conforms to the conventions of Standard English?","value, but","value","value,","value but","A","1","Choice A is the best answer. The convention being tested is the coordination of clauses within a sentence. This choice correctly uses a comma and the coordinating conjunction “but” to join a main clause (“Typically…value”) and a subordinate clause (“when…Whitman”) that precedes a main clause (“such… scholars”). Choice B is incorrect because it results in a run-on sentence. A main clause is fused without punctuation and/or a conjunction to a subordinate clause that precedes a main clause. Choice C is incorrect because it results in a comma splice. A comma can’t be used in this way to mark the boundary between a main clause and a subordinate clause that precedes a main clause. Choice D is incorrect. Without a comma preceding it, the conjunction “but” can’t be used in this way to join a main clause and a subordinate clause that precedes a main clause.","","none","{}","","","","","","Boundaries","","import;pdf;section:RW;module:1;source:Copy of Copy of sat-practice-test-3-digital.pdf;page:13;source_question:21;selected:overflow"
"SAT_IMPORTED","pdf_import_v1","import_batch_003","","SAT3_RW_M1_Q16","RW","1","base","16","Standard English Conventions","Boundaries","BND","Boundaries","Boundaries","","1","multiple_choice","After the United Kingdom began rolling out taxes equivalent to a few cents on single-use plastic grocery bags in 2011, plastic-bag consumption decreased by up to ninety _______ taxes are subject to what economists call the “rebound effect”: as the change became normalized, plastic-bag use started to creep back up.","Which choice completes the text so that it conforms to the conventions of Standard English?","percent, such","percent and such","percent. Such","percent such","C","3","Choice C is the best answer. The convention being tested is punctuation use between sentences. In this choice, the period after “percent” is used correctly to mark the boundary between one sentence (“After… percent”) and another (“Such…up”). Choice A is incorrect because it results in a comma splice. A comma can’t be used in this way to mark the boundary between sentences. Choice B is incorrect. Without a comma preceding it, the conjunction “and” can’t be used in this way to join sentences. Choice D is incorrect because it results in a run-on sentence. The sentences (“After…percent” and “Such…up”) are fused without punctuation and/or a conjunction.","","none","{}","","","","","","Boundaries","","import;pdf;section:RW;module:1;source:Copy of Copy of sat-practice-test-3-digital.pdf;page:13;source_question:22;selected:overflow"
"SAT_IMPORTED","pdf_import_v1","import_batch_003","","SAT3_RW_M1_Q17","RW","1","base","17","Standard English Conventions","Boundaries","BND","Boundaries","Boundaries","","1","multiple_choice","As British scientist Peter Whibberley has observed, “the Earth is not a very good timekeeper.” Earth’s slightly irregular rotation rate means that measurements of time must be periodically adjusted. Specifically, an extra “leap second” (the 86,401st second of the day) is _______ time based on the planet’s rotation lags a full nine-tenths of a second behind time kept by precise atomic clocks.","Which choice completes the text so that it conforms to the conventions of Standard English?","added, whenever","added; whenever","added. Whenever","added whenever","D","4","Choice D is the best answer. The convention being tested is punctuation between a verb and a preposition. When, as in this case, a verb (“is added”) is immediately followed by a preposition (“whenever”), no punctuation is needed. Choice A is incorrect because no punctuation is needed between the verb and the preposition. Choice B is incorrect because no punctuation is needed between the verb and the preposition. Choice C is incorrect because no punctuation is needed between the verb and the preposition.","","none","{}","","","","","","Boundaries","","import;pdf;section:RW;module:1;source:Copy of Copy of sat-practice-test-3-digital.pdf;page:13;source_question:23;selected:overflow"
"SAT_IMPORTED","pdf_import_v1","import_batch_003","","SAT3_RW_M1_Q18","RW","1","base","18","Standard English Conventions","Boundaries","BND","Boundaries","Boundaries","","1","multiple_choice","Bengali author Toru Dutt’s A Sheaf Gleaned in French Fields (1876), a volume of English translations of French poems, _______ scholars’ understanding of the transnational and multilingual contexts in which Dutt lived and worked.","Which choice completes the text so that it conforms to the conventions of Standard English?","has enhanced","are enhancing","have enhanced","enhance","A","1","Choice A is the best answer. The convention being tested is subject-verb agreement. The singular verb “has enhanced” agrees in number with the singular subject “A Sheaf Gleaned in French Fields,” which is the title of a book of poems. Choice B is incorrect because the plural verb “are enhancing” doesn’t agree in number with the singular subject “A Sheaf Gleaned in French Fields.” Choice C is incorrect because the plural verb “have enhanced” doesn’t agree in number with the singular subject “A Sheaf Gleaned in French Fields.” Choice D is incorrect because the plural verb “enhance” doesn’t agree in number with the singular subject “A Sheaf Gleaned in French Fields.”","","none","{}","","","","","","Boundaries","","import;pdf;section:RW;module:1;source:Copy of Copy of sat-practice-test-3-digital.pdf;page:13;source_question:24;selected:overflow"
"SAT_IMPORTED","pdf_import_v1","import_batch_003","","SAT3_RW_M1_Q19","RW","1","base","19","Standard English Conventions","Boundaries","BND","Boundaries","Boundaries","","1","multiple_choice","Journalists have dubbed Gil Scott-Heron the “godfather of rap,” a title that has appeared in hundreds of articles about him since the 1990s. Scott-Heron himself resisted the godfather _______ feeling that it didn’t encapsulate his devotion to the broader African American blues music tradition as well as “bluesologist,” the moniker he preferred.","Which choice completes the text so that it conforms to the conventions of Standard English?","nickname, however","nickname, however;","nickname, however,","nickname; however,","C","3","Choice C is the best answer. The convention being tested is punctuation use between a main clause and two supplementary elements. In this choice, the commas after “nickname” and “however” are correctly used to separate the supplementary adverb “however” from the main clause (“Scott-Heron… nickname”) on one side and the supplementary participial phrase (“feeling… bluesologist”) on the other. Choice A is incorrect because it fails to mark the boundary between the supplementary adverb “however” and the supplementary phrase (“feeling… bluesologist”). Choice B is incorrect because a semicolon can’t be used in this way to join the supplementary adverb “however” and the supplementary phrase (“feeling…bluesologist”). Choice D is incorrect because a semicolon can’t be used in this way to join the main clause (“Scott-Heron…nickname”) and the supplementary word and phrase (“however” and “feeling…bluesologist”). Moreover, placing the semicolon after “nickname” illogically signals that the following information (Scott-Heron’s feeling that the nickname didn’t encapsulate his devotion to the blues tradition) is contrary to the information in the previous clause (Scott-Heron’s resistance to the nickname).","","none","{}","","","","","","Boundaries","","import;pdf;section:RW;module:1;source:Copy of Copy of sat-practice-test-3-digital.pdf;page:14;source_question:25;selected:overflow"
"SAT_IMPORTED","pdf_import_v1","import_batch_003","","SAT3_RW_M1_Q20","RW","1","base","20","Standard English Conventions","Boundaries","BND","Boundaries","Boundaries","","1","multiple_choice","From afar, African American fiber artist Bisa Butler’s portraits look like paintings, their depictions of human faces, bodies, and clothing so intricate that it seems only a fine brush could have rendered them. When viewed up close, however, the portraits reveal themselves to be _______ stitching barely visible among the thousands of pieces of printed, microcut fabric.","Which choice completes the text so that it conforms to the conventions of Standard English?","quilts, and the","quilts, the","quilts; the","quilts. The","B","2","Choice B is the best answer. The convention being tested is punctuation use between a main clause and a supplementary phrase. This choice correctly uses a comma to mark the boundary between the main clause (“the portraits...quilts”) and the supplementary noun phrase (“the stitching...fabric”) that provides a further description of how the portraits can be identified as quilts. Choice A is incorrect. A comma and the conjunction “and” can’t be used in this way to join a main clause and a supplementary noun phrase. Choice C is incorrect because a semicolon can’t be used in this way to join a main clause and a supplementary noun phrase. Choice D is incorrect because it results in a rhetorically unacceptable sentence fragment beginning with “the stitching.”","","none","{}","","","","","","Boundaries","","import;pdf;section:RW;module:1;source:Copy of Copy of sat-practice-test-3-digital.pdf;page:14;source_question:26;selected:overflow"
"SAT_IMPORTED","pdf_import_v1","import_batch_003","","SAT3_RW_M1_Q21","RW","1","base","21","Expression of Ideas","Transitions","TRN","Transitions","Transitions","","1","multiple_choice","Most conifers (trees belonging to the phylum Coniferophyta) are evergreen. That is, they keep their green leaves or needles year-round. However, not all conifer species are evergreen. Larch trees, _______ lose their needles every fall.","Which choice completes the text with the most logical transition?","for instance,","nevertheless,","meanwhile,","in addition,","A","1","Choice A is the best answer. “For instance” logically signals that the information in this sentence—that larch trees lose their needles every fall—is an example supporting the claim in the previous sentence (that not all conifer species keep their leaves or needles year-round). Choice B is incorrect because “nevertheless” illogically signals that the information in this sentence is true in spite of the claim about conifer species in the previous sentence. Instead, it’s an example supporting that claim. Choice C is incorrect because “meanwhile” illogically signals that the information in this sentence is separate from (while occurring simultaneously with) the claim about conifer species in the previous sentence. Instead, it’s an example supporting that claim. Choice D is incorrect because “in addition” illogically signals that the information in this sentence is merely an additional fact related to the claim about conifer species in the previous sentence. Instead, it’s an example supporting that claim.","","none","{}","","","","","","Transitions","","import;pdf;section:RW;module:1;source:Copy of Copy of sat-practice-test-3-digital.pdf;page:14;source_question:27;selected:overflow"
"SAT_IMPORTED","pdf_import_v1","import_batch_003","","SAT3_RW_M1_Q22","RW","1","base","22","Expression of Ideas","Rhetorical Synthesis","RHS","Rhetorical Synthesis","Rhetorical Synthesis","","1","multiple_choice","While researching a topic, a student has taken the following notes:

- Sam Maloof (1916–2009) was an American woodworker and furniture designer.
- He was the son of Lebanese immigrants.
- He received a “genius grant” from the John D. and Catherine T. MacArthur Foundation in 1985.
- The Museum of Fine Arts in Boston, Massachusetts, owns a rocking chair that Maloof made from walnut wood.
- The armrests and the seat of the chair are sleek and contoured, and the back consists of seven spindle-like slats.","The student wants to describe the rocking chair to an audience unfamiliar with Sam Maloof. Which choice most effectively uses relevant information from the notes to accomplish this goal?","With its sleek, contoured armrests and seat, the walnut rocking chair in Boston’s Museum of Fine Arts is just one piece of furniture created by American woodworker Sam Maloof.","Sam Maloof was born in 1916 and died in 2009, and during his life, he made a chair that you can see if you visit the Museum of Fine Arts in Boston.","Furniture designer Sam Maloof was a recipient of one of the John D. and Catherine T. MacArthur Foundation’s “genius grants.”","The rocking chair is made from walnut, and it has been shaped such that its armrests and seat are sleek and contoured.","A","1","Choice A is the best answer. The sentence effectively describes the rocking chair to an audience unfamiliar with Sam Maloof, noting its sleek, contoured armrests and seat and explaining that Sam Maloof (the walnut chair’s creator) was an American woodworker. Choice B is incorrect. While the sentence explains who Sam Maloof was and mentions a chair, it doesn’t describe the chair. Choice C is incorrect. While the sentence explains who Sam Maloof was, it doesn’t describe the rocking chair. Choice D is incorrect. While the sentence describes the rocking chair, it doesn’t explain who Sam Maloof was.","","none","{}","","","","","","Rhetorical Synthesis","","import;pdf;section:RW;module:1;source:Copy of Copy of sat-practice-test-3-digital.pdf;page:15;source_question:28;selected:overflow"
"SAT_IMPORTED","pdf_import_v1","import_batch_003","","SAT3_RW_M1_Q23","RW","1","base","23","Expression of Ideas","Rhetorical Synthesis","RHS","Rhetorical Synthesis","Rhetorical Synthesis","","1","multiple_choice","While researching a topic, a student has taken the following notes:

- In the late 1890s, over 14,000 unique varieties of apples were grown in the US.
- The rise of industrial agriculture in the mid-1900s narrowed the range of commercially grown crops.
- Thousands of apple varieties considered less suitable for commercial growth were lost.
- Today, only 15 apple varieties dominate the market, making up 90% of apples purchased in the US.
- The Lost Apple Project, based in Washington State, attempts to find and grow lost apple varieties.","The student wants to emphasize the decline in unique apple varieties in the US and specify why this decline occurred. Which choice most effectively uses relevant information from the notes to accomplish these goals?","The Lost Apple Project is dedicated to finding some of the apple varieties lost following a shift in agricultural practices in the mid-1900s.","While over 14,000 apple varieties were grown in the US in the late 1890s, only 15 unique varieties make up most of the apples sold today.","Since the rise of industrial agriculture, US farmers have mainly grown the same few unique apple varieties, resulting in the loss of thousands of varieties less suitable for commercial growth.","As industrial agriculture rose to prominence in the mid-1900s, the number of crops selected for cultivation decreased dramatically.","C","3","Choice C is the best answer. The sentence emphasizes the decline in unique apple varieties in the US and specifies why this decline occurred, noting that thousands of apple varieties were lost because US farmers started mainly growing the same few unique varieties. Choice A is incorrect. The sentence introduces the Lost Apple Project; it doesn’t emphasize the decline in unique apple varieties in the US and specify why this decline occurred. Choice B is incorrect. While the sentence emphasizes the decline in unique apple varieties in the US, it doesn’t explain why this decline occurred. Choice D is incorrect. The sentence emphasizes the general decline of crop varieties in the mid-1900s; it doesn’t emphasize the specific decline in unique apple varieties in the US.","","none","{}","","","","","","Rhetorical Synthesis","","import;pdf;section:RW;module:1;source:Copy of Copy of sat-practice-test-3-digital.pdf;page:15;source_question:29;selected:overflow"
"SAT_IMPORTED","pdf_import_v1","import_batch_003","","SAT3_RW_M1_Q24","RW","1","base","24","Expression of Ideas","Rhetorical Synthesis","RHS","Rhetorical Synthesis","Rhetorical Synthesis","","1","multiple_choice","While researching a topic, a student has taken the following notes:

- Cecilia Vicuña is a multidisciplinary artist.
- In 1971, her first solo art exhibition, Pinturas, poemas y explicaciones, was shown at the Museo Nacional de Bellas Artes in Santiago, Chile.
- Her poetry collection Precario/Precarious was published in 1983 by Tanam Press.
- Her poetry collection Instan was published in 2002 by Kelsey St. Press.
- She lives part time in Chile, where she was born, and part time in New York.","The student wants to introduce the artist’s 1983 poetry collection. Which choice most effectively uses relevant information from the notes to accomplish this goal?","Before she published the books Precario/Precarious (1983) and Instan (2002), Cecilia Vicuña exhibited visual art at the Museo Nacional de Bellas Artes in Santiago, Chile.","Cecilia Vicuña is a true multidisciplinary artist whose works include numerous poetry collections and visual art exhibitions.","Published in 1983 by Tanam Press, Precario/Precarious is a collection of poetry by the multidisciplinary artist Cecilia Vicuña.","In 1971, Cecilia Vicuña exhibited her first solo art exhibition, Pinturas, poemas y explicaciones, in Chile, her country of birth.","C","3","Choice C is the best answer. The sentence effectively introduces the poetry collection Precario/Precarious, noting that it is a collection by Vicuña that was published in 1983 by Tanam Press. Choice A is incorrect. While the sentence mentions the 1983 poetry collection Precario/Precarious, it focuses mainly on Vicuña’s visual art. Choice B is incorrect. The sentence doesn’t introduce the 1983 poetry collection Precario/Precarious; instead, it introduces Vicuña. Choice D is incorrect. The sentence emphasizes the location of Vicuña’s 1971 exhibition Pinturas, poemas y explicaciones; it doesn’t introduce the 1983 poetry collection Precario/Precarious.","","none","{}","","","","","","Rhetorical Synthesis","","import;pdf;section:RW;module:1;source:Copy of Copy of sat-practice-test-3-digital.pdf;page:16;source_question:30;selected:overflow"
"SAT_IMPORTED","pdf_import_v1","import_batch_003","","SAT3_RW_M1_Q25","RW","1","base","25","Expression of Ideas","Rhetorical Synthesis","RHS","Rhetorical Synthesis","Rhetorical Synthesis","","1","multiple_choice","While researching a topic, a student has taken the following notes:

- When medical students mention their patients on social media, they may violate patient confidentiality.
- Terry Kind led a study to determine how many medical schools have student policies that mention social media use.
- Kind and her team reviewed 132 medical school websites, examining publicly available student policies.
- Only thirteen medical schools had guidelines that explicitly mention social media, and only five defined what constitutes acceptable social media use.","The student wants to emphasize the study’s methodology. Which choice most effectively uses relevant information from the notes to accomplish this goal?","The student policies of 132 medical schools can be found online, according to research by Terry Kind.","To find out how many medical schools have guidelines about student social media use, Terry Kind and her team examined the student policies of 132 medical schools.","Out of 132 medical schools, only thirteen had student policies that mentioned social media, and only five specified what use was acceptable.","Terry Kind and her team wanted to know how many medical schools have student social media policies in place about protecting patient confidentiality.","B","2","Choice B is the best answer. The sentence effectively emphasizes Kind’s methodology: examining the student policies of 132 medical schools for guidelines about student social media use. Choice A is incorrect. The sentence specifies how many medical schools’ student policies are available online; it doesn’t emphasize the study’s methodology. Choice C is incorrect. The sentence emphasizes the study’s results, not the study’s methodology. Choice D is incorrect. The sentence emphasizes the aim of the study, not the study’s methodology.","","none","{}","","","","","","Rhetorical Synthesis","","import;pdf;section:RW;module:1;source:Copy of Copy of sat-practice-test-3-digital.pdf;page:16;source_question:31;selected:overflow"
"SAT_IMPORTED","pdf_import_v1","import_batch_003","","SAT3_RW_M1_Q26","RW","1","base","26","Expression of Ideas","Rhetorical Synthesis","RHS","Rhetorical Synthesis","Rhetorical Synthesis","","1","multiple_choice","While researching a topic, a student has taken the following notes:

- The Gullah are a group of African Americans who have lived in parts of the southeastern United States since the 18th century.
- Gullah culture is influenced by West African and Central African traditions.
- Louise Miller Cohen is a Gullah historian, storyteller, and preservationist.
- She founded the Gullah Museum of Hilton Head Island, South Carolina, in 2003.
- Vermelle Rodrigues is a Gullah historian, artist, and preservationist.
- She founded the Gullah Museum of Georgetown, South Carolina, in 2003.","The student wants to emphasize the duration and purpose of Cohen’s and Rodrigues’s work. Which choice most effectively uses relevant information from the notes to accomplish this goal?","At the Gullah Museums in Hilton Head Island and Georgetown, South Carolina, visitors can learn more about the Gullah people who have lived in the region for centuries.","Louise Miller Cohen and Vermelle Rodrigues have worked to preserve the culture of the Gullah people, who have lived in the United States since the 18th century.","Since 2003, Louise Miller Cohen and Vermelle Rodrigues have worked to preserve Gullah culture through their museums.","Influenced by the traditions of West and Central Africa, Gullah culture developed in parts of the southeastern United States in the 18th century.","C","3","Choice C is the best answer. The sentence emphasizes both the duration (the length of time) and the purpose of Cohen’s and Rodrigues’s work by noting that the women have been working since 2003 to preserve Gullah culture. Choice A is incorrect. While the sentence emphasizes what visitors to Cohen’s and Rodrigues’s museums can learn, it doesn’t mention the duration or purpose of the women’s work. Choice B is incorrect. While the sentence emphasizes the purpose of Cohen’s and Rodrigues’s work, it doesn’t mention the duration of that work (the length of time the women have been working to preserve Gullah culture). Choice D is incorrect. While the sentence emphasizes where and when Gullah culture developed, it doesn’t mention the duration or purpose of Cohen’s and Rodrigues’s work.","","none","{}","","","","","","Rhetorical Synthesis","","import;pdf;section:RW;module:1;source:Copy of Copy of sat-practice-test-3-digital.pdf;page:17;source_question:32;selected:overflow"
"SAT_IMPORTED","pdf_import_v1","import_batch_003","","SAT3_RW_M1_Q27","RW","1","base","27","Expression of Ideas","Rhetorical Synthesis","RHS","Rhetorical Synthesis","Rhetorical Synthesis","","1","multiple_choice","While researching a topic, a student has taken the following notes:

- In North America, woodlands have expanded into areas that were once grasslands.
- Thomas Rogers and F. Leland Russell of Wichita State University investigated whether woodland expansion is related to changes in climate.
- Rogers and Russell analyzed core samples from oak trees on a site that was not wooded in the past and indexed the age of the trees with historical climate data to see if tree populations and climate were correlated.
- Tree population growth was associated with dry intervals.
- Droughts may have played a role in woodland expansion.","The student wants to emphasize the aim of the research study. Which choice most effectively uses relevant information from the notes to accomplish this goal?","Thomas Rogers and F. Leland Russell, researchers at Wichita State University, wanted to know if woodland expansion is related to changes in climate.","Thanks to the work done by Thomas Rogers and F. Leland Russell, we now know that droughts may have played a role in woodland expansion.","Wichita State University researchers have determined that tree population growth was associated with dry intervals.","Thomas Rogers and F. Leland Russell analyzed core samples from oak trees on a site that was not wooded in the past, indexing the age of the trees with historical climate data.","A","1","Choice A is the best answer. The sentence effectively emphasizes the aim, or goal, of the research study (in other words, what the researchers hoped to learn from the study): Rogers and Russell wanted to know if woodland expansion is related to changes in climate. Choice B is incorrect. The sentence emphasizes the researchers’ findings; it doesn’t emphasize the aim of the study. Choice C is incorrect. The sentence emphasizes the results of the study; it doesn’t emphasize the aim. Choice D is incorrect. The sentence emphasizes the methodology of the study; it doesn’t emphasize the aim.","","none","{}","","","","","","Rhetorical Synthesis","","import;pdf;section:RW;module:1;source:Copy of Copy of sat-practice-test-3-digital.pdf;page:17;source_question:33;selected:overflow"
"SAT_IMPORTED","pdf_import_v1","import_batch_003","","SAT3_RW_M2_Q01","RW","2","hard","1","Craft and Structure","Words in Context","WIC","Words in Context","Words in Context","","1","multiple_choice","Nigerian American author Teju Cole’s _______ his two passions—photography and the written word—culminates in his 2017 book, Blind Spot, which evocatively combines his original photographs from his travels with his poetic prose.","Which choice completes the text with the most logical and precise word or phrase?","indifference to","enthusiasm for","concern about","surprise at","B","2","Choice B is the best answer because it most logically completes the text’s discussion of Cole’s book Blind Spot. In this context, “enthusiasm for” means excitement about. The text explains that Blind Spot consists of original photographs as well as poetic prose—two elements that correspond to Cole’s passions, identified in the text, for photography and the written word. This context suggests that Cole’s excitement about photography and writing led him to create a book that successfully combines the two mediums. Choice A is incorrect because describing Cole as feeling “indifference to” his two passions wouldn’t make sense in context. If Cole is indifferent to his passions, that would mean he doesn’t care about photography or writing—in which case they wouldn’t be his passions at all. Choice C is incorrect because there’s nothing in the text to suggest that Cole feels “concern about,” or uneasiness about, his passions. The text’s use of the word “culminates” indicates that Blind Spot represents a triumphant climax of Cole’s passions, not a work that results from his sense of discomfort with photography and writing. Choice D is incorrect because there’s nothing in the text to suggest that Cole feels “surprise at,” or astonished by, his passions. The text indicates that Cole’s feeling about his passions “culminates” in a book that “evocatively” combines photographs and writing, suggesting that Cole has a long-standing and skillful relationship to his passions, not that he is startled by them.","","none","{}","","","","","","Words in Context","","import;pdf;section:RW;module:2;source:Copy of Copy of sat-practice-test-3-digital.pdf;page:18;source_question:2;selected:overflow"
"SAT_IMPORTED","pdf_import_v1","import_batch_003","","SAT3_RW_M2_Q02","RW","2","hard","2","Craft and Structure","Words in Context","WIC","Words in Context","Words in Context","","1","multiple_choice","Novelist N. K. Jemisin declines to _______ the conventions of the science fiction genre in which she writes, and she has suggested that her readers appreciate her work precisely because of this willingness to thwart expectations and avoid formulaic plots and themes.","Which choice completes the text with the most logical and precise word or phrase?","question","react to","perceive","conform to","D","4","Choice D is the best answer because it most logically completes the text’s discussion of Jemisin’s writing. In this context, “conform to” means to act in accordance with something. The text suggests that in her science fiction writing, Jemisin’s willingness to go against expectations and not use plots and themes that seem to follow a formula reflects how she treats the standard practices of the genre. This context conveys that Jemisin chooses not to act in accordance with those conventions. Choice A is incorrect. In this context, “question” would mean doubt or object to. The text indicates that Jemisin is willing to go against expectations and not use formulaic plots and themes in her science fiction writing, suggesting that she may actually object to those conventions of the genre, not that she chooses not to question them. Choice B is incorrect because the text indicates that in her science fiction writing, Jemisin is willing to go against expectations and not use formulaic plots and themes. Rather than suggesting that Jemisin chooses not to “react to,” or act in response to, the standard practices of the genre, this context suggests that she is acting in response to such conventions by deliberately avoiding them. Choice C is incorrect. In this context, “perceive” would mean become aware of or understand. The text indicates that in her science fiction writing, Jemisin is willing to go against expectations and not use formulaic plots and themes. This context conveys that Jemisin is aware of and deliberately avoids those conventions of the genre, not that she chooses not to be aware of them.","","none","{}","","","","","","Words in Context","","import;pdf;section:RW;module:2;source:Copy of Copy of sat-practice-test-3-digital.pdf;page:18;source_question:3;selected:overflow"
"SAT_IMPORTED","pdf_import_v1","import_batch_003","","SAT3_RW_M2_Q03","RW","2","hard","3","Craft and Structure","Words in Context","WIC","Words in Context","Words in Context","","1","multiple_choice","In Nature Poem (2017), Kumeyaay poet Tommy Pico portrays his _______ the natural world by honoring the centrality of nature within his tribe’s traditional beliefs while simultaneously expressing his distaste for being in wilderness settings himself.","Which choice completes the text with the most logical and precise word or phrase?","responsiveness to","ambivalence toward","renunciation of","mastery over","B","2","Choice B is the best answer because it most logically completes the text’s description of how Pico feels about the natural world. In this context, to say that Pico portrays his “ambivalence toward” nature would mean that he portrays his mixed feelings about nature. The text explains that Pico “honors the centrality of nature” and also makes it clear that he doesn’t enjoy being in nature. This context suggests that Pico feels ambivalence toward nature. Choice A is incorrect because saying that Pico portrays his “responsiveness to” nature would mean that he portrays himself as quick to react to nature, which isn’t supported by the text. Instead, the text focuses on Pico’s mixed feelings toward nature, describing him as both honoring nature’s role in his tribe’s beliefs and expressing his personal dislike for being in nature. Choice C is incorrect because saying that Pico portrays his “renunciation of” nature would mean that he portrays himself as rejecting nature, which isn’t supported by the text. The text conveys that Pico demonstrates both positive and negative responses toward nature, not that he’s giving it up completely. Choice D is incorrect because saying that Pico portrays his “mastery over” nature would mean that he portrays himself as having control over nature, which isn’t supported by the text. The text focuses on Pico’s mixed feelings about nature; nothing in the text suggests that Pico feels mastery over nature.","","none","{}","","","","","","Words in Context","","import;pdf;section:RW;module:2;source:Copy of Copy of sat-practice-test-3-digital.pdf;page:18;source_question:4;selected:overflow"
"SAT_IMPORTED","pdf_import_v1","import_batch_003","","SAT3_RW_M2_Q04","RW","2","hard","4","Craft and Structure","Text Structure and Purpose","TSP","Text Structure and Purpose","Text Structure and Purpose","","1","multiple_choice","The following text is from the 1924 poem “Cycle” by D’Arcy McNickle, who was a citizen of the Confederated Salish and Kootenai Tribes.

There shall be new roads wending,
A new beating of the drum—

Men’s eyes shall have fresh seeing,
Grey lives reprise their span—
But under the new sun’s being,
Completing what night began,

There’ll be the same backs bending,
The same sad feet shall drum—
When this night finds its ending
And day shall have come.....","Which choice best states the main purpose of the text?","To consider how the repetitiveness inherent in human life can be both rewarding and challenging","To question whether activities completed at one time of day are more memorable than those completed at another time of day","To refute the idea that joy is a more commonly experienced emotion than sadness is","To demonstrate how the experiences of individuals relate to the experiences of their communities","A","1","Choice A is the best answer because it accurately states the main purpose of the text. The text begins by discussing the promise of the future, with positive references to renewal such as “new roads,” “new beating of the drum,” and “fresh seeing.” But with the “new sun,” the text continues, there will still be “the same backs bending” and “the same sad feet” drumming, indicating that these difficulties will follow people into this new day. The poem thus considers both the rewards and challenges associated with the repetitiveness of human life. Choice B is incorrect because the text doesn’t say anything about how memorable activities are, let alone compare the memorability of activities completed at different times of the day. Choice C is incorrect. Although the text contrasts hope with difficulty, it does not compare the relative frequency of joyful feelings with that of sad feelings. Choice D is incorrect because the text makes no distinction between the experiences of individuals and the experiences of their communities.","","none","{}","","","","","","Text Structure and Purpose","","import;pdf;section:RW;module:2;source:Copy of Copy of sat-practice-test-3-digital.pdf;page:19;source_question:5;selected:overflow"
"SAT_IMPORTED","pdf_import_v1","import_batch_003","","SAT3_RW_M2_Q05","RW","2","hard","5","Craft and Structure","Text Structure and Purpose","TSP","Text Structure and Purpose","Text Structure and Purpose","","1","multiple_choice","The following text is adapted from Jane Austen’s 1814 novel Mansfield Park. The speaker, Tom, is considering staging a play at home with a group of his friends and family.

We mean nothing but a little amusement among ourselves, just to vary the scene, and exercise our powers in something new. We want no audience, no publicity. We may be trusted, I think, in choosing some play most perfectly unexceptionable; and I can conceive no greater harm or danger to any of us in conversing in the elegant written language of some respectable author than in chattering in words of our own.","Which choice best states the main purpose of the text?","To offer Tom’s assurance that the play will be inoffensive and involve only a small number of people","To clarify that the play will not be performed in the manner Tom had originally intended","To elaborate on the idea that the people around Tom lack the skills to successfully stage a play","To assert that Tom believes the group performing the play will be able to successfully promote it","A","1","Choice A is the best answer because it most accurately portrays the main purpose of the text. At the beginning of the text, Tom asserts that he and the other people staging the play are doing so only for “a little amusement among ourselves” and aren’t interested in attracting an audience or any attention with the production. Then, Tom promises that the play they chose is modest and appropriate, and he further reasons that using the well-written prose of “some respectable author” is better than using their own words. Overall, the main purpose of the text is to convey Tom’s promise that the play will be inoffensive and involve only a few people. Choice B is incorrect because the text doesn’t indicate that Tom had earlier intentions for the play’s performance or that anything has changed since the group first decided to stage a play. Instead, the text focuses on how harmless the entire endeavor will be. Choice C is incorrect. Although Tom mentions that using the words of a “respectable author” will be better than using their own words, he never addresses the idea that the people around him generally aren’t skilled enough to stage a play. Choice D is incorrect because in the text Tom specifically says that they “want no audience, no publicity,” which indicates that they don’t plan on promoting the play at all.","","none","{}","","","","","","Text Structure and Purpose","","import;pdf;section:RW;module:2;source:Copy of Copy of sat-practice-test-3-digital.pdf;page:19;source_question:6;selected:overflow"
"SAT_IMPORTED","pdf_import_v1","import_batch_003","","SAT3_RW_M2_Q06","RW","2","hard","6","Craft and Structure","Text Structure and Purpose","TSP","Text Structure and Purpose","Text Structure and Purpose","","1","multiple_choice","Musician Joni Mitchell, who is also a painter, uses images she creates for her album covers to emphasize ideas expressed in her music. For the cover of her album Turbulent Indigo (1994), Mitchell painted a striking self-portrait that closely resembles Vincent van Gogh’s Self-Portrait with Bandaged Ear (1889). The image calls attention to the album’s title song, in which Mitchell sings about the legacy of the postimpressionist painter. In that song, Mitchell also hints that she feels a strong artistic connection to Van Gogh—an idea that is reinforced by her imagery on the cover.","Which choice best describes the overall structure of the text?","It presents a claim about Mitchell, then gives an example supporting that claim.","It discusses Van Gogh’s influence on Mitchell, then considers Mitchell’s influence on other artists.","It describes a similarity between two artists, then notes a difference between them.","It describes the songs on Turbulent Indigo, then explains how they relate to the album’s cover.","A","1","Choice A is the best answer because it accurately describes the organization of the elements within the text. The text begins with the claim that Joni Mitchell’s album covers use images she creates in order to emphasize ideas embedded in her albums. It then goes on to provide an example of how Mitchell’s self-portrait on the cover of Turbulent Indigo resembles a painting by Van Gogh, which the text indicates helps emphasize the strong connection Mitchell feels toward Van Gogh, a connection that is also expressed in the album’s title song. Choice B is incorrect because there are no references in the text to artists other than Joni Mitchell and Van Gogh. Choice C is incorrect because there is nothing in the text that calls attention to any similarities or differences between Joni Mitchell and Van Gogh. Instead, it mentions that Mitchell feels a strong “artistic connection” to Van Gogh. Choice D is incorrect because the text discusses the cover before referring to any songs, and it only references one song from the album not all the songs.","","none","{}","","","","","","Text Structure and Purpose","","import;pdf;section:RW;module:2;source:Copy of Copy of sat-practice-test-3-digital.pdf;page:20;source_question:7;selected:overflow"
"SAT_IMPORTED","pdf_import_v1","import_batch_003","","SAT3_RW_M2_Q07","RW","2","hard","7","Craft and Structure","Cross-Text Connections","CTC","Cross-Text Connections","Cross-Text Connections","","1","multiple_choice","Text 1:
Astronomer Mark Holland and colleagues examined four white dwarfs—small, dense remnants of past stars—in order to determine the composition of exoplanets that used to orbit those stars. Studying wavelengths of light in the white dwarf atmospheres, the team reported that traces of elements such as lithium and sodium support the presence of exoplanets with continental crusts similar to Earth’s.

Text 2:
Past studies of white dwarf atmospheres have concluded that certain exoplanets had continental crusts. Geologist Keith Putirka and astronomer Siyi Xu argue that those studies unduly emphasize atmospheric traces of lithium and other individual elements as signifiers of the types of rock found on Earth. The studies don’t adequately account for different minerals made up of various ratios of those elements, and the possibility of rock types not found on Earth that contain those minerals.","Based on the texts, how would Putirka and Xu (Text 2) most likely characterize the conclusion presented in Text 1?","As unexpected, because it was widely believed at the time that white dwarf exoplanets lack continental crusts","As premature, because researchers have only just begun trying to determine what kinds of crusts white dwarf exoplanets had","As questionable, because it rests on an incomplete consideration of potential sources of the elements detected in white dwarf atmospheres","As puzzling, because it’s unusual to successfully detect lithium and sodium when analyzing wavelengths of light in white dwarf atmospheres","C","3","Choice C is the best answer because it reflects how Putirka and Xu (Text 2) would likely characterize the conclusion presented in Text 1. Text 1 discusses a study by Mark Holland and colleagues in which they detected traces of lithium and sodium in the atmospheres of four white dwarf stars. The team claims that this supports the idea that exoplanets with continental crusts like Earth’s once orbited these stars. Text 2 introduces Putirka and Xu, who indicate that sodium and lithium are present in several different minerals and that some of those minerals might exist in types of rock that are not found on Earth. Therefore, Putirka and Xu would likely describe the conclusion in Text 1 as questionable because it does not consider that lithium and sodium are also found in rocks that are not like Earth’s continental crust. Choice A is incorrect because the texts do not indicate how widely held any of the viewpoints described are. Choice B is incorrect because neither text discusses how new this area of study is. Choice D is incorrect because neither text discusses how likely lithium and sodium are to be detected by analyzing wavelengths of light.","","none","{}","","","","","","Cross-Text Connections","","import;pdf;section:RW;module:2;source:Copy of Copy of sat-practice-test-3-digital.pdf;page:20;source_question:8;selected:overflow"
"SAT_IMPORTED","pdf_import_v1","import_batch_003","","SAT3_RW_M2_Q08","RW","2","hard","8","Information and Ideas","Central Ideas and Details","CID","Central Ideas and Details","Central Ideas and Details","","1","multiple_choice","Utah is home to Pando, a colony of about 47,000 quaking aspen trees that all share a single root system. Pando is one of the largest single organisms by mass on Earth, but ecologists are worried that its growth is declining in part because of grazing by animals. The ecologists say that strong fences could prevent deer from eating young trees and help Pando start thriving again.","According to the text, why are ecologists worried about Pando?","It isn’t growing at the same rate it used to.","It isn’t producing young trees anymore.","It can’t grow into new areas because it is blocked by fences.","Its root system can’t support many more new trees.","A","1","Choice A is the best answer because it presents an explanation that is directly stated in the text for why ecologists are worried about Pando. The text states that Pando is a colony of about 47,000 quaking aspen trees that represents one of the largest organisms on Earth. According to the text, ecologists are worried that Pando’s growth is declining, partly because animals are feeding on the trees. In other words, the ecologists are worried that Pando isn’t growing at the same rate it used to. Choice B is incorrect. Rather than indicating that Pando isn’t producing young trees anymore, the text reveals that Pando is indeed producing young trees, stating that those trees can be protected from grazing deer by strong fences. Choice C is incorrect because the text states that fences can be used to prevent deer from eating Pando’s young trees, not that Pando itself can’t grow in new areas because it’s blocked by fences. Choice D is incorrect because the text offers no evidence that Pando’s root system is incapable of supporting new trees or is otherwise a cause of worry for ecologists.","","none","{}","","","","","","Central Ideas and Details","","import;pdf;section:RW;module:2;source:Copy of Copy of sat-practice-test-3-digital.pdf;page:21;source_question:9;selected:overflow"
"SAT_IMPORTED","pdf_import_v1","import_batch_003","","SAT3_RW_M2_Q09","RW","2","hard","9","Information and Ideas","Central Ideas and Details","CID","Central Ideas and Details","Central Ideas and Details","","1","multiple_choice","For many years, the only existing fossil evidence of mixopterid eurypterids—an extinct family of large aquatic arthropods known as sea scorpions and related to modern arachnids and horseshoe crabs—came from four species living on the paleocontinent of Laurussia. In a discovery that expands our understanding of the geographical distribution of mixopterids, paleontologist Bo Wang and others have identified fossilized remains of a new mixopterid species, Terropterus xiushanensis, that lived over 400 million years ago on the paleocontinent of Gondwana.","According to the text, why was Wang and his team’s discovery of the Terropterus xiushanensis fossil significant?","The fossil constitutes the first evidence found by scientists that mixopterids lived more than 400 million years ago.","The fossil helps establish that mixopterids are more closely related to modern arachnids and horseshoe crabs than previously thought.","The fossil helps establish a more accurate timeline of the evolution of mixopterids on the paleocontinents of Laurussia and Gondwana.","The fossil constitutes the first evidence found by scientists that mixopterids existed outside the paleocontinent of Laurussia.","D","4","Choice D is the best answer because it states why Wang and his team’s discovery of the Terropterus xiushanensis fossil was significant. The text explains that up until Wang and his team’s discovery, the only fossil evidence of mixopterids came from the paleocontinent of Laurussia. Wang and his team, however, identified fossil remains of a mixopterid species from the paleocontinent Gondwana. Therefore, the team’s discovery was significant because the fossil remains of a mixopterid species were outside of the paleocontinent Laurussia. Choice A is incorrect. Although the text states that Wang and his team identified fossilized remains of a mixopterid species that lived more than 400 million years ago, it doesn’t indicate that mixopterid fossils previously found by scientists dated to a more recent period than that. Choice B is incorrect. Although the text states that mixopterids are related to modern arachnids and horseshoe crabs, it doesn’t suggest that the fossil discovered by Wang and his team confirmed that this relationship is closer than scientists had previously thought. Choice C is incorrect because the team’s fossil established the presence of mixopterids on Gondwana, not on Laurussia. Moreover, the text only discusses the fossil in relation to the geographical distribution of mixopterids, not in relation to their evolution.","","none","{}","","","","","","Central Ideas and Details","","import;pdf;section:RW;module:2;source:Copy of Copy of sat-practice-test-3-digital.pdf;page:21;source_question:10;selected:overflow"
"SAT_IMPORTED","pdf_import_v1","import_batch_003","","SAT3_RW_M2_Q10","RW","2","hard","10","Information and Ideas","Command of Evidence","COE","Command of Evidence","Command of Evidence","","1","multiple_choice","The novelist Toni Morrison was the first Black woman to work as an editor at the publishing company Random House, from 1967 to 1983. A scholar asserts that one of Morrison’s likely aims during her time as an editor was to strengthen the presence of Black writers on the list of Random House’s published authors.","Which finding, if true, would most strongly support the scholar’s claim?","The percentage of authors published by Random House who were Black rose in the early 1970s and stabilized throughout the decade.","Black authors who were interviewed in the 1980s and 1990s were highly likely to cite Toni Morrison’s novels as a principal influence on their work.","The novels written by Toni Morrison that were published after 1983 sold significantly more copies and received wider critical acclaim than the novels she wrote that were published before 1983.","Works that were edited by Toni Morrison during her time at Random House displayed stylistic characteristics that distinguished them from works that were not edited by Morrison.","A","1","Choice A is the best answer because it presents a finding that, if true, would support the scholar’s claim about Toni Morrison’s likely goal of strengthening the presence of Black writers on Random House’s list of published authors. The text explains that Morrison was the first Black woman to be an editor for Random House and that she was an editor there from 1967 to 1983. If it were true that Random House published a higher percentage of works by Black authors throughout the 1970s—during most of Morrison’s time working there—than it had previously published, that would suggest that Morrison may have made a deliberate effort to strengthen the presence of Black authors on the list of Random House’s published authors, thus supporting the scholar’s claim. Choice B is incorrect because the scholar’s claim is about Morrison’s work as an editor at a publishing company and her likely effort to strengthen the presence of Black writers on that company’s list of published authors. It might be true that Black authors interviewed in the 1980s and 1990s often cited Morrison’s novels as an influence on their work, but that finding would simply suggest something about how those authors approached their work; it wouldn’t show that Morrison intended to increase the number of Black writers among the published authors specifically at Random House. Choice C is incorrect because the scholar’s claim is about Morrison’s work as an editor at a publishing company, not about her work as a novelist. Therefore, a finding that Morrison’s novels published after 1983 sold more copies and were more widely acclaimed than her earlier novels would have no bearing on the claim that as an editor Morrison made an effort to ensure that more Black writers were present on Random House’s list of published authors. Choice D is incorrect. Although the text discusses Morrison’s work as an editor at Random House, the scholar’s claim focuses on Morrison’s likely effort in that role to increase the number of Black writers present on Random House’s list of published authors, not on the influence she may have had on the content of the works she edited. Without knowing whether Morrison’s stylistic influence led to more publications or if Morrison applied her influence specifically to works by Black writers, the finding that works edited by Morrison could be identified by stylistic characteristics would have no bearing on the claim that Morrison intended to strengthen the presence of Black writers among the published authors at Random House.","","none","{}","","","","","","Command of Evidence","","import;pdf;section:RW;module:2;source:Copy of Copy of sat-practice-test-3-digital.pdf;page:22;source_question:11;selected:overflow"
"SAT_IMPORTED","pdf_import_v1","import_batch_003","","SAT3_RW_M2_Q11","RW","2","hard","11","Information and Ideas","Command of Evidence","COE","Command of Evidence","Command of Evidence","","1","multiple_choice","“The Poet Walt Whitman” is an 1887 essay by José Martí, a Cuban author and political activist, originally written in Spanish. In the essay, Martí explores the value of literature, arguing that a society’s spiritual well-being depends on the character of its literary culture: _______","Which quotation from a translation of “The Poet Walt Whitman” most effectively illustrates the claim?","“Poetry, which brings together or separates, which fortifies or brings anguish, which shores up or demolishes souls, which gives or robs men of faith and vigor, is more necessary to a people than industry itself, for industry provides them with a means of subsistence, while literature gives them the desire and strength for life.”","“Every society brings to literature its own form of expression, and the history of the nations can be told with greater truth by the stages of literature than by chronicles and decades.”","“Where will a race of men go when they have lost the habit of thinking with faith about the scope and meaning of their actions? The best among them, those who consecrate Nature with their sacred desire for the future, will lose, in a sordid and painful annihilation, all stimulus to alleviate the ugliness of humanity.”","“Listen to the song of this hardworking and satisfied nation; listen to Walt Whitman. The exercise of himself exalts him to majesty, tolerance exalts him to justice, and order to joy.”","A","1","Choice A is the best answer because it most effectively illustrates the claim that Martí argues that a society’s spiritual well-being depends on the character of its literary culture. In the quotation, Martí asserts that poetry is “more necessary to a people than industry itself” and that it has the power to provide people with “faith and vigor.” He also adds that literature gives people “the desire and strength for life.” Therefore, this quotation shows that Martí believes that literature is a societal necessity because it uplifts people and nourishes their spiritual well-being. Choice B is incorrect. Although this quotation emphasizes the importance of literature, it focuses on how the nature of a society is reflected in that society’s literature rather than on literature’s value for people’s spiritual well-being. Choice C is incorrect. Although this quotation involves an element of spirituality, it doesn’t discuss literature. The quotation instead focuses on humanity’s actions. Choice D is incorrect because this quotation mainly focuses on the importance of Walt Whitman rather than on the value of literature in general.","","none","{}","","","","","","Command of Evidence","","import;pdf;section:RW;module:2;source:Copy of Copy of sat-practice-test-3-digital.pdf;page:22;source_question:12;selected:overflow"
"SAT_IMPORTED","pdf_import_v1","import_batch_003","","SAT3_RW_M2_Q12","RW","2","hard","12","Information and Ideas","Command of Evidence","COE","Command of Evidence","Command of Evidence","","1","multiple_choice","Average Number and Duration of Torpor Bouts and Arousal Episodes for Alaska Marmots and Arctic Ground Squirrels, 2008–2011

When hibernating, Alaska marmots and Arctic ground squirrels enter a state called torpor, which minimizes the energy their bodies need to function. Often a hibernating animal will temporarily come out of torpor (called an arousal episode) and its metabolic rate will rise, burning more of the precious energy the animal needs to survive the winter. Alaska marmots hibernate in groups and therefore burn less energy keeping warm during these episodes than they would if they were alone. A researcher hypothesized that because Arctic ground squirrels hibernate alone, they would likely exhibit longer bouts of torpor and shorter arousal episodes than Alaska marmots.","Which choice best describes data from the table that support the researcher’s hypothesis?","The Alaska marmots’ arousal episodes lasted for days, while the Arctic ground squirrels’ arousal episodes lasted less than a day.","The Alaska marmots and the Arctic ground squirrels both maintained torpor for several consecutive days per bout, on average.","The Alaska marmots had shorter torpor bouts and longer arousal episodes than the Arctic ground squirrels did.","The Alaska marmots had more torpor bouts than arousal episodes, but their arousal episodes were much shorter than their torpor bouts.","C","3","Choice C is the best answer because it describes data from the table that support the researcher’s hypothesis. According to the text, the researcher hypothesized that Arctic ground squirrels would exhibit longer torpor bouts and shorter arousal episodes than Alaska marmots do—or, put the other way, that the marmots would show shorter torpor bouts and longer arousal episodes than the ground squirrels do. The table shows data about torpor bouts and arousal episodes for the two species from 2008 to 2011. According to the table, the average duration of torpor bouts was 13.81 days for Alaska marmots, shorter than the average of 16.77 days for Arctic ground squirrels, and the average duration of arousal episodes was 21.2 hours for Alaska marmots, longer than the average of 14.2 hours for Arctic ground squirrels. Thus, the table supports the researcher’s hypothesis by showing that Alaska marmots had shorter bouts of torpor and longer arousal episodes than Arctic ground squirrels did. Choice A is incorrect because it inaccurately describes data from the table and doesn’t support the researcher’s hypothesis. The table shows that the average duration of arousal episodes was less than a day for both Alaska marmots (21.2 hours) and Arctic ground squirrels (14.2 hours). Additionally, information about arousal episodes for Alaska marmots and Arctic ground squirrels isn’t sufficient to support a hypothesis involving comparisons of both arousal episodes and torpor bouts for those animals. Choice B is incorrect because it doesn’t support the researcher’s hypothesis, which involves comparisons of arousal episodes as well as torpor bouts for Alaska marmots and Arctic ground squirrels. Noting that both animals had torpor bouts lasting several days, on average, doesn’t address arousal episodes at all, nor does it reveal how the animals’ torpor bouts compared. Choice D is incorrect because it doesn’t support the researcher’s hypothesis. Although the table does show that Alaska marmots had more torpor bouts (12) than arousal episodes (11) and that their arousal episodes were much shorter than their torpor bouts (21.2 hours and 13.81 days, respectively), comparing data across only Alaska marmot behaviors isn’t sufficient to support a hypothesis about torpor and arousal behaviors of both Alaska marmots and Arctic ground squirrels.","","table","{}","| Feature | Alaska marmots | Arctic ground squirrels |
|---|---:|---:|
| Torpor bouts | 12 | 10.5 |
| Duration per bout | 13.81 days | 16.77 days |
| Arousal episodes | 11 | 9.5 |
| Duration per episode | 21.2 hours | 14.2 hours |","","","","","Command of Evidence","","import;pdf;section:RW;module:2;source:Copy of Copy of sat-practice-test-3-digital.pdf;page:25;source_question:15;selected:overflow;fixed:table_extraction;visual:table"
"SAT_IMPORTED","pdf_import_v1","import_batch_003","","SAT3_RW_M2_Q13","RW","2","hard","13","Information and Ideas","Inferences","INF","Inferences","Inferences","","1","multiple_choice","Ratified by more than 90 countries, the Nagoya Protocol is an international agreement ensuring that Indigenous communities are compensated when their agricultural resources and knowledge of wild plants and animals are utilized by agricultural corporations. However, the protocol has shortcomings. For example, it allows corporations to insist that their agreements with communities to conduct research on the commercial uses of the communities’ resources and knowledge remain confidential. Therefore, some Indigenous advocates express concern that the protocol may have the unintended effect of _______","Which choice most logically completes the text?","diminishing the monetary reward that corporations might derive from their agreements with Indigenous communities.","limiting the research that corporations conduct on the resources of the Indigenous communities with which they have signed agreements.","preventing independent observers from determining whether the agreements guarantee equitable compensation for Indigenous communities.","discouraging Indigenous communities from learning new methods for harvesting plants and animals from their corporate partners.","C","3","Choice C is the best answer because it most logically completes the argument about an unintended effect of the Nagoya Protocol. The text explains that the Nagoya Protocol is an agreement ensuring that Indigenous communities are compensated when their agricultural resources and knowledge are used by corporations. The text then states that the protocol allows corporations to keep their agreements with Indigenous communities confidential, about which some Indigenous advocates express concern. Choice C, when inserted into the blank, gives a good justification for the advocates’ concern: such secrecy could mean that the public is unable to determine whether participating Indigenous communities were properly compensated under these agreements. Choice A is incorrect. The text suggests that because corporations can keep their agreements with Indigenous communities confidential, Indigenous communities, not corporations, might not be compensated fairly. Choice B is incorrect because the text doesn’t suggest that the ability of corporations to keep their agreements with Indigenous communities confidential would place limits on how much research corporations can undertake. Choice D is incorrect because the text doesn’t indicate that Indigenous communities aim to learn new harvesting methods from their corporate partners. Rather, the text suggests that corporations use the knowledge of Indigenous communities for their research.","","none","{}","","","","","","Inferences","","import;pdf;section:RW;module:2;source:Copy of Copy of sat-practice-test-3-digital.pdf;page:25;source_question:16;selected:overflow"
"SAT_IMPORTED","pdf_import_v1","import_batch_003","","SAT3_RW_M2_Q14","RW","2","hard","14","Information and Ideas","Inferences","INF","Inferences","Inferences","","1","multiple_choice","The domestic sweet potato (Ipomoea batatas) descends from a wild plant native to South America. It also populates the Polynesian Islands, where evidence confirms that Native Hawaiians and other Indigenous peoples were cultivating the plant centuries before seafaring first occurred over the thousands of miles of ocean separating them from South America. To explain how the sweet potato was first introduced in Polynesia, botanist Pablo Muñoz-Rodríguez and colleagues analyzed the DNA of numerous varieties of the plant, concluding that Polynesian varieties diverged from South American ones over 100,000 years ago. Given that Polynesia was peopled only in the last three thousand years, the team concluded that _______","Which choice most logically completes the text?","the cultivation of the sweet potato in Polynesia likely predates its cultivation in South America.","Polynesian peoples likely acquired the sweet potato from South American peoples only within the last three thousand years.","human activity likely played no role in the introduction of the sweet potato in Polynesia.","Polynesian sweet potato varieties likely descend from a single South American variety that was domesticated, not wild.","C","3","Choice C is the best answer because it most logically completes the text’s discussion of the sweet potato in Polynesia. The text indicates that the sweet potato is found in Polynesia but originated in South America, and that the sweet potato was being cultivated by Native Hawaiians and other Indigenous peoples in Polynesia long before sea voyages between South America and Polynesia began. The text goes on to note that research by Muñoz-Rodríguez and colleagues has established that the Polynesian varieties of sweet potato split from South American varieties more than 100,000 years ago, which is thousands of years before humans settled in Polynesia. If Polynesian peoples were cultivating the sweet potato before sea voyages between Polynesia and South America began, and if Polynesian varieties of sweet potato diverged from South American varieties well before people were in Polynesia, it can reasonably be concluded that humans didn’t play a role in bringing the sweet potato to Polynesia. Choice A is incorrect. The text doesn’t provide any information about when the sweet potato began to be cultivated in South America, so there’s no support for the conclusion that cultivation began in Polynesia before it began in South America. Choice B is incorrect because the text indicates that the sweet potato was being cultivated in Polynesia long before sea journeys between Polynesia and South America began. Therefore, it wouldn’t be reasonable to conclude that Polynesian peoples acquired the sweet potato from South American peoples. Additionally, the text indicates that the Polynesian varieties of sweet potato diverged from the South American varieties thousands of years before people settled in Polynesia, which suggests that the sweet potato was already present in Polynesia when people arrived. Choice D is incorrect because the text states that the domestic sweet potato, which is found in Polynesia, descends from a wild South American plant, not from a domesticated South American plant. The only people that the text describes as cultivating the sweet potato are Native Hawaiians and other Indigenous peoples of Polynesia.","","none","{}","","","","","","Inferences","","import;pdf;section:RW;module:2;source:Copy of Copy of sat-practice-test-3-digital.pdf;page:26;source_question:17;selected:overflow"
"SAT_IMPORTED","pdf_import_v1","import_batch_003","","SAT3_RW_M2_Q15","RW","2","hard","15","Standard English Conventions","Form, Structure, and Sense","FSS","Form, Structure, and Sense","Form, Structure, and Sense","","1","multiple_choice","Former First Lady of the United States Eleanor Roosevelt and Indian activist and educator Hansa Mehta were instrumental in drafting the United Nations’ Universal Declaration of Human Rights, a document that _______ the basic freedoms to which all people are entitled.","Which choice completes the text so that it conforms to the conventions of Standard English?","have outlined","were outlining","outlines","outline","C","3","Choice C is the best answer. The convention being tested is subject-verb agreement. The singular verb “outlines” agrees in number with the singular subject “document.” Choice A is incorrect because the plural verb “have outlined” doesn’t agree in number with the singular subject “document.” Choice B is incorrect because the plural verb “were outlining” doesn’t agree in number with the singular subject “document.” Choice D is incorrect because the plural verb “outline” doesn’t agree in number with the singular subject “document.”","","none","{}","","","","","","Form, Structure, and Sense","","import;pdf;section:RW;module:2;source:Copy of Copy of sat-practice-test-3-digital.pdf;page:26;source_question:20;selected:overflow"
"SAT_IMPORTED","pdf_import_v1","import_batch_003","","SAT3_RW_M2_Q16","RW","2","hard","16","Standard English Conventions","Boundaries","BND","Boundaries","Boundaries","","1","multiple_choice","The life spans of rockfish vary greatly by species. For instance, the colorful calico rockfish (Sebastes dallii) can survive for a little over a _______ the rougheye rockfish (Sebastes aleutianus) boasts a maximum life span of about two centuries.","Which choice completes the text so that it conforms to the conventions of Standard English?","decade: while","decade. While","decade; while","decade, while","D","4","Choice D is the best answer. The convention being tested is punctuation between a main clause and a subordinate clause. This choice correctly uses a comma to mark the boundary between the main clause (“the colorful…decade”) and the subordinate clause (“while…centuries”) that provides contrasting information about the life span of rougheye rockfish. Choice A is incorrect because a colon can’t be used in this way to join a main clause and a subordinate clause. Choice B is incorrect because it results in a rhetorically unacceptable sentence fragment beginning with “while.” Choice C is incorrect because a semicolon can’t be used in this way to join a main clause and a subordinate clause.","","none","{}","","","","","","Boundaries","","import;pdf;section:RW;module:2;source:Copy of Copy of sat-practice-test-3-digital.pdf;page:27;source_question:21;selected:overflow"
"SAT_IMPORTED","pdf_import_v1","import_batch_003","","SAT3_RW_M2_Q17","RW","2","hard","17","Standard English Conventions","Boundaries","BND","Boundaries","Boundaries","","1","multiple_choice","The Lion Light system, developed by Kenyan inventor Richard Turere, consists of LED lights installed around the perimeter of livestock pastures. Powered with _______ the blinking LEDs keep lions away at night, thus protecting the livestock without risking harm to the endangered lions.","Which choice completes the text so that it conforms to the conventions of Standard English?","energy collected, by solar panels, during the day","energy collected by solar panels during the day","energy collected by solar panels during the day,","energy, collected by solar panels during the day,","C","3","Choice C is the best answer. The convention being tested is punctuation between a supplementary phrase and a main clause. This choice correctly uses a comma to mark the boundary between the supplementary phrase (“powered…day”), which describes how the LEDs are powered, and the main clause (“the blinking… night”). Choice A is incorrect because it fails to mark the boundary between the supplementary phrase and the main clause with appropriate punctuation. Furthermore, placing commas around the phrase “by solar panels” suggests that it could be removed without affecting the coherence of the sentence, which isn’t the case. Choice B is incorrect because it fails to mark the boundary between the supplementary phrase and the main clause with appropriate punctuation. Choice D is incorrect. Placing commas around the phrase “collected by solar panels during the day″ suggests that it could be removed without affecting the coherence of the sentence, which isn’t the case.","","none","{}","","","","","","Boundaries","","import;pdf;section:RW;module:2;source:Copy of Copy of sat-practice-test-3-digital.pdf;page:27;source_question:22;selected:overflow"
"SAT_IMPORTED","pdf_import_v1","import_batch_003","","SAT3_RW_M2_Q18","RW","2","hard","18","Standard English Conventions","Boundaries","BND","Boundaries","Boundaries","","1","multiple_choice","Materials scientist Marie-Agathe Charpagne and her colleagues believed they could improve on the multicomponent alloy NiCoCr, an equal-proportions mixture of nickel (Ni), cobalt (Co), and chromium (Cr), by replacing chromium with ruthenium _______ the alloy that resulted, NiCoRu, turned out to be an unsuitable replacement for NiCoCr.","Which choice completes the text so that it conforms to the conventions of Standard English?","(Ru)","(Ru) but","(Ru),","(Ru), but","D","4","Choice D is the best answer. The convention being tested is the coordination of main clauses. This choice correctly uses a comma and the coordinating conjunction “but” to join the first main clause (“Materials… Ru”) and the second main clause (“the alloy…NiCoCr”). Choice A is incorrect because it results in a run-on sentence. The two main clauses are fused without punctuation and/or a conjunction. Choice B is incorrect because when coordinating two longer main clauses such as these, it’s conventional to use a comma before the coordinating conjunction. Choice C is incorrect because it results in a comma splice. Without a conjunction following it, a comma can’t be used in this way to join two main clauses.","","none","{}","","","","","","Boundaries","","import;pdf;section:RW;module:2;source:Copy of Copy of sat-practice-test-3-digital.pdf;page:27;source_question:23;selected:overflow"
"SAT_IMPORTED","pdf_import_v1","import_batch_003","","SAT3_RW_M2_Q19","RW","2","hard","19","Standard English Conventions","Boundaries","BND","Boundaries","Boundaries","","1","multiple_choice","The Progressive Era in the United States witnessed the rise of numerous Black women’s clubs, local organizations that advocated for racial and gender equality. Among the clubs’ leaders _______ Josephine St. Pierre Ruffin, founder of the Women’s Era Club of Boston.","Which choice completes the text so that it conforms to the conventions of Standard English?","was","were","are","have been","A","1","Choice A is the best answer. The convention being tested here is subject-verb agreement. The singular verb “was” agrees in number with the singular subject “Josephine St. Pierre Ruffin.” Choice B is incorrect because the plural verb “were” doesn’t agree in number with the singular subject “Josephine St. Pierre Ruffin.” Choice C is incorrect because the plural verb “are” doesn’t agree in number with the singular subject “Josephine St. Pierre Ruffin.” Choice D is incorrect because the plural verb “have been” doesn’t agree in number with the singular subject “Josephine St. Pierre Ruffin.”","","none","{}","","","","","","Boundaries","","import;pdf;section:RW;module:2;source:Copy of Copy of sat-practice-test-3-digital.pdf;page:27;source_question:24;selected:overflow"
"SAT_IMPORTED","pdf_import_v1","import_batch_003","","SAT3_RW_M2_Q20","RW","2","hard","20","Standard English Conventions","Boundaries","BND","Boundaries","Boundaries","","1","multiple_choice","Based on genetic evidence, archaeologists have generally agreed that reindeer domestication began in the eleventh century CE. However, since uncovering fragments of a 2,000-year-old reindeer training harness in northern Siberia, _______ may have begun much earlier.","Which choice completes the text so that it conforms to the conventions of Standard English?","researcher Robert Losey has argued that domestication","researcher Robert Losey’s argument is that domestication","domestication, researcher Robert Losey has argued,","the argument researcher Robert Losey has made is that domestication","A","1","Choice A is the best answer. The convention being tested is subject-modifier placement. This choice makes the noun phrase “researcher Robert Losey” the subject of the sentence and places it immediately after the modifying phrase “since…Siberia.” In doing so, this choice clearly establishes that researcher Robert Losey— and not another noun in the sentence—is who uncovered fragments of a 2,000-year-old reindeer training harness in northern Siberia. Choice B is incorrect because it results in a dangling modifier. The placement of the noun phrase “researcher Robert Losey’s argument” immediately after the modifying phrase illogically suggests that the “argument” is what uncovered fragments of a 2,000-year-old reindeer training harness in northern Siberia. Choice C is incorrect because it results in a dangling modifier. The placement of the noun “domestication” immediately after the modifying phrase illogically suggests that “domestication” is what uncovered fragments of a 2,000-year-old reindeer training harness in northern Siberia. Choice D is incorrect because it results in a dangling modifier. The placement of the noun phrase “the argument” immediately after the modifying phrase illogically suggests that the “argument” is what uncovered fragments of a 2,000-year-old reindeer training harness in northern Siberia.","","none","{}","","","","","","Boundaries","","import;pdf;section:RW;module:2;source:Copy of Copy of sat-practice-test-3-digital.pdf;page:28;source_question:25;selected:overflow"
"SAT_IMPORTED","pdf_import_v1","import_batch_003","","SAT3_RW_M2_Q21","RW","2","hard","21","Standard English Conventions","Boundaries","BND","Boundaries","Boundaries","","1","multiple_choice","Hegra is an archaeological site in present-day Saudi Arabia and was the second largest city of the Nabataean Kingdom (fourth century BCE to first century CE). Archaeologist Laila Nehmé recently traveled to Hegra to study its ancient _______ into the rocky outcrops of a vast desert, these burial chambers seem to blend seamlessly with nature.","Which choice completes the text so that it conforms to the conventions of Standard English?","tombs. Built","tombs, built","tombs and built","tombs built","A","1","Choice A is the best answer. The convention being tested is punctuation use between sentences. In this choice, the period after “tombs” is used correctly to mark the boundary between one sentence (“Archaeologist...tombs”) and another (“Built...nature”). Choice B is incorrect because it results in a comma splice. A comma can’t be used in this way to mark the boundary between sentences. Choice C is incorrect. Without a comma preceding it, the conjunction “and” can’t be used in this way to join the two sentences. Choice D is incorrect because it results in a run-on sentence. The sentences (“Archaeologist...tombs” and “Built...nature”) are fused without punctuation and/or a conjunction.","","none","{}","","","","","","Boundaries","","import;pdf;section:RW;module:2;source:Copy of Copy of sat-practice-test-3-digital.pdf;page:28;source_question:26;selected:overflow"
"SAT_IMPORTED","pdf_import_v1","import_batch_003","","SAT3_RW_M2_Q22","RW","2","hard","22","Standard English Conventions","Boundaries","BND","Boundaries","Boundaries","","1","multiple_choice","When external forces are applied to common glass made from silicates, energy builds up around minuscule defects in the material, resulting in fractures. Recently, engineer Erkka Frankberg of Tampere University in Finland used the chemical _______ to make a glassy solid that can withstand higher strain than silicate glass can before fracturing.","Which choice completes the text so that it conforms to the conventions of Standard English?","compound, aluminum oxide","compound aluminum oxide,","compound, aluminum oxide,","compound aluminum oxide","D","4","Choice D is the best answer. The convention being tested is the use of punctuation around noun phrases. No punctuation is needed because the noun phrase “aluminum oxide” is a restrictive appositive, meaning that it provides essential identifying information about the noun phrase before it, “the chemical compound.” Choice A is incorrect because no punctuation is needed. Choice B is incorrect because no punctuation is needed. Choice C is incorrect because the noun phrase “aluminum oxide” is a restrictive appositive. Setting the phrase off with commas suggests that it could be removed without affecting the coherence of the sentence, which isn’t the case.","","none","{}","","","","","","Boundaries","","import;pdf;section:RW;module:2;source:Copy of Copy of sat-practice-test-3-digital.pdf;page:28;source_question:27;selected:overflow"
"SAT_IMPORTED","pdf_import_v1","import_batch_003","","SAT3_RW_M2_Q23","RW","2","hard","23","Expression of Ideas","Transitions","TRN","Transitions","Transitions","","1","multiple_choice","Archaeologist Sue Brunning explains why the seventh-century ship burial site at Sutton Hoo in England was likely the tomb of a king. First, the gold artifacts inside the ship suggest that the person buried with them was a wealthy and respected leader. _______ the massive effort required to bury the ship would likely only have been undertaken for a king.","Which choice completes the text with the most logical transition?","Instead,","Still,","Specifically,","Second,","D","4","Choice D is the best answer. “Second” logically signals that the information in this sentence—that the effort to bury the ship would likely only have been made for a king—joins the information in the previous sentence (“first…”) in supporting Brunning’s claim that the burial site was likely the tomb of a king. Choice A is incorrect because “instead” illogically signals that the information in this sentence presents an alternative or substitute to the previous information about the gold artifacts inside the ship. Rather, this sentence presents a second piece of information that supports Brunning’s claim. Choice B is incorrect because “still” illogically signals that the information in this sentence exists in contrast to or despite the previous information about the gold artifacts inside the ship. Instead, this sentence presents a second piece of information that supports Brunning’s claim. Choice C is incorrect because “specifically” illogically signals that the information in this sentence specifies or elaborates on the previous information about the gold artifacts inside the ship. Instead, this sentence presents a second piece of information that supports Brunning’s claim.","","none","{}","","","","","","Transitions","","import;pdf;section:RW;module:2;source:Copy of Copy of sat-practice-test-3-digital.pdf;page:29;source_question:29;selected:overflow"
"SAT_IMPORTED","pdf_import_v1","import_batch_003","","SAT3_RW_M2_Q24","RW","2","hard","24","Expression of Ideas","Transitions","TRN","Transitions","Transitions","","1","multiple_choice","The more diverse and wide ranging an animal’s behaviors, the larger and more energy demanding the animal’s brain tends to be. _______ from an evolutionary perspective, animals that perform only basic actions should allocate fewer resources to growing and maintaining brain tissue. The specialized subtypes of ants within colonies provide an opportunity to explore this hypothesis.","Which choice completes the text with the most logical transition?","Subsequently,","Besides,","Nevertheless,","Thus,","D","4","Choice D is the best answer. “Thus” logically signals that the claim in this sentence—that animals performing only basic actions should allocate relatively few resources to their brain tissue—is a consequence of the previous sentence’s claim about the energy demands of animal brains (namely, that the more diverse an animal’s behaviors, the more energy its brain needs). Choice A is incorrect because “subsequently” illogically signals that the claim in this sentence occurs later in a chronological sequence of events than the previous sentence’s claim about the energy demands of animal brains. Instead, the second claim is a consequence of the first. Choice B is incorrect because “besides” illogically signals that the claim in this sentence provides a separate point in addition to, or apart from, the previous sentence’s claim about the energy demands of animal brains. Instead, the second claim is a consequence of the first. Choice C is incorrect because “nevertheless” illogically signals that the claim in this sentence is true in spite of the previous sentence’s claim about the energy demands of animal brains. Instead, the second claim is a consequence of the first.","","none","{}","","","","","","Transitions","","import;pdf;section:RW;module:2;source:Copy of Copy of sat-practice-test-3-digital.pdf;page:29;source_question:30;selected:overflow"
"SAT_IMPORTED","pdf_import_v1","import_batch_003","","SAT3_RW_M2_Q25","RW","2","hard","25","Expression of Ideas","Transitions","TRN","Transitions","Transitions","","1","multiple_choice","When designing costumes for film, American artist Suttirat Larlarb typically custom fits the garments to each actor. _______ for the film Sunshine, in which astronauts must reignite a dying Sun, she designed a golden spacesuit and had a factory reproduce it in a few standard sizes; lacking a tailor-made quality, the final creations reflected the ungainliness of actual spacesuits.","Which choice completes the text with the most logical transition?","Nevertheless,","Thus,","Likewise,","Moreover,","A","1","Choice A is the best answer. “Nevertheless” logically signals that the information in this sentence—that the spacesuits Suttirat Larlarb designed for the film Sunshine were made in standard sizes in a factory—presents a notable exception to Larlarb’s typical approach of custom-fitting garments to actors, which is described in the previous sentence. Choice B is incorrect because “thus” illogically signals that the information in this sentence is a result or consequence of the previous information about Larlarb’s typical approach of custom-fitting garments to actors. Instead, it presents a notable exception to Larlarb’s typical approach. Choice C is incorrect because “likewise” illogically signals that the information in this sentence is similar to the previous information about Larlarb’s typical approach of custom-fitting garments to actors. Instead, it presents a notable exception to Larlarb’s typical approach. Choice D is incorrect because “moreover” illogically signals that the information in this sentence merely adds to the previous information about Larlarb’s typical approach of custom-fitting garments to actors. Instead, it presents a notable exception to Larlarb’s typical approach.","","none","{}","","","","","","Transitions","","import;pdf;section:RW;module:2;source:Copy of Copy of sat-practice-test-3-digital.pdf;page:29;source_question:31;selected:overflow"
"SAT_IMPORTED","pdf_import_v1","import_batch_003","","SAT3_RW_M2_Q26","RW","2","hard","26","Expression of Ideas","Rhetorical Synthesis","RHS","Rhetorical Synthesis","Rhetorical Synthesis","","1","multiple_choice","While researching a topic, a student has taken the following notes:

- Shaun Tan is an Australian author.
- In 2008, he published Tales from Outer Suburbia, a book of fifteen short stories.
- The stories describe surreal events occurring in otherwise ordinary suburban neighborhoods.
- In 2018, he published Tales from the Inner City, a book of twenty-five short stories.
- The stories describe surreal events occurring in otherwise ordinary urban settings.","The student wants to emphasize a similarity between the two books by Shaun Tan. Which choice most effectively uses relevant information from the notes to accomplish this goal?","Shaun Tan’s book Tales from Outer Suburbia, which describes surreal events occurring in otherwise ordinary places, contains fewer short stories than Tales from the Inner City does.","Tales from Outer Suburbia was published in 2008, and Tales from the Inner City was published in 2018.","Unlike Tales from the Inner City, Shaun Tan’s book Tales from Outer Suburbia is set in suburban neighborhoods.","Shaun Tan’s books Tales from Outer Suburbia and Tales from the Inner City both describe surreal events occurring in otherwise ordinary places.","D","4","Choice D is the best answer. The sentence uses “both” to emphasize a thematic similarity between Tan’s two books, noting that both Tales from Outer Suburbia and Tales from the Inner City describe surreal events occurring in otherwise ordinary places. Choice A is incorrect. The sentence emphasizes a difference (one contains fewer stories than the other), not a similarity, between the two books. Choice B is incorrect. The sentence indicates that Tan’s books were published ten years apart; it doesn’t emphasize a similarity between the two books. Choice C is incorrect. The sentence uses “unlike” to emphasize a difference between Tales from Outer Suburbia and Tales from the Inner City; it doesn’t emphasize a similarity between the two books.","","none","{}","","","","","","Rhetorical Synthesis","","import;pdf;section:RW;module:2;source:Copy of Copy of sat-practice-test-3-digital.pdf;page:30;source_question:32;selected:overflow"
"SAT_IMPORTED","pdf_import_v1","import_batch_003","","SAT3_RW_M2_Q27","RW","2","hard","27","Expression of Ideas","Rhetorical Synthesis","RHS","Rhetorical Synthesis","Rhetorical Synthesis","","1","multiple_choice","While researching a topic, a student has taken the following notes:

- The factors that affect clutch size (the number of eggs laid at one time) have been well studied in birds but not in lizards.
- A team led by Shai Meiri of Tel Aviv University investigated which factors influence lizard clutch size.
- Meiri’s team obtained clutch-size and habitat data for over 3,900 lizard species and analyzed the data with statistical models.
- Larger clutch size was associated with environments in higher latitudes that have more seasonal change.
- Lizards in higher-latitude environments may lay larger clutches to take advantage of shorter windows of favorable conditions.","The student wants to emphasize the aim of the research study. Which choice most effectively uses relevant information from the notes to accomplish this goal?","Researchers wanted to know which factors influence lizard egg clutch size because such factors have been well studied in birds but not in lizards.","After they obtained data for over 3,900 lizard species, researchers determined that larger clutch size was associated with environments in higher latitudes that have more seasonal change.","We now know that lizards in higher-latitude environments may lay larger clutches to take advantage of shorter windows of favorable conditions.","Researchers obtained clutch-size and habitat data for over 3,900 lizard species and analyzed the data with statistical models.","A","1","Choice A is the best answer. The sentence emphasizes the aim of the research study by highlighting what the researchers conducting the study wanted to know—specifically, which factors influence clutch size among lizards. Choice B is incorrect because the sentence emphasizes what researchers determined at the end of the study, not what the study’s aim was. Choice C is incorrect because the sentence emphasizes a finding from the research study, not the aim of the study. Choice D is incorrect because the sentence emphasizes the research study’s methodology, not its aim.","","none","{}","","","","","","Rhetorical Synthesis","","import;pdf;section:RW;module:2;source:Copy of Copy of sat-practice-test-3-digital.pdf;page:30;source_question:33;selected:overflow"
"SAT_IMPORTED","pdf_import_v1","import_batch_003","","SAT3_MATH_M1_Q01","MATH","1","base","1","Algebra","Linear equations in one variable","ALG-LEV","Linear equations in one variable","Solving a linear equation","","1","multiple_choice","","k + 12 = 336

What is the solution to the given equation?","28","324","348","4,032","B","2","Choice B is correct. Subtracting 12 from both sides of the given equation yields k = 324 . Therefore, the solution to the given equation is 324. Choice A is incorrect and may result from conceptual or calculation errors. Choice C is incorrect and may result from conceptual or calculation errors. Choice D is incorrect and may result from conceptual or calculation errors.","","none","{}","","","","","","Linear equations in one variable","","import;pdf;section:MATH;module:1;source:Copy of Copy of sat-practice-test-3-digital.pdf;page:34;source_question:1;selected:overflow"
"SAT_IMPORTED","pdf_import_v1","import_batch_003","","SAT3_MATH_M1_Q02","MATH","1","base","2","Advanced Math","Nonlinear functions","AM-NLF","Nonlinear functions","Evaluating a polynomial function","","1","multiple_choice","","The function f is defined by f(x) = x³ + 15. What is the value of f(2)?","20","21","23","24","C","3","Choice C is correct. The value of f (2) is the value of f ( x ) when x = 2. Substituting 2 for x in the given function yields f (2) 3 = (2) + 15, or f (2) = 8 + 15, which is equivalent to f (2) = 23 . Therefore, the value of f (2) is 23. Choice A is incorrect and may result from conceptual or calculation errors. Choice B is incorrect. This is the value of f (2) when f ( x ) = x (3) + 15 , rather than f ( x ) = x 3 + 15 . Choice D is incorrect and may result from conceptual or calculation errors.","","none","{}","","","","","","Nonlinear functions","","import;pdf;section:MATH;module:1;source:Copy of Copy of sat-practice-test-3-digital.pdf;page:34;source_question:2;selected:overflow"
"SAT_IMPORTED","pdf_import_v1","import_batch_003","","SAT3_MATH_M1_Q03","MATH","1","base","3","Algebra","Linear equations in one variable","ALG-LEV","Linear equations in one variable","Modeling with a linear equation","","1","multiple_choice","","John paid a total of $165 for a microscope by making a down payment of $37 plus p monthly payments of $16 each. Which of the following equations represents this situation?","16p − 37 = 165","37p − 16 = 165","16p + 37 = 165","37p + 16 = 165","C","3","Choice C is correct. It’s given that John made a $16 payment each month for p months. The total amount of these payments can be represented by the expression 16p. The down payment can be added to that amount to find the total amount John paid, yielding the expression 16 p+ 37. It’s given that John paid a total of $165. Therefore, the expression for the total amount John paid can be set equal to that amount, yielding the equation 16 p+ 37 = 165 . Choice A is incorrect and may result from conceptual or calculation errors. Choice B is incorrect and may result from conceptual or calculation errors. Choice D is incorrect and may result from conceptual or calculation errors.","","none","{}","","","","","","Linear equations in one variable","","import;pdf;section:MATH;module:1;source:Copy of Copy of sat-practice-test-3-digital.pdf;page:34;source_question:5;selected:overflow"
"SAT_IMPORTED","pdf_import_v1","import_batch_003","","SAT3_MATH_M1_Q04","MATH","1","base","4","Algebra","Linear functions","ALG-LFN","Linear functions","Evaluating a linear equation","","1","student_response","","If y = 5x + 10, what is the value of y when x = 8?","","","","","","","The correct answer is 50. Substituting 8 for x in the given equation yields y = 5 (8 ) + 10 , or y = 50 . Therefore, the value of y is 50 when x = 8.","","none","{}","","","numeric","50","0","Linear functions","","import;pdf;section:MATH;module:1;source:Copy of Copy of sat-practice-test-3-digital.pdf;page:35;source_question:6;selected:overflow"
"SAT_IMPORTED","pdf_import_v1","import_batch_003","","SAT3_MATH_M1_Q05","MATH","1","base","5","Problem-Solving and Data Analysis","Probability","PSDA-PRO","Probability","Probability from a two-way table","","1","multiple_choice","","The table gives the distribution of votes for a new school mascot and grade level for 80 students. If one of these students is selected at random, what is the probability of selecting a student whose vote for new mascot was for a lion?","1/9","1/5","1/4","2/3","C","3","Choice C is correct. If one of these students is selected at random, the probability of selecting a student whose vote for the new mascot was for a lion is given by the number of votes for a lion divided by the total number of votes. The given table indicates that the number of votes for a lion is 20 votes, and the total number of votes is 80 votes. The table gives the distribution of votes for 80 students, and the table shows a total of 80 votes were counted. It follows that each of the 80 students voted exactly once. Thus, the probability of selecting a student whose vote for the new mascot was for a lion is 2080, or 4.1 Choice A is incorrect and may result from conceptual or computational errors. Choice B is incorrect and may result from conceptual or computational errors. Choice D is incorrect and may result from conceptual or computational errors.","","table","{}","| Mascot | Sixth | Seventh | Eighth | Total |
|---|---:|---:|---:|---:|
| Badger | 4 | 9 | 9 | 22 |
| Lion | 9 | 2 | 9 | 20 |
| Longhorn | 4 | 6 | 4 | 14 |
| Tiger | 6 | 9 | 9 | 24 |
| Total | 23 | 26 | 31 | 80 |","","","","","Probability","","import;pdf;section:MATH;module:1;source:Copy of Copy of sat-practice-test-3-digital.pdf;page:35;source_question:8;selected:overflow;fixed:table_extraction;visual:table"
"SAT_IMPORTED","pdf_import_v1","import_batch_003","","SAT3_MATH_M1_Q06","MATH","1","base","6","Geometry and Trigonometry","Area and volume","GEO-AV","Area and volume","Perimeter of a square","","1","multiple_choice","","Square X has a side length of 12 centimeters. The perimeter of square Y is 2 times the perimeter of square X. What is the length, in centimeters, of one side of square Y?","6","10","14","24","D","4","Choice D is correct. The perimeter, P, of a square can be found using the formula P = 4 s , where s is the length of each side of the square. It’s given that square X has a side length of 12 centimeters. Substituting 12 for s in the formula for the perimeter of a square yields P = 4 (12) , or P = 48. Therefore, the perimeter of square X is 48 centimeters. It’s also given that the perimeter of square Y is 2 times the perimeter of square X. Therefore, the perimeter of square Y is 2 ( 48 ), or 96, centimeters. Substituting 96 for P in the formula P = 4 s gives 96 = 4s . Dividing both sides of this equation by 4 gives 24 = s . Therefore, the length of one side of square Y is 24 centimeters. Choice A is incorrect and may result from conceptual or calculation errors. Choice B is incorrect and may result from conceptual or calculation errors. Choice C is incorrect and may result from conceptual or calculation errors.","","none","{}","","","","","","Area and volume","","import;pdf;section:MATH;module:1;source:Copy of Copy of sat-practice-test-3-digital.pdf;page:36;source_question:10;selected:overflow"
"SAT_IMPORTED","pdf_import_v1","import_batch_003","","SAT3_MATH_M1_Q07","MATH","1","base","7","Algebra","Linear equations in two variables","ALG-LET","Linear equations in two variables","Parallel lines","","1","multiple_choice","","What is the equation of the line that passes through the point (0, 5) and is parallel to the graph of y = 7x + 4 in the xy-plane?","y = 5x","y = 7x + 5","y = 7x","y = 5x + 7","B","2","Choice B is correct. The equation of a line in the xy-plane can be written in slope-intercept form y = mx + b , where m is the slope of the line and (0, b ) is its y-intercept. It’s given that the line passes through the point (0, 5). Therefore, b = 5 . It’s also given that the line is parallel to the graph of y = 7 x + 4 , which means the line has the same slope as the graph of y = 7 x + 4 . The slope of the graph of y = 7 x + 4 is 7. Therefore, m = 7. Substituting 7 for m and 5 for b in the equation y = mx + b yields y = 7 x + 5. Choice A is incorrect. The graph of this equation passes through the point (0, 0 ), not (0, 5), and has a slope of 5, not 7. Choice C is incorrect. The graph of this equation passes through the point (0, 0 ), not (0, 5). Choice D is incorrect. The graph of this equation passes through the point (0, 7), not (0, 5), and has a slope of 5, not 7.","","none","{}","","","","","","Linear equations in two variables","","import;pdf;section:MATH;module:1;source:Copy of Copy of sat-practice-test-3-digital.pdf;page:36;source_question:11;selected:overflow"
"SAT_IMPORTED","pdf_import_v1","import_batch_003","","SAT3_MATH_M1_Q08","MATH","1","base","8","Algebra","Linear functions","ALG-LFN","Linear functions","Determining a linear function from values","","1","multiple_choice","","In the linear function h, h(0) = 41 and h(1) = 40. Which equation defines h?","h(x) = −x + 41","h(x) = −x","h(x) = −41x","h(x) = −41","A","1","Choice A is correct. An equation defining a linear function can be written in the form h ( x ) = ax + b , where a and b are constants. It’s given that h (0 ) = 41. Substituting 0 for x and 41 for h ( x ) in the equation h ( x ) = ax + b yields 41= a (0 ) + b , or b = 41. Substituting 41 for b in the equation h ( x ) = ax + b yields h ( x ) = ax + 41. It’s also given that h (1) = 40 . Substituting 1 for x and 40 for h ( x ) in the equation h ( x ) = ax + 41 yields 40 = a (1) + 41, or 40 = a + 41. Subtracting 41 from the left- and right-hand sides of this equation yields - 1= a . Substituting - 1 for a in the equation h ( x ) = ax + 41 yields h ( x ) =- 1x + 41, or h ( x ) =- x + 41. Choice B is incorrect. Substituting 0 for x and 41 for h ( x ) in this equation yields 41=- 0 , which isn’t a true statement. Choice C is incorrect. Substituting 0 for x and 41 for h ( x ) in this equation yields 41=- 41(0 ) , or 41= 0 , which isn’t a true statement. Choice D is incorrect. Substituting 41 for h ( x ) in this equation yields 41=- 41, which isn’t a true statement.","","none","{}","","","","","","Linear functions","","import;pdf;section:MATH;module:1;source:Copy of Copy of sat-practice-test-3-digital.pdf;page:36;source_question:12;selected:overflow"
"SAT_IMPORTED","pdf_import_v1","import_batch_003","","SAT3_MATH_M1_Q09","MATH","1","base","9","Advanced Math","Exponential functions","AM-EXP","Exponential functions","Exponential growth and doubling time","","1","student_response","","The function f(t) = 60,000(2)^(t/410) gives the number of bacteria in a population t minutes after an initial observation. How much time, in minutes, does it take for the number of bacteria in the population to double?","","","","","","","The correct answer is 410. It’s given that t minutes after an initial observation, t the number of bacteria in a population is 60,000 (2)410 . This expression consists t of the initial number of bacteria, 60,000, multiplied by the expression 2 410 . The time it takes for the number of bacteria to double is the increase in the value of t t t that causes the expression 2 410 to double. Since the base of the expression 2 410 t is 2, the expression 2 410 will double when the exponent increases by 1. Since t the exponent of the expression 2 410 is t , the exponent will increase by 1 when 410 t increases by 410. Therefore the time, in minutes, it takes for the number of bacteria in the population to double is 410.","","none","{}","","","numeric","410","0","Exponential functions","","import;pdf;section:MATH;module:1;source:Copy of Copy of sat-practice-test-3-digital.pdf;page:37;source_question:13;selected:overflow"
"SAT_IMPORTED","pdf_import_v1","import_batch_003","","SAT3_MATH_M1_Q10","MATH","1","base","10","Advanced Math","Nonlinear functions","AM-NLF","Nonlinear functions","Polynomial graph transformations","","1","student_response","","The function f is defined by f(x) = (x − 6)(x − 2)(x + 6). In the xy-plane, the graph of y = g(x) is the result of translating the graph of y = f(x) up 4 units. What is the value of g(0)?","","","","","","","The correct answer is 76. It’s given that the graph of y = g ( x ) is the result of translating the graph of y = f ( x ) up 4 units in the xy-plane. It follows that the graph of y = g ( x ) is the same as the graph of y = f ( x ) + 4 . Substituting g ( x ) for y in the equation y = f ( x ) + 4 yields g ( x ) = f ( x ) + 4 . It’s given that f ( x ) = ( x - 6)( x - 2)( x + 6). Substituting ( x - 6)( x - 2)( x + 6) for f ( x ) in the equation g ( x ) = f ( x ) + 4 yields g ( x ) = ( x - 6)( x - 2)( x + 6) + 4 . Substituting 0 for x in this equation yields g (0 ) = (0 - 6)(0 - 2)(0 + 6) + 4 , or g (0 ) = 76 . Thus, the value of g (0 ) is 76.","","none","{}","","","numeric","76","0","Nonlinear functions","","import;pdf;section:MATH;module:1;source:Copy of Copy of sat-practice-test-3-digital.pdf;page:37;source_question:14;selected:overflow"
"SAT_IMPORTED","pdf_import_v1","import_batch_003","","SAT3_MATH_M1_Q11","MATH","1","base","11","Algebra","Linear equations in one variable","ALG-LEV","Linear equations in one variable","Constant-rate model","","1","multiple_choice","","A candle is made of 17 ounces of wax. When the candle is burning, the amount of wax in the candle decreases by 1 ounce every 4 hours. If 6 ounces of wax remain in this candle, for how many hours has it been burning?","3","6","24","44","D","4","Choice D is correct. It’s given that the candle starts with 17 ounces of wax and has 6 ounces of wax remaining after a period of time has passed. The amount of wax the candle has lost during the time period can be found by subtracting the remaining amount of wax from the amount of wax the candle was made of, which yields 17 - 6 ounces, or 11 ounces. This means the candle loses 11 ounces of wax during that period of time. It’s given that the amount of wax decreases by 1 ounce every 4 hours. If h represents the number of hours the candle has been = 11. Multiplying both sides of this equation by 4h yields burning, it follows that 1 4 h h = 44. Therefore, the candle has been burning for 44 hours. Choice A is incorrect and may result from using the equation 1 = h rather than 4 11 1 = 11 to represent the situation, and then rounding to the nearest whole number. 4 h Choice B is incorrect. This is the amount of wax, in ounces, remaining in the candle, not the number of hours it has been burning. Choice C is incorrect and = 11 to represent the = 6 rather than 1 may result from using the equation 1 4 h 4 h situation.","","none","{}","","","","","","Linear equations in one variable","","import;pdf;section:MATH;module:1;source:Copy of Copy of sat-practice-test-3-digital.pdf;page:37;source_question:15;selected:overflow"
"SAT_IMPORTED","pdf_import_v1","import_batch_003","","SAT3_MATH_M1_Q12","MATH","1","base","12","Algebra","Equivalent expressions","ALG-EEX","Equivalent expressions","Rearranging a formula","","1","multiple_choice","","14j + 5k = m. The given equation relates the numbers j, k, and m. Which equation correctly expresses k in terms of j and m?","k = (m − 14j)/5","k = (1/5)m − 14j","k = (14j − m)/5","k = 5m − 14j","A","1","Choice A is correct. Subtracting 14 j from each side of the given equation results in 5k = m - 14 j . Dividing each side of this equation by 5 results in k = m-14 j . 5 Choice B is incorrect and may result from conceptual or calculation errors. Choice C is incorrect and may result from conceptual or calculation errors. Choice D is incorrect and may result from conceptual or calculation errors.","","none","{}","","","","","","Equivalent expressions","","import;pdf;section:MATH;module:1;source:Copy of Copy of sat-practice-test-3-digital.pdf;page:37;source_question:16;selected:overflow"
"SAT_IMPORTED","pdf_import_v1","import_batch_003","","SAT3_MATH_M1_Q13","MATH","1","base","13","Geometry and Trigonometry","Right triangles and trigonometry","GEO-RTT","Right triangles and trigonometry","Similar triangles and sine","","1","multiple_choice","","Triangle FGH is similar to triangle JKL, where angle F corresponds to angle J and angles G and K are right angles. If sin(F) = 308/317, what is the value of sin(J)?","75/317","308/317","317/308","317/75","B","2","Choice B is correct. If two triangles are similar, then their corresponding angles are congruent. It’s given that right triangle FGH is similar to right triangle JKL and angle F corresponds to angle J. It follows that angle F is congruent to angle J and, therefore, the measure of angle F is equal to the measure of angle J. The sine ratios of angles of equal measure are equal. Since the measure of angle F is equal to the measure of angle J, sin (F ) = sin ( J ). It’s given that sin (F ) = 308 . Therefore, sin ( J ) is 308 317 317. Choice A is incorrect. This is the value of cos ( J ), not the value of sin ( J ). Choice C is incorrect. This is the reciprocal of the value of sin ( J ), not the value of sin ( J ). Choice D is incorrect. This is the reciprocal of the value of cos ( J ), not the value of sin ( J ).","","none","{}","","","","","","Right triangles and trigonometry","","import;pdf;section:MATH;module:1;source:Copy of Copy of sat-practice-test-3-digital.pdf;page:37;source_question:17;selected:overflow"
"SAT_IMPORTED","pdf_import_v1","import_batch_003","","SAT3_MATH_M1_Q14","MATH","1","base","14","Advanced Math","Nonlinear equations","AM-NLE","Nonlinear equations","Quadratic word problem","","1","multiple_choice","","The product of two positive integers is 546. If the first integer is 11 greater than twice the second integer, what is the smaller of the two integers?","7","14","39","78","B","2","Choice B is correct. Let x be the first integer and let y be the second integer. If the first integer is 11 greater than twice the second integer, then x = 2 y + 11. If the product of the two integers is 546, then xy = 546 . Substituting 2 y + 11 for x in this equation results in (2 y + 11) y = 546 . Distributing the y to both terms in the parentheses results in 2 y 2 + 11y = 546 . Subtracting 546 from both sides of this equation results in 2 y 2 + 11y - 546 = 0. The left-hand side of this equation can be factored by finding two values whose product is 2 (- 546), or - 1,092 , and whose sum is 11. The two values whose product is - 1,092 and whose sum is 11 are 39 and - 28 . Thus, the equation 2 y 2 + 11y - 546 = 0 can be rewritten as 2 y 2 + 28 y - 39 y - 546 = 0 , which is equivalent to 2 y ( y - 14 ) + 39 ( y - 14 ) = 0 , or (2 y + 39)( y - 14 ) = 0 . By the zero product property, it follows that 2 y + 39 = 0 and y - 14 = 0 . Subtracting 39 from both sides of the equation 2 y + 39 = 0 yields 2 y =- 39 . Dividing both sides of this equation by 2 yields y =- 39 . Since y is a 2 positive integer, the value of y is not - 39 . Adding 14 to both sides of the 2 equation y - 14 = 0 yields y = 14. Substituting 14 for y in the equation xy = 546 yields x (14 ) = 546 . Dividing both sides of this equation by 14 results in x = 39 . Therefore, the two integers are 14 and 39, so the smaller of the two integers is 14. Choice A is incorrect and may result from conceptual or calculation errors. Choice C is incorrect. This is the larger of the two integers. Choice D is incorrect and may result from conceptual or calculation errors.","","none","{}","","","","","","Nonlinear equations","","import;pdf;section:MATH;module:1;source:Copy of Copy of sat-practice-test-3-digital.pdf;page:38;source_question:18;selected:overflow"
"SAT_IMPORTED","pdf_import_v1","import_batch_003","","SAT3_MATH_M1_Q15","MATH","1","base","15","Algebra","Linear inequalities","ALG-LIN","Linear inequalities","System of linear inequalities","","1","multiple_choice","","y ≤ x + 7
y ≥ −2x − 1

Which point (x, y) is a solution to the given system of inequalities in the xy-plane?","(−14, 0)","(0, −14)","(0, 14)","(14, 0)","D","4","Choice D is correct. A point ( x , y ) is a solution to a system of inequalities in the xy-plane if substituting the x-coordinate and the y-coordinate of the point for x and y , respectively, in each inequality makes both of the inequalities true. Substituting the x-coordinate and the y-coordinate of choice D, 14 and 0, for x and y , respectively, in the first inequality in the given system, y £ x + 7 , yields 0 £ 14 + 7, or 0 £ 21, which is true. Substituting 14 for x and 0 for y in the second inequality in the given system, y ³- 2 x - 1, yields 0 ³- 2 (14 ) - 1, or 0 ³- 29, which is true. Therefore, the point (14, 0 ) is a solution to the given system of inequalities in the xy-plane. Choice A is incorrect. Substituting - 14 for x and 0 for y in the inequality y £ x + 7 yields 0 £- 14 + 7 , or 0 £- 7 , which is not true. Choice B is incorrect. Substituting 0 for x and - 14 for y in the inequality y ³- 2 x - 1 yields - 14 ³- 2 (0 ) - 1, or - 14 ³- 1, which is not true. Choice C is incorrect. Substituting 0 for x and 14 for y in the inequality y £ x + 7 yields 14 £ 0 + 7, or 14 £ 7 , which is not true.","","none","{}","","","","","","Linear inequalities","","import;pdf;section:MATH;module:1;source:Copy of Copy of sat-practice-test-3-digital.pdf;page:38;source_question:19;selected:overflow"
"SAT_IMPORTED","pdf_import_v1","import_batch_003","","SAT3_MATH_M1_Q16","MATH","1","base","16","Advanced Math","Nonlinear equations","AM-NLE","Nonlinear equations","Radical equation","","1","student_response","","√((x − 2)²) = √(3x + 34)

What is the smallest solution to the given equation?","","","","","","","The correct answer is −3. Squaring both sides of the given equation yields ( x - 2)2 = 3 x + 34 , which can be rewritten as x 2 - 4 x + 4 = 3 x + 34 . Subtracting 3x and 34 from both sides of this equation yields x 2 - 7 x - 30 = 0 . This quadratic equation can be rewritten as ( x - 10 )( x + 3) = 0 . According to the zero product property, ( x - 10 )( x + 3) equals zero when either x - 10 = 0 or x + 3 = 0 . Solving each of these equations for x yields x = 10 or x =- 3 . Therefore, the given equation has two solutions, 10 and - 3 . Of these two solutions, - 3 is the smallest solution to the given equation.","","none","{}","","","numeric","-3","0","Nonlinear equations","","import;pdf;section:MATH;module:1;source:Copy of Copy of sat-practice-test-3-digital.pdf;page:38;source_question:20;selected:overflow"
"SAT_IMPORTED","pdf_import_v1","import_batch_003","","SAT3_MATH_M1_Q17","MATH","1","base","17","Problem-Solving and Data Analysis","Percentages","PSDA-PCT","Percentages","Successive percentage changes","","1","student_response","","The regular price of a shirt at a store is $11.70. The sale price of the shirt is 80% less than the regular price, and the sale price is 30% greater than the store’s cost for the shirt. What was the store’s cost, in dollars, for the shirt?","","","","","","","The correct answer is 1.8. It’s given that the regular price of a shirt at a store is $11.70, and the sale price of the shirt is 80% less than the regular price. It follows that the sale price of the shirt is $11.70 (1- 80 ), or $11.70 (1- 0.8 ), which 100 is equivalent to $2.34. It’s also given that the sale price of the shirt is 30% greater than the store’s cost for the shirt. Let x represent the store’s cost for the shirt. It follows that 2.34 = (1 + 30 ) x , or 2.34 = 1.3x . Dividing both sides of this 100 equation by 1.3 yields x = 1.80 . Therefore, the store’s cost, in dollars, for the shirt is 1.80. Note that 1.8 and 9/5 are examples of ways to enter a correct answer.","","none","{}","","","numeric","1.8","0","Percentages","","import;pdf;section:MATH;module:1;source:Copy of Copy of sat-practice-test-3-digital.pdf;page:38;source_question:21;selected:overflow"
"SAT_IMPORTED","pdf_import_v1","import_batch_003","","SAT3_MATH_M1_Q18","MATH","1","base","18","Problem-Solving and Data Analysis","Ratios, rates, and units","PSDA-RRU","Ratios, rates, and units","Density and volume","","1","multiple_choice","","A sample of oak has a density of 807 kilograms per cubic meter. The sample is in the shape of a cube, where each edge has a length of 0.90 meters. To the nearest whole number, what is the mass, in kilograms, of this sample?","588","726","897","1,107","A","1","Choice A is correct. It’s given that the sample is in the shape of a cube with edge lengths of 0.9 meters. Therefore, the volume of the sample is 0.90 3 , or 0.729, cubic meters. It’s also given that the sample has a density of 807 kilograms per 1 cubic meter. Therefore, the mass of this sample is 0.729 cubic meters ( 807 kilograms ) , or 588.303 kilograms. Rounding this mass to 1 cubic meter the nearest whole number gives 588 kilograms. Therefore, to the nearest whole number, the mass, in kilograms, of this sample is 588. Choice B is incorrect and may result from conceptual or calculation errors. Choice C is incorrect and may result from conceptual or calculation errors. Choice D is incorrect and may result from conceptual or calculation errors.","","none","{}","","","","","","Ratios, rates, and units","","import;pdf;section:MATH;module:1;source:Copy of Copy of sat-practice-test-3-digital.pdf;page:38;source_question:22;selected:overflow"
"SAT_IMPORTED","pdf_import_v1","import_batch_003","","SAT3_MATH_M1_Q19","MATH","1","base","19","Algebra","Linear functions","ALG-LFN","Linear functions","Percent as a linear rate","","1","multiple_choice","","For x > 0, the function f is defined as follows: f(x) equals 201% of x. Which of the following could describe this function?","Decreasing exponential","Decreasing linear","Increasing exponential","Increasing linear","D","4","Choice D is correct. It’s given that for x > 0 , f ( x ) is equal to 201% of x . This is equivalent to f ( x ) = 201 x , or f ( x ) = 2.01x , for x > 0 . This function indicates that 100 as x increases, f ( x ) also increases, which means f is an increasing function. Furthermore, f ( x ) increases at a constant rate of 2.01 for each increase of x by 1. A function with a constant rate of change is linear. Thus, the function f can be described as an increasing linear function. Choice A is incorrect and may result from conceptual errors. Choice B is incorrect and may result from conceptual errors. Choice C is incorrect. This could describe the function f ( x ) x = (2.01) , where f ( x ) is equal to 201% of f ( x - 1), not x , for x > 0 .","","none","{}","","","","","","Linear functions","","import;pdf;section:MATH;module:1;source:Copy of Copy of sat-practice-test-3-digital.pdf;page:38;source_question:23;selected:overflow"
"SAT_IMPORTED","pdf_import_v1","import_batch_003","","SAT3_MATH_M1_Q20","MATH","1","base","20","Advanced Math","Equivalent expressions","AM-EEX","Equivalent expressions","Rational expressions","","1","multiple_choice","","Which expression is equivalent to (y + 12)/(x − 8) + y(x − 8)/(x²y − 8xy)?","(xy + y + 4)/(x³y − 16x²y + 64xy)","(xy + 9y + 12)/(x²y − 8xy + x − 8)","(xy² + 13xy − 8y)/(x²y − 8xy)","(xy² + 13xy − 8y)/(x³y − 16x²y + 64xy)","C","3","Choice C is correct. Factoring the denominator in the second term of the given y +12 + y ( x -8 ) expression gives . This expression can be rewritten with common x -8 xy ( x -8 ) y ( x - 8 ) xy xy ( y +12) + denominators by multiplying the first term by , giving . Adding xy ( x -8 ) xy ( x -8 ) xy ) xy ( y +12 )+ y ( x -8 these two terms yields . Using the distributive property to rewrite xy ( x -8 ) xy 2 +12 xy + xy -8 y this expression gives 2 - . Combining the like terms in the numerator x y 8 xy of this expression gives xy 2 +2 13-xy -8 y . x y 8 xy Choice A is incorrect and may result from conceptual or calculation errors. Choice B is incorrect and may result from conceptual or calculation errors. Choice D is incorrect and may result from conceptual or calculation errors.","","none","{}","","","","","","Equivalent expressions","","import;pdf;section:MATH;module:1;source:Copy of Copy of sat-practice-test-3-digital.pdf;page:39;source_question:25;selected:overflow"
"SAT_IMPORTED","pdf_import_v1","import_batch_003","","SAT3_MATH_M1_Q21","MATH","1","base","21","Problem-Solving and Data Analysis","Ratios, rates, and proportions","PSDA-RRP","Ratios, rates, and proportions","Poll projection","","1","multiple_choice","","The table shows the results of a poll. A total of 803 voters selected at random were asked which candidate they would vote for in the upcoming election. According to the poll, if 6,424 people vote in the election, by how many votes would Angel Cruz be expected to win?","163","1,304","3,864","5,621","B","2","Choice B is correct. It’s given that 483 out of 803 voters responded that they would vote for Angel Cruz. Therefore, the proportion of voters from the poll who responded they would vote for Angel Cruz is 803.483 It’s also given that there are a total of 6,424 voters in the election. Therefore, the total number of people who would be expected to vote for Angel Cruz is 6,424 ( 483 ), or 3,864. Since 3,864 803 of the 6,424 total voters would be expected to vote for Angel Cruz, it follows that 6,424 - 3,864 , or 2,560 voters would be expected not to vote for Angel Cruz. The difference in the number of votes for and against Angel Cruz is 3,864 - 2,560 , or 1,304 votes. Therefore, if 6,424 people vote in the election, Angel Cruz would be expected to win by 1,304 votes. Choice A is incorrect. This is the difference in the number of voters from the poll who responded that they would vote for and against Angel Cruz. Choice C is incorrect. This is the total number of people who would be expected to vote for Angel Cruz. Choice D is incorrect. This is the difference between the total number of people who vote in the election and the number of voters from the poll.","","table","{}","| Candidate | Poll result |
|---|---:|
| Angel Cruz | 483 |
| Terry Smith | 320 |","","","","","Ratios, rates, and proportions","","import;pdf;section:MATH;module:1;source:Copy of Copy of sat-practice-test-3-digital.pdf;page:40;source_question:26;selected:overflow;fixed:table_extraction;visual:table"
"SAT_IMPORTED","pdf_import_v1","import_batch_003","","SAT3_MATH_M1_Q22","MATH","1","base","22","Geometry and Trigonometry","Circles","GEO-CIR","Circles","Circle equation","","1","student_response","","The graph of x² + x + y² + y = 199/2 in the xy-plane is a circle. What is the length of the circle’s radius?","","","","","","","The correct answer is 10. It’s given that the graph of x 2 + x + y 2 + y = 199 in the 2 xy-plane is a circle. The equation of a circle in the xy-plane can be written in the form ( x - h )2 + ( y - k )2 = r 2, where the coordinates of the center of the circle - h ) in this are ( h , k ) and the length of the radius of the circle is r. The term ( x 2 equation can be obtained by adding the square of half the coefficient of x to both sides of the given equation to complete the square. The coefficient of x is 1. Half the coefficient of x is 2.1 The square of half the coefficient of x is 4.1 = 199 yields Adding 1 to each side of ( x 2 + x ) + ( y 2 + y ) 4 2 2 + 1 ) ( x 2 + x + 1 ) + ( y 2 + y ) = 199 + 1 . Similarly, the term = 199 + 1 , or ( x + ( y 2 + y ) 4 2 4 2 2 4 ( y 2 - k ) can be obtained by adding the square of half the coefficient of y to both + + 1 ) = 199 + 1 + 1 , or sides of this equation, which yields ( x ( y 2 + y + 1 ) 2 4 2 4 4 + + 1 )2 + 1 )2 = 199 + 1 + 1 . This equation is equivalent to ( x ( y 2 2 2 4 4 + + + 1 ) + 1 ) + 1 ) + 1 ) ( x 2 2 2 2 ( y = 100 , or ( x ( y = 102 . Therefore, the length of the 2 2 2 2 circle’s radius is 10.","","none","{}","","","numeric","10","0","Circles","","import;pdf;section:MATH;module:1;source:Copy of Copy of sat-practice-test-3-digital.pdf;page:40;source_question:27;selected:overflow"
"SAT_IMPORTED","pdf_import_v1","import_batch_003","","SAT3_MATH_M2_Q01","MATH","2","hard","1","Problem-Solving and Data Analysis","Percentages","PSDA-PCT","Percentages","Percent of a quantity","","1","multiple_choice","","Isabel grows potatoes in her garden. This year, she harvested 760 potatoes and saved 10% of them to plant next year. How many of the harvested potatoes did Isabel save to plant next year?","66","76","84","86","B","2","Choice B is correct. The number of harvested potatoes Isabel saved to plant next year can be calculated by multiplying the total number of potatoes Isabel harvested, 760, by the proportion of potatoes she saved. Since she saved 10% of the potatoes she harvested, the proportion of potatoes she saved is 10 , or 100 0.1. Multiplying 760 by this proportion gives 760 (0.1) , or 76, potatoes that she saved to plant next year. Choice A is incorrect and may result from conceptual or calculation errors. Choice C is incorrect and may result from conceptual or calculation errors. Choice D is incorrect and may result from conceptual or calculation errors.","","none","{}","","","","","","Percentages","","import;pdf;section:MATH;module:2;source:Copy of Copy of sat-practice-test-3-digital.pdf;page:44;source_question:1;selected:overflow"
"SAT_IMPORTED","pdf_import_v1","import_batch_003","","SAT3_MATH_M2_Q02","MATH","2","hard","2","Problem-Solving and Data Analysis","Ratios, rates, and units","PSDA-RRU","Ratios, rates, and units","Unit conversion","","1","multiple_choice","","What length, in centimeters, is equivalent to a length of 51 meters? (1 meter = 100 centimeters)","0.051","0.51","5,100","51,000","C","3","Choice C is correct. Since 1 meter is equal to 100 centimeters, 51 meters is equal to 51 meters ( 100 centimeters ) , or 5,100 centimeters. 1 meter Choice A is incorrect and may result from conceptual or calculation errors. Choice B is incorrect and may result from dividing, rather than multiplying, 51 by 100. Choice D is incorrect. This is the length, in millimeters rather than centimeters, that is equivalent to a length of 51 meters.","","none","{}","","","","","","Ratios, rates, and units","","import;pdf;section:MATH;module:2;source:Copy of Copy of sat-practice-test-3-digital.pdf;page:44;source_question:3;selected:overflow"
"SAT_IMPORTED","pdf_import_v1","import_batch_003","","SAT3_MATH_M2_Q03","MATH","2","hard","3","Algebra","Linear equations in one variable","ALG-LEV","Linear equations in one variable","Constant-rate model","","1","multiple_choice","","A bus is traveling at a constant speed along a straight portion of road. The equation d = 30t gives the distance d, in feet from a road marker, that the bus will be t seconds after passing the marker. How many feet from the marker will the bus be 2 seconds after passing the marker?","30","32","60","90","C","3","Choice C is correct. It’s given that t represents the number of seconds after the bus passes the marker. Substituting 2 for t in the given equation d = 30t yields d = 30 (2) , or d = 60 . Therefore, the bus will be 60 feet from the marker 2 seconds after passing it. Choice A is incorrect. This is the distance, in feet, the bus will be from the marker 1 second, not 2 seconds, after passing it. Choice B is incorrect and may result from conceptual or calculation errors. Choice D is incorrect. This is the distance, in feet, the bus will be from the marker 3 seconds, not 2 seconds, after passing it.","","none","{}","","","","","","Linear equations in one variable","","import;pdf;section:MATH;module:2;source:Copy of Copy of sat-practice-test-3-digital.pdf;page:44;source_question:4;selected:overflow"
"SAT_IMPORTED","pdf_import_v1","import_batch_003","","SAT3_MATH_M2_Q04","MATH","2","hard","4","Advanced Math","Quadratic functions","AM-QUF","Quadratic functions","Vertex of a quadratic","","1","student_response","","y = x² − 14x + 22

The given equation relates the variables x and y. For what value of x does the value of y reach its minimum?","","","","","","","The correct answer is 7. When an equation is of the form y = ax 2 + bx + c , where a, b, and c are constants, the value of y reaches its minimum when x =- b . 2 a Since the given equation is of the form y = ax 2 + bx + c , it follows that a = 1, b =- 14, and c = 22 . Therefore, the value of y reaches its minimum when (-14 ) = =- , or x 7. x 2(1)","","none","{}","","","numeric","7","0","Quadratic functions","","import;pdf;section:MATH;module:2;source:Copy of Copy of sat-practice-test-3-digital.pdf;page:45;source_question:7;selected:overflow"
"SAT_IMPORTED","pdf_import_v1","import_batch_003","","SAT3_MATH_M2_Q05","MATH","2","hard","5","Advanced Math","Equivalent expressions","AM-EEX","Equivalent expressions","Factoring a polynomial","","1","multiple_choice","","Which expression is equivalent to 9x² + 5x?","x(9x + 5)","5x(9x + 1)","9x(x + 5)","x²(9x + 5)","A","1","Choice A is correct. Since x is a factor of each term in the given expression, the expression is equivalent to x (9 x ) + x (5) , or x (9 x + 5). Choice B is incorrect. This expression is equivalent to 45 x 2 + 5 x , not 9 x 2 + 5 x . Choice C is incorrect. This expression is equivalent to 9 x 2 + 45 x , not 9 x 2 + 5 x . Choice D is incorrect. This expression is equivalent to 9 x 3 + 5 x 2 , not 9 x 2 + 5 x .","","none","{}","","","","","","Equivalent expressions","","import;pdf;section:MATH;module:2;source:Copy of Copy of sat-practice-test-3-digital.pdf;page:45;source_question:8;selected:overflow"
"SAT_IMPORTED","pdf_import_v1","import_batch_003","","SAT3_MATH_M2_Q06","MATH","2","hard","6","Geometry and Trigonometry","Lines, angles, and triangles","GEO-LAT","Lines, angles, and triangles","Triangle angle sum","","1","multiple_choice","","In triangle ABC, the measure of angle B is 52° and the measure of angle C is 17°. What is the measure of angle A?","21°","35°","69°","111°","D","4","Choice D is correct. The sum of the angle measures of a triangle is 180 o. Adding the measures of angles B and C gives 52 + 17 = 69o . Therefore, the measure of angle A is 180 - 69 = 111o . Choice A is incorrect and may result from subtracting the sum of the measures of angles B and C from 90 o , instead of from 180 o. Choice B is incorrect and may result from subtracting the measure of angle C from the measure of angle B. Choice C is incorrect and may result from adding the measures of angles B and C but not subtracting the result from 180 o.","","none","{}","","","","","","Lines, angles, and triangles","","import;pdf;section:MATH;module:2;source:Copy of Copy of sat-practice-test-3-digital.pdf;page:45;source_question:9;selected:overflow"
"SAT_IMPORTED","pdf_import_v1","import_batch_003","","SAT3_MATH_M2_Q07","MATH","2","hard","7","Advanced Math","Nonlinear systems","AM-NLS","Nonlinear systems","Linear and quadratic system","","1","multiple_choice","","x = 8
y = x² + 8

The graphs of the equations in the given system of equations intersect at the point (x, y) in the xy-plane. What is the value of y?","8","24","64","72","D","4","Choice D is correct. Since the graphs of the equations in the given system intersect at the point ( x , y ), the point ( x , y ) represents a solution to the given system of equations. The first equation of the given system of equations states that x = 8. Substituting 8 for x in the second equation of the given system of equations yields y = 82 + 8 , or y = 72 . Therefore, the value of y is 72. Choice A is incorrect. This is the value of x , not y . Choice B is incorrect and may result from conceptual or calculation errors. Choice C is incorrect and may result from conceptual or calculation errors.","","none","{}","","","","","","Nonlinear systems","","import;pdf;section:MATH;module:2;source:Copy of Copy of sat-practice-test-3-digital.pdf;page:45;source_question:10;selected:overflow"
"SAT_IMPORTED","pdf_import_v1","import_batch_003","","SAT3_MATH_M2_Q08","MATH","2","hard","8","Advanced Math","Nonlinear functions","AM-NLF","Nonlinear functions","Square-root function","","1","multiple_choice","","The function f is defined by f(x) = 8√x. For what value of x does f(x) = 48?","6","8","36","64","C","3","Choice C is correct. It’s given that f ( x ) = 8 x . Substituting 48 for f ( x ) in this equation yields 48 = 8 x . Dividing both sides of this equation by 8 yields 6 = x . This can be rewritten as x = 6 . Squaring both sides of this equation yields x = 36 . Therefore, the value of x for which f ( x ) = 48 is 36. Choice A is incorrect. If x = 6, f ( x ) = 8 6 , not 48. Choice B is incorrect. If x = 8, f ( x ) = 8 8 , not 48. Choice D is incorrect. If x = 64 , f ( x ) = 8 64 , which is equivalent to 64, not 48.","","none","{}","","","","","","Nonlinear functions","","import;pdf;section:MATH;module:2;source:Copy of Copy of sat-practice-test-3-digital.pdf;page:46;source_question:12;selected:overflow"
"SAT_IMPORTED","pdf_import_v1","import_batch_003","","SAT3_MATH_M2_Q09","MATH","2","hard","9","Geometry and Trigonometry","Circles","GEO-CIR","Circles","Radii and isosceles triangles","","1","student_response","","A circle has center O, and points R and S lie on the circle. In triangle ORS, the measure of ∠ROS is 88°. What is the measure of ∠RSO, in degrees?","","","","","","","The correct answer is 46. It’s given that O is the center of a circle and that points R and S lie on the circle. Therefore, OR and OS are radii of the circle. It follows that OR = OS . If two sides of a triangle are congruent, then the angles opposite them are congruent. It follows that the angles ∠RSO and ∠ORS, which are across from the sides of equal length, are congruent. Let x o represent the measure of ∠RSO. It follows that the measure of ∠ORS is also x o . It’s given that the measure of ∠ROS is 88 o . Because the sum of the measures of the interior angles of a triangle is 180 o, the equation x o + x o + 88 o = 180 o , or 2 x + 88 = 180 , can be used to find the measure of ∠RSO. Subtracting 88 from both sides of this equation yields 2 x = 92 . Dividing both sides of this equation by 2 yields x = 46 . Therefore, the measure of ∠RSO, in degrees, is 46.","","none","{}","","","numeric","46","0","Circles","","import;pdf;section:MATH;module:2;source:Copy of Copy of sat-practice-test-3-digital.pdf;page:46;source_question:13;selected:overflow"
"SAT_IMPORTED","pdf_import_v1","import_batch_003","","SAT3_MATH_M2_Q10","MATH","2","hard","10","Advanced Math","Quadratic equations","AM-QUE","Quadratic equations","Sum of quadratic solutions","","1","student_response","","x(x + 1) − 56 = 4x(x − 7)

What is the sum of the solutions to the given equation?","","","","","","","The correct answer is 29/3. Applying the distributive property to the left-hand side 3 of the given equation, x ( x + 1) - 56, yields x 2 + x - 56 . Applying the distributive property to the right-hand side of the given equation, 4 x ( x - 7), yields 4 x 2 - 28 x . Thus, the equation becomes x 2 + x - 56 = 4 x 2 - 28 x . Combining like terms on the left- and right-hand sides of this equation yields 0 = ( 4 x 2 - x 2 ) + (- 28 x - x ) + 56 , or 3 x 2 - 29 x + 56 = 0. For a quadratic equation in the form ax 2 + bx + c = 0 , where a, b, and c are constants, the quadratic formula gives the solutions to ( -b ± b 2 -4 ac ) the equation in the form x = . Substituting 3 for a, - 29 for b, and 2 a from the equation 3 x 2 - 29 x + 56 = 0 into the quadratic formula yields c 56 foræ - çç (- 29)2 4(3)( 56) ö÷ çè29± ÷÷ø ± 13 x = . It follows that the solutions to the given , or x = 29 6 6 2(3) equation are 29 - 13 . Adding these two solutions gives the sum of the + 13 and 29 6 6 6 6 solutions: 29 + 13 + 29 - 13 , which is equivalent to 29 + 29 , or 29 . Note that 29/3, 6 6 6 6 6 6 3 9.666, and 9.667 are examples of ways to enter a correct answer.","","none","{}","","","numeric","29/3","0","Quadratic equations","","import;pdf;section:MATH;module:2;source:Copy of Copy of sat-practice-test-3-digital.pdf;page:46;source_question:14;selected:overflow"
"SAT_IMPORTED","pdf_import_v1","import_batch_003","","SAT3_MATH_M2_Q11","MATH","2","hard","11","Algebra","Systems of linear equations","ALG-SYS","Systems of linear equations","Solving a linear system","","1","multiple_choice","","y = 3x
2x + y = 12

The solution to the given system of equations is (x, y). What is the value of 5x?","24","15","12","5","C","3","Choice C is correct. It’s given by the first equation in the system that y = 3 x . Substituting 3x for y in the equation 2 x + y = 12 yields 2 x + 3 x = 12 , or 5 x = 12 . Choice A is incorrect and may result from conceptual or calculation errors. Choice B is incorrect and may result from conceptual or calculation errors. Choice D is incorrect and may result from conceptual or calculation errors.","","none","{}","","","","","","Systems of linear equations","","import;pdf;section:MATH;module:2;source:Copy of Copy of sat-practice-test-3-digital.pdf;page:46;source_question:15;selected:overflow"
"SAT_IMPORTED","pdf_import_v1","import_batch_003","","SAT3_MATH_M2_Q12","MATH","2","hard","12","Geometry and Trigonometry","Area and volume","GEO-AV","Area and volume","Volume of a cube","","1","multiple_choice","","A cube has an edge length of 41 inches. What is the volume, in cubic inches, of the cube?","164","1,681","10,086","68,921","D","4","Choice D is correct. The volume, V , of a cube can be found using the formula V = s 3 , where s is the edge length of the cube. It’s given that a cube has an edge length of 41 inches. Substituting 41 inches for s in this equation yields V = 413 cubic inches, or V = 68,921 cubic inches. Therefore, the volume of the cube is 68,921 cubic inches. Choice A is incorrect. This is the perimeter, in inches, of the cube. Choice B is incorrect. This is the area, in square inches, of a face of the cube. Choice C is incorrect. This is the surface area, in square inches, of the cube.","","none","{}","","","","","","Area and volume","","import;pdf;section:MATH;module:2;source:Copy of Copy of sat-practice-test-3-digital.pdf;page:47;source_question:16;selected:overflow"
"SAT_IMPORTED","pdf_import_v1","import_batch_003","","SAT3_MATH_M2_Q13","MATH","2","hard","13","Advanced Math","Exponential functions","AM-EXP","Exponential functions","Changing time units in an exponential model","","1","multiple_choice","","p(t) = 90,000(1.06)^t

The given function p models the population of Lowell t years after a census. Which of the following functions best models the population of Lowell m months after the census?","r(m) = (90,000/12)(1.06)^m","r(m) = 90,000(1.06/12)^m","r(m) = 90,000(1.06/12)^(m/12)","r(m) = 90,000(1.06)^(m/12)","D","4","Choice D is correct. It’s given that the function p models the population of Lowell t years after a census. Since there are 12 months in a year, m months after the census is equivalent to m years after the census. Substituting m for t in 12 m 12 the equation p (t ) = 90,000 (1.06)t yields p ( m ) = 90,000 (1.06)12 . Therefore, the 12 function r that best models the population of Lowell m months after the census m is r ( m ) = 90,000 (1.06)12 . Choice A is incorrect and may result from conceptual or calculation errors. Choice B is incorrect and may result from conceptual or calculation errors. Choice C is incorrect and may result from conceptual or calculation errors.","","none","{}","","","","","","Exponential functions","","import;pdf;section:MATH;module:2;source:Copy of Copy of sat-practice-test-3-digital.pdf;page:47;source_question:17;selected:overflow"
"SAT_IMPORTED","pdf_import_v1","import_batch_003","","SAT3_MATH_M2_Q14","MATH","2","hard","14","Algebra","Systems of linear equations","ALG-SYS","Systems of linear equations","Solving a linear system","","1","multiple_choice","","6x + 7y = 28
2x + 2y = 10

The solution to the given system of equations is (x, y). What is the value of y?","−2","7","14","18","A","1","Choice A is correct. The given system of linear equations can be solved by the elimination method. Multiplying each side of the second equation in the given system by 3 yields (2 x + 2 y )(3) = (10 )(3), or 6 x + 6 y = 30 . Subtracting this equation from the first equation in the given system yields (6 x + 7 y ) - (6 x + 6 y ) = (28 ) - (30 ), which is equivalent to (6 x - 6 x ) + (7 y - 6 y ) = 28 - 30, or y =- 2. Choice B is incorrect. This is the value of x , not the value of y . Choice C is incorrect and may result from conceptual or calculation errors. Choice D is incorrect and may result from conceptual or calculation errors.","","none","{}","","","","","","Systems of linear equations","","import;pdf;section:MATH;module:2;source:Copy of Copy of sat-practice-test-3-digital.pdf;page:47;source_question:18;selected:overflow"
"SAT_IMPORTED","pdf_import_v1","import_batch_003","","SAT3_MATH_M2_Q15","MATH","2","hard","15","Algebra","Linear inequalities","ALG-LIN","Linear inequalities","Writing an inequality","","1","multiple_choice","","The minimum value of x is 12 less than 6 times another number n. Which inequality shows the possible values of x?","x ≤6n − 12","x ≥6n − 12","x ≤12 −6n","x ≥12 −6n","B","2","Choice B is correct. It’s given that the minimum value of x is 12 less than 6 times another number n. Therefore, the possible values of x are all greater than or equal to the value of 12 less than 6 times n. The value of 6 times n is given by the expression 6n. The value of 12 less than 6n is given by the expression 6n- 12. Therefore, the possible values of x are all greater than or equal to 6n- 12. This can be shown by the inequality x ³ 6n - 12. Choice A is incorrect. This inequality shows the possible values of x if the maximum, not the minimum, value of x is 12 less than 6 times n. Choice C is incorrect. This inequality shows the possible values of x if the maximum, not the minimum, value of x is 6 times n less than 12, not 12 less than 6 times n. Choice D is incorrect. This inequality shows the possible values of x if the minimum value of x is 6 times n less than 12, not 12 less than 6 times n.","","none","{}","","","","","","Linear inequalities","","import;pdf;section:MATH;module:2;source:Copy of Copy of sat-practice-test-3-digital.pdf;page:47;source_question:19;selected:overflow"
"SAT_IMPORTED","pdf_import_v1","import_batch_003","","SAT3_MATH_M2_Q16","MATH","2","hard","16","Problem-Solving and Data Analysis","Statistics","PSDA-STA","Statistics","Combined mean","","1","student_response","","Data set A consists of the heights of 75 buildings and has a mean of 32 meters. Data set B consists of the heights of 50 buildings and has a mean of 62 meters. Data set C consists of the heights of the 125 buildings from data sets A and B. What is the mean, in meters, of data set C?","","","","","","","The correct answer is 44. The mean of a data set is computed by dividing the sum of the values in the data set by the number of values in the data set. It’s given that data set A consists of the heights of 75 buildings and has a mean of 32 meters. This can be represented by the equation x = 32, where x represents the sum 75 of the heights of the buildings, in meters, in data set A. Multiplying both sides of this equation by 75 yields x = 75 (32), or x = 2,400 meters. Therefore, the sum of the heights of the buildings in data set A is 2,400 meters. It’s also given that data set B consists of the heights of 50 buildings and has a mean of 62 meters. This can be represented by the equation y = 62, where y represents the sum 50 of the heights of the buildings, in meters, in data set B. Multiplying both sides of this equation by 50 yields y = 50 (62), or y = 3,100 meters. Therefore, the sum of the heights of the buildings in data set B is 3,100 meters. Since it’s given that data set C consists of the heights of the 125 buildings from data sets A and B, it follows that the mean of data set C is the sum of the heights of the buildings, in meters, in data sets A and B divided by the number of buildings represented in data sets A and B, or 2,400 + 3,100 , which is equivalent to 44 meters. Therefore, the 125 mean, in meters, of data set C is 44.","","none","{}","","","numeric","44","0","Statistics","","import;pdf;section:MATH;module:2;source:Copy of Copy of sat-practice-test-3-digital.pdf;page:47;source_question:20;selected:overflow"
"SAT_IMPORTED","pdf_import_v1","import_batch_003","","SAT3_MATH_M2_Q17","MATH","2","hard","17","Algebra","Linear equations in two variables","ALG-LET","Linear equations in two variables","Translation and x-intercept","","1","student_response","","The graph of 9x −10y = 19 is translated down 4 units in the xy-plane. What is the x-coordinate of the x-intercept of the resulting graph?","","","","","","","The correct answer is 59/9. When the graph of an equation in the form Ax + By = C , 9 where A, B, and C are constants, is translated down k units in the xy-plane, the resulting graph can be represented by the equation Ax + B ( y + k ) = C . It’s given that the graph of 9 x - 10 y = 19 is translated down 4 units in the xy-plane. Therefore, the resulting graph can be represented by the equation 9 x - 10 ( y + 4 ) = 19 , or 9 x - 10 y - 40 = 19 . Adding 40 to both sides of this equation yields 9 x - 10 y = 59. The x-coordinate of the x-intercept of the graph of an equation in the xy-plane is the value of x in the equation when y = 0 . Substituting 0 for y in the equation 9 x - 10 y = 59 yields 9 x - 10 (0 ) = 59 , or 9 x = 59 . Dividing both sides of this equation by 9 yields x = 59 . Therefore, the 9 x-coordinate of the x-intercept of the resulting graph is 59 . Note that 59/9, 6.555, 9 and 6.556 are examples of ways to enter a correct answer.","","none","{}","","","numeric","59/9","0","Linear equations in two variables","","import;pdf;section:MATH;module:2;source:Copy of Copy of sat-practice-test-3-digital.pdf;page:48;source_question:21;selected:overflow"
"SAT_IMPORTED","pdf_import_v1","import_batch_003","","SAT3_MATH_M2_Q18","MATH","2","hard","18","Advanced Math","Exponential functions","AM-EXP","Exponential functions","Exponential relationship","","1","multiple_choice","","Two variables, x and y, are related such that for each increase of 1 in the value of x, the value of y increases by a factor of 4. When x = 0, y = 200. Which equation represents this relationship?","y = 4(x)^200","y = 4(200)^x","y = 200(x)^4","y = 200(4)^x","D","4","Choice D is correct. Since the value of y increases by a constant factor, 4, for each increase of 1 in the value of x , the relationship between x and y is exponential. An exponential relationship between x and y can be represented by an equation of the form y x = a ( b ) , where a is the value of x when y = 0 and y increases by a factor of b for each increase of 1 in the value of x . Since y = 200 when x = 0, a = 200 . Since y increases by a factor of 4 for each increase of 1 in the value of x , b = 4. Substituting 200 for a and 4 for b in the equation y x x x = a ( b ) yields y = 200 ( 4 ) . Thus, the equation y = 200 ( 4 ) represents the relationship between x and y . Choice A is incorrect and may result from conceptual errors. Choice B is incorrect. This equation represents a relationship where for each increase of 1 in the value of x , the value of y increases by a factor of 200, not 4, and when x = 0, y is equal to 4, not 200. Choice C is incorrect and may result from conceptual errors.","","none","{}","","","","","","Exponential functions","","import;pdf;section:MATH;module:2;source:Copy of Copy of sat-practice-test-3-digital.pdf;page:48;source_question:22;selected:overflow"
"SAT_IMPORTED","pdf_import_v1","import_batch_003","","SAT3_MATH_M2_Q19","MATH","2","hard","19","Advanced Math","Quadratic equations","AM-QUE","Quadratic equations","Completing the square","","1","multiple_choice","","x² − 2x − 9 = 0

One solution to the given equation can be written as 1 + √k, where k is a constant. What is the value of k?","8","10","20","40","B","2","Choice B is correct. Adding 9 to each side of the given equation yields x 2 - 2 x = 9. To complete the square, adding 1 to each side of this equation yields x 2 - 2 x + 1= 9 + 1, or ( x - 1)2 = 10 . Taking the square root of each side of this equation yields x - 1=± 10 . Adding 1 to each side of this equation yields x = 1± 10 . Since it’s given that one of the solutions to the equation can be written as 1+ k , the value of k must be 10. Alternate approach: It’s given that 1+ k is a solution to the given equation. It follows that2 x = 1+ k . Substituting 1+ k for x in the given equation yields (1 + k ) - 2 (1 + k ) - 9 = 0 , or (1 + k )(1 + k ) - 2 (1 + k ) - 9 = 0 . Expanding the products on the left-hand side of this equation yields 1+ 2 k + k - 2 - 2 k - 9 = 0 , or k - 10 = 0 . Adding 10 to each side of this equation yields k = 10 . Choice A is incorrect and may result from conceptual or calculation errors. Choice C is incorrect and may result from conceptual or calculation errors. Choice D is incorrect and may result from conceptual or calculation errors.","","none","{}","","","","","","Quadratic equations","","import;pdf;section:MATH;module:2;source:Copy of Copy of sat-practice-test-3-digital.pdf;page:48;source_question:23;selected:overflow"
"SAT_IMPORTED","pdf_import_v1","import_batch_003","","SAT3_MATH_M2_Q20","MATH","2","hard","20","Geometry and Trigonometry","Right triangles and trigonometry","GEO-RTT","Right triangles and trigonometry","Isosceles right triangle","","1","multiple_choice","","An isosceles right triangle has a perimeter of 94 + 94√2 inches. What is the length, in inches, of one leg of this triangle?","47","47√2","94","94√2","B","2","Choice B is correct. It’s given that the right triangle is isosceles. In an isosceles right triangle, the two legs have equal lengths, and the length of the hypotenuse is 2 times the length of one of the legs. Let  represent the length, in inches, of each leg of the isosceles right triangle. It follows that the length of the hypotenuse is 2 inches. The perimeter of a figure is the sum of the lengths of the sides of the figure. Therefore, the perimeter of the isosceles right triangle is  +  + 2 inches. It’s given that the perimeter of the triangle is 94 + 94 2 inches. It follows that  +  + 2 = 94 + 94 2 . Factoring the left-hand side of this equation yields (1 + 1+ 2 ) = 94 + 94 2 , or (2 + 2 ) = 94 + 94 2 . Dividing both sides of this equation by 2 + 2 yields  = 94 ++94 2 . Rationalizing the denominator of the 2 2 right-hand side of this equation by multiplying the right-hand side of the equation 2- 2  = (94 + 94 2 )(2- 2 ) . Applying the distributive property to the by yields (2 + 2 )(2- 2 ) 2- 2 numerator and to the denominator of the right-hand side of this equation yields + 94 2 188 2 - = 94  = 188- 2 , or  94 4 . This is equivalent to  = 47 2 . Therefore, + 2 4 -2 2 2 2 - 4 the length, in inches, of one leg of the isosceles right triangle is 47 2. Choice A is incorrect and may result from conceptual or calculation errors. Choice C is incorrect. This is the length, in inches, of the hypotenuse. Choice D is incorrect and may result from conceptual or calculation errors.","","none","{}","","","","","","Right triangles and trigonometry","","import;pdf;section:MATH;module:2;source:Copy of Copy of sat-practice-test-3-digital.pdf;page:48;source_question:25;selected:overflow"
"SAT_IMPORTED","pdf_import_v1","import_batch_003","","SAT3_MATH_M2_Q21","MATH","2","hard","21","Advanced Math","Quadratic equations","AM-QUE","Quadratic equations","Discriminant and one solution","","1","multiple_choice","","−9x² + 30x + c = 0

In the given equation, c is a constant. The equation has exactly one solution. What is the value of c?","3","0","−25","−53","C","3","Choice C is correct. It’s given that the equation - 9 x 2 + 30 x + c = 0 has exactly one solution. A quadratic equation of the form ax 2 + bx + c = 0 has exactly one solution if and only if its discriminant, - 4ac + b 2 , is equal to zero. It follows that for the given equation, a =- 9 and b = 30 . Substituting - 9 for a and 30 for b into b 2 - 4 ac yields 302 - 4 (- 9)(c ) , or 900 + 36c . Since the discriminant must equal zero, 900 + 36c = 0 . Subtracting 36c from both sides of this equation yields 900 =- 36c . Dividing each side of this equation by - 36 yields - 25 = c . Therefore, the value of c is - 25 . Choice A is incorrect. If the value of c is 3, this would yield a discriminant that is greater than zero. Therefore, the given equation would have two solutions, rather than exactly one solution. Choice B is incorrect. If the value of c is 0, this would yield a discriminant that is greater than zero. Therefore, the given equation would have two solutions, rather than exactly one solution. Choice D is incorrect. If the value of c is - 53 , this would yield a discriminant that is less than zero. Therefore, the given equation would have no real solutions, rather than exactly one solution.","","none","{}","","","","","","Quadratic equations","","import;pdf;section:MATH;module:2;source:Copy of Copy of sat-practice-test-3-digital.pdf;page:49;source_question:26;selected:overflow"
"SAT_IMPORTED","pdf_import_v1","import_batch_003","","SAT3_MATH_M2_Q22","MATH","2","hard","22","Algebra","Systems of linear equations","ALG-SYS","Systems of linear equations","No-solution parameter","","1","student_response","","(3/2)y − (1/4)x = 2/3 − (3/2)y
(1/2)x + 3/2 = py + 9/2

In the given system of equations, p is a constant. If the system has no solution, what is the value of p?","","","","","","","The correct answer is 6. A system of two linear equations in two variables, x and y , has no solution if the lines represented by the equations in the xy-plane are parallel and distinct. Lines represented by equations in standard form, Ax + By = C and Dx + Ey = F , are parallel if the coefficients for x and y in one equation are proportional to the corresponding coefficients in the other equation, meaning D = E ; and the lines are distinct if the constants are not A B proportional, meaning F is not equal to D or E . The first equation in the given C A B system is 3 y - 1 x = 2 - 3 y . Multiplying each side of this equation by 12 yields 2 4 3 2 18 y - 3 x = 8 - 18 y . Adding 18y to each side of this equation yields 36 y - 3 x = 8 , + 9 . + 3 = py or - 3 x + 36 y = 8 . The second equation in the given system is 1 x 2 2 2 Multiplying each side of this equation by 2 yields x + 3 = 2 py + 9 . Subtracting 2py from each side of this equation yields x + 3 - 2 py = 9. Subtracting 3 from each side of this equation yields x - 2 py = 6 . Therefore, the two equations in the given system, written in standard form, are - 3 x + 36 y = 8 and x - 2 py = 6 . As previously stated, if this system has no solution, the lines represented by the equations in the xy-plane are parallel and distinct, meaning the proportion 1 = -2 p - 1 =- p 6 = 1 - , or , is true and the proportion - is not true. The 3 36 3 18 8 3 proportion 6 = -1 is not true. Multiplying each side of the true proportion, 8 3 - 1 =- p , by - 18 yields 6 = p . Therefore, if the system has no solution, then the 3 18 value of p is 6.","","none","{}","","","numeric","6","0","Systems of linear equations","","import;pdf;section:MATH;module:2;source:Copy of Copy of sat-practice-test-3-digital.pdf;page:49;source_question:27;selected:overflow"
